:020000040800F2
:1000000000000220655D0408C1EE0008C5EE00088E
:10001000D9EE0008DDEE0008E1EE00080000000067
:100020000000000000000000000000004171010815
:10003000E5EE000800000000D1710108214A010826
:10004000215E0408215E0408215E0408215E040884
:10005000215E0408215E0408215E0408215E040874
:10006000E9EE0008215E0408215E0408215E040810
:10007000215E0408F1EE0008FDEE000809EF00081B
:1000800015EF0008215E0408215E040821EF000836
:100090002DEF0008215E0408215E040839EF0008F6
:1000A0004DEF0008215E0408215E0408215E04086B
:1000B00069EF000875EF0008215E040881EF000871
:1000C0008DEF0008215E0408215E040899EF000806
:1000D000A5EF0008B1EF0008215E0408BDEF00089D
:1000E000C9EF0008215E0408215E0408215E0408AF
:1000F000D1EF0008215E0408215E0408215E040897
:10010000215E0408215E0408EDEF0008F9EF000805
:10011000215E0408215E040805F0000811F00008C3
:100120001DF00008215E040829F0000835F00008E1
:1001300041F00008215E0408215E0408215E0408E5
:10014000215E0408215E0408215E04084DF00008C9
:10015000215E0408215E0408215E0408215E040873
:10016000215E0408215E0408215E0408215E040863
:10017000215E0408215E0408215E040800000000DE
:08018000215E0408215E040861
:10C0000084AA0508000000102C0900100000002080
:10C010006031012007484FF480410160064807491C
:10C02000016007484FF0010101600648D0F800D0D8
:10C030004068004744380240004002400DF0ADBA6D
:10C04000003801400000FF1F000000000000000059
:10C0500000000000000000000000000000000000E0
:10C0600000000000000000000000000000000000D0
:10C0700000000000000000000000000000000000C0
:10C0800030B490F800F020F007016FF0000C10F0D1
:10C09000070491F820F040F048804FF000046FF062
:10C0A0000700D1E9002391F840F000F1080082FA7E
:10C0B0004CF2A4FA8CF283FA4CF3A2FA8CF34BBB49
:10C0C000D1E9022382FA4CF200F10800A4FA8CF2C2
:10C0D00083FA4CF3A2FA8CF3E3B9D1E9042382FA90
:10C0E0004CF200F10800A4FA8CF283FA4CF3A2FAA5
:10C0F0008CF37BB9D1E9062301F1200182FA4CF2DD
:10C1000000F10800A4FA8CF283FA4CF3A2FA8CF343
:10C11000002BC6D0002A04BF04301A4612BAB2FA65
:10C1200082F200EBD20030BC7047D1E9002304F06A
:10C130000305C4F100004FEAC50514F0040F91F89F
:10C1400040F00CFA05F562EA05021CBF63EA05033C
:10C1500062464FF00004AAE7000000000000000063
:10C1600002780B78012A28BF9A4240F0D8806DE906
:10C17000044540EA0104CDE902676FF0000C4FEA84
:10C1800044721AB380EA010414F0070F6BD100F077
:10C19000070420F0070004F0030521F007014FEA2F
:10C1A000C505F0E8042314F0040FF1E804670CFA65
:10C1B00005F462EA040266EA04060BD063EA0403AB
:10C1C000624667EA0407664604E000BFF0E804231D
:10C1D000F1E8046782FA4CF582EA0604A4FA8CF4CA
:10C1E0006CBB83FA4CF583EA0705A5FA8CF595B983
:10C1F00050E9022351E9026782FA4CF582EA06040B
:10C20000A4FA8CF483FA4CF583EA0705A5FA8CF5B9
:10C210002543DBD09CB92DBAB5FA85F424F0070488
:10C2200027FA04F1DDE9026723FA04F303F0FF00C3
:10C2300001F0FF01FDE80445A0EB0100704724BABE
:10C24000B4FA84F424F0070426FA04F1DDE9026765
:10C2500022FA04F202F0FF0001F0FF01FDE80445BC
:10C26000A0EB0100704714F0030F3CD110F0030461
:10C2700028D150F8082B51F8083B82FA4CF582EA95
:10C280000305A5FA8CF55DB950F8042C51F8043C6F
:10C2900082FA4CF582EA0305A5FA8CF5002DE8D068
:10C2A0002DBAB5FA85F424F0070423FA04F122FA32
:10C2B00004F202F0FF0001F0FF01FDE80445A0EBED
:10C2C000010070474FEAC40420F0030050F8082B27
:10C2D00021F0030151F8083B0CFA04F462EA04026D
:10C2E00063EA0403C9E710F003041DD0A1EB0401C5
:10C2F00020F00300E40750F8042B06D012D28B780C
:10C300005FFAA2F4E41A06D12BB1CB785FFAB2F44B
:10C31000E41A00D133B920465DF8104B7047A2EB08
:10C320000300704701F1040150F8042BCC0721F001
:10C33000030151F8043B48D824D222F07F4482FA0A
:10C340004CF594EA1325A5FA8CF50AD165B951F894
:10C35000043B84EA0204B4EB036F0ED150F8042BC3
:10C36000EBE74FEA132355E035F07F454DD10878D0
:10C37000FDE80445C0F1000070474FEA126203F087
:10C38000FF0347E002EA1C4482FA4CF594EA1345A5
:10C39000A5FA8CF50AD165B951F8043B84EA020488
:10C3A000B4EB034F0CD150F8042BEBE74FEA1343E7
:10C3B00030E015EA1C4528D10B884FEA124229E0EB
:10C3C0004FEA124203EA1C4324E002F0FF0482FA1F
:10C3D0004CF594EA1365A5FA8CF50AD165B951F8C4
:10C3E000043B84EA0204B4EB032F09D150F8042B78
:10C3F000EBE74FEA13630DE015F0FF0F05D10B6873
:10C400004FEA122223F07F4304E04FF00000FDE8E2
:10C410000445704712BA1BBA82FA4CF482EA03044C
:10C42000A4FA8CF5B5FA85F402FA04F203FA04F3DF
:10C430004FEA1260FDE80445A0EB1360704700BFAF
:10C4400001F0FF01102A2BDB10F0070F08D010F8C5
:10C45000013B013A8B422DD010F0070F42B3F6D1C9
:10C46000F0B441EA012141EA014122F007047FF0E2
:10C4700000070023F0E80256083C85EA010586EA39
:10C48000010685FA47F5A3FA87F586FA47F6A5FA75
:10C4900087F68EB9EED1F0BC01F0FF0102F0070281
:10C4A00032B110F8013B013A83EA010313B1F8D12C
:10C4B0000020704701387047002D06BF354603380D
:10C4C000073815F0010F07D1013015F4807F02BF46
:10C4D000013015F4C03F0130F0BC0138704700BF97
:10C4E000844641EA000313F003036DD1403A41D37F
:10C4F00051F8043B40F8043B51F8043B40F8043B3E
:10C5000051F8043B40F8043B51F8043B40F8043B2D
:10C5100051F8043B40F8043B51F8043B40F8043B1D
:10C5200051F8043B40F8043B51F8043B40F8043B0D
:10C5300051F8043B40F8043B51F8043B40F8043BFD
:10C5400051F8043B40F8043B51F8043B40F8043BED
:10C5500051F8043B40F8043B51F8043B40F8043BDD
:10C5600051F8043B40F8043B51F8043B40F8043BCD
:10C57000403ABDD2303211D351F8043B40F8043B6D
:10C5800051F8043B40F8043B51F8043B40F8043BAD
:10C5900051F8043B40F8043B103AEDD20C3205D37D
:10C5A00051F8043B40F8043B043AF9D2043208D075
:10C5B000D2071CBF11F8013B00F8013B01D30B88E7
:10C5C00003806046704700BF082A13D38B078DD0C5
:10C5D00010F003038AD0C3F10403D21ADB071CBF97
:10C5E00011F8013B00F8013B80D331F8023B20F801
:10C5F000023B7BE7043AD9D3013A11F8013B00F83A
:10C60000013BF9D20B7803704B7843708B788370C1
:10C610006046704781F0004102E000BF83F00043B4
:10C6200030B54FEA41044FEA430594EA050F08BFCD
:10C6300090EA020F1FBF54EA000C55EA020C7FEA91
:10C64000645C7FEA655C00F0E2804FEA5454D4EB0E
:10C650005555B8BF6D420CDD2C4480EA020281EAD8
:10C66000030382EA000083EA010180EA020281EA10
:10C670000303362D88BF30BD11F0004F4FEA013162
:10C680004FF4801C4CEA113102D0404261EB410171
:10C6900013F0004F4FEA03334CEA133302D05242F7
:10C6A00063EB430394EA050F00F0A780A4F10104B3
:10C6B000D5F1200E0DDB02FA0EFC22FA05F28018ED
:10C6C00041F1000103FA0EF2801843FA05F35941D3
:10C6D0000EE0A5F120050EF1200E012A03FA0EFC52
:10C6E00028BF4CF0020C43FA05F3C01851EBE3717C
:10C6F00001F0004507D54FF0000EDCF1000C7EEB99
:10C7000000006EEB0101B1F5801F1BD3B1F5001FD6
:10C710000CD349085FEA30004FEA3C0C04F10104F5
:10C720004FEA445212F5800F80F09A80BCF1004F1E
:10C7300008BF5FEA500C50F1000041EB045141EAA0
:10C74000050130BD5FEA4C0C404141EB0101013C69
:10C7500028BFB1F5801FE9D291F0000F04BF014658
:10C760000020B1FA81F308BF2033A3F10B03B3F12A
:10C7700020020CDA0C3208DD02F1140CC2F10C02BA
:10C7800001FA0CF021FA02F10CE002F11402D8BF18
:10C79000C2F1200C01FA02F120FA0CFCDCBF41EAE4
:10C7A0000C019040E41AA2BF01EB0451294330BDB3
:10C7B0006FEA04041F3C1CDA0C340EDC04F1140490
:10C7C000C4F1200220FA04F001FA02F340EA030067
:10C7D00021FA04F345EA030130BDC4F10C04C4F1AD
:10C7E000200220FA02F001FA04F340EA030029468D
:10C7F00030BD21FA04F0294630BD94F0000F83F4D7
:10C80000801306BF81F480110134013D4EE77FEAB9
:10C81000645C18BF7FEA655C29D094EA050F08BF05
:10C8200090EA020F05D054EA000C04BF19461046E6
:10C8300030BD91EA030F1EBF0021002030BD5FEA2A
:10C84000545C05D14000494128BF41F0004130BD52
:10C8500014F580043CBF01F5801130BD01F00045A6
:10C8600045F0FE4141F470014FF0000030BD7FEA19
:10C87000645C1ABF194610467FEA655C1CBF0B4614
:10C88000024650EA013406BF52EA033591EA030F2B
:10C8900041F4002130BD00BF90F0000F04BF002123
:10C8A000704730B54FF4806404F132044FF0000556
:10C8B0004FF0000150E700BF90F0000F04BF0021CF
:10C8C000704730B54FF4806404F1320410F0004535
:10C8D00048BF40424FF000013EE700BF42004FEA30
:10C8E000E2014FEA31014FEA02701FBF12F07F43AD
:10C8F00093F07F4F81F06051704732F07F4208BF64
:10C90000704793F07F4F04BF41F40021704730B56A
:10C910004FF4607401F0004521F000411CE700BFB6
:10C9200050EA010208BF704730B54FF000050AE039
:10C9300050EA010208BF704730B511F0004502D53A
:10C94000404261EB41014FF4806404F132045FEA3C
:10C95000915C3FF4D8AE4FF003025FEADC0C18BFE5
:10C9600003325FEADC0C18BF033202EBDC02C2F1D7
:10C97000200300FA03FC20FA02F001FA03FE40EA69
:10C980000E0021FA02F11444BDE600BF70B54FF06D
:10C99000FF0C4CF4E06C1CEA11541DBF1CEA13554B
:10C9A00094EA0C0F95EA0C0F00F0DEF82C4481EAB3
:10C9B000030621EA4C5123EA4C5350EA013518BFD3
:10C9C00052EA033541F4801143F4801338D0A0FBC0
:10C9D00002CE4FF00005E1FB02E506F00042E0FB6D
:10C9E00003E54FF00006E1FB03569CF0000F18BF73
:10C9F0004EF0010EA4F1FF04B6F5007F64F540741B
:10CA000004D25FEA4E0E6D4146EB060642EAC621AD
:10CA100041EA55514FEAC52040EA5E504FEACE2E1A
:10CA2000B4F1FD0C88BFBCF5E06F1ED8BEF1004F1D
:10CA300008BF5FEA500E50F1000041EB045170BD99
:10CA400006F0004646EA010140EA020081EA0301DD
:10CA5000B4EB5C04C2BFD4EB0C0541EA045170BDD9
:10CA600041F480114FF0000E013C00F3AB8014F153
:10CA7000360FDEBF002001F0004170BDC4F100049C
:10CA8000203C35DA0C341BDC04F11404C4F120051D
:10CA900000FA05F320FA04F001FA05F240EA020078
:10CAA00001F0004221F0004110EBD37021FA04F6AE
:10CAB00042EB06015EEA430E08BF20EAD37070BD68
:10CAC000C4F10C04C4F1200500FA04F320FA05F0C7
:10CAD00001FA04F240EA020001F0004110EBD370C9
:10CAE00041F100015EEA430E08BF20EAD37070BD39
:10CAF000C4F1200500FA05F24EEA020E20FA04F312
:10CB000001FA05F243EA020321FA04F001F00041C0
:10CB100021FA04F220EA020000EBD3705EEA430E31
:10CB200008BF20EAD37070BD94F0000F0FD101F060
:10CB30000046400041EB010111F4801F08BF013C99
:10CB4000F7D041EA060195F0000F18BF704703F0D7
:10CB50000046520043EB030313F4801F08BF013D5E
:10CB6000F7D043EA0603704794EA0C0F0CEA13551A
:10CB700018BF95EA0C0F0CD050EA410618BF52EAD4
:10CB80004306D1D181EA030101F000414FF00000DA
:10CB900070BD50EA410606BF1046194652EA4306E8
:10CBA00019D094EA0C0F02D150EA013613D195EA5C
:10CBB0000C0F05D152EA03361CBF104619460AD1A4
:10CBC00081EA030101F0004141F0FE4141F47001AE
:10CBD0004FF0000070BD41F0FE4141F4780170BD9E
:10CBE00070B54FF0FF0C4CF4E06C1CEA11541DBF03
:10CBF0001CEA135594EA0C0F95EA0C0F00F0A7F805
:10CC0000A4EB050481EA030E52EA03354FEA013131
:10CC100000F088804FEA03334FF0805545EA131344
:10CC200043EA12634FEA022245EA111545EA10650C
:10CC30004FEA00260EF000419D4208BF964244F1A3
:10CC4000FD0404F5407402D25B084FEA3202B61AC2
:10CC500065EB03055B084FEA32024FF480104FF496
:10CC6000002CB6EB020E75EB030E22BFB61A75460A
:10CC700040EA0C005B084FEA3202B6EB020E75EB9D
:10CC8000030E22BFB61A754640EA5C005B084FEA05
:10CC90003202B6EB020E75EB030E22BFB61A7546D2
:10CCA00040EA9C005B084FEA3202B6EB020E75EBDD
:10CCB000030E22BFB61A754640EADC0055EA060E9E
:10CCC00018D04FEA051545EA16754FEA06164FEAE1
:10CCD000C30343EA52734FEAC2025FEA1C1CC0D18D
:10CCE00011F4801F0BD141EA00014FF000004FF01A
:10CCF000004CB6E711F4801F04BF01430020B4F1DB
:10CD0000FD0C88BFBCF5E06F3FF6AFAEB5EB030C92
:10CD100004BFB6EB020C5FEA500C50F1000041EB8F
:10CD2000045170BD0EF0004E4EEA113114EB5C045C
:10CD3000C2BFD4EB0C0541EA045170BD41F480112F
:10CD40004FF0000E013C90E645EA060E8DE60CEA37
:10CD5000135594EA0C0F08BF95EA0C0F3FF43BAF54
:10CD600094EA0C0F0AD150EA01347FF434AF95EA0B
:10CD70000C0F7FF425AF104619462CE795EA0C0FEF
:10CD800006D152EA03353FF4FDAE1046194622E7BC
:10CD900050EA410618BF52EA43067FF4C5AE50EA96
:10CDA00041047FF40DAF52EA43057FF4EBAE12E786
:10CDB0004FF0FF3C06E000BF4FF0010C02E000BF67
:10CDC0004FF0010C4DF804CD4FEA410C7FEA6C5C4A
:10CDD0004FEA430C18BF7FEA6C5C1BD001B050EAED
:10CDE000410C0CBF52EA430C91EA030F02BF90EAD8
:10CDF000020F0020704710F1000F91EA030F58BF97
:10CE0000994208BF90422CBFD8176FEAE37040F0F8
:10CE1000010070474FEA410C7FEA6C5C02D150EA96
:10CE2000013C07D14FEA430C7FEA6C5CD6D152EA51
:10CE3000033CD3D05DF8040B704700BF8446104616
:10CE400062468C461946634600E000BF01B5FFF715
:10CE5000B7FF002848BF10F1000F01BD4DF808EDE5
:10CE6000FFF7F4FF0CBF012000205DF808FB00BFB6
:10CE70004DF808EDFFF7EAFF34BF012000205DF810
:10CE800008FB00BF4DF808EDFFF7E0FF94BF01205D
:10CE900000205DF808FB00BF4DF808EDFFF7CEFF5E
:10CEA00094BF012000205DF808FB00BF4DF808ED9D
:10CEB000FFF7C4FF34BF012000205DF808FB00BF6E
:10CEC0004FEA410C7FEA6C5C02D150EA013C0AD186
:10CED0004FEA430C7FEA6C5C02D152EA033C02D178
:10CEE0004FF0000070474FF0010070474FEA4102D9
:10CEF00012F5001215D211D56FF47873B3EB6252AC
:10CF000012D94FEAC12343F0004343EA505311F0D2
:10CF1000004F23FA02F018BF404270474FF0000064
:10CF2000704750EA013005D111F0004008BF6FF0A2
:10CF3000004070474FF00000704700BF4A0011D218
:10CF400012F5001211D20DD56FF47873B3EB625263
:10CF50000ED44FEAC12343F0004343EA505323FA6F
:10CF600002F070474FF00000704750EA013002D1E4
:10CF70004FF0FF3070474FF0000070474FEA41021A
:10CF8000B2F1E04324BFB3F5001CDCF1FE5C0DD927
:10CF900001F0004C4FEAC0024CEA5070B2F1004F71
:10CFA00040EB830008BF20F00100704711F0804F74
:10CFB00021D113F13872BCBF01F00040704741F439
:10CFC00080114FEA5252C2F11802C2F1200C10FA3D
:10CFD0000CF320FA02F018BF40F001004FEAC12321
:10CFE0004FEAD32303FA0CFC40EA0C0023FA02F3C5
:10CFF0004FEA4303CCE77FEA625307D150EA01339B
:10D000001EBF4FF0FE4040F44000704701F000406A
:10D0100040F0FE4040F40000704700BF80F0004048
:10D0200002E000BF81F0004142001FBF5FEA410300
:10D0300092EA030F7FEA226C7FEA236C6AD04FEA00
:10D040001262D2EB1363C1BFD21841404840414045
:10D05000B8BF5B42192B88BF704710F0004F40F4F7
:10D06000000020F07F4018BF404211F0004F41F413
:10D07000000121F07F4118BF494292EA030F3FD0DF
:10D08000A2F1010241FA03FC10EB0C00C3F12003F2
:10D0900001FA03F100F0004302D5494260EB400081
:10D0A000B0F5000F13D3B0F1807F06D340084FEAEC
:10D0B000310102F10102FE2A51D2B1F1004F40EBE1
:10D0C000C25008BF20F0010040EA03007047490049
:10D0D00040EB0000013A28BFB0F5000FEDD2B0FAE6
:10D0E00080FCACF1080CB2EB0C0200FA0CF0AABF09
:10D0F00000EBC25052421843BCBFD04018437047A7
:10D1000092F0000F81F4000106BF80F400000132AC
:10D11000013BB5E74FEA41037FEA226C18BF7FEA83
:10D12000236C21D092EA030F04D092F0000F08BFC5
:10D130000846704790EA010F1CBF0020704712F0AC
:10D140007F4F04D1400028BF40F00040704712F1EB
:10D1500000723CBF00F50000704700F0004343F050
:10D16000FE4040F4000070477FEA226216BF084686
:10D170007FEA23630146420206BF5FEA412390EA49
:10D18000010F40F4800070474FF0000304E000BF3F
:10D1900010F0004348BF40425FEA000C08BF7047F0
:10D1A00043F0964301464FF000001CE050EA0102B4
:10D1B00008BF70474FF000030AE000BF50EA0102C9
:10D1C00008BF704711F0004302D5404261EB4101B6
:10D1D0005FEA010C02BF84460146002043F0B643DB
:10D1E00008BFA3F18053A3F50003BCFA8CF2083A00
:10D1F000A3EBC25310DB01FA02FC634400FA02FC09
:10D20000C2F12002BCF1004F20FA02F243EB02000F
:10D2100008BF20F00100704702F1200201FA02FC71
:10D22000C2F1200250EA4C0021FA02F243EB020064
:10D2300008BF20EADC7070477BB972B90029BEBF15
:10D2400000204FF0004106E008BF00281CBF6FF02F
:10D2500000414FF0FF3000F057B8ADF1080C6DE918
:10D2600004CE002909DB002B1ADB43F097FBDDF825
:10D2700004E0DDE9022304B07047404261EB410164
:10D28000002B1BDB43F08AFBDDF804E0DDE9022321
:10D2900004B0404261EB4101524263EB43037047EB
:10D2A000524263EB430343F079FBDDF804E0DDE930
:10D2B000022304B0404261EB41017047524263EBEC
:10D2C000430343F06BFBDDF804E0DDE9022304B027
:10D2D000524263EB4303704753B94AB9002908BF70
:10D2E00000281CBF4FF0FF314FF0FF3000F00CB8AA
:10D2F000ADF1080C6DE904CE43F050FBDDF804E01D
:10D30000DDE9022304B07047704700BF0348044BB7
:10D31000834202D0034B03B1184770472C09001019
:10D320002C090010000000000548064B1B1AD90FFD
:10D3300001EBA301491002D0034B03B1184770471A
:10D340002C0900102C0900100000000010B5064C3C
:10D35000237843B9FFF7DAFF044B13B10448AFF366
:10D3600000800123237010BD000000200000000099
:10D37000580C050808B5054B1BB105490548AFF326
:10D380000080BDE80840FFF7CFBF00BF00000000ED
:10D3900004000020580C0508704700BF704700BF0C
:10D3A00001F012B84FF0500383F31188BFF36F8F71
:10D3B000BFF34F8F704700BFBFF34F8F0549064B38
:10D3C000CA6802F4E0621343CB60BFF34F8F00BF23
:10D3D000FDE700BF00ED00E00400FA0508B50948CC
:10D3E0000022022103F01AFC06480022012103F06A
:10D3F00015FC05480022802103F010FC20F08CF978
:10D40000FCE700BF00100240000C024030B50024D1
:10D4100095B0CDE90A44CDE90344CDE90544274A56
:10D4200001940C940794116C254B41F080511164C8
:10D43000126C02F080520192019A02941A6842F42E
:10D4400080421A601B6803F48043029309224FF460
:10D450008033CDE90823022501224FF48003CDE972
:10D460000D250F930422A823CDE9102308A8072334
:10D47000CDE91253029904F0EFFD90B94FF4A05397
:10D480000025CDE905530F2202244FF4805303A851
:10D490000521CDE90324079304F0F4FF38B915B052
:10D4A00030BD08482246294603F0B8FBE6E70548A8
:10D4B0002A46214603F0B2FB15B030BD00380240C9
:10D4C00000700040001002400C48042310B54FF0DB
:10D4D000A0414FF400720224037101230160C28055
:10D4E000C0F80940C38104F04BFD00B910BD2146CE
:10D4F0000348BDE81040002203F090BB200001204B
:10D50000001002402DE9804800249FB001F0F2FE97
:10D51000FFF77CFFCDE91544CDE91744BF4D0294D8
:10D5200019942B6BBE4843F010032B632B6B03F055
:10D5300010030293029B03942B6B43F004032B63B1
:10D540002B6B03F004030393039B04942B6B43F0B6
:10D5500080032B632B6B03F080030493049B0594DF
:10D560002B6B012213432B632B6B13400593059BFD
:10D5700006942B6B43F002032B632B6B03F0020327
:10D580000693069B07942B6B43F008032B632B6BCE
:10D5900003F0080307931021079B03F03FFBA1480A
:10D5A000224641F2030103F039FB9F48224641F233
:10D5B000834103F033FB9D4822464FF4777103F01B
:10D5C0002DFB224696484FF4004103F027FB01262D
:10D5D0007C239548179615A9CDE9153403F042F937
:10D5E0004FF460439248159315A94FF010084FF07F
:10D5F000030ACDE9164603F035F98948179415A9B1
:10D60000022741F20309CDE91586CDF860A003F0A9
:10D6100029F98448CDF8549015A94FF4881BCDE919
:10D620001664189703F01EF904237E48179715A96E
:10D63000CDE9153B03F016F980237B48159315A916
:10D64000CDE91667189403F00DF9CDE916B77648C1
:10D650004FF4807B15A9CDF854B003F003F94FF4D3
:10D6600080637148159315A9CDE91667189603F0E4
:10D67000F9F86D4815A9CDE91596CDE9174403F0E1
:10D68000F1F84FF443736948159315A94FF4004915
:10D69000CDE91664189603F0E5F84FF404136348D7
:10D6A000179415A9CDE9159303F0DCF86048179499
:10D6B00015A9CDE915B403F0D5F8594815A9CDE958
:10D6C0001596CDE9174703F0CDF8D02357481593A9
:10D6D00015A94FF02009CDE91664189403F0C2F89B
:10D6E0004FF444135148179615A9CDE9159303F04B
:10D6F000B9F830234B48159315A9CDE9164403F02A
:10D70000B1F822460621082002F0AEFC082002F003
:10D71000E7FC22460D21172002F0A6FC172002F09C
:10D72000DFFC22460D21282002F09EFC282002F07A
:10D73000D7FC00942B6B43F480032B632B6B03F417
:10D7400080030093009B01942B6B43F400132B6325
:10D750002B6B03F400132246052101930D20019B3E
:10D7600002F082FC0D2002F0BBFC224609210E20B3
:10D7700002F07AFC0E2002F0B3FC224609210F20B1
:10D7800002F072FC0F2002F0ABFC2246052140465D
:10D7900002F06AFC404602F0A3FC22460A213A202D
:10D7A00002F062FC3A2002F09BFC224606213B205C
:10D7B00002F05AFC3B2002F093FC0A2122463C2056
:10D7C00002F052FC3C2002F08BFC1A481A4B03601A
:10D7D0004FF6FF73C36015A90523CDE91676CDE991
:10D7E0001C44C0E90149CDF854A018940E941B962E
:10D7F0001A970F9404618461199306F0D3F90028F5
:10D8000040F02D8400240B480EA9CDE90E4406F00B
:10D81000ADFB002840F0B185084811E00038024017
:10D82000000002400004024000100240000C0240D0
:10D83000000802404407012000040040F40C0120CD
:10D84000C74B03604FF4803343600123036180F8CA
:10D85000303043614FF080564FF010630024C0E930
:10D860000A360823CDE91544CDE9174484600476CF
:10D8700080F82040C460C36101F09AFD002840F0A8
:10D88000758503210122CDE915120423B5481793AC
:10D8900015A901F033FF002840F061850224B1484A
:10D8A00015A9CDE9154401F029FF002840F0508565
:10D8B0000D220323AB4815A9CDE9152301F01EFF66
:10D8C000002840F03E850C220423A64815A9CDE986
:10D8D000152301F013FF002840F02C850B220523AF
:10D8E000A04815A9CDE9152301F008FF002840F054
:10D8F0001A850A2206239B4815A9CDE9152301F0B4
:10D90000FDFE002840F0088510210722CDE9151200
:10D9100003239448179315A901F0F0FE002840F066
:10D92000F484112208238F4815A9CDE9152301F0AD
:10D93000E5FE002840F0E2848B484FF0804300244D
:10D9400003604FF0FF33CDE90A44CDE90C44CDE943
:10D950001544CDE91744CDE90E44CDE91044CDE995
:10D960000844C0E90144199404618461C36006F06D
:10D9700061F8002840F0BB844FF480537A480A9342
:10D980000AA905F075FE002840F0AA84764806F042
:10D99000DBF8002840F09D84042060230024CDE9BA
:10D9A000150302257048199415A9CDE9175405F0FF
:10D9B00009FF002840F08684002402256A480E945E
:10D9C00022460EA9CDE910440F9506F03BFA002837
:10D9D00040F0718402240123634804220EA9CDE99A
:10D9E0000E4306F02FFA002840F05E8400245E48C3
:10D9F00008A9CDE9084406F0B9FA002840F04D84A2
:10DA000000242022214615A8CDE90A44CDE90C4482
:10DA1000CDE90844CDE90E44CDE91044CDE91244E6
:10DA200014943AF085FC5148514B03604FF6FF7354
:10DA3000C3608023C0E90144C0E90444836105F068
:10DA4000F9FF002840F022844FF4805347480A939E
:10DA50000AA905F00DFE002840F01184434806F0A5
:10DA600045F8002840F004840024404808A9CDE986
:10DA7000084406F07BFA002840F0F4830024602379
:10DA80003A48149422460EA9CDE90E34CDE910444B
:10DA9000CDE9124406F03AF9002840F0DD8333481E
:10DAA00004220EA906F032F9002840F0CF832F4857
:10DAB00008220EA906F02AF9002840F0C1832B485D
:10DAC0000C220EA906F022F9002840F0B3830024AE
:10DAD0004FF400532548199415A9CDE91544CDE913
:10DAE00017441C941A9306F081FA002840F08A83A8
:10DAF0001E48DFF888A001F097F81E484FF48273A3
:10DB0000C0E900A34FF4007B20230024C0E906B342
:10DB10000A23C0E90244C0E90444C0E9084484621D
:10DB2000C36204F07FFE002840F066831248DFF8ED
:10DB3000509053230024C0E900936423CDE90E44A0
:10DB4000CDE91044CDE90A44CDE91544CDE91744A7
:10DB5000CDE919441B9484600461846112E000BF24
:10DB600000200140F40C01208C070120D407012083
:10DB700000000140B40A0120FC06012000380040EA
:10DB800000080040C36005F055FF002840F02E83D8
:10DB90004FF48053C7480E930EA905F069FD002885
:10DBA00040F01E83C34805F0A1FF002840F0128317
:10DBB0000024C0480AA9CDE90A4406F0D7F9002894
:10DBC00040F0028300244FF060083223B9481794D4
:10DBD0000C2215A9CDE91583199406F097F80028B1
:10DBE00040F0EC82B3480C2105F03CFDB248B34B49
:10DBF000036000244FF0FF33CDE90A44CDE90C4423
:10DC0000CDE91544CDE91744CDE90E44CDE91044E2
:10DC1000CDE90844C0E90144199404618461C360FA
:10DC200005F008FF002840F0C3824FF48053A2485B
:10DC30000A930AA905F01CFD002840F0B3829E4813
:10DC400005F082FF002840F0A78200244FF0040C6A
:10DC500050239948199415A9CDE915C3CDE9174466
:10DC600005F0B0FD002840F0918200240123924885
:10DC70000E9422460EA9CDE910440F9306F0E2F867
:10DC8000002840F07D8202248B4804220EA9CDE9B1
:10DC90000E4406F0D7F8002840F06C820024864835
:10DCA00008A9CDE9084406F061F9002840F05C823B
:10DCB0008348844E4FF48273C0E900630225012338
:10DCC000C0E904534FF4007710230024C0E9067321
:10DCD0000A23C0E90244C0E908448462C36204F034
:10DCE000A1FD002840F03A82774878490623C0E930
:10DCF00000134FF420254FF480130024C0E904538F
:10DD00004FF08073C0E902448483836101F09EFD7B
:10DD1000002840F01D826E48DFF8E8B1012303615E
:10DD200080F8303043614FF480330024C0E900B301
:10DD30004FF040524FF010630225CDE91544CDE974
:10DD40001744C0E90A328460047680F82040C46039
:10DD5000C56101F02DFB002840F0F48101234FF054
:10DD60000E0ACDE915A35A48042315A9179301F00B
:10DD7000C5FC002840F0E0810F230224544815A977
:10DD8000CDE9153401F0BAFC002840F0CF815148AC
:10DD9000514BDFF874910024C0E900934FF48043A5
:10DDA000C0E90244C0E90544C0E90744036102F048
:10DDB0004FFF002840F0B4814848DFF850E14FF4AD
:10DDC0008273C0E900E34FF4007808230024C0E91F
:10DDD00006830A23C0E90244C0E90444C0E90844B8
:10DDE0008462C36204F01EFD002840F093813C4829
:10DDF000DFF81CC14FF4E1330024C0E900C30C2359
:10DE0000C0E90244C0E906440461436106F0B2F986
:10DE1000002840F079813348334B036000244FF6EB
:10DE2000FF73CDE91544CDE91744C0E9014404610D
:10DE30008461C36005F0FEFD002840F05F814FF46F
:10DE400080532848159315A905F012FC002840F0CE
:10DE50004F812648264B0224C0E9003440F6FF7368
:10DE6000836004F05FF8002840F03C812148224E96
:10DE70004FF4E1230024C0E900630C23C0E902440D
:10DE8000C0E906440461436106F074F9002840F0DB
:10DE900023811A481A4D53230024C0E900536423F8
:10DEA000846004618461C36005F0C4FD002840F013
:10DEB0000D812FE0FC060120B4060120000C00407B
:10DEC0000C0B012000300140C40B01200064004015
:10DED000AC0C0120700B0120A08601005C0A01201F
:10DEE0004C050120DC05012000400140640B0120AD
:10DEF0000030004004050120004800409405012046
:10DF0000001C00400021014000540040003C004043
:10DF100000100140BE48BF49A7230024C0E90013F8
:10DF20004FF6FF73CDE9154484608461C36005F04A
:10DF300081FD002840F0C4800024B54815A9CDE932
:10DF4000154406F013F8002840F0B4800024202285
:10DF5000214615A8CDE90A44CDE90C44CDE9084491
:10DF6000CDE90E44CDE91044CDE9124414943AF0C1
:10DF7000DFF9A948A94B03604FF6FF73C0E90144DC
:10DF8000C0E904448461C36005F054FD002840F0FA
:10DF90008B804FF48053A0480A930AA905F068FBD0
:10DFA00000287BD19C4805F073FD002870D14023E8
:10DFB0000024994808A9CDE9083405F0D7FF0028C6
:10DFC00060D100249448149422460EA9CDE90E4451
:10DFD000CDE91044CDE9124405F06CFE00284BD188
:10DFE00000244FF400538C481C9415A9CDE9154426
:10DFF000CDE91744CDE9194305F0F8FFB0BB002285
:10E000000621382002F030F8382002F069F80022AA
:10E0100006211D2002F028F81D2002F061F8FFF70C
:10E0200053FA7F480122802102F0F8FD01221146B7
:10E030007C4802F0F3FD012202217A4802F0EEFD55
:10E04000642001F083F906F0F9FC774A7748002153
:10E0500006F020FD764B186006F002FDFEE77148E1
:10E060002246394602F0DAFDFFF7CCBB6D48224666
:10E07000022102F0D3FDC2E76A482246022102F0E3
:10E08000CDFDADE767482246022102F0C7FD98E7C3
:10E0900064480022022102F0C1FD88E761480022A5
:10E0A000022102F0BBFD7DE75E482246022102F01C
:10E0B000B5FD6EE75B482246022102F0AFFD45E761
:10E0C00058482246022102F0A9FD35E7554822466C
:10E0D000022102F0A3FD1DE752482246022102F070
:10E0E0009DFDD6E64F482146002202F097FDBDE691
:10E0F0004C480022022102F091FDAAE6494822463E
:10E10000022102F08BFD9AE646482246022102F0E7
:10E1100085FD80E643482246022102F07FFD66E647
:10E1200040482246022102F079FD45E63D4821465D
:10E13000002202F073FD2AE63A480022022102F092
:10E140006DFD19E637482246294602F067FD05E6CF
:10E1500034482246022102F061FDDCE531482246C6
:10E16000294602F05BFDBFE52E482246022102F05F
:10E1700055FD9DE52B482146002202F04FFD8DE51F
:10E1800028482246022102F049FD7CE52548224626
:10E19000022102F043FD68E522480022022102F03C
:10E1A0003DFD52E51F480022022102F037FD46E501
:10E1B0001C482246022102F031FD36E5194822466C
:10E1C000022102F02BFD0DE516482246022102F045
:10E1D00025FDF7E413480022022102F01FFDE7E4C9
:10E1E00010480022022102F019FDDBE40D4822460E
:10E1F000022102F013FDCBE40A482246022102F07C
:10E200000DFD93E407482246022102F007FD6FE46A
:10E210006C0601200010004024060120000401408B
:10E22000000C0240001002407C110508DDD30008FC
:10E230001C00012054480022022102F0EFFC46E4B9
:10E2400051480022022102F0E9FC38E44E48002245
:10E25000022102F0E3FC2AE44B482246022102F0AC
:10E26000DDFC1CE448482246022102F0D7FC05E40C
:10E2700045480022022102F0D1FCFFF7F5BB4248DD
:10E280000022022102F0CAFCFFF7E8BB3E4822460A
:10E29000022102F0C3FCFFF7D7BB3B482246022114
:10E2A00002F0BCFCFFF7ACBB37482146002202F06D
:10E2B000B5FCFFF79BBB34482246294602F0AEFC72
:10E2C000FFF788BB30482246294602F0A7FCFFF73B
:10E2D00073BB2D480022022102F0A0FCFFF75CBBBB
:10E2E00029480022022102F099FCFFF74FBB264883
:10E2F0002246022102F092FCFFF73EBB2248002298
:10E30000022102F08BFCFFF717BB1F4800220221FD
:10E3100002F084FCFFF705BB1B480022022102F03B
:10E320007DFCFFF7F1BA18480022022102F076FCCA
:10E33000FFF7DFBA14480022022102F06FFCFFF75A
:10E34000CDBA11480022022102F068FCFFF7BBBAE7
:10E350000D480022214602F061FCFFF7A9BA0A48E5
:10E360000022022102F05AFCFFF798BA0648224622
:10E37000022102F053FCFFF784BA0348224602212F
:10E3800002F04CFCFFF748BA0010024008B5024BFF
:10E39000024A1A60FFF710F800400240ADBE0FD0ED
:10E3A00008B5024B024A1A60FFF706F80040024027
:10E3B000EFBEADDE034B02689A4201D01FF0DEBC17
:10E3C00000F0B2BF0014004002480022022102F017
:10E3D00025BC00BF0010024082B00E4B002200920C
:10E3E000596C41F480415964586C00F480400090AD
:10E3F00000980192186C40F0805018641B6C03F078
:10E4000080530193019B0F216FF0010002B001F0D6
:10E410002BBE00BF0038024070B503684B4A8CB079
:10E4200000249342CDE90644CDE9084405460A9408
:10E4300004D0474A93424ED00CB070BD454B019476
:10E440005A6C4548454E42F480725A645A6C02F444
:10E4500080720192019A02941A6B42F004021A63CC
:10E460001A6B02F004020292029A03941A6B42F0B1
:10E4700001021A631B6B03F0010303930F220323B2
:10E4800006A9CDE90623039B02F0ECF90C22032335
:10E490003348089406A9CDE9062302F0E3F9314A8E
:10E4A00074624FF48063C6E9002433614FF48052F4
:10E4B0004FF48043C6E905234FF48073C6E907345F
:10E4C0003046C6E9024401F02BFE00283BD1AE6382
:10E4D000B5630CB070BD1F4B04945A6C1E48224E9D
:10E4E00042F400725A645A6C02F400720492049A64
:10E4F00005941A6B42F004021A631B6B03F00403C9
:10E5000005933022032306A9CDE90623059B02F0DB
:10E51000A9F9164A4FF00073C6E900234FF4806250
:10E520004FF48053C6E90423C6E908444FF48042FF
:10E530004FF480733046C6E90244C6E9062301F071
:10E54000EFFD0028C3D0FFF73FFFC0E700200140E8
:10E550000021014000380240000802404C0C01201C
:10E560000000024070640240EC0B01204064024055
:10E5700030B5234B026889B000249A42CDE90244A9
:10E58000CDE90444069401D009B030BD03F5EA3367
:10E5900000941A6C1B4842F000721A641A6C02F064
:10E5A00000720092009A01941A6B42F008021A63FA
:10E5B0001B6B9FED117B03F00803019302A903235A
:10E5C00009258DED027BCDE90535019A02F04AF966
:10E5D00022460A21132001F047FD132001F080FD9F
:10E5E00022462946142001F03FFD142001F078FD59
:10E5F00009B030BDAFF3008003000000020000004E
:10E6000000640040000C024030B5214B026889B024
:10E6100000249A42CDE90244CDE90444069401D095
:10E6200009B030BD1B4D00942B6B1B4843F0020317
:10E630002B632B6B03F0020300934FF44072122301
:10E64000CDE9022301220323CDE9042302A90423F7
:10E65000009A069302F006F901942B6C43F4001320
:10E660002B642B6C03F400132246082101931F2016
:10E67000019B01F0F9FC1F2001F032FD2246082128
:10E68000202001F0F1FC202001F02AFD09B030BD6E
:10E6900000540040003802400004024008B50268FF
:10E6A0000D4B9A4200D008BD0C4A0D48136C23F460
:10E6B000001313644FF4807102F0F0F908484FF42E
:10E6C000007102F0EBF91F2001F018FDBDE80840D1
:10E6D000202001F013BD00BF00540040003802406C
:10E6E0000004024070B503689C4A8CB00024934239
:10E6F000CDE90644CDE9084405460A9408D0984A75
:10E70000934266D0974A934200F0BC800CB070BD33
:10E71000954B00945A6C954E42F480525A645A6C50
:10E7200002F480520092009A01941A6B42F00102A6
:10E730001A631B6B03F001030193E0220223CDE96E
:10E74000062301988A480322052306A9CDE9092357
:10E7500002F088F8874A74624FF0C063C6E900236C
:10E7600030464FF480624FF48033C6E90244C6E974
:10E770000424C6E90644336201F0D2FC002840F0CC
:10E78000DE807D4C7D49EE644FF0C062C4E900122A
:10E790004FF4806200234021226120464FF48032F2
:10E7A000C4E90213C4E90533C4E90732B5636362FF
:10E7B00001F0B6FC002840F0BF8000220621AC64C6
:10E7C0002320A56301F050FC232001F089FC0CB04C
:10E7D00070BD654B02941A6C694E42F480421A6413
:10E7E0001A6C02F480420292029A03941A6B42F06D
:10E7F00002021A631B6B03F0020303934FF460429F
:10E800000223CDE9062303985E480322052306A9C7
:10E81000CDE9092302F026F85B4A74624FF4806365
:10E820003046C6E90024C6E90244C6E90544C6E903
:10E830000744336101F074FC002840F08380534C9E
:10E840005349EE6440220023A26020464FF48062C8
:10E85000C4E90013C4E90332C4E90533C4E907334A
:10E86000B563636201F05CFC00286ED100220921CF
:10E87000AC642420A56301F0F7FB242001F030FCF8
:10E880000CB070BD384B04941A6C424E42F40042F6
:10E890001A641A6C02F400420492049A05941A6BEA
:10E8A00042F004021A631B6B03F0040305934FF458
:10E8B000E0520223CDE906230598374803220623B8
:10E8C00006A9CDE9092301F0CDFF4FF48063334A57
:10E8D000336130464FF48033C6E90024C6E9024470
:10E8E000C6E90544C6E90743746201F019FC90BB10
:10E8F0002B4C2C49EE6400234022C4E90013A26093
:10E900004FF480614FF480322046C4E90331C4E9FA
:10E910000533C4E90732B563636201F001FCB8B99D
:10E9200000220821AC643320A56301F09DFB332055
:10E9300001F0D6FB0CB070BDFFF746FD3DE7FFF7D9
:10E9400043FD1EE7FFF740FD79E7FFF73DFD8DE74B
:10E95000FFF73AFDE4E7FFF737FDC9E70030014074
:10E9600000380040003C004000380240FC09012013
:10E9700000000240106402409C09012058640240DB
:10E980003C0901200004024058600240DC080120DC
:10E99000706002407C080120000802404060024094
:10E9A0001C0801208860024010B50368764A90B0C8
:10E9B00000249342CDE90A44CDE90C440E9438D0AA
:10E9C000B3F1804F4AD0714A934225D0704A9342A6
:10E9D0006ED0704A934200F093806F4A934200F0E9
:10E9E000A3806E4A934200F0B3806D4A93421ED1D9
:10E9F0006C4B0994196C41F0800119641B6C03F095
:10EA00008003099322460C212C20099B01F02CFB4A
:10EA10002C2001F065FB0AE0624B03941A6C42F073
:10EA200004021A641B6C03F004030393039B10B0ED
:10EA300010BD5C4B0094596C41F0010159645B6C52
:10EA400003F001032246062100931820009B01F0E9
:10EA50000BFB182001F044FB10B010BD03F50E3382
:10EA600001941A6C504842F001021A641A6C02F0C8
:10EA700001020192019A02941A6B42F001021A6398
:10EA80001B6B9FED3D7B03F0010302930AA9012359
:10EA90008DED0A7B0E93029A01F0E4FE22460721D7
:10EAA0001C2001F0E1FA1C2001F01AFB10B010BD8F
:10EAB0003C4B04941A6C3C4842F008021A641A6CED
:10EAC00002F008020492049A05941A6B42F00102C3
:10EAD0001A631B6B9FED2A7B03F0010305930AA9C0
:10EAE00002238DED0A7B059A0E9301F0BBFE2246B0
:10EAF0000621322001F0B8FA322001F0F1FA96E74F
:10EB0000284B0694196C41F0100119641B6C03F03A
:10EB10001003069322460B213620069B01F0A4FA2F
:10EB2000362001F0DDFA82E71E4B0794596C41F064
:10EB3000020159645B6C03F00203079322460C2127
:10EB40002C20079B01F090FA2C2001F0C9FA6EE707
:10EB5000144B0894596C41F4803159645B6C03F494
:10EB600080330893224606211820089B01F07CFA86
:10EB7000182001F0B5FA5AE7020000000200000078
:10EB800001000000020000000000014000080040F9
:10EB9000000C004000100040000401400040014013
:10EBA000001C00400038024000000240000000004D
:10EBB00000B51B4A016889B000239142CDE90233B8
:10EBC000CDE90433069302D009B05DF804FB02F5E9
:10EBD0000D320093106C40F002001064106C00F0D5
:10EBE0000200009000980193136B0E4843F0040359
:10EBF0001363136B9FED087B03F00403019302A9D9
:10EC000002238DED027B019A069301F02BFE09B0E1
:10EC10005DF804FBAFF30080C000000002000000BC
:10EC2000000400400008024000B5174A016889B09E
:10EC300000239142CDE90233CDE90433069302D09B
:10EC400009B05DF804FB02F59C320193136B43F0AD
:10EC500010031363136B9FED0A7B03F01003019302
:10EC600001980A480222012302A98DED027B059238
:10EC7000069301F0F7FD09B05DF804FBAFF30080E7
:10EC8000006A000002000000000001400010024085
:10EC900030B50368364A8BB000249342CDE9044472
:10ECA000CDE90644089404D0324A93422CD00BB0EC
:10ECB00030BD314B00945A6C304842F010025A6417
:10ECC0005A6C02F010020092009A01941A6B42F002
:10ECD00002021A631B6B9FED227B03F00203019378
:10ECE00004A9032307258DED047BCDE90735019A9F
:10ECF00001F0B8FD22462946252001F0B5F925206E
:10ED000001F0EEF90BB030BD1B4B02941A6C1B489E
:10ED100042F480221A641A6C02F480220292029A4F
:10ED200003941A6B42F002021A631B6B9FED0E7B79
:10ED300003F00203039304A9032307258DED047B4D
:10ED4000CDE90735039A01F08DFD2246294627209B
:10ED500001F08AF9272001F0C3F90BB030BD00BFE4
:10ED6000C000000002000000000C000002000000D3
:10ED700000100140004800400038024000040240FA
:10ED800030B5036889B00024B3F1A04FCDE9024447
:10ED9000CDE90444069401D009B030BD1C4D009467
:10EDA0002B6B1C4843F001032B632B6B03F0010317
:10EDB0004FF40072009302A9009B029201F052FDF1
:10EDC0004FF4C0520223CDE9022300220323CDE9F0
:10EDD000042302A90A230F48069301F043FD6B6B3D
:10EDE00043F080036B6301946B6C43F480436B646A
:10EDF0006B6C03F480430E21224601934320019B58
:10EE000001F032F9432001F06BF909B030BD00BFC9
:10EE1000003802400000024070B588B0234B002249
:10EE200002921A6C42F020021A641B6C03F0200359
:10EE30000293054601A903A8029B03F0E7FB069B8A
:10EE4000D3B903F0C3FB0346194A1A4C1A49A2FB73
:10EE500003239B0C013B0022C4E90013204640F22F
:10EE6000E7332261A260A261E36004F0E3FD06469D
:10EE700030B1304608B070BD03F0A8FB4300E3E7B3
:10EE8000204604F0E1FA06460028F2D1372001F0CE
:10EE900027F90F2D01D90126EBE732462946372005
:10EEA00001F0E2F8054B1D60E3E700BF00380240C7
:10EEB00083DE1B433C0D01200014004008000010BD
:10EEC000704700BF08B503480122022101F0A6FEE9
:10EED000FEE700BF00100240FEE700BFFEE700BFF4
:10EEE000FEE700BF704700BF042001F0A5BE00BFD1
:10EEF000014801F041BA00BF7C080120014801F03F
:10EF00003BBA00BF3C090120014801F035BA00BFFF
:10EF1000DC080120014801F02FBA00BF1C080120C5
:10EF2000014800F037BF00BFC40B0120014800F0CA
:10EF300031BF00BFC40B012008B5202001F07CFECA
:10EF4000BDE808404FF4807001F076BE08B5044873
:10EF500004F066FCBDE80840024804F061BC00BF54
:10EF6000D4070120DC050120014804F059BC00BF92
:10EF70008C070120014804F053BC00BF4407012066
:10EF8000014802F031BA00BF700B0120014802F0C5
:10EF90000BBF00BF700B0120014804F0B1B800BFE7
:10EFA0000C0B0120014804F0ABB800BFB40A0120EB
:10EFB000014805F0C3B900BF4C050120014805F028
:10EFC000BDB900BF040501204FF4004001F034BE7C
:10EFD00008B5044804F024FCBDE80840024804F0E9
:10EFE0001FBC00BF2406012094050120014804F045
:10EFF00017BC00BFB4060120014804F081B800BF6F
:10F000005C0A0120014804F00BBC00BF6C06012023
:10F01000014804F005BC00BF3C0D0120014801F08F
:10F02000ABB900BFFC090120014801F0A5B900BF40
:10F03000EC0B0120014801F09FB900BF9C090120A1
:10F04000014801F099B900BF4C0C012000200BF0E1
:10F0500027BA00BF0120704708B536F0FBFF162322
:10F0600003604FF0FF3008BD08B536F0F3FF1623FC
:10F070000360FEE770B5161E07DD0C468D19AFF371
:10F08000008004F8010BA542F9D1304670BD00BFE5
:10F0900070B5161E07DD0C468D1914F8010BAFF381
:10F0A0000080A542F9D1304670BD00BF4FF0FF305F
:10F0B000704700BF4FF400534B600020704700BF03
:10F0C00001207047002070470C490D4A0B6810B5AD
:10F0D0000C4C121B2BB11844904207D808601846FC
:10F0E00010BD094B0B6018449042F7D936F0B2FFBF
:10F0F0000C2303604FF0FF33184610BD840D012030
:10F100000000022000040000603101201249134B6E
:10F11000D1F8882042F4700210B4C1F888201A682F
:10F120000F4C002042F001021A6098601A6822F029
:10F13000847222F480321A605C601A6822F48022A1
:10F140001A60D8605A6F4FF0006442F080725A67BC
:10F150008C605DF8044B704700ED00E00038024021
:10F16000103000240000000010B560B104460C20EF
:10F170001EF06AFB206058B19FED077B00230372ED
:10F1800080ED007B10BD36F065FF1623036010BDD7
:10F1900072B6FFF719F9FEE700000000000000005A
:10F1A0001EF054BB08B5A8B1037A012B0ED85A1C27
:10F1B0000272EFF311824FF0500181F31188BFF317
:10F1C0006F8FBFF34F8F40F8232008BD72B6FFF753
:10F1D000FBF8FEE772B6FFF7F7F8FEE708B570B187
:10F1E000037A013BDBB2012B037204D850F82330C1
:10F1F00083F3118808BD72B6FFF7E6F8FEE772B632
:10F20000FFF7E2F8FEE700BF08B528B3BFF35B8F56
:10F210000378BFF35B8F0BB1002008BD1C4B1A7A3B
:10F22000012A1DD8511C1972EFF311814FF0500CB7
:10F230008CF31188BFF36F8FBFF34F8F43F8221009
:10F24000BFF35B8F0278BFF35B8F8AB943785BB9FA
:10F2500001234370184608BD72B6FFF7B5F8FEE704
:10F2600072B6FFF7B1F8FEE772B6FFF7ADF8FEE74A
:10F270001A7A013AD2B2012A1A7204D853F822300B
:10F2800083F31188C8E772B6FFF79EF8FEE700BF68
:10F29000880D012008B598B143786BB10C4A002362
:10F2A0004370137A013BDBB2012B13720CD852F876
:10F2B000233083F3118808BD72B6FFF785F8FEE7A7
:10F2C00072B6FFF781F8FEE772B6FFF77DF8FEE74A
:10F2D000880D012008B548B1BFF35B8F0122027091
:10F2E000BFF35B8FBDE80840FFF7D4BF72B6FFF7EE
:10F2F0006BF8FEE708B50B4B1A6842F400721A600F
:10F300001A6842F480621A601A6842F480721A60C5
:10F31000032000F097FE0420FFF77EFDFFF75CF866
:10F32000002008BD003C0240034A044B11681B78D2
:10F330000B441360704700BFB80D0120040000109B
:10F34000014B1868704700BFB80D012038B504465E
:10F35000FFF7F6FF631C054602D0044B1B781C44E4
:10F36000FFF7EEFF401BA042FAD338BD04000010A7
:10F37000014B1868000C7047002004E0024B18682D
:10F38000C0F30B00704700BF002004E0014BD3F82E
:10F39000100A70470070FF1F014BD3F8140A704722
:10F3A0000070FF1F014BD3F8180A70470070FF1F51
:10F3B000002800F09E8038B5056C04463DB1236CF2
:10F3C000DB060CD5002384F83C30012038BDFFF764
:10F3D00023F86564236C84F83C50DB06F2D4236C7C
:10F3E000474A23F4885323F0020343F002032364C3
:10F3F0005168236821F440315160516860680143CD
:10F4000051605A682069A16822F480725A605A6873
:10F4100042EA00225A605A68E06822F040725A605C
:10F420005A680A435A609A68A16A22F400629A6094
:10F430009A6802439A60334A91429A6851D022F006
:10F440007062E06A9A609A68114399609A6822F043
:10F4500040529A609A6802439A609A6822F00202C7
:10F460009A609A68217E42EA41029A6094F82020CC
:10F47000002A40D05A68616A42F400625A605A68B1
:10F4800022F460425A605A68013942EA41325A60B5
:10F49000DA6AE16922F47002DA62DA6A013942EA70
:10F4A0000152DA629A68616922F400729A609A687D
:10F4B00094F8300042EA40229A609A6822F480620E
:10F4C0009A609A68002042EA81229A606064236C04
:10F4D00023F0030343F001032364002384F83C304A
:10F4E00038BD22F070629A609A6822F040529A60A9
:10F4F000B3E7012070475A6822F400625A60C7E7F8
:10F50000002301400100000F70B5054690F83C0053
:10F5100082B000230128019300F08D802E681346ED
:10F52000012285F83C20B268D40714D4B26842F0B6
:10F530000102B260434A1068434AA2FB0020800CDB
:10F5400000EB40000190019A2AB1019C013C01941A
:10F5500001980028F9D1B268D00503D5B26822F429
:10F560008072B260B268D2074DD5286C20F4E0609A
:10F5700020F0010040F4807028647268540505D5BD
:10F580002A6C22F4405242F480522A642A6CA86BFE
:10F5900012F480521CBF6A6C22F006026A640022D8
:10F5A00085F83C200A462949C16329490164294953
:10F5B000C1646FF022013160716841F08061716057
:10F5C000B16841F48071B16006F14C0100F03CFE7D
:10F5D000214B5A68D00621D12A6820498A4209D095
:10F5E00001F580718A4229D01D498A4213D15B6896
:10F5F000DB0610D4936813F0405F0CD1936843F09E
:10F600008043936007E02B6C43F010032B646B6C1A
:10F6100043F001036B64002002B070BD0F4A2B68F9
:10F620009342F8D19A6812F0405FF4D19A6842F0A0
:10F6300080429A60EFE7022002B070BD5B68D90695
:10F64000D8D0E8E70000001083DE1B4391F60008E5
:10F6500069F6000879F60008002301400020014007
:10F6600000220140704700BF08B5806BFFF7FAFF2A
:10F6700008BD00BF704700BF806B08B5402303641E
:10F68000436C43F004034364FFF7F4FF08BD00BF7D
:10F69000836B1A6C12F0500F10B51A6C23D142F420
:10F6A000007219681A648A6812F0405F17D11A7ED6
:10F6B000AAB9CA6A12F4700F02D08A6850050ED433
:10F6C0004A6822F020024A601A6C22F480721A649E
:10F6D0001A6CD10403D41A6C42F001021A64184661
:10F6E0001EF054FE10BDD20604D49B6BBDE8104042
:10F6F000DB6C18471846FFF7BDFF10BD70B590F8DA
:10F700003C3082B00246012B4FF00000019000F027
:10F710009380012382F83C300D6813688C68092DB2
:10F72000A8B228D81E6905EB450E4FF0070C0CFA5D
:10F730000EFC26EA0C061E611E6904FA0EF4344320
:10F740001C614C68062C04EB84012AD85C6B0539DB
:10F750004FF01F0C88400CFA01F124EA01015963B3
:10F76000596B0843586336498B422BD0002082F8EE
:10F770003C0002B070BD00EB400CDE68ACF11E0C2A
:10F780004FF0070E04FA0CF40EFA0CFC26EA0C06F5
:10F79000DE60DE683443DC604C68062C04EB8401D8
:10F7A000D4D90C2C34D81C6B23391F26884006FA78
:10F7B00001F124EA01011963196B08432049186318
:10F7C0008B42D3D1122D30D0A5F11003012BCDD80F
:10F7D0001C494B68102D43F400034B60C6D11A4BF3
:10F7E00001F146711B6801F52E3101F28331A1FB55
:10F7F00003139B0C03EB83035B000193019B002B22
:10F80000B4D0019B013B0193019B002BF9D1ADE7E3
:10F81000DC6A41391F26884006FA01F124EA010119
:10F82000D962D96A0843D8629DE7D1F8043343F41A
:10F830008003C1F8043399E7022002B070BD00BF15
:10F8400000200140002301400000001000287BD070
:10F8500038B590F820300446002B72D02268136827
:10F8600043F001031360FFF76BFD054604E0FFF76B
:10F8700067FD401B0A285BD823685A68D107F6D574
:10F880001A6822F002021A60FFF75AFD054604E0EA
:10F89000FFF756FD401B0A284AD823685A6892078A
:10F8A000F6D4227E012A1A680CBF42F0800222F0B0
:10F8B00080021A60627E012A1A680CBF42F0400280
:10F8C00022F040021A60A27E012A1A680CBF42F0A0
:10F8D000200222F020021A60E27E012A1A680CBF80
:10F8E00022F0100242F010021A60227F012A1A68E8
:10F8F0000CBF42F0080222F008021A60627F012A5F
:10F900001A680CBF42F0040222F004021A60D4E923
:10F910000220216902430A43606961680243013998
:10F920000A4300200121DA61606284F8201038BDAA
:10F93000636A052243F40033636284F820200120C7
:10F9400038BDFEF715FE89E70120704790F82020AA
:10F95000013A012A06D9426A034642F48022012074
:10F960005A627047404BD3F800220120024330B462
:10F97000C3F80022D3F8002222F47C52C3F80022FC
:10F98000D3F800224C6A42EA0422C3F800224A69F2
:10F9900002F01F04A040D3F81C4224EA0004C3F87C
:10F9A0001C42CD69C443002D45D1D3F80C522540EB
:10F9B000C3F80C52D200CD688B8802F1804202F568
:10F9C000C84243EA0543C2F840328D680B8843EAD7
:10F9D0000543C2F844328B69234A33BBD2F8043260
:10F9E0002340C2F804320B69C3B91F4BD3F8142269
:10F9F0001440C3F814420B6A012B05D11A4AD2F8FD
:10FA00001C320343C2F81C32174AD2F8003223F0EA
:10FA10000103002030BCC2F800327047124AD2F80D
:10FA200014320343C2F81432E5E7D2F80432034338
:10FA3000C2F80432D7E7012DCDD1D3F80C520543DB
:10FA4000C3F80C52D2000D688B8802F1804202F597
:10FA5000C84243EA0543C2F840328D688B8943EAC5
:10FA60000543C2F84432B6E70064004038B590F868
:10FA70002030012B044605D0436A43F4002343623F
:10FA8000012038BD0268022380F82030136823F07B
:10FA900001031360FFF754FC054604E0FFF750FC38
:10FAA000431B0A2B07D823685B6813F00103F5D1C9
:10FAB0006362184638BD636A052243F4003363620B
:10FAC00084F82020DCE700BF38B590F82030022B06
:10FAD000044605D0436A43F480134362012038BDD5
:10FAE0000268136843F001031360FFF729FC054621
:10FAF00004E0FFF725FC431B0A2B0CD823685A6847
:10FB0000D207F6D51A68012122F002021A6084F8A1
:10FB10002010002038BD636A052243F4003363627D
:10FB200084F82020DAE700BF30B490F820C00568E0
:10FB30000CF1FF3CBCF1010FAC6839D814F0E05F68
:10FB400006D1436A43F400134362012030BC70477E
:10FB5000C4F301640120A04018608B686BB3C868CF
:10FB60000343486843EAC00304F1180000012B5026
:10FB700005EB041C0B69CCF884310B7D012B4FEA9B
:10FB8000041105D1DCF8843143F48073CCF884315E
:10FB90006B185168C3F88C111268C3F88821DCF81F
:10FBA000803143F00103002030BCCCF88031704735
:10FBB000436A43F480234362C7E7CB68086843EA9B
:10FBC000405004F118031B01E850D1E790F82020C1
:10FBD000013A012A034605D9426A42F480220120F3
:10FBE0005A627047CA0704D50068826842F08002F2
:10FBF0008260880704D51868826842F400428260F7
:10FC00004A0704D51A68936843F400039360002000
:10FC1000704700BF90F82030013B012B01D9002034
:10FC20007047036898689A689B681201C0F3806007
:10FC300048BF0130DB00F3D50130704790F820C099
:10FC40000CF1FF3CBCF1010F6BD870B5046841B9F1
:10FC5000E568AD0708D1436A43F40013436201200D
:10FC600070BD2569AE07F6D004EB011C4FEA011EFA
:10FC7000DCF8B05105F004059560002D57D0DCF894
:10FC8000B051ED085560DCF8B05105F00205D560C3
:10FC9000DCF8B4512D0758BFDCF8B451DCF8B4617E
:10FCA00054BF05F00F05082515617444DCF8B45104
:10FCB000C6F3072696612D0CD4F8B86155611E7005
:10FCC00002687244D2F8B821120A5A70026872446B
:10FCD000D2F8B821120C9A7002687244D2F8B82196
:10FCE000120EDA7002687244D2F8BC211A710268EE
:10FCF0007244D2F8BC21120A5A7102687244D2F8D6
:10FD0000BC21120C9A7102687244D2F8BC21120E06
:10FD1000DA71026881B9D36843F02003D360002010
:10FD200070BD436A43F48023436201207047DCF8CE
:10FD3000B0516D0D1560A6E7136943F02003136100
:10FD4000EDE700BF90F82030013B012B01D90020E6
:10FD50007047036819B9D86800F003007047186944
:10FD600000F00300704700BF90F82020013A012AFC
:10FD7000034605D9426A42F4802201205A62704744
:10FD8000026853690B43002053617047704700BFFE
:10FD9000704700BF2DE9F84F03685C69D3F8048011
:10FDA0009F68D3F80CB0D3F81090D3F818A014F0D3
:10FDB000010605461FD0F90700F19B800026F905D2
:10FDC0000BD52B684FF480729A60BA0500F1DE8083
:10FDD0007B0540F1D18046F40056F9030BD52B6822
:10FDE0004FF480329A60BA0300F1D4807B0340F173
:10FDF000C88046F40046210702D51BF0100F72D1CF
:10FE0000620702D51BF0080F7ED1A30704D52B682B
:10FE1000DB689F0740F09880600602D519F0100F4C
:10FE20005BD1A10602D519F0080F74D1E20603D503
:10FE30002B681B699B077CD1A70302D518F0100F14
:10FE40007BD1E00302D518F0080F6BD1210440D517
:10FE500018F0040F2B683AD0E20544BF0AF0010203
:10FE60001643A70574D4610504F400622BD51AF07B
:10FE7000040F28D046F00406002A77D01AF0700A42
:10FE800074D0BAF1400F00F0A88000F28780BAF178
:10FE9000200F00F0BD80BAF1300F00F0B080BAF151
:10FEA000100F40F095809A69042122F070029A6147
:10FEB00046F0080659606B6A334328466B621EF0B1
:10FEC0000EF9BDE8F88F12B11AF0700AD9D10422E8
:10FED0005A60002EEFD1BDE8F88F2B68102246F44F
:10FEE00080661A619DE72B68102246F40076DA607E
:10FEF00086E701229A60BA0735D47B0739D43E07DA
:10FF00005BD54FF480565AE72B680822DA60284602
:10FF10001EF025F879E72B6808221A6128461EF0A2
:10FF200036F883E72B6808225A602846FFF730FF2F
:10FF30008CE728461DF0C4FF7EE72B6810225A602C
:10FF40002846FFF723FF7CE728461DF06DFF63E797
:10FF50001AF0020F87D0600546F0020604F4006232
:10FF600085D41AB18AE71EF02AF827E704225A60DE
:10FF7000A1E74FF4006622E7380525D546F4804610
:10FF80002BE738031CD546F4803634E728461EF0AC
:10FF90002EF822E728461EF042F82CE7BAF1500F5F
:10FFA00024D0BAF1600F13D19A69042122F07002B3
:10FFB0009A6146F4807659607DE71EF048F8FDE6C8
:10FFC00028461EF074F816E728461EF058F804E795
:10FFD0009A6922F070029A6179E79A69042122F005
:10FFE00070029A6146F04006596064E79A690421FC
:10FFF00022F070029A6146F0800659605BE79A69C8
:020000040801F1
:10000000042122F070029A6146F02006596052E7FE
:100010009A69042122F070029A6146F01006596034
:1000200049E700BF90F82020013A012A034605D98C
:10003000426A42F4802201205A62704700205862CE
:10004000704700BF0749CA6803024FF6FF0003F478
:10005000E0630240134343F0BF6343F40033CB60DB
:10006000704700BF00ED00E01B4BDB68C3F30223C9
:1000700000B5C3F1070EBEF1040F03F1040C28BF55
:100080004FF0040EBCF1060F1CD9A3F1030C4FF086
:10009000FF3303FA0CF322EA03024FF0FF3303FAB3
:1000A0000EF321EA030303FA0CF313431B010028A8
:1000B000DBB20ADB00F1604000F5614080F80033FC
:1000C0005DF804FB00229446E7E7044A00F00F00C5
:1000D000024413765DF804FB00ED00E0FCEC00E068
:1000E000002807DB044A4109012300F01F00834078
:1000F00042F82130704700BF00E100E000280CDB2F
:100100004309064900F01F0020330122824041F8D4
:100110002320BFF34F8FBFF36F8F704700E100E0E4
:1001200038B50446FFF70CF9002C6BD02368002289
:10013000022184F8351084F834201A6822F0010274
:1001400005461A6005E0FFF7FBF8431B052B37D87F
:1001500023681A68D107F6D4D4E90120E168024384
:100160000A43D4E90451A0692A430A43E1691D689E
:1001700002430A4331492940256A2A430A43616AF6
:10018000042924D01A605A6922F007021143D8B218
:100190002B4A59611038A2FB0052120929496FF30A
:1001A0000903895CE1655F2888BF04333F228A40E8
:1001B000A36500209A600123606584F8353038BD5E
:1001C00003232022626584F83530184638BDD4E90F
:1001D0000B512943114319605969A26A21F00701A3
:1001E000114341F00401002DD1D068B9012A21D07A
:1001F00032F00202CBD1EA01C9D540220123626567
:1002000084F83530012038BDB0F5005F04D0022AF3
:10021000F3D9032AEFD0BAE7032AB8D801A050F8DF
:1002200022F000BFFB010108F7010108FB010108F2
:1002300035020108B5F1C07FA9D1DEE73F8010F09B
:10024000ABAAAAAAB811050870B490F83440856D1D
:10025000012C0AD090F835404FF0010C644580F82D
:1002600034C005D0002380F83430022070BC7047C1
:10027000022680F83560046800264665266826F464
:100280008026266063608368402B0EBFA260A16059
:10029000E260C26D08BFE1603F239340AB6023681A
:1002A000026C43F0160323601AB1236843F008037D
:1002B0002360236843F001030020236070BC704773
:1002C00070B50446866DFFF73BF894F83530022B85
:1002D00006D080236365002384F83430012070BD8C
:1002E00023681A6822F016021A605A6922F0800206
:1002F0005A61226C054642B31A6822F008021A605D
:100300001A6822F001021A6005E0FFF719F8431B92
:10031000052B10D823681B6813F00103F5D1E16D9C
:100320003F228A40184601210023B26084F835102C
:1003300084F8343070BD032320226265184684F8A7
:100340003530002384F8343070BDA26C002AD3D13C
:10035000D6E700BF90F83530022B03D080234365E9
:10036000012070470268052380F83530136823F0B8
:100370000103002013607047F0B583B0674A876DB2
:10038000166800230193C36D3D6808229A402A42F3
:10039000044603D001680868400778D401229A40D7
:1003A0002A4203D02168496908066AD404229A4087
:1003B0002A4203D02168096889075CD410229A4038
:1003C0002A4203D021680868000741D420229A40BD
:1003D0002A4214D021680868C00610D5BA6094F883
:1003E0003520052A63D00B6813F4802F0B687ED06C
:1003F000190340F18980E36B0BB120469847636D88
:1004000023B3636DDA071AD522684549052384F8BA
:1004100035301368A1FB061623F00103B60A1360FA
:1004200002E01368DB0704D5019B0133B34201935B
:10043000F7D90122002384F8352084F83430E36CA6
:1004400023B1204603B0BDE8F040184703B0F0BD2B
:10045000BA600A6812F4802F0A6822D1D20503D448
:100460000A6822F008020A60226C002AAED02046F8
:100470009047E36DAAE7BA60626D42F004026265DC
:100480009CE7BA60626D42F0020262658EE708681E
:1004900020F004000860BA60626D42F001026265FB
:1004A0007CE71103E0D5A26C002AE0D18EE70A6850
:1004B00022F016020A604A6922F080024A61226C28
:1004C0003AB30A6822F008020A603F2202FA03F3F4
:1004D000216DBB600122002384F8352084F834307C
:1004E0000029B3D0204603B0BDE8F040084713F41C
:1004F000807380D10A6822F010020A60012284F819
:10050000352084F8343076E7636C002B7FF475AFC8
:1005100075E7A26C002AD4D1D7E700BF0000001015
:10052000B5814E1B90F83500704700BF1B4BDA6851
:10053000D10605D51A49CA6910200243CA61D8609C
:10054000164BDA68920606D51549CA69202042F092
:100550000802CA61D860114BDA68500606D5104906
:10056000CA69402042F00402CA61D8600B4BDA68C5
:10057000110606D50A49CA69802042F00202CA6102
:10058000D860064BDA68920706D50549CA69022089
:1005900042F02002CA61D860704700BF003C0240B0
:1005A000BC0D0120064B1A69002A01DB00207047B0
:1005B0000449054A59605A601869C00F704700BF66
:1005C000003C024023016745AB89EFCD034A136924
:1005D00043F0004300201361704700BF003C02401D
:1005E000144B70B500220446DA61FEF7A9FE124EE4
:1005F0000546F368D90305D5631C0FD10E4AD368AD
:10060000D803FCD40C4BDA68D20744BF0122DA606D
:10061000094BD86810F0F20008D170BD24B1FEF784
:100620008FFE401BA042E4D9032070BDFFF77EFF80
:10063000012070BDBC0D0120003C02402DE9F041BD
:10064000304D95F818C0BCF1010F32D080461C46E1
:100650004CF2503001230E4617462B76FFF7C0FFB1
:1006600018B100232B76BDE8F081274BB8F1000FBD
:1006700022D0B8F1010F35D01A6922F440721A6104
:10068000B8F1020F1A6924D042F440721A611A6953
:1006900042F001021A613760BFF36F8F74604CF251
:1006A0005030FFF79DFF184A136923F001031361CF
:1006B000D7E70220BDE8F081196921F44071196182
:1006C000196919611969FAB241F0010119613270B1
:1006D000E5E742F400721A611A6942F001021A61F8
:1006E0003760DCE7196921F440711961196941F437
:1006F000807119611969BAB241F001011961328042
:10070000CDE700BFBC0D0120003C02400D4B1A6933
:1007100022F440721A611A69022994BF09024FF447
:1007200040710A431A611A6922F0F8021A611A69C3
:1007300042EAC00040F0020018611A6942F48032B7
:100740001A617047003C0240144B1A6891050FD59E
:100750001A6822F400721A601A6842F400621A6081
:100760001A6822F400621A601A6842F400721A6071
:100770000A4B1A6852050FD51A6822F480621A6073
:100780001A6842F480521A601A6822F480521A6081
:100790001A6842F480621A60704700BF003C024051
:1007A0002DE9F8432D4F3B7E012B38D00123044621
:1007B0004CF2503088463B76FFF712FF064648BBA6
:1007C0004FF0FF33C8F800302368012B2BD0D4E959
:1007D00002532B44AB421BD9DFF8849005E0D4E9E7
:1007E000022301351344AB4212D9217C2846FFF77E
:1007F0008DFF4CF25030FFF7F3FED9F8103023F0A4
:10080000FA03C9F810300028E9D0C8F800500646AD
:10081000FFF79AFF00233B763046BDE8F8830226B7
:100820003046BDE8F8830E4D23692A6922F44072F0
:100830002A612A6942F004022A612A691B029BB2DA
:10084000134343F480332B614CF25030FFF7C8FE62
:100850002B6923F0040306462B61D9E7BC0D012068
:10086000003C02402DE9F04F00230C68DFF814A291
:1008700085B04FF0010B894603E00133102B00F0E7
:1008800092800BFA03F202EA0408A243F5D1D9F8E8
:10089000041001F0030C5A0003250CF1FF369540BB
:1008A000012E6FEA050540F28180BCF1030F40F094
:1008B000D98006680CFA02F235402A4311F4403F11
:1008C0000260DAD000220392DAF8442042F4804237
:1008D000CAF84420DAF8442002F480420392039AD2
:1008E00023F0030202F1804203F003060F2702F512
:1008F0009C32B60007FA06FC5F4F9568B84225EABD
:100900000C0527D007F58067B84200F087805B4F61
:10091000B84200F08980DFF870C1604500F08A803D
:10092000DFF868C1604500F08B80DFF864C1604586
:1009300000F08C80DFF85CC1604500F08D80DFF84E
:1009400058C160450CBF4FF0070C4FF0080C0CFA73
:1009500006F6354395604A4A9268CE026FEA08056A
:10096000474E54BF2A4048EA0202B260F268444E41
:100970008F0254BF2A4048EA0202F26072688E0376
:100980003F4E54BF2A4048EA020272603268C903EF
:1009900003F101033A4954BF2A4048EA0202102BEE
:1009A0000A607FF46EAF05B0BDE8F08F866806EA96
:1009B000050ED9F80C60964046EA0E068660466839
:1009C00026EA080EC1F300169E4046EA0E0646606F
:1009D000C66806EA050ED9F80860964046EA0E0693
:1009E000BCF1020FC6607FF464AFDE0800EB860640
:1009F0000196376AD9F81060009703F0070E4FEAA6
:100A00008E0E0F2706FA0EF607FA0EFE009F27EA53
:100A10000E0E019F46EA0E063E624AE74FF0010CB9
:100A20000CFA06F6354395E74FF0020C0CFA06F681
:100A300035438FE74FF0030C0CFA06F6354389E790
:100A40004FF0040C0CFA06F6354383E74FF0050C23
:100A50000CFA06F635437DE74FF0060C0CFA06F665
:100A6000354377E7C66806EA050ED9F80860964070
:100A700046EA0E06C6601CE700000240000802407D
:100A8000003C014000380240000C024000100240CF
:100A90000014024000180240001C02402DE9F04FF3
:100AA0000023534F83B001264FF00F094FF0030A84
:100AB00002E00133102B76D006FA03F232EA010489
:100AC00002EA010CF5D123F0030505F1804503F09E
:100AD0000304A40005F59C3509FA04F80194454C7B
:100AE000D5F808E0A04208EA0E0E20D004F5806494
:100AF000A0425BD0404CA0425CD0404CA0425FD0B2
:100B00003F4CA04262D0DFF8FCB0584564D0DFF81B
:100B1000F8B0584566D0DFF8F4B0019C58450CBFDA
:100B20004FF0070B4FF0080B0BFA04F400E0002421
:100B3000A64513D13C6824EA0C043C607C6824EA96
:100B40000C047C60FC6824EA0C04FC60BC6824EAA9
:100B50000C04BC60AC6824EA0804AC6004685D0066
:100B60000AFA05F54FEAD30C24EA050400EB8C0CD5
:100B7000046003F00704DCF820E0A40009FA04F4A0
:100B80002EEA0404CCF82040C46824EA0504C460BA
:100B9000446824EA020242608268013322EA0502C4
:100BA000102B826088D103B0BDE8F08F019C06FA5B
:100BB00004F4BDE7019C4FF0020B0BFA04F4B7E715
:100BC000019C4FF0030B0BFA04F4B1E7019C4FF0CA
:100BD000040B0BFA04F4ABE7019C4FF0050B0BFA86
:100BE00004F4A5E7019C4FF0060B0BFA04F49FE711
:100BF000003C01400000024000080240000C02409E
:100C0000001002400014024000180240001C024084
:100C10000369194214BF01200020704702B909047A
:100C200081617047436901EA030221EA030141EA55
:100C300002418161704700BF044A5169014200D1FD
:100C4000704708B550611DF0ABF808BD003C01408D
:100C5000002800F0B88070B590F83D30044603F0ED
:100C6000FF02002B00F098802368242284F83D20A6
:100C70001A6822F001021A601A6842F400421A60EF
:100C80001A6822F400421A6001F0A0FC4F4B65681C
:100C90009D424FD84E4B98427CD94E4B6A00A3FBE5
:100CA0000035431EB3FBF2F32268516821F03F0187
:100CB00041EA95415160116A4FEA954C0CF1010CE3
:100CC00021F03F0141EA0C011162D16940F6FC704C
:100CD000013321F44F41034221F0FF0161D104238C
:100CE0000B43D361D4E907301168034321F0C001FD
:100CF0000B4313609168D4E9030321F403410343D8
:100D000021F0FF010B439360D4E90530D168034320
:100D100021F0FF010B43D3601168002341F0010172
:100D200020201160236484F83D00236384F83E3062
:100D3000184670BD284B98422CD92268254B274E67
:100D4000A3FB003C431E506820F03F0040EA9C405B
:100D500050604FEA9C414FF4967000FB01F1A6FBF6
:100D60000161106A890920F03F00013101431162DD
:100D7000D169A06821F44F4121F0FF01A0B905EB32
:100D80004505B3FBF5F30133C3F30B03CBB143F4D8
:100D90000043A5E7012070BD80F83C20FDF734FC3E
:100DA00062E7C3F30B039BE705EB850505EB8505C0
:100DB000B3FBF5F30133C3F30B0313B143F4404327
:100DC0008EE701238CE70120704700BFA086010059
:100DD0007F841E0083DE1B43FF083D00D34D62105D
:100DE000B0B10268242310B580F83D30136823F0B9
:100DF000010304461360FDF751FC0023236484F8CB
:100E00003C3084F83D30236384F83E30184610BDF2
:100E10000120704710B582B08446002001909CF8F4
:100E20003D00202824D12F482F4C0068C008A4FB87
:100E30000040000A00EB800000EB8000019004E01D
:100E4000DCF80040A069800715D5019C013C0194A5
:100E500001980028F4D12023CCF830008CF83D30E4
:100E60008CF83E00DCF8403043F02003CCF84030F2
:100E7000022002B010BD9CF83C000128F8D0206888
:100E8000C00703D4206840F00100206020684FF0C4
:100E9000220E20F4006020608CF83DE000204FF02E
:100EA000100E8CF83EE0CCF82420CCF840000F4A1D
:100EB000ACF82A30BCF82A308CF83C00CCF82C2056
:100EC000CCF84410ACF82830636843F4E063636006
:100ED000236843F480632360236843F480732360B2
:100EE00002B010BD0000001089B5F8140000FFFF2B
:100EF00070B582B08446002001909CF83D00BDF89A
:100F00001CE0202824D13048304C0068C008A4FBE5
:100F10000040000A00EB800000EB8000019004E03C
:100F2000DCF80040A069850715D5019C013C0194BF
:100F300001980028F4D12023CCF830008CF83D3003
:100F40008CF83E00DCF8403043F02003CCF8403011
:100F5000022002B070BD9CF83C000128F8D0206847
:100F6000C00703D4206840F0010020602068184EBC
:100F700020F4006020600698CCF8240021208CF832
:100F80003D00002540208CF83E00CCF84050ACF8E5
:100F90002AE0BCF82A00CCF82C60CCF84410CCF83D
:100FA0004820CCF84C30CCF850502368ACF82800DE
:100FB00043F4807323608CF83C506368284643F404
:100FC000E063636002B070BD0000001089B5F814E2
:100FD0000000FFFFF0B482B00024019490F83D407F
:100FE000BDF81CC0202C20D12D4C2E4D2468E408C7
:100FF000A5FB0454240A04EB840404EB8404019448
:1010000003E00468A569AE0713D5019C013C019477
:10101000019C002CF5D12023046380F83D3080F83A
:101020003E40036C43F020030364022002B0F0BC96
:10103000704790F83C50012DF7D02568ED0703D498
:10104000256845F0010525602568174F25F40065E2
:101050002560069D4562222580F83D5000264025EA
:1010600080F83E500664A0F82AC0458DC7624164EE
:101070008264C36406652268ADB242F4806205856D
:101080002260226842F48072226080F83C601DB1C8
:10109000636843F4E0636360002002B0F0BC704713
:1010A0000000001089B5F8140000FFFF704700BF72
:1010B000704700BF704700BF704700BF90F83D20E9
:1010C000016D034659B9C26C0168012A826C1CD0BB
:1010D000C2F307220A61026D013202657047016D99
:1010E00001290AD0016D022915D003685A69120638
:1010F00002D500221A6170477047826C0168D2B233
:101100000A61026D013202657047D2B20A61026D56
:10111000023202657047D2B2222A1FD0418D89B2B5
:10112000C1B9418D89B20029E6D1212AE4D10268F2
:1011300010B5546824F4E0645460146844F40074F6
:1011400014602022016380F83D2080F83E101DF0DD
:1011500060F810BD212A0AD05B8D704701680A68CB
:1011600042F480720A60026D013202657047416A82
:10117000026811F8010B10615A8D5962013A92B25E
:101180005A857047704700BF70B53A4B3A4A1B68A2
:10119000806B82B0DB080021A2FB032301911B0AB4
:1011A00090F83D10026803EB8303C3EBC303C9B29D
:1011B000019305E0019B013B019313689B0506D554
:1011C000019B002BF6D1036C43F020030364D0E9AC
:1011D0000D4344B30025E563F3B11668DD6326F4DF
:1011E000806616604585256500241C65136823F01C
:1011F0000103136090F83D30602B29D001F02801E5
:10120000282918D02022002380F83D2080F83E3085
:101210001DF003F802B070BD156825F480651560F7
:1012200043852365E2E7F3B11568DC6325F4806547
:1012300015604485D8E7136843F001031360136811
:10124000002443F480631360046380F83D10DFE7FB
:101250000023202280F83D2080F83E300364FFF711
:1012600091FF02B070BD146824F48064146043855B
:10127000BCE700BF0000001089B5F81410B590F865
:101280003D2090F83E30102B0446D2B239D0D9B26E
:10129000402936D002F02801282923683CD059681B
:1012A000080507D4602A05D02021002284F83D10CB
:1012B00084F83E20002222635A6812F4006233D17F
:1012C00094F83D10602974D05A69500605D5626AB9
:1012D0001B691370636A0133636220461CF09DFF33
:1012E000236C190704D02268536823F4E063536029
:1012F00094F83D30226C5207DBB201D5282B2ED05A
:1013000010BD222AC6D123681A6822F400621A602E
:101310005A681205C8D5CDE70022226384F83D1033
:101320005A6812F40062CBD05A68606B22F40062F3
:101330005A6090F83530012B1ED0294B0365FFF71A
:1013400009F80028CCD02268606B1368202123F0B4
:101350000103136084F83D10036D9847C0E7002334
:101360002049E16220222363204684F83D2084F84E
:101370003E30FFF7A1FE10BDA06B194B0365FEF7D1
:10138000E9FF0028ACD023685A69510606D5626A85
:101390001B691370626A2368013262621A68A06B6B
:1013A00022F0010220211A6084F83D10036D984755
:1013B00096E7202184F83D1022645A69520606D52A
:1013C000626A1B691370626A2368013262621A687A
:1013D00022F0010220461A60FFF7D4FE80E700BF2A
:1013E000891101080000FFFFF0B503685F68C56A56
:1013F00090F83E2090F83D10102A04468FB0C9B2F4
:10140000D0B223D0402821D0226C002A00F0D7800F
:101410005A69002012F0020500F09780BD0540F1E6
:101420009680226C02B1986994F83D2002F028025F
:10143000282A00F04F8200220C9259690C919B6976
:101440000C930C9B84F83C200FB0F0BD9E695A6948
:1014500012F0010F20D1B5F52A0FF5D0B5F12A4FC2
:10146000F2D012F0080540F0D78012F0020F36D00B
:1014700017F4007F33D094F83E20E06A266B94F88E
:101480003D102229D2B200F0FE810A955A690A92D3
:101490009B690A930A9BD7E7BD0520D5E26AB2F59E
:1014A0002A0F00F01482E26AB2F12A4F04BF082228
:1014B000E26294F83E20402A00F002822269B2F5EE
:1014C000804F00F0C681226D002A40F01782626CC6
:1014D000D21102F0060242F0F0021A61B4E7760778
:1014E00070D55D682D05AFD4160602F0040540F1F5
:1014F00047817A0540F14481002D40F0448194F801
:101500003D20208D94F83E10E56AD2B2C9B2002881
:1015100040F09D82212A00F0A483402994D1222A00
:1015200092D1628D92B2002A00F0248394F83E207A
:10153000402A00F03181626A12F8011B1961638D43
:101540006262013B9BB263857EE7D60677D401F0E9
:10155000F701212902F0040000F0CD80550640F18A
:101560000081790540F1FD80002840F0FD8094F86D
:101570003D10628D92B2C9B2002A3FF465AF626A33
:101580001B691370638D626A013B9BB26385638D37
:1015900001329BB26262002B7FF456AF2A297FF49E
:1015A00053AF226853682225282123F480635360B7
:1015B0002046256384F83D10FFF77AFD44E79869DB
:1015C0005A6927E759680D053FF53EAF500602F00E
:1015D000040100F1E78000293FF436AFBE057FF536
:1015E00033AFE06A628D616A92B2042A00F0FD8135
:1015F000628D92B2032A00F03C82628D92B2022A7E
:1016000000F06D821B690B70638D626A013B0132D1
:101610009BB26262638517E7BD057FF560AF626CC0
:10162000616BD2B21A61002900F02481CA6B002AD2
:1016300000F020815A6842F400625A6004E7B8055D
:1016400085D594F83D605A6822F4E0625A600D95A1
:101650005A690D921A6842F001021A600D9A1A68CE
:1016600022F480621A605A681105F6B200F1C08057
:10167000638D9BB213B323685A6952070AD5626A15
:101680001B691370628D636A013A591C92B2236818
:10169000616262855A69570609D5626A1B691370CF
:1016A000638D626A013B01329BB262626385638D26
:1016B0009BB21BB1236C43F004032364236C002B07
:1016C00040F0C1802A2E00F04C8194F83D30282B48
:1016D00000F05781236B222B02D0222E7FF4B4AE70
:1016E000002320222363204684F83D2084F83E30E6
:1016F000FFF7DEFCA8E6150627D57A0525D538BB09
:1017000094F83D00628D92B2C0B2002A3FF49CAEC4
:10171000626A12F8015B1D616262628D013A92B2E7
:101720006285628D92B2002A7FF48EAE29287FF402
:101730008BAE5A68282522F480625A6020462163C5
:1017400084F83D50FFF7B2FC7EE600283FF47CAE03
:10175000BE057FF579AE628D92B2002A3FF474AE79
:10176000E9E600283FF470AEBA057FF56DAE628DF4
:1017700092B2002A3FF468AE626A1B69137043E7B5
:10178000002D3FF461AEBE057FF55EAE212900F06D
:10179000338140287FF458AE20460FB0BDE8F040BA
:1017A000FFF78CBC7A057FF516AF00297FF416AFE2
:1017B00094F83D20222A7FF447AEE06A628D92B20F
:1017C000032A40F21782626A1B691370638D626A92
:1017D000013B9BB26385638D9BB20132032B626236
:1017E0007FF432AE2268536823F4806353602BE6A3
:1017F00006F0F702222A00F09380606B02685268BC
:1018000092B26285628D92B21AB1226C42F00402E9
:1018100022645A6822F400625A60FEF783FE0128AF
:1018200008D0606B9A4B0365FEF794FD10B1606BB6
:10183000036D9847638D9BB2002B7FF41CAF236C24
:10184000002B3FF442AF20460FB0BDE8F040FFF759
:1018500015BD94F83D20212A626C16BF42F00102AA
:1018600002F0FE02D2B21A61626B1AB1D26B002A88
:101870007FF4E0AEA26B002A3FF4E6ADD26B002A03
:101880007FF4D8AEE0E5216D11B9402A00F0D88090
:10189000226D22B92169B1F5404F00F0DC80628DE4
:1018A00092B2002A7AD103925A6903929A690392FA
:1018B000039A1A6842F400721A6000232365C3E594
:1018C000226D3ABB626C02F0FE021A61BCE5012295
:1018D000E262EEE55A6822F480625A60070680F000
:1018E00004014FF0000354BFA289228B84F83C30DE
:1018F000C1F380012046FFF7DDFBA5E5226D012A3B
:101900007FF4A2AD626CD21102F0060242F0F10245
:101910001A6199E5626C42F00102D2B21A6193E554
:10192000A06B0268526892B26285628D92B21AB15F
:10193000226C42F0040222645A6822F400625A6067
:10194000FEF7F0FD01283FF493AEA06B504B03650A
:10195000FEF700FD00283FF48BAEA06B036D9847A7
:1019600086E628222363204684F83D20FFF7A0FB6B
:1019700094F83D30282B04D0236B222B7FF464ADE8
:10198000AEE600234349E16220222363204684F827
:101990003D2084F83E30FFF78FFB55E5628D92B213
:1019A000012A7BD0628D92B2022A00F0E8801A6888
:1019B00042F480621A605A6812050ED5202800F29F
:1019C000A781072840F2A081334A0838C240D707D0
:1019D00003D55A6842F480525A60002209925A692B
:1019E00009929B690993099B67E75A6822F4806210
:1019F0005A601B690B7007E6E16A94F83D20212AC2
:101A00007FF422AD628D92B2002A7FF494AD082952
:101A100000F0D880202900F0D58011F5803F00F03B
:101A2000D180596821F4E06159601120202320639E
:101A300084F83E20204684F83D301CF0CAFB03E5C4
:101A400001915A6901929B690193019BFCE4212A4F
:101A50007FF463AD65E502925A6902929A69029237
:101A6000029A1A6842F480721A60236D013323656A
:101A7000EAE45A68042822F480625A603FF4C2AD56
:101A800002283FF4BFAD1A6822F480621A60B9E5FB
:101A9000891101080000FFFF0101000110F5803FDE
:101AA00000F01B81082800F0F480202800F0F1806D
:101AB000122E00F04C81102800F24B819A4A02410C
:101AC000D20700F146811A6842F480621A6000224F
:101AD00006925A6906929B690693069BEDE6421EA2
:101AE0000F2A09D8DFE802F0413C083C0808080842
:101AF00008080808080808411A6842F400721A60C9
:101B00001B690B70638D626A013B9BB2638523681E
:101B1000511C1B6961625370638D2168626A013BCD
:101B20009BB263854B68013223F4407362624B6061
:101B3000202384F83D3094F83E30402B4FF00003D2
:101B400084F83E3000F0E980082800F0DA80202890
:101B500000F0D7801223236320461CF04AFB73E475
:101B60001A6842F480621A60CAE71A6822F4806236
:101B70001A60C5E75A6822F480625A6064E410284B
:101B800000F29780694AC240D70740F192801A68F4
:101B900042F480621A605A6815050BD5072840F296
:101BA000DD80634A0838C240D10703D55A6842F441
:101BB00080525A60002208925A6908929B690893E1
:101BC000089B7AE6596821F4E0615960196800229F
:101BD000202041F400711960226384F83D0094F8DC
:101BE0003E3084F83E20402B20467FF426AF1CF088
:101BF00010FB29E4E56A022DBCD0012ABAD84D4A6F
:101C00000B91126846F2A811B2FBF1F202EB8202CC
:101C10000B9204E01A6812F4007200F0A3800B9A91
:101C2000013A0B920B990029F4D1226C606A42F0C0
:101C3000200222645A6822F4E0625A601B69037031
:101C4000638D626A013B01329BB220206385626230
:101C500084F83D00204684F83E101CF0DEFAFFF7C1
:101C6000F3BB082DAED0202DACD015F5803FA9D008
:101C70005A6822F4E0625A60112000212023206378
:101C800084F83E10204684F83D301CF0A2FAFFF79D
:101C9000DBBB1A68002122F480621A6007915A693E
:101CA00007929A690792079A1A6842F400721A60BA
:101CB00003E61A6822F480621A601A6842F400622D
:101CC0001A605A6816057FF575AF20287FF666AF53
:101CD00010F5803F7FF46EAF68E71A6822F48062E7
:101CE0001A605A6812F4006226D01A68002122F4A1
:101CF00080621A6004915A6904929B690493049B60
:101D0000DBE50023236327E701287FF466AE60E666
:101D100010F5803F7FF461AE5BE6204623631CF044
:101D20007AFAFFF791BB00BFEBFFFEFF1400010042
:101D3000010100010000001005925A6905929A699C
:101D40000592059A1A6842F400721A60B5E50128F6
:101D50009FD11A6822F480621A60B8E601287FF4E5
:101D600029AF23E7196821F480611960596821F4CB
:101D7000E06159601969636A1970638D013B202124
:101D80009BB2638584F83D10636A94F83E1084F832
:101D90003E200133402963627FF4D6AE20462263A1
:101DA0001CF039FAFFF750BB70B5026853695468EC
:101DB00090F83E10DD0582B0C9B208D5E40526D5FD
:101DC0006FF480749E05546140D5032505E013F43B
:101DD000007516D0E5051AD502256FF4007454611C
:101DE0005C0518D4190504D56FF4006345F00805A7
:101DF0005361036C2B43036402B0BDE87040FFF7EE
:101E00003DBA5E0505D41E0501D5E305ECD402B04C
:101E100070BDE405FBD503F40064438D90F83DC02C
:101E2000066B20299BB25FFA8CFC14D06FF48063A0
:101E3000102945F00405536101D0402911D11368E0
:101E400043F400731360002CCED1D2E75C054FF051
:101E50000105C7D5DFE73BB16FF48063536145F0FF
:101E60000405002CC0D1C4E70CF0F703212B0CD0E3
:101E7000BCF1280FF0D1212E07D06FF4806353619D
:101E800045F00405002CAFD1B3E790F83D30C16AAE
:101E90000829DBB20CD020290AD0212B23D06FF4E3
:101EA000806353610CB102689EE7002DA1D1AEE7BB
:101EB000282BF2D11A4BC3625368019023F4E063DC
:101EC00053606FF480635361136823F4806313607D
:101ED00000232022036380F83D2080F83E30FFF786
:101EE000EBF80198DEE70E49C1620363002120236D
:101EF00080F83D3080F83E105368019023F4E06391
:101F000053606FF480635361136823F4806313603C
:101F100053691E0648BF1161FFF7C8F80198C1E771
:101F20000000FFFF18B338B5D0E9003182680446DD
:101F30004CF6CC40186045F25550186059609A60D4
:101F4000FDF7FEF923680546DA6891070AD0FDF728
:101F5000F7F9401B31282368F6D9DA689207F3D0E5
:101F6000032038BD4AF6AA221A60002038BD01209D
:101F7000704700BF03684AF6AA2200201A60704723
:101F800070B582B000B390F895340568044603F04C
:101F9000FF02002B5AD028460323B5F1A04F84F846
:101FA000953404BF0023A37102F0C2FB237C8DF89B
:101FB0000030251D95E80E00206802F071FB0146F7
:101FC00030B1022384F895340125284602B070BD53
:101FD000206802F0B5FB01460028F2D1267906B34D
:101FE000234622464FF0010C1175D1850131B142D3
:101FF000C2E9070082F815C0107642F8240FF3D129
:1020000000210A4683F854120131B142C3E99722F4
:1020100083F8552283F85822C3F8642203F124037D
:10202000F0D1207C95E80E008DF80000206802F0C9
:102030000DFC05460028C4D101236074206884F893
:10204000953402F0DDFC284602B070BD80F894247F
:10205000FCF796FE20689FE7002800F0D8812DE964
:10206000F0410368DD0782B004462FD59D498A6898
:1020700002F00C02042A00F0EC808A6802F00C02E4
:10208000082A00F0E2806368B3F5803F00F0EB803F
:10209000B3F5A02F00F07381924D2A6822F48032AC
:1020A0002A602A6822F480222A60002B40F0E08017
:1020B000FDF746F9064605E0FDF742F9801B642866
:1020C00000F200812B689F03F6D423689D0728D572
:1020D000844A916811F00C0F00F09B80916801F028
:1020E0000C01082900F09180E368002B00F00C81BE
:1020F0007D4B7C4E01221A60FDF722F9054605E072
:10210000FDF71EF9401B022800F2DC8033689F07B0
:10211000F6D53368226923F0F80343EAC20333603B
:1021200023681A075CD45D073AD56E4A136C13F026
:10213000805340F088800193136C43F08053136404
:10214000136C03F080530193019B0125674E3368A4
:10215000D80540F1A780A368012B00F0B780052BBC
:1021600000F01D815F4E326F22F001023267326F44
:1021700022F004023267002B40F0AD80FDF7E0F85A
:1021800041F28838074605E0FDF7DAF8C01B404504
:1021900000F29880336F9B07F6D4002D40F0F98051
:1021A000A369CBB14F4DAA6802F00C02082A00F0D7
:1021B000BC80022B4C4B4FF000021A6600F0F980F5
:1021C000FDF7BEF8044604E0FDF7BAF8001B02284C
:1021D00078D82B689B01F7D4002002B0BDE8F081CD
:1021E0006369FBB1404B3F4E0122C3F8802EFDF7DF
:1021F000A7F8054604E0FDF7A3F8401B022861D8C4
:10220000736F9B07F7D523688DE7526851023FF53E
:102210006BAF344A1268920738D5E268012A35D08C
:102220000120DAE7304A2F4EC2F8803EFDF788F8E9
:10223000054604E0FDF784F8401B022842D8736F7E
:102240009F07F7D4DFE7002580E74A6851027FF552
:102250001AAF244A126892037FF538AF6268002AE9
:102260007FF434AFDCE71F4A136843F48033136014
:10227000FDF766F81B4E054604E0FDF761F8401BCC
:1022800064281FD833689B03F7D51EE715492069DA
:102290000A6822F0F80242EAC0020A601A077FF5D3
:1022A00042AF9DE7336843F480733360FDF748F82D
:1022B00007463368D9053FF54EAFFDF741F8C01B1F
:1022C0000228F6D9032002B0BDE8F081054A136F59
:1022D00043F001031367FDF733F8024F064641F25E
:1022E00088380AE000380240000047420070004091
:1022F000FDF726F8801B4045E4D83B6F9A07F7D5D9
:10230000002D3FF44DAF44E0424A434E1360FDF7C9
:1023100017F8054604E0FDF713F8401B0228D1D852
:1023200033689907F7D42368FBE6012B3FF478AFB5
:102330006B68E26903F4800191427FF471AF226A15
:1023400003F03F0191427FF46BAF616A47F6C072C0
:102350001A40B2EB811F7FF463AFA26A520803F404
:102360004031013AB1EB024F7FF45AAFE26A03F019
:102370007063B3EB026F14BF012000202DE7264BE2
:102380001A6842F480221A601A6842F480321A6095
:102390006EE7214A136C23F08053136400E71E4B51
:1023A0001A6F42F004021A671A6F42F001021A67AC
:1023B00091E7FCF7C5FF064605E0FCF7C1FF801B6F
:1023C00002283FF67FAF2B689901F6D4D4E9073194
:1023D000626A0B4343EA8213D4E90A2052080D498A
:1023E00043EA0063013A43EA024301226B600A6652
:1023F000FCF7A6FF084D044605E0FCF7A1FF001B13
:1024000002283FF65FAF2B689A01F6D5E4E601207B
:10241000704700BF0000474200380240164908B527
:102420008B6803F00C03042B1BD0082B01D013483E
:1024300008BD4A684B68496813F4800302F03F0204
:1024400011D10E48C1F38811A1FB0001FAF744FF36
:10245000094B5B68C3F3014301335B00B0FBF3F04E
:1024600008BD074808BD0648C1F388110023A1FB39
:102470000001FAF731FFEBE7003802400024F400D6
:1024800000127A00002800F08780484A136803F0A1
:1024900007038B422DE9F0410D46044609D2CBB229
:1024A0001370136803F007038B4202D00120BDE8CC
:1024B000F0812368980714D5590704D53C498A68E8
:1024C00042F4E0528A601A0704D539498A6842F416
:1024D00060428A603649A0688A6822F0F0020243AE
:1024E0008A60DF0721D56268012A57D0931E012B2D
:1024F0002F4B1B684DD99907D8D52D4EB36823F0C3
:1025000003031343B360FCF71BFF41F2883807460F
:1025100004E0FCF715FFC01B404544D8B36862686F
:1025200003F00C03B3EB820FF3D1204A136803F0DE
:102530000703AB4206D9EBB21370136803F007032D
:10254000AB42B3D123685A0706D51949E0688A68B7
:1025500022F4E05202438A601B0707D5144A21691E
:10256000936823F4604343EAC1039360FFF756FF87
:102570000F4A104C92681049C2F303120346A25C42
:102580000E48D34000680B60FCF746FC0020BDE815
:10259000F0819801B1D489E701207047044B1B6892
:1025A0009E03AAD482E7032081E700BF003C0240DB
:1025B00000380240A81105080000001008000010B3
:1025C000014B1868704700BF00000010044B05491C
:1025D0009B68054A0868C3F38223D35CD8407047E0
:1025E0000038024000000010A0110508044B054906
:1025F0009B68054A0868C3F34233D35CD8407047F0
:102600000038024000000010A01105080E4B0F22F8
:1026100002609A6802F0030242609A6802F0F002D7
:1026200082609A6802F4E052C2609B68DB0810B4D2
:1026300003F4E053054C036123685DF8044B03F099
:1026400007030B60704700BF00380240003C0240A7
:102650002DE9F04383B01F4614460A9E0D4680467E
:10266000FCF76EFE3E44361AFCF76AFE2C4B1A68E5
:10267000C2F3CB3206FB02F281460192D8F8002069
:10268000936835EA03030CBF01230023A34209D05A
:102690007B1C0BD1936835EA03030CBF0123002395
:1026A0009C42F7D1002003B0BDE8F083FCF748FE60
:1026B000A0EB0900B04208D2019B002B019B03F163
:1026C000FF3308BF00260193D8E7D8E900315A68E4
:1026D000B1F5827F22F0E0025A6014D0D8F82820A9
:1026E000B2F5005F07D11A6822F400521A601A6826
:1026F00042F400521A600122002388F8512088F821
:1027000050300320CFE7D8F80820B2F5004F02D0B0
:10271000B2F5806FE2D11A6822F040021A60DDE75C
:10272000000000102DE9F04184B00F469046009261
:102730000B46012202210446FFF78AFF40BB194BDA
:102740001D68194BA3FB05356D0D4FF47A7303FB20
:1027500005F563680395B3F5827F064607D10DE062
:10276000039B2168013B03938B681B0602D5039BE7
:10277000002BF5D1304604B0BDE8F0810246CDF81B
:1027800000803B4680212046FFF762FF0028F1D001
:10279000636D032643F020033046636504B0BDE853
:1027A000F08100BF00000010819F5E1630B50B461F
:1027B00011464268B2F5827F83B0044608D000918A
:1027C00000220121FFF744FF88B9002003B030BD8B
:1027D0008268B2F5004F1ED0B2F5806F0ED0009126
:1027E000002280212046FFF733FF0028EDD0636DE3
:1027F000032043F02003636503B030BD05682A68F9
:1028000022F040022A60009100220121FFF720FF00
:102810000028DAD0EBE70068026822F0400202608C
:10282000DDE700BF00285CD070B50446406A002890
:1028300047D00023C4E9043394F851300022A26247
:1028400003F0FF01002B42D094462168A568A269DD
:10285000266A022384F851300B6823F040030B6092
:10286000636805F4044503F482732B43E56805F4BB
:1028700000652B43256905F002052B43656905F0CA
:1028800001052B43E56906F0800E02F4007605F0A1
:10289000380533432B43120C00F0100043EA0E03BB
:1028A00002F0040243EA0C0302430B604A60CB6966
:1028B000002023F400630122CB61606584F851207D
:1028C00070BD6368B3F5827FB6D0E061B4E720469F
:1028D00084F85010FBF706FFD4E9090303F4005C09
:1028E000B3E70120704700BF2DE9F041044682B0F4
:1028F0001D460F469046FCF723FD94F85130012BFE
:1029000066D10646D8B2002F5FD0B8F1000F5CD078
:1029100094F85030012B5BD0A26884F8500000235B
:102920000321B2F5004F84F85110C4E910336365F8
:10293000A363A387A4F836802763E387A4F83480D1
:10294000236807D11A6822F040021A601A6842F41C
:1029500080421A601A6852063ED5E2686168B2F594
:10296000006F42D0002961D13A781A73E38E226B4E
:10297000013B01329BB22263E386E38E9BB293B9A3
:1029800058E0226B12781A73B4F836C0236B0CF13E
:10299000FF3C01331FFA8CFC2363A4F836C0E18EA0
:1029A00089B2002946D023689A689207E9D4FCF7D7
:1029B000C7FC801BA842F2D36B1CF0D0012384F823
:1029C0005130002384F85030032002B0BDE8F0817C
:1029D000022002B0BDE8F0811A68616842F040024E
:1029E0001A60E268B2F5006FBCD1002940D0B8F19E
:1029F000010F3DD0E28E92B26AB91BE0226B32F831
:102A0000021BD960E38E2263013B9BB2E386E38E17
:102A10009BB27BB123689A689007EFD4FCF790FCD7
:102A2000801BA842F3D3691CF1D0C7E7B8F1010FAE
:102A3000A3D199E7324629462046FFF773FE08B135
:102A400020236365A36833B922680193D368019397
:102A500093680193019B012384F85130606D00233A
:102A6000C01A18BF012084F8503002B0BDE8F081D0
:102A700037F8022BDA60E28E2763013A92B2E286DF
:102A8000B8E700BF2DE9F043044683B091461F46E6
:102A90000A9E8846FCF754FC94F851306268012B7A
:102AA000054608D0B2F5827F7CD1D9B2A368002B4D
:102AB00078D1042976D1B8F1000F00F0DF80B9F1A8
:102AC000000F00F0DB80002F00F0D88094F8503029
:102AD000012B67D094F85130C4F83890042B1CBFF8
:102AE000052384F85130002363650121C4E91033C4
:102AF0002368E78784F85010E7861968A787490696
:102B0000C4F83080A78603D4196841F040011960E9
:102B1000E168B1F5006F49D0002A00F08580012FEF
:102B200000F082800127E38E9BB223B9E38F9BB232
:102B3000002B00F084802268936899070FD5E38EFC
:102B40009BB263B15FB1236B1B781373E38E226B6F
:102B5000013B01329BB222632268E386002793681F
:102B600013F001030DD0E18F89B251B11F46A36B61
:102B7000D2681A70A36B0133A363E38F013B9BB24E
:102B8000E387FCF7DDFB401BB042CCD3731CCAD0FB
:102B9000012384F851300320002384F8503003B01F
:102BA000BDE8F083022003B0BDE8F083002A67D1BE
:102BB000424632F8021BD960E38E2263013B9BB28E
:102BC000E3860127E38E9BB21BB9E38F9BB2002BF8
:102BD00035D0226893689B070DD5E38E9BB253B125
:102BE00047B1236B33F8021BD1602363E38E013BB3
:102BF0009BB2E3860027936813F001030CD0E18FAA
:102C000089B249B11F46A36BD26823F8022BA36394
:102C1000E38F013B9BB2E387FCF792FB401BB04282
:102C2000D0D3701CCED0B3E798F800201A73E38E8F
:102C3000226B013B01329BB22263E38672E72A4694
:102C400031462046FFF76EFD98B9A36833B9226874
:102C50000193D368019393680193019B012384F846
:102C60005130606D0023C01A84F8503018BF012025
:102C700099E720220023626584F85030012092E712
:102C8000012F9ED194E700BF002942D0002A40D0F6
:102C900090F85130012B5FFA83FC38D190F8503016
:102CA000012B34D010B400230163032180F85110AC
:102CB000C468194943658286C286184A80F850C0A4
:102CC0009C4218BF0A4681688363B1F5004FC0E992
:102CD000103283870268C38707D1136823F040034B
:102CE0001360136843F48043136013685B0603D4D6
:102CF000136843F040031360002380F8503051689C
:102D00005DF8044B41F0A001184651607047022065
:102D100070470120704700BFE92F0108C52F010847
:102D200070B5044690F85100656801280AD0B5F5E1
:102D3000827F48D15FFA80FCA068002843D1BCF1B3
:102D4000040F40D100293CD0002A3AD0002B38D0C3
:102D500094F85000012836D0012084F8500094F8EF
:102D600051002163042818BF05204FF0000618BF4A
:102D700084F851006665E386E38794F85110E06CAF
:102D8000284DA38604292849A387284BA26318BF8E
:102D90000B46C4E910662649036418BF2946254B33
:102DA000C364E38FC163216806659BB20C31FDF7F4
:102DB0004BFA054648B1636D84F8506043F0100348
:102DC0006365012070BD022070BD2268A06C53684D
:102DD000216B43F001035360E38E0C32C0E90F55C1
:102DE000C0E913559BB2FDF72FFA98B923681A680A
:102DF000520603D41A6842F040021A60002284F896
:102E000050205A6842F020025A605A6842F002028A
:102E10005A6070BD636D84F8505043F010036365D1
:102E2000CFE700BFA5300108292F01081D2F010899
:102E3000393001081530010890F85130012B52D17A
:102E400070B5866804460D46002E3FD0002D52D046
:102E5000002A50D094F85030012B57D0012384F829
:102E60005030042384F85130B6F5004F4FF0000382
:102E70006365C4E91033E2872168A563A287A3864E
:102E8000E3863AD0E06C224B0364224BC363224BAF
:102E9000C364E38F002606652A460C319BB2FDF71A
:102EA000D3F910BB23681A68520603D41A6842F09B
:102EB00040021A60002284F850205A6842F0200232
:102EC0005A605A6842F001025A6070BD4368B3F517
:102ED000827FBBD1042580F851501346BDE8704075
:102EE0000A46FFF71DBF02207047636D84F85060EB
:102EF00043F010036365012070BD0B6823F04003AD
:102F00000B600B6823F480430B60BBE7022070BDAD
:102F10001D2F0108393001081530010808B5806BF4
:102F20001BF027F908BD00BF08B5806B1BF031F915
:102F300008BD00BF10B5214B214A1B68A2FB03232B
:102F4000642182B05B0A01FB03F304460093FCF7A3
:102F5000F7F92168024605E0009B013B00938B686E
:102F60009B0706D4009B002BF6D1636D43F0200332
:102F700063654B6823F0A0034B6020466421FFF794
:102F8000D1FB18B1636D43F020036365A36833B9C7
:102F900022680193D368019393680193019B0123F5
:102FA00084F85130636D20461BB11BF002F902B06A
:102FB00010BD1BF0AEF802B010BD00BF0000001045
:102FC000F1197605016B026809781173C28E016BE5
:102FD000013A92B2C286C28E013192B2016302B14D
:102FE0007047FFF7A7BF00BF016B026810B431F84C
:102FF000024BD460C28E0163013A92B2C286C38E84
:103000009BB213B15DF8044B70475DF8044BFFF7BA
:1030100091BF00BF806B026808B5536823F00303BB
:103020005360436D012143F01003436580F8511054
:103030001BF0BFF808BD00BF38B50546846BFCF730
:103040007FF92B681B68DB0517D423685968024693
:10305000A06821F020015960B0B1596821F0010148
:10306000596064212046FFF7A1FB50B901230022DB
:10307000E28784F85130636D7BB920461BF059F824
:1030800038BD20236365F1E76168B1F5827FE4D143
:10309000596821F003015960E3E720461BF089F8E5
:1030A00038BD00BF38B50546846BFCF749F92B687D
:1030B0001B68DB051BD402462068436823F020030D
:1030C000436064212046FFF72DFB18B1636D43F088
:1030D0002003636521684B68002223F0030301206D
:1030E0004B60E286E28784F85100636D1BB920468D
:1030F0001BF02FF838BD20461BF05BF838BD00BF31
:1031000030B502685168936813F0400F85B00446EB
:10311000C3F3801516D113F0010F53D198076AD568
:1031200008067CD4980613D4DB0568D58D0666D5D1
:10313000636D002043F00803636503909368039375
:10314000039B18E0980742D5080668D4980640D536
:10315000880654D5002D56D1606D40F001006065A1
:103160000020029090680290106820F040001060EB
:103170000298DB05DCD4636D002B40D0536801203E
:1031800023F0E0038D07536084F8510059D0536851
:10319000E06C23F00303536040B12C4B0365FDF753
:1031A000D9F818B1636D43F040036365A06C30B388
:1031B000264B0365FDF7CEF808B3636D43F040037B
:1031C00063651CE011F0400FA8D0036C29E09D0658
:1031D00017D4880613D594F85100032817D0606DD2
:1031E00040F00400606500200090D0680090906876
:1031F00000900098BDE7980696D58806ACD405B037
:1032000030BD8D06FBD594F8510003280DD1002365
:103210000193D368019393680193019BEFE7636C7B
:10322000204605B0BDE830401847606D40F004000E
:10323000606500200090D068009090680090009831
:103240008AE720461AF0B5FFD9E700BF51320108DE
:1032500008B5806B0023C387C3861AF0AAFF08BD98
:10326000036A026A22F00102026270B44468826951
:103270000D6822F073022A438D6823F002032B436A
:103280000E4DA8420AD005F58065A84206D04968CF
:103290004460826170BC416303627047CD6823F073
:1032A00008032B43D1E9056524F4407446EA050C74
:1032B00023F004034CEA0404E9E700BF00000140E6
:1032C000036A026A22F48072026270B44468C269BE
:1032D0000D6822F073022A438D6823F4007343EAD9
:1032E00005230F4DA8420AD005F58065A84206D0F7
:1032F00049684460C26170BCC16303627047CD68B5
:1033000023F4006343EA0523D1E9056524F440541E
:1033100046EA050C23F4806344EA0C14E8E700BF96
:1033200000000140036A026A22F48052026230B453
:103330004468C2690D6822F4E64242EA05228D68BB
:1033400023F4005343EA0533094DA8420AD005F59A
:103350008065A84206D049684460C26130BC0164FF
:10336000036270474D6924F4804444EA8514F2E70F
:103370000000014030B404684868A3680A6823F07C
:103380007003034323F0070313435028A36022D0A4
:1033900011D9602831D070281AD1D1E90203A2686E
:1033A0000969034322F47F4243EA01231343A360E4
:1033B000002030BC7047402832D009D82028F7D0F0
:1033C0003ED830F0100314BF0120002030BC7047FD
:1033D000012030BC7047206A236A8A680D6923F097
:1033E00001032362A36920F00A0123F0F00343EAFA
:1033F00005130A43A3612262DAE7236A226A886816
:10340000096922F010022262A26923F0A00322F4CB
:10341000704242EA013243EA0013A2612362C7E725
:10342000052AD5D0226A236A096923F001032362A1
:10343000A36923F0F00343EA0113A3612262B7E713
:10344000303818BF0120C1E790F83D30012B2FD153
:1034500003681849022280F83D20DA688B4242F066
:103460000102DA6019D0B3F1804F16D0124A9342AC
:1034700013D002F5806293420FD002F5806293422E
:103480000BD002F57842934207D002F57052934276
:1034900003D0A2F59432934204D19A6802F0070255
:1034A000062A03D01A6842F001021A600020704711
:1034B0000120704700000140000400400368DA6802
:1034C00022F00102DA601A6A41F211110A4208D1AF
:1034D000196A40F24442114203D11A6822F00102F3
:1034E0001A60012380F83D3000207047704700BF0C
:1034F00069BB90F83E30012B31D1022380F83E3079
:10350000036801F01F01186A01228A4020EA0200C4
:103510001862186A254902438B421A6221D0244A54
:1035200093421ED0B3F1804F06D0224A934203D07B
:1035300002F5806293422DD19A6802F00702062AB2
:1035400003D01A6842F001021A6000207047042973
:1035500010D0082916D090F84130012B06D0012058
:1035600070475A6C42F400425A64E5E7022380F83F
:103570004130C5E790F83F30012BF0D1022380F8AD
:103580003F30BDE790F84030012BE8D1022380F8AE
:103590004030B5E7084A9342CED0084A9342CBD098
:1035A000A2F594329342CCD1C6E700BF000001409F
:1035B0000004014000040040000C004000400140B5
:1035C000036810B41A6A01F01F044FF0010C0CFAE2
:1035D00004FC22EA0C021A62204A1C6A1C62934212
:1035E00015D002F58062934211D01C6A41F211128B
:1035F000144204D11C6A40F24442144222D00123F6
:10360000A1B980F83E305DF8044B002070471C6A79
:1036100041F211121442E8D11C6A40F244421442B1
:10362000E3D15A6C22F400425A64DEE704290ED03A
:1036300008290CBF80F8403080F841305DF8044B19
:10364000002070471A6822F001021A60D7E780F85C
:103650003F305DF8044B0020704700BF0000014080
:10366000704700BFFFF744BFFFF7AABF704700BF16
:1036700090F83C20012A6ED00346026830B4012045
:10368000022483F83C0083F83D40946824F47F448E
:1036900024F0770494600C68602C76D011D8402C0C
:1036A0005BD02ED8202C04D000F2888034F010019A
:1036B0001FD1916821F07001214341F00701916011
:1036C00016E0B4F5805F13D0B4F5005F33D0702CF2
:1036D0000FD1D1E9015094682843CD6824F47F418B
:1036E00040EA052008439060916841F077019160BD
:1036F00000200121002283F83D1083F83C2030BCDB
:103700007047502CF5D14868CC68116A21F00A0145
:103710000843116A21F001011162916921F0F00161
:1037200041EA041191611062916821F0700141F049
:1037300057019160DCE7D1E9015094682843CD68D6
:1037400024F47F4140EA052008439060916841F4E9
:1037500080419160CCE7022070474868CC68116ACC
:1037600021F00A010843116A21F0010111629169F7
:1037700021F0F00141EA041191611062916821F099
:10378000700141F047019160B2E74868CC68116A66
:1037900021F0A00141EA0011106A20F0100010622F
:1037A000906920F4704040EA0430906111629168A1
:1037B00021F0700141F06701916099E7302C3FF4EE
:1037C00078AF96E738B590F83C30012B1ED0012534
:1037D000022380F83C5080F83D300446FFF7CAFDD4
:1037E00068B92368DA6822F04002DA60DA6822F405
:1037F0008042DA6084F83D5084F83C0038BD0023F4
:1038000084F83D5084F83C30284638BD022038BD4D
:10381000704700BF704700BF704700BF704700BFD0
:10382000036870B5DE681D69A907044601D5B207B3
:1038300051D4690701D572073AD42B0701D5300757
:1038400024D4EA0601D5F30610D4E80701D5F10720
:1038500057D42A0601D533065BD4680601D5710614
:103860005FD4AA0601D5B30642D470BD23686FF0B9
:1038700010021A6108222277DB6913F4407F204688
:1038800063D0FFF7C7FF00232377DEE723686FF0DD
:1038900008021A6104222277DB699907204651D178
:1038A000FFF7B6FF2046FFF7B7FF00232377C8E7EF
:1038B00023686FF004021A61022222779B6913F4D5
:1038C000407F20463BD1FFF7A3FF2046FFF7A4FF30
:1038D00000232377B1E76FF002021A610122027719
:1038E0009B699B0725D0FFF795FF00232377A0E76F
:1038F00023686FF0200220461A61BDE8704000F096
:103900009FBB23686FF001021A612046FAF752FD4F
:103910009FE723686FF080021A61204600F092FB57
:103920009BE723686FF040021A612046FFF776FF9D
:1039300097E7FFF76DFF2046FFF76EFFD5E7FFF72C
:1039400069FFC5E7FFF766FFAFE7FFF761FF2046B6
:10395000FFF762FF97E700BF344A0368904210B454
:1039600050D0B0F1804F3BD0A2F57C42904237D08E
:1039700002F58062904233D002F5806290422FD0EF
:1039800002F5784290423DD0294A90422CD002F56F
:103990008062904228D002F58062904224D0A2F545
:1039A0009832904220D002F5806290421CD002F5FD
:1039B0008062904218D00A688C68496923F08003BD
:1039C0000B430360C4628262012343610369DB0726
:1039D00003D5036923F0010303615DF8044B7047CD
:1039E0004A6823F070031343CC684A6923F4407398
:1039F000234323F080038C6813430A680360C46286
:103A00008262E1E74C68CA6823F07003234323F421
:103A1000407313434A6923F08003134303608B68A8
:103A2000C3620B6883620B690363CDE7000001404A
:103A30000040014050B310B590F83D30044603F00B
:103A4000FF02F3B12146022384F83D3051F8040B04
:103A5000FFF782FF012384F8463084F83E3084F873
:103A60003F3084F8403084F8413084F8423084F8A4
:103A7000433084F8443084F8453084F83D300020E9
:103A800010BD80F83C20FAF78FFFDBE7012070477C
:103A900050B310B590F83D30044603F0FF02F3B187
:103AA0002146022384F83D3051F8040BFFF754FF00
:103AB000012384F8463084F83E3084F83F3084F89F
:103AC000403084F8413084F8423084F8433084F840
:103AD000443084F8453084F83D30002010BD80F833
:103AE0003C20FFF703FDDBE70120704750B310B522
:103AF00090F83D30044603F0FF02F3B12146022363
:103B000084F83D3051F8040BFFF726FF012384F8B9
:103B1000463084F83E3084F83F3084F8403084F8F2
:103B2000413084F8423084F8433084F8443084F8DB
:103B3000453084F83D30002010BD80F83C20FFF770
:103B40008FFDDBE70120704750B310B590F83D3092
:103B5000044603F0FF02F3B12146022384F83D300E
:103B600051F8040BFFF7F8FE012384F8463084F87F
:103B70003E3084F83F3084F8403084F8413084F897
:103B8000423084F8433084F8443084F8453084F877
:103B90003D30002010BD80F83C20FFF767FDDBE7DB
:103BA00001207047002851D0F8B590F83D300D46FF
:103BB000044603F0FF02002B43D02146022384F881
:103BC0003D3051F8040B836823F4804323F007034E
:103BD0008360FFF7C1FE86688369A969AA682F6AB6
:103BE00023F4407323F0030342EA01221A432B69B2
:103BF000E9691B0143EA0123E96822F47C420B4393
:103C000022F0FC0243EA0733016A6F6913436A68D2
:103C100021F0AA0142EA071211432A681643012241
:103C200086608361016284F8462084F83E2084F82F
:103C30003F2084F8422084F8432084F83D2000206F
:103C4000F8BD80F83C20FAF7B3FFB6E701207047D3
:103C5000036A026A22F01002026270B44468826948
:103C60000D6822F4E64242EA05228D6823F0200323
:103C700043EA05130E4DA8420AD005F58065A84217
:103C800006D049684460826170BC816303627047FA
:103C9000CD6823F0800343EA0513D1E9056524F4D8
:103CA000406446EA050C23F0400344EA8C04E8E74C
:103CB0000000014090F83C30012B25D010B504469F
:103CC0000C2A08D8DFE802F01407070718070707CF
:103CD0001C0707070C00002384F83C30012010BDAE
:103CE0000068FFF71FFB002384F83C30002010BD64
:103CF0000068FFF7B5FAF6E70068FFF7A9FFF2E7FB
:103D00000068FFF7DDFAEEE70220704738B590F85B
:103D10003C30012B57D0012304460D4680F83C303F
:103D20000C2A08D8DFE802F01E0707072E0707074E
:103D30003F0707070C000120002384F83C3038BD02
:103D40000068FFF7EFFAC3692A6943F40063C361AF
:103D5000C36923F48063C361C36943EA0223C36177
:103D60000020E9E70068FFF77BFA83692A6943F0DE
:103D700008038361836923F0040383618369134328
:103D80008361EDE70068FFF763FF83692A6943F405
:103D900000638361836923F480638361836943EAF9
:103DA00002238361DCE70068FFF78AFAC3692A69A6
:103DB00043F00803C361C36923F00403C361C3690B
:103DC0001343C361CCE7022038BD00BF70B4056A5D
:103DD000046A1A4E24F001040462B04284699446D5
:103DE0001CD0B0F1804F19D0154A904216D002F580
:103DF0008062904212D002F5806290420ED002F5AD
:103E0000784290420AD002F57052904206D0A2F554
:103E10009432904202D044F0010203E024F0030205
:103E200042EA0C0225F00A0501F00A01294363F376
:103E30000712826170BC0162704700BF0000014040
:103E40000004004090F83C30012B00F08D800123ED
:103E500070B504460D4680F83C300C2A08D8DFE8DF
:103E600002F03207070741070707630707070C003F
:103E7000002384F83C30012070BD0368EE68AD6813
:103E8000D1E90020196A120321F4204102F42042F2
:103E90000A43196A21F480511962D96921F44071E9
:103EA00041EA002166F30F31D9611A62DA6922F41E
:103EB0004062DA61DA6942EA0522DA61002384F8B5
:103EC0003C30002070BD0068CB68D1E90012FFF7DC
:103ED0007DFF8369AA6823F00C0383618369134320
:103EE0008361EBE70368EE68AD68D1E90020196AE9
:103EF000120121F0A00102F0A0020A43196A21F088
:103F000010011962996921F4407141EA002166F3B8
:103F10000F3199611A629A6922F440629A619A6932
:103F200042EA05229A61C9E70368EE68186AAD683B
:103F3000D1E90021120220F4206002F42062024341
:103F4000186A20F480701862D86920F003000143D9
:103F500066F30711D9611A62DA6922F00C02DA619C
:103F6000DA692A43DA61A9E70220704790F83C2019
:103F7000012A37D003460268022030B483F83D009E
:103F800050680D68946820F070002843506016480F
:103F900082421AD0B2F1804F17D0A0F57C40824205
:103FA00013D000F5806082420FD000F5806082421D
:103FB0000BD000F57840824207D000F57050824265
:103FC00003D0A0F59430824204D1496824F08004E3
:103FD0000C4394600020012283F83D2083F83C00CC
:103FE00030BC7047022070470000014090F83C3020
:103FF000012B23D010B4D1E9024323F440730246CD
:10400000234348680C6823F48063034323F400636C
:104010000869234323F4805303434869CC6923F49C
:104020000053034323F48043106800212343436477
:1040300082F83C1008465DF8044B70470220704738
:10404000704700BF704700BF026802F10C0353E8DD
:10405000003F23F4907302F10C0C4CE8003100296E
:10406000F3D102F1140353E8003F23F0010302F1FE
:10407000140C4CE800310029F3D1036B012B05D05F
:104080002022002380F842200363704702F10C03D2
:1040900053E8003F23F0100302F10C0C4CE8003110
:1040A0000029F3D1ECE700BF0268116938B5044676
:1040B000C068A36821F440510143206911610343A2
:1040C0006069D1680343E06921F4164121F00C01D5
:1040D00003430B43D3605369A069234923F440731E
:1040E00003438A42536105D0204B9A4202D0FEF727
:1040F0006DFA01E0FEF77AFAE2691921B2F5004F94
:10410000D4E90053A0FB010113D09A009B0FF9F7EB
:10411000E3F8174AA2FB00135B09642101FB1300BB
:1041200000013230A2FB00201B0103EB5013AB60F7
:1041300038BDDA184FF000035B41F9F7CDF80C4AAF
:10414000A2FB00314909642303FB1103DB00323376
:10415000A2FB0323C3F342121B0902EB011203F477
:10416000F8731344AB6038BD0010014000140140E7
:104170001F85EB5170B310B590F84130044603F041
:10418000FF0213B32268242384F84130D36823F458
:1041900000532046D360FFF787FF2368196921F495
:1041A00090411961596921F02A015961D9680022A9
:1041B0004FF0200C41F40051D960626484F841C092
:1041C00084F842C01046626310BD80F84020FAF7C0
:1041D0005FFDD7E70120704790F84130202B15D1C3
:1041E00001B10AB90120704710B4002304680162CC
:1041F0002121C284436480F84110E168828441F047
:104200008001E16018465DF8044B7047022070475A
:1042100090F84230202B03D101B11AB90120704728
:104220000220704710B404698162002322210363D5
:104230008285C2854364036880F842101CB1DA6845
:1042400042F48072DA605A695DF8044B42F0010270
:104250005A61DA6842F020020020DA60704700BF3D
:10426000704700BF08B5806B0023C385C384FFF788
:10427000F7FF08BD704700BF90F84230222B57D19E
:1042800083680168826AB3F5805F44D0002B4BD10C
:104290000369002B48D14B68DBB21370826A01328C
:1042A000C38D8262013B9BB2C385002B40D1026863
:1042B000D16821F0200100B5D160D16821F480716E
:1042C000D16051694FF0200C21F00101516180F85B
:1042D00042C04363016B012983B02AD1036302F119
:1042E0000C0353E8003F23F0100302F10C0C4CE8E0
:1042F00000310029F3D11368DB0606D500230193B2
:104300001368019353680193019B818DFFF7B2FFFE
:1043100003B05DF804FB0369002BBCD14B68C3F309
:10432000080322F8023BBBE74B6803F07F03B4E7C6
:10433000704719F047FD03B05DF804FB70B50568E0
:104340002B68EE68696913F00F0F82B004462A46A5
:1043500070D19D0602D5B10600F1C480216B012900
:104360000BD0180602D5310600F192805B0602D50B
:10437000750600F1AC8002B070BDD806F1D5F1062B
:10438000EFD5002301931368019353680193019BB8
:1043900053695D0640F10B81E06B03685B689BB27B
:1043A000002BE8D0A18D9942E5D9E385C369B3F527
:1043B000807F36D002F10C0353E8003F23F4807372
:1043C00002F10C0545E800310029F3D102F1140394
:1043D00053E8003F23F0010302F1140545E80031E2
:1043E0000029F3D102F1140353E8003F23F0400306
:1043F00002F1140545E800310029F3D1202384F8A7
:104400004230216302F10C0353E8003F23F0100314
:1044100002F10C0545E800310029F3D1FBF750FF0C
:10442000A18D02236363E38DC91A204689B2FFF789
:1044300021FFA0E711F0010176D116F4907F8DD015
:10444000DA070AD5F00540F1ED80626C580742F0BA
:10445000010262644FD500296AD198075AD519071D
:1044600000F1A280626C002A85D09A0602D5B306BC
:1044700000F1DC806B69626C03F0400302F008021B
:1044800053EA020620465CD1FFF7EAFE666472E753
:1044900094F84130212B7FF46EAFA168236AB1F507
:1044A000805F00F0C880591C21621B785360E38C48
:1044B000013B9BB2E384002B7FF45DAFD36823F014
:1044C0008003D360D36843F04003D36053E7D368DD
:1044D000202123F04003D360204684F8411019F0D6
:1044E00081FC48E702B0BDE87040FFF7C5BEF005AB
:1044F000ABD45A071CD498070CD50029AFD0626CF6
:1045000042F0040262641A07ACD5626C42F0080201
:104510006264A7E71807A5D506F020020A43F4D184
:10452000636C002BA6D126E7DA07E0D4580738D50C
:10453000626C990742F002026264E0D41A07E4D484
:1045400090E7FFF781FD6B695E0626D505F1140340
:1045500053E8003F23F0400305F1140141E8003225
:1045600062B1226802F1140353E8003F23F04003D4
:1045700002F1140040E800310029F3D1E06B60B192
:10458000324B0365FBF7E6FE00283FF4F4AEE06B28
:10459000036D02B0BDE8704018472046FFF760FE8B
:1045A000E9E69907ABD4C9E7B206AED4B8E7E18D26
:1045B000E38DA08D9BB289B2002B3FF4DCAE411A93
:1045C00089B200293FF4D7AE02F10C0353E8003F53
:1045D00023F4907302F10C0545E800300028F3D174
:1045E00002F1140353E8003F23F0010302F1140524
:1045F00045E800300028F3D1202384F842302063BE
:1046000002F10C0353E8003F23F0100302F10C0504
:1046100045E800300028F3D1022363632046FFF70A
:1046200029FEA8E65A073FF518AF64E72046FFF7D2
:1046300023FE25681EE7216900297FF434AF33F893
:10464000021BC1F308015160236230E76542010893
:1046500082B00023019302E00369002B09DB019B78
:1046600001330193019BB3F1706FF5D9032002B0C0
:10467000704700230193036943F00103036103E0E2
:10468000036913F0010307D0019B01330193019BE0
:10469000B3F1706FF4D9E9E7184602B0704700BF74
:1046A00084B010B50DF10C0C8CE80E009DF81130A3
:1046B000012B044624D1836B9DF8182023F480330A
:1046C0008363C36823F4840323F04003C360C36897
:1046D000012A23F44013C36025D02046FFF7B8FF1A
:1046E0009DF80E30012B07D1A36843F00603A360A9
:1046F000A36843F02003A360BDE8104004B07047F6
:10470000C36843F04003C360FFF7A2FF9DF8153074
:1047100023B9A36B43F48033A363E1E7A36B23F4D2
:104720008033A363DCE7C36843F48013C360D4E73A
:10473000034600209A6822F001029A60704700BF89
:1047400038B5C368012923F0C0430546C36018D0BB
:10475000A9B9C36843F080430C46C36001E0C82C8C
:104760000DD00A20FAF7F2FD6B69DB0704F10A04A9
:10477000F5D4A4F1C800B0FA80F0400938BD01209A
:1047800038BDC36843F000530024C36001E0C82C67
:10479000F5D00A20FAF7DAFD6B69DA0704F10A04AA
:1047A000F5D5A4F1C800B0FA80F04009E6E700BFF3
:1047B00082B00023019302E00369002B09DB019B17
:1047C00001330193019BB3F1706FF5D9032002B05F
:1047D00070478901002341F020010193016103E04A
:1047E000036913F0200307D0019B01330193019B60
:1047F000B3F1706FF4D9E9E7184602B0704700BF13
:1048000082B00023019302E00369002B09DB019BC6
:1048100001330193019BB3F1706FF5D9032002B00E
:104820007047002210230192036103E0036913F033
:10483000100307D0019B01330193019BB3F1706F0B
:10484000F4D9EBE7184602B0704700BF84B0F8B562
:1048500007AC84E80E0000239DF81C509DF82660EC
:104860000446194603F1400204EB820201330F2B88
:104870005160F7D104F50067002E40F09F807B68FF
:1048800043F002037B60A36B43F40013A363A36BA9
:1048900023F40023A363A36B23F48023A3630023E7
:1048A000C4F8003E9DF82130012B00F09780D4F829
:1048B000003843F00303C4F8003810212046FFF706
:1048C00077FF01462046FFF79BFF41EA000E5FFAA3
:1048D0008EFE0022BEF1000E3A6118BF4FF0010EAD
:1048E0007A61FA6105B3D4F80019002904F5106360
:1048F00015DB0021196000204FF67F310132AA42FA
:104900001861996003F1200336D0D3F800C0BCF1E0
:10491000000FEEDA4FF0904CC3F800C0EEE74FF016
:104920000061C4F80019E6E73B6923F480733B613A
:1049300000229DF81E30A2616FF0804262611BB9B7
:10494000A36943F01003A361A2692C4B13439DF8A4
:104950002220A3611AB1A36943F00803A361012EC9
:1049600005D1A36943F0804343F00403A36170467B
:10497000BDE8F84004B07047D4F8002B002A04F5D5
:10498000306315DB0022002119604FF0000C4FF658
:104990007F300132AA42C3F810C0986003F12003AF
:1049A000C2D019680029EEDA4FF090411960F0E7A3
:1049B0004FF00062C4F8002B0022E6E7A36B23F45B
:1049C0000013A363A36B43F40023A3630023C4F881
:1049D000003E9DF82130012B7FF469AF9DF81F3018
:1049E00023B9D4F80038C4F8003866E7D4F80038A2
:1049F00043F00103C4F800385FE700BF00383C8093
:104A0000D0F8002E034622F00302C3F8002ED3F89C
:104A1000043800F5006143F0020300204B6070474A
:104A200008B54FF0E0231B6901F06AFE012800D1B0
:104A300008BDBDE8084002F0FDBB00BFEFF30583F1
:104A40002BB9064B186828B901221A6070476FF01D
:104A5000050070474FF0FF30704700BFF013012092
:104A600010B5EFF3058474B9084B1A68012A07D111
:104A700007490222CC771A6001F0AAF9204610BD3E
:104A80004FF0FF3010BD6FF0050010BDF013012096
:104A900000ED00E0F0B587B0002514460595EFF372
:104AA000058212B1002007B0F0BD0028FAD00CB387
:104AB000A369DBB918236268D207F3D4656935B3FB
:104AC000AA08A668D4F800C0E76816B3B7F5C47F93
:104AD000E8D32469002CE5D0002DE3D00093CDE984
:104AE00001460B46614600F0B1FFDCE75D1E372D45
:104AF000E1D9D7E74022182300930B46214605ACA5
:104B0000019400F0DFFF0128CCD10598CBE74022CB
:104B1000D7E7002FC6D12469002CC3D192B26446D6
:104B2000EAE700BFEFF305823AB908B508B90020FB
:104B300008BD01F0FDFA002008BD6FF005007047C8
:104B4000044B036010B44023034C0C605DF8044B2D
:104B5000136070476812012068110120044B036044
:104B600010B48023034C0C605DF8044B1360704755
:104B7000E00F0120DC0D012000F108034FF0FF31B0
:104B80000022C0E90131C0E903330260704700BF71
:104B900000230361704700BF4268036810B4946843
:104BA0000133C1E90124616091605DF8044B086143
:104BB0000360704730B40D686B1C10D000F108031F
:104BC0001C465B681A68AA42FAD902684B60013237
:104BD00099608C606160086130BC02607047046954
:104BE0006368F2E7036910B4D0E901125C688A6077
:104BF0008442516008BF5A601A685DF8044B002176
:104C0000013A01611A601868704700BF036C70B503
:104C1000856B04462BB90668013546B31846A56373
:104C200070BD164682B91A464068F7F759FC6368AA
:104C3000216CA2680B449342636024BF23686360C5
:104C400001350020A56370BD1A46C068F7F748FC1F
:104C5000226CE36851429B1A2268E360934202D2BD
:104C6000A3680B44E360022E06D00135E9E78068B3
:104C700001F096FDA660D2E7012D38BF0125002086
:104C8000CDE700BF70B5054602F06CFA95F84530E7
:104C90005CB2002C14DD05F1240603E0631EDAB2D9
:104CA0005CB26AB16B6A304653B101F087FB0028F1
:104CB000F4D001F015FC631EDAB25CB2002AF1D127
:104CC000FF2385F8453002F06FFA02F04BFA95F8B1
:104CD00044305CB2002C14DD05F1100603E0631EC5
:104CE000DAB25CB26AB12B69304653B101F066FBAF
:104CF0000028F4D001F0F4FB631EDAB25CB2002AA3
:104D0000F1D1FF2385F84430BDE8704002F04CBA81
:104D100038B5E0B104460D4602F024FAD4E90F2379
:104D20002168616003FB02F2D31A0A44A2600022E8
:104D3000A2630B44FF2284F84420E36084F84520FA
:104D400075B92369C3B902F02FFA012038BD4FF0BD
:104D5000500383F31188BFF36F8FBFF34F8FFEE7CC
:104D600004F11000FFF708FF04F12400FFF704FF2F
:104D700002F01AFA012038BD04F1100001F01EFB08
:104D80000028E0D04FF0E0234FF08052C3F8042D0C
:104D9000BFF34F8FBFF36F8FD5E700BF30B585B03E
:104DA0009DF8204040B94FF0500383F31188BFF3C2
:104DB0006F8FBFF34F8FFEE77BB18AB3B1B1502540
:104DC0000395039D502D1AD04FF0500383F31188A3
:104DD000BFF36F8FBFF34F8FFEE74FF0500383F3A6
:104DE0001188BFF36F8FBFF34F8FFEE74FF0500373
:104DF00083F31188BFF36F8FBFF34F8FFEE7039DDF
:104E00001A60C3E90F01012183F846101846019387
:104E1000FFF77EFF019B184683F84C4005B030BD7C
:104E200039B950220392039A502ACDD1039A1A46D7
:104E3000E6E74FF0500383F31188BFF36F8FBFF3A2
:104E40004F8FFEE7F8B540B94FF0500383F3118858
:104E5000BFF36F8FBFF34F8FFEE7044601FB00F0F7
:104E600050300D46164602F0F7FA074670B100239F
:104E700080F8463065B100F15003C7E90F453B604B
:104E800001213846FFF744FF87F84C603846F8BDEB
:104E90000346F2E7F0B585B0019200287ED00E46B9
:104EA0001D460446002969D0022D0BD1E36B012B6E
:104EB00008D04FF0500383F31188BFF36F8FBFF317
:104EC0004F8FFEE701F01CFC002870D002F04AF979
:104ED000A26BE36B9A4276D3022D74D00022174660
:104EE0000EE002F061F92046FFF7CCFE01F010F968
:104EF00002F038F9A16BE36B99424FF0010262D3E3
:104F00000198002876D0002A44D002F04DF900F034
:104F1000B1FF02F027F994F84430FF2B08BF84F862
:104F2000447094F84520FF2A08BF84F8457002F0C9
:104F30003BF901A902A801F091FA00285ED102F024
:104F400011F9A26BE36B9A42CBD102F02DF90199D2
:104F500004F1100001F0FAF92046FFF793FE01F08A
:104F6000D7F80028C4D14FF0E0234FF08052C3F8A7
:104F7000042DBFF34F8FBFF36F8FB9E7036C002B86
:104F800092D04FF0500383F31188BFF36F8FBFF3BC
:104F90004F8FFEE702A801F055FAB6E74FF0500335
:104FA00083F31188BFF36F8FBFF34F8FFEE7019B31
:104FB000002B8BD04FF0500383F31188BFF36F8F1A
:104FC000BFF34F8FFEE72A4631462046FFF71EFE0D
:104FD000636ACBB948B14FF0E0234FF08052C3F879
:104FE000042DBFF34F8FBFF36F8F02F0DDF8012068
:104FF00005B0F0BD02F0D8F80020F9E72046FFF731
:1050000041FE01F085F8F7E704F1240001F0D6F93C
:105010000028EAD0DFE700BF51B370B582B050235B
:105020000193019B502B08D04FF0500383F311885C
:10503000BFF36F8FBFF34F8FFEE70C4600260121B1
:10504000C4E90F16054684F8461024602046019BEB
:10505000FFF75EFE84F84C50A6602660E66033469B
:10506000324631462046FFF715FF204602B070BD9C
:105070004FF0500383F31188BFF36F8FBFF34F8F4F
:10508000FEE700BF70B50646502002F0E5F9044681
:1050900098B10025012180F846502060C0E90F1525
:1050A000FFF736FE84F84C60A5602560E5602B466E
:1050B0002A4629462046FFF7EDFE204670BD00BF78
:1050C000002848D02DE9F0410E4617461D460446FB
:1050D00021B3022D0BD1E36B012B08D04FF050030D
:1050E00083F31188BFF36F8FBFF34F8FFEE702F09A
:1050F00055F9EFF311884FF0500383F31188BFF394
:105100006F8FBFF34F8FA26BE36B9A4212D3022DC6
:1051100010D0002088F31188BDE8F081036C002BCB
:10512000D7D04FF0500383F31188BFF36F8FBFF3D5
:105130004F8FFEE72A4694F84550A36B31466DB277
:105140002046FFF763FD6B1C0ED06B1C5BB284F82E
:1051500045300120DEE74FF0500383F31188BFF3A1
:105160006F8FBFF34F8FFEE7636A002BF1D004F11E
:10517000240001F023F90028EBD0002FE9D001230F
:105180003B60E6E760B3036C70B5044643B14FF093
:10519000500383F31188BFF36F8FBFF34F8FFEE788
:1051A00003680D462BB302F0F9F8EFF311864FF0C8
:1051B000500383F31188BFF36F8FBFF34F8FA36B3F
:1051C000E26B9A4221D994F845200133FF2AA36368
:1051D00053B21ED001335BB284F84530012015E094
:1051E0004FF0500383F31188BFF36F8FBFF34F8FDE
:1051F000FEE78368002BD6D04FF0500383F311886D
:10520000BFF36F8FBFF34F8FFEE7002086F3118847
:1052100070BD636A002BE1D004F1240001F0CEF8E8
:105220000028DBD0002DD9D001232B60D6E700BFAA
:10523000F0B585B00192002800F084800E46044647
:10524000002941D001F05CFA002849D001F08AFF22
:10525000A56B002D7FD1019B8BB302A801F0F2F862
:105260002F4601F0A1FF00F005FE01F07BFF94F84E
:105270004430FF2B08BF84F8447094F84530FF2B6E
:1052800008BF84F8457001F08FFF01A902A801F062
:10529000E5F8002830D101F065FFA36B002B38D072
:1052A00001F082FF2046FFF7EDFC00F031FF01F036
:1052B00059FFA56B002D4ED1019B002BD1D101F0E0
:1052C00073FF002005B0F0BD036C002BBAD04FF087
:1052D000500383F31188BFF36F8FBFF34F8FFEE747
:1052E000019B002BB2D04FF0500383F31188BFF322
:1052F0006F8FBFF34F8FFEE72046FFF7C3FC00F030
:1053000007FF01F02FFFA36B002BD8D001F04CFF5B
:10531000CDE701F049FF019904F1240001F016F8EE
:105320002046FFF7AFFC00F0F3FE0028BFD14FF09E
:10533000E0234FF08052C3F8042DBFF34F8FBFF32B
:105340006F8FB4E74FF0500383F31188BFF36F8F73
:10535000BFF34F8FFEE7226C52B1E168A36811449E
:105360009942E16024BF2168E1603046F7F7B8F860
:10537000013DA56323691BB901F016FF0120A1E7D8
:1053800004F1100001F01AF80028F5D04FF0E023E6
:105390004FF08052C3F8042DBFF34F8FBFF36F8FD0
:1053A000EAE700BFF0B585B00191002856D0066C41
:1053B000044646B14FF0500383F31188BFF36F8F5B
:1053C000BFF34F8FFEE701F09BF9054600284ED052
:1053D000354601F0C7FEA36B00278BBB019B002B5A
:1053E00000F09A80002D5CD001F0DEFE00F042FD5E
:1053F00001F0B8FE94F84430FF2B08BF84F84470E5
:1054000094F84530FF2B08BF84F8457001F0CCFEBE
:1054100001A902A801F022F8002834D101F0A2FE6F
:10542000A36B002B44D001F0BFFE2046FFF72AFCFF
:1054300000F06EFE01F096FEA36B0125002BCDD08F
:105440002268013BA363002A00F082802369002BBD
:105450006DD101F0A9FE012005B0F0BD4FF0500361
:1054600083F31188BFF36F8FBFF34F8FFEE7019B6C
:10547000002B38D04FF0500383F31188BFF36F8FA8
:10548000BFF34F8FFEE72046FFF7FCFB00F040FE26
:1054900001F068FEA36B43B901F086FE2EBB00202D
:1054A000DAE702A800F0CEFF9EE701F07DFEC1E73B
:1054B00001F07AFE236833B3019904F1240000F06F
:1054C00045FF2046FFF7DEFB00F022FE0028B1D1A9
:1054D0004FF0E0234FF08052C3F8042DBFF34F8FFD
:1054E000BFF36F8FA6E72E4673E701F03BFE616ABC
:1054F00019B1236B1968C1F13801A06801F094F962
:1055000001F052FECBE701F02DFEA06801F008F992
:10551000064601F049FECFE7002EF1D04FF05003D0
:1055200083F31188BFF36F8FBFF34F8FFEE704F152
:10553000100000F043FF00288BD04FF0E0234FF025
:105540008052C3F8042DBFF34F8FBFF36F8F80E7F6
:1055500001F076FAA06079E72DE9F84310B30E4622
:105560001746044691B101F019FFEFF311894FF08E
:10557000500383F31188BFF36F8FBFF34F8FA56B79
:10558000CDB9284689F31188BDE8F883036C002B58
:10559000E9D04FF0500383F31188BFF36F8FBFF34F
:1055A0004F8FFEE74FF0500383F31188BFF36F8FE7
:1055B000BFF34F8FFEE794F84480226C4FFA88F8CF
:1055C00052B1E168A36811449942E16024BF2168A7
:1055D000E1603046F6F784FF013DB8F1FF3FA56377
:1055E00006D008F101035BB284F844300120C9E71A
:1055F0002369002BFAD004F1100000F0DFFE002830
:10560000F4D0002FF2D001233B60EFE740B110B59A
:10561000044601F0A7FDA46B01F0C6FD204610BDB5
:105620004FF0500383F31188BFF36F8FBFF34F8F99
:10563000FEE700BF78B11349002351F833209042B0
:105640004FEAC30C03F1010310D0082BF5D190F8F9
:1056500046304BB170474FF0500383F31188BFF3CE
:105660006F8FBFF34F8FFEE701F08CBF0649002319
:1056700000228C44CCE9002390F84630002BE9D17D
:10568000F2E700BFFC130120F813012010B40A4A0E
:10569000002352F8334002EBC30C2CB10133082B2A
:1056A000F7D15DF8044B704742F833105DF8044BB6
:1056B000CCF80400704700BFF813012070B5044611
:1056C0000E46154601F04EFD94F84430FF2B04BF02
:1056D000002384F8443094F84530FF2B04BF0023A6
:1056E00084F8453001F060FDA36B23B12046BDE88E
:1056F0007040FFF7C7BA04F124002A46314600F093
:105700003FFE2046BDE87040FFF7BCBA2DE9F041EE
:10571000054601F027FD334A334E13680133136009
:105720003368002B31D0314CE86A236833B3304FF3
:10573000304A3149136801331360AB640B6883420C
:1057400038BF086000EB800007EB8000291DFFF7E1
:1057500023FA01F029FD236873B13268EB6AD26A3B
:105760009A4209D24FF0E0234FF08052C3F8042D43
:10577000BFF34F8FBFF36F8FBDE8F08133681C4FCD
:10578000DB6A834298BF3560D2E735601368012B2E
:1057900003D0E86A164F154CCAE7154F3C4607F58B
:1057A0008C6820461434FFF7E7F94445F9D1DFF857
:1057B0006480124C4046FFF7DFF92046FFF7DCF922
:1057C0000F48FFF7D9F90F48FFF7D6F90E48FFF752
:1057D000D3F90E4BE86AC3F800800D4B1C60034CF4
:1057E000A6E700BF601401203419012054140120E1
:1057F000D41401204414012058140120AC140120B9
:10580000901401207C14012064140120A8140120AC
:10581000A4140120C0140120F8B51C4B1C4E1D68B7
:1058200033680446181D0F46FFF7DCF9631C0FD0E0
:1058300033682D195D6010D2164B18683168043139
:10584000FFF7B8F9144B1A68AA4200D91D60F8BDD9
:10585000A7B933686A1E5A603DB1104B18683168A9
:10586000BDE8F8400431FFF7A5B90A4B1868316864
:105870000431FFF79FF9084B1B68F8BD31680848F1
:10588000BDE8F8400431FFF787B900BF5C14012080
:1058900034190120A814012040140120A41401206F
:1058A0006414012010B50446603033F00DFE94F806
:1058B000853163B1012B13D0022B10D04FF0500370
:1058C00083F31188BFF36F8FBFF34F8FFEE7206B19
:1058D00001F058FE2046BDE8104001F053BE10BD57
:1058E0002046BDE8104001F04DBE00BF80B5164C0B
:1058F000164E174DDFF85CA04FF0E0294FF08058AE
:1059000011E001F02FFCF368DF68381DFFF76AF93A
:105910002B68013B2B602368013B236001F044FCB2
:105920003846FFF7BFFF2368002BEAD1DAF80030D2
:10593000012B05D9C9F8048DBFF34F8FBFF36F8FCB
:10594000F7F72CFDEFE700BF781401207C1401204D
:1059500060140120D41401202DE9F0470A9C099F0E
:105960004FEA8208424605468946206BA5211E461D
:1059700032F0DEFC236BA8F10408434423F007084F
:10598000C4F84480B9F1000F54D009F1FF3C09F18B
:105990000F0104F1330E1CF8012F0EF8012F0AB18C
:1059A0008C45F8D1002384F84330089B372B28BF5F
:1059B00037234FF0000AE3622365201DC4F854A08A
:1059C0009946FFF7E5F804F11800FFF7E1F8C9F18F
:1059D0003803A361C4F880A151464FF4907224614A
:1059E0006462C4F858A084F884A104F1600032F025
:1059F0009FFC32462946114E114D124B6366C4E995
:105A00004065114DC4F8085103F16805D033404694
:105A1000E3664FF001080B234FF00009C4E93E890B
:105A2000A566A4F80C3101F077FB206007B13C605B
:105A3000BDE8F08784F83490B7E700BF0E33CDABF4
:105A400034126DE6902E0120ECDE050030B587B0F3
:105A50000B9CD4B10C9D7DB14FF4C4750595059D8B
:105A6000B5F5C47F1AD04FF0500383F31188BFF30C
:105A70006F8FBFF34F8FFEE74FF0500383F3118812
:105A8000BFF36F8FBFF34F8FFEE74FF0500383F3E9
:105A90001188BFF36F8FBFF34F8FFEE70C9D2C6310
:105AA000022485F8854104ACCDE901450A9C0094A7
:105AB000059CFFF751FF0C98FFF728FE049807B0EC
:105AC00030BD00BF2DE9F043074685B09000154674
:105AD0008846994601F0C0FCF8B104464FF4C47002
:105AE00001F0BAFC0646A8B10463002486F885419B
:105AF0000D9C01940C9C02964B462A464146384622
:105B00000094FFF729FF3046FFF700FE012005B0A3
:105B1000BDE8F083204601F035FD4FF0FF3005B0C1
:105B2000BDE8F08370B504462B4D01F01BFB002C43
:105B300038D0261D3046FFF755F8A36A1BB104F193
:105B40001800FFF74FF8254A1368013313602B68DC
:105B5000A3421ED0224A13682046013B1360FFF780
:105B6000A1FE204B1A68126872B11A681E4BD268E7
:105B7000D26852681A6001F017FB1C4B1B6813B106
:105B80002B68A34210D070BD174B4FF0FF321A6044
:105B9000F1E717483146FEF7FFFF164A1368013355
:105BA0001360E8E72C68C4E7134B1B6843B14FF060
:105BB000500383F31188BFF36F8FBFF34F8FFEE75E
:105BC0004FF0E0234FF08052C3F8042DBFF34F8F06
:105BD000BFF36F8F70BD00BF341901204414012042
:105BE00060140120A8140120401401205414012045
:105BF0007C140120781401203C140120F8B5F0B188
:105C00001A4B1B688342044617D001F0ABFA184ABE
:105C1000184B166865691F6801F0C6FAB54219D0BD
:105C2000BD4217D0144B9D4212D0144B9D421AD046
:105C3000002D0CBF04200120F8BD0020F8BD4FF05E
:105C4000500383F31188BFF36F8FBFF34F8FFEE7CD
:105C5000A36A0BB10220F8BD94F88431012B0CBF6C
:105C600002200320F8BD0420F8BD00BF3419012034
:105C7000A8140120A4140120641401207C14012024
:105C800080B170B5204D2B688342044609D001F0E5
:105C900069FA1E4B62699A420DD0BDE8704001F06E
:105CA00083BA70BD4FF0500383F31188BFF36F8F39
:105CB000BFF34F8FFEE7A36A154A9342EDD0002B46
:105CC000EBD1261D3046FEF78DFF124AE36A1168BC
:105CD00011488B4288BF136003EB830300EB830002
:105CE0003146FEF759FF2B68E26ADB6A9A42D4D349
:105CF0004FF0E0234FF08052C3F8042DBFF34F8FD5
:105D0000BFF36F8FC9E700BF34190120641401206D
:105D10009014012058140120D4140120F8B5A8B122
:105D2000044601F03BFBEFF311854FF0500383F382
:105D30001188BFF36F8FBFF34F8F1F4B62699A4279
:105D40000DD0002685F311883046F8BD4FF0500382
:105D500083F31188BFF36F8FBFF34F8FFEE7A36A02
:105D600016488342EDD0002BEBD1154B1B68EBB9E5
:105D7000144BE66A1B68DB6A271D9E42384634BF17
:105D800000260126FEF72EFF0F4AE36A11680F482E
:105D90008B4288BF136003EB8303394600EB83001B
:105DA000FEF7FAFE85F311883046F8BD04F11801BC
:105DB000FEF7F2FEC5E700BF641401209014012035
:105DC0003C1401203419012058140120D41401205E
:105DD00030B589B0002407AA06A905A8CDE9054475
:105DE000FEF7AEFEDDE905231B491C480094CDE912
:105DF0000132079A2346FFF729FE70B100F07EFFBB
:105E000001280CD0013008D14FF0500383F31188E2
:105E1000BFF36F8FBFF34F8FFEE709B030BD4FF078
:105E2000500383F31188BFF36F8FBFF34F8F0C4B79
:105E30000C4A1B680C49603313600C4A0C4B4FF042
:105E4000FF350D6010601C60F7F7A6FA09B0BDE8D9
:105E5000304001F019BA00BF200F0508ED580108C5
:105E600034190120F80700104014012054140120B7
:105E70005C140120024A136801331360704700BFAD
:105E80003C140120014B1868704700BF5C140120CE
:105E9000014B1868704700BF601401202DE9F04FD6
:105EA0004C4B1B6883B0002B45D14B4B1E68013611
:105EB0001E60002E48D0494B0193019B1B689E42F7
:105EC0004FD3474FDFF82C913B68DFF82CA11D68BA
:105ED000002D72D0DFF82481002520E0FEF782FE3D
:105EE000A36A04F118000BB1FEF77CFEE06AD8F853
:105EF0000030984288BFC8F8000000EB8000594687
:105F000009EB8000FEF748FEDAF80030E26ADB6A4F
:105F10009A4228BF01253B681B68002B4DD03B6887
:105F2000DB68DC68636804F1040B9E425846D5D2F6
:105F3000019A13601AE02B4A1368002501332846A2
:105F4000136003B0BDE8F08F254B1A6812680AB3DE
:105F50004FF0500383F31188BFF36F8FBFF34F8F60
:105F6000FEE7DFF89090DFF890A00025DAF8003027
:105F70001D49DB6A03EB83039B0059F803200B6880
:105F8000022A28BF0125002B18BF0125284603B08F
:105F9000BDE8F08F154A186811681960144910603F
:105FA0000A6801320A601A6812685AB90B4B0193E9
:105FB0001A464FF0FF3313607FE7019A4FF0FF332B
:105FC0001360D3E71B68054ADB680192DB685B68F6
:105FD000136072E73C1401205C140120401401207E
:105FE000A8140120501401204C140120A4140120F5
:105FF00048140120D4140120341901205814012020
:106000002DE9F84F01F0AEF8374B1A68013A1A60E3
:106010001B68002B57D1354B1B68002B53D0344DD8
:106020002B68002B5CD0334EDFF8DC80324FDFF87A
:10603000DC904FF0010AEB68DC6804F1040B04F11A
:106040001800FEF7CFFD5846FEF7CCFDE36A326834
:1060500003EB83009342594608EB800088BF33600E
:10606000FEF79AFD3B68E26ADB6A9A4228BFC9F8EC
:1060700000A02B68002BDED1204B1A68126842BBAF
:106080001F4B4FF0FF321A601E4E346844B1012599
:10609000FFF704FF08B1C9F80050013CF8D13460A3
:1060A000D9F800307BB14FF0E0234FF08052C3F8B5
:1060B000042DBFF34F8FBFF36F8F012401F074F8ED
:1060C0002046BDE8F88F002401F06EF82046BDE8B8
:1060D000F88F1A680A4BD268D26852681A60D3E700
:1060E000DFF82890D0E700BF3C14012060140120A5
:1060F000901401205814012034190120A814012003
:106100004014012050140120D41401204C1401200B
:10611000064B1B6843B94FF0500383F31188BFF35C
:106120006F8FBFF34F8FFEE7FFF76ABF3C1401206C
:1061300010B550B94FF0E0234FF08052C3F8042D52
:10614000BFF34F8FBFF36F8F10BD104C216841B16B
:106150004FF0500383F31188BFF36F8FBFF34F8F5E
:10616000FEE7236801332360FFF756FB236843B93A
:106170004FF0500383F31188BFF36F8FBFF34F8F3E
:10618000FEE7FFF73DFF0028D4D010BD3C140120EE
:1061900038B5304B1B681BB12F4B01221A6038BD3C
:1061A0002D4A2E4C136017F053FB2D4B1968884273
:1061B00004D92568AA6D521A0244AA65226818609B
:1061C000136B1A68B2F1A53F07D15A68B2F1A53F27
:1061D00003D19A68B2F1A53F36D0206821683431E6
:1061E000F7F7DEF81F4D20492B6803EB830292007E
:1061F00098008A5842B9F3B1013B03EB830298003F
:1062000051F82220002AF6D0184401EB800C624697
:10621000DCF804104968CCF804100832914204BF3D
:106220004968CCF80410CA6822602B6023680F4AC2
:106230006033136038BD4FF0500383F31188BFF310
:106240006F8FBFF34F8FFEE7DB68B3F1A53FC4D17B
:10625000C8E700BF3C1401204C1401203419012070
:106260003814012058140120D4140120F80700101C
:1062700070B504462E4E00F075FF002C3AD0251D57
:106280002846FEF7AFFCA36A1BB104F11800FEF725
:10629000A9FC29462748284DFEF77EFC94F8843156
:1062A000012B04BF002384F8843100F07DFF2B68AC
:1062B0008BB93368A34200D070BD2B680BB31F4B62
:1062C0001B6833B34FF0500383F31188BFF36F8F14
:1062D000BFF34F8FFEE700F045FF194B1A681268B5
:1062E00052B11A68174BD268D26852681A6000F02F
:1062F0005BFFDEE73468C2E7124B4FF0FF321A60F3
:10630000F5E70C49104A0968126891420CD13360D4
:1063100070BD4FF0E0234FF08052C3F8042DBFF35F
:106320004F8FBFF36F8F70BDBDE87040FFF730BF78
:106330003419012064140120541401203C1401205C
:10634000A8140120401401206014012060B110B590
:106350000A4B0C4619681831FEF72CFC2046012127
:10636000BDE81040FFF758BA4FF0500383F311888F
:10637000BFF36F8FBFF34F8FFEE700BF34190120CB
:1063800038B580B10C4B0D46196814461831FEF72C
:1063900003FC002C21460CBF28464FF0FF30BDE81F
:1063A0003840FFF739BA4FF0500383F31188BFF339
:1063B0006F8FBFF34F8FFEE73419012038B5C368E4
:1063C000DC684CB304F118052846FEF70BFC174BAC
:1063D0001B6873B116482946FEF7DEFB154BE26ACF
:1063E0001B68DB6A9A4283BF134B012018600020B0
:1063F00038BD251D2846FEF7F5FB104AE36A1168F3
:106400000F488B4288BF136003EB8303294600EBE0
:106410008300FEF7C1FBE1E74FF0500383F31188DF
:10642000BFF36F8FBFF34F8FFEE700BF3C14012017
:1064300090140120341901204C140120581401201B
:10644000D4140120034A044B12681B68C0E90023DE
:10645000704700BF481401205C140120F8B508B350
:106460000D46B1B1044600F07DFE2B681A4A581C57
:1064700011682CD0DFF864C0D4E90060DCF800704B
:10648000BE4218D0884216D8012400F08DFE204666
:10649000F8BD4FF0500383F31188BFF36F8FBFF344
:1064A0004F8FFEE74FF0500383F31188BFF36F8FD8
:1064B000BFF34F8FFEE7A1EB000E734509D95B1ABE
:1064C000DCF80010126803442B60C4E900120024B9
:1064D000DBE700232B60D7E75C1401204814012080
:1064E000014B01221A6070474C14012070B50D4613
:1064F000164648B3044604F13402C5E90042E26A94
:106500002A61226BEA61A26CAA60226D6A61052B86
:10651000A26DAA6120D0214A1268A24217D0032B93
:106520002B7320D076B1266B3378A52B33D133462D
:10653000184613F8011FA529FAD0C6F10106064432
:10654000C6F38F062E8470BD144A1468D3E7002367
:106550002B73002EF6D0E6E72046FFF74FFB28739B
:10656000002EEFD0DFE70E4B1A6801321A60A26AE4
:106570000AB102222A731B6843B94FF0500383F318
:106580001188BFF36F8FBFF34F8FFEE7FFF738FD22
:10659000002ED7D0C7E70026D4E700BF341901206A
:1065A0003C1401204B682DE9F0475D6801F10808B3
:1065B000454508BFCD680E46D5F80CA09146044667
:1065C000002700E0756868687060804504BFD8F8EF
:1065D00004007060C56821464B4601222846FFF73B
:1065E00085FFAA4507F1010704F12404EAD13846E2
:1065F000BDE8F0872DE9F047DFF80081D8F80030DA
:106600000133C8F80030374B1B688B425FD8364DDA
:10661000002682469146A5F24C473824B44600E055
:106620001D46013C04EB84030CEB060057F82330B5
:10663000012229460AEB800043B1FFF7B3FF06446D
:1066400006EBC6004FEAC60C0AEB8000BD42A5F17E
:106650001403E5D1254B19680B683BB10222FFF703
:10666000A1FF064406EBC6000AEB8000204B196828
:106670000B683BB10222FFF795FF064406EBC6000C
:106680000AEB80001B490B683BB10422FFF78AFF2D
:10669000064406EBC6000AEB800017490B681BB1E5
:1066A0000322FFF77FFF0644B9F1000F03D017F074
:1066B000CFF8C9F80000D8F800306BB94FF050039C
:1066C00083F31188BFF36F8FBFF34F8FFEE7D8F8C6
:1066D00000300026002BF1D0FFF792FC3046BDE8D9
:1066E000F08700BF6014012020190120A8140120A8
:1066F000A41401207C140120641401203C14012006
:10670000054B1B6833B1054B1868B0FA80F040099F
:106710004000704701207047541401203C140120B0
:10672000F8B50446C8B11B4DC36A2A68D26A9342C1
:1067300014D28269002A04DB2A68D26AC2F13802C4
:106740008261154E626903EB830306EB83039A4271
:106750000CD02B68DB6AE3620120F8BD2B68006D6A
:10676000DB6A98422CBF00200120F8BD271D384667
:10677000FEF738FA2A68094BD06A1A68E06290423C
:1067800088BF186000EB8000394606EB8000FEF7FA
:1067900003FAE1E734190120D41401205814012030
:1067A00008B338B51D4B1C68844208D04FF0500325
:1067B00083F31188BFF36F8FBFF34F8FFEE7636DD5
:1067C00043B1E16A226D013B9142636500D063B140
:1067D000002038BD4FF0500383F31188BFF36F8F53
:1067E000BFF34F8FFEE700207047251D2846FEF7B8
:1067F000F9F9236D0A4AE362C3F13800A061106819
:106800008342084888BF136003EB830300EB8300D7
:106810002946FEF7C1F9012038BD00BF3419012017
:1068200058140120D414012000283DD0436D70B5C8
:1068300004464BB1006DE26A814238BF01468A428C
:1068400001D0012B09D070BD4FF0500383F31188A4
:10685000BFF36F8FBFF34F8FFEE7184B1B68A34248
:1068600023D0A369E162002BA8BFC1F13801144D08
:10687000A8BFA16102EB8202616905EB8203994224
:10688000E1D1261D3046FEF7ADF90E4BE06A1A68DD
:10689000904288BF186000EB8000314605EB800015
:1068A000BDE87040FEF778B970474FF0500383F3AE
:1068B0001188BFF36F8FBFF34F8FFEE734190120AC
:1068C000D4140120581401202DE9F04F274B1D68E6
:1068D0001B684FF0000803EBC30383B0044680F845
:1068E0000080980000F0B8FD00283CD029464246C0
:1068F0008146FFF77FFE80B300EBC000DFF870B089
:10690000DFF870A04D4609EB80072B7B6968042BEC
:1069100020464FF0000698BF1BF803602FF076FB6F
:10692000031B0E2B05D8221A0F32202131F000FD57
:106930000F2304F80380AA681C442B6901922A8C57
:1069400000925146324620462FF040FB2046F5F794
:1069500097FB2435AF420444D7D1484603B0BDE885
:10696000F04F00F00FBE03B0BDE8F08F60140120BF
:10697000C0110508280F05082DE9F04F2C4B1D68A4
:106980001B68002203EBC30383B004460270980027
:1069900000F062FD002848D001AA2946254E814614
:1069A000FFF728FE019BA6FB03267609632B0196C1
:1069B00035D9A0B300EBC000DFF87CB0DFF87CA0D5
:1069C0004D4609EB80080AE0B7FBF6F32FF0FEFA1C
:1069D0002046F5F755FB2435A84504441FD06968C7
:1069E000AF6920462FF012FB031B0E2B05D8221A8D
:1069F0000F32202131F09CFC0F230022E254BE42D2
:106A00001C44AA6951462046DED959462FF0DEFAC9
:106A10002046F5F735FB2435A8450444DFD1484628
:106A200003B0BDE8F04F00F0ADBD03B0BDE8F08F9E
:106A3000601401201F85EB51440F0508380F05082D
:106A4000044B1A681AB119684A6D01324A65186810
:106A5000704700BF3419012070B51A4C06460D4628
:106A600000F080FB2368D3F8803123B9236801212B
:106A700083F88411C5B900F097FB00F073FB23681D
:106A8000D3F8805125B1236856B10022C3F8802184
:106A90002368002283F8842100F086FB284670BD1D
:106AA0006A1EC3F88021F3E72846FEF7B5FE4FF0D3
:106AB000E0234FF08052C3F8042DBFF34F8FBFF394
:106AC0006F8FD8E734190120F8B508B31E460F467A
:106AD0001546044600F046FB16B1D4F88031336009
:106AE00094F884310222DBB284F88421042D54D836
:106AF000DFE805F007171D050300022B3AD0C4F8A4
:106B00008071012B19D0012400F04EFB2046F8BD06
:106B10004FF0500383F31188BFF36F8FBFF34F8F94
:106B2000FEE7D4F880213A43C4F88021E9E7D4F89D
:106B300080210132C4F88021E3E7251D2846FEF7B5
:106B400051F81C4AE36A11681B488B4288BF1360E6
:106B500003EB830300EB83002946FEF71DF8A36ACD
:106B600053B14FF0500383F31188BFF36F8FBFF31E
:106B70004F8FFEE70024C7E7104BE26A1B68DB6A11
:106B80009A42C0D94FF0E0234FF08052C3F8042D51
:106B9000BFF34F8FBFF36F8FB5E7D4F88021013279
:106BA000AFD04FF0500383F31188BFF36F8FBFF363
:106BB0004F8FFEE758140120D4140120341901200E
:106BC000F8B5E8B10D46044600F0E8FBEFF3118696
:106BD0004FF0500383F31188BFF36F8FBFF34F8FD4
:106BE000022394F8842184F88431D4F88031012A76
:106BF00003F10103C4F880310BD086F31188F8BD8E
:106C00004FF0500383F31188BFF36F8FBFF34F8FA3
:106C1000FEE7A36A43B14FF0500383F31188BFF33B
:106C20006F8FBFF34F8FFEE7134B1B688BB1134879
:106C300004F11801FDF7B0FF114BE26A1B68DB6A33
:106C40009A42DAD90DB101232B600E4B01221A6052
:106C5000D3E7271D3846FDF7C5FF0B4BE06A1A68DE
:106C6000904288BF1860094B00EB8000394603EB67
:106C70008000FDF791FFDFE73C1401209014012014
:106C8000341901204C14012058140120D41401207F
:106C9000F0B5124C83B000F065FA256825B103B059
:106CA000BDE8F04000F080BA0D4F0E4E3846FDF7BB
:106CB00063FF3046FDF760FF0B4A009517600B4AF3
:106CC0000B4B166010210B4A0A20FEF767F8206074
:106CD0000028E4D00849FEF7D9FCE0E7301A01208B
:106CE000501A01203C1A0120381A0120341A0120C0
:106CF0003819012088190120500F050810B588B0F7
:106D0000FFF7C6FF124B1B68CBB1002407AA06A9E8
:106D100005A8CDE90544FDF721FFDDE905020223C1
:106D2000CDE9012000930B49079A0B482346FEF753
:106D30008DFE0A4B186010B1012008B010BD4FF055
:106D4000500383F31188BFF36F8FBFF34F8FFEE7BC
:106D5000301A0120580F05084D6E01082C1A012029
:106D6000C0B130B5184D2C6885B084B10529CDE986
:106D70000012029017DCFFF7C3FC02281CD000238E
:106D800028681A466946FEF785F805B030BD2046EA
:106D900005B030BD4FF0500383F31188BFF36F8F00
:106DA000BFF34F8FFEE79C466246002369462046AC
:106DB000FEF786F905B030BD2868089A00236946B9
:106DC000FEF768F8E4E700BF301A0120F0B51D4E69
:106DD00083B00DE0DB68DC681F68251D2846FDF7E1
:106DE00001FF236A2046984794F828305B0709D4AE
:106DF00033681A68002AEDD1134A116831601360B4
:106E000003B0F0BDA26907EB020C67454FF0000329
:106E100020463A46294606D23068C4F804C02461A8
:106E2000FDF7C8FEE4E700931946FFF799FF002835
:106E3000DED14FF0500383F31188BFF36F8FBFF3A0
:106E40004F8FFEE7381A0120341A01202DE9F04F48
:106E50008E4E8F4D8F4C89B04FF0E0294FF0805807
:106E600032681768002F00F09D80D3681F68FFF715
:106E700001F8FFF707F82A6890428346C0F0A38024
:106E80008742286040F2B28000222068A7EB0B0105
:106E9000FEF714FCFFF73CF928B9C9F8048DBFF3DD
:106EA0004F8FBFF36F8F2068002204A9FEF7C0F94F
:106EB0000028D5D0049B0698002B6CDB069F7B69CD
:106EC00013B1381DFDF78EFEFEF7DCFF2B689842EC
:106ED00083467FD3049BC5F800B0092BE3D8DFE8D5
:106EE00003F00505054A345105054A3497F8282072
:106EF000059BB9693F6142F0010287F828205A18C2
:106F00002CBF012000205A457A6066D8ABEB030302
:106F100099422AD83B6A3846984797F8283059074B
:106F2000C1D5BB69059A1A44002300933846194617
:106F3000FFF716FF0028B6D14FF0500383F31188F6
:106F4000BFF36F8FBFF34F8FFEE797F82820059BA5
:106F5000BB6142F0010287F82820002B00F08880F6
:106F60005B445B457B603F613BD84B4B391D1868E8
:106F7000FDF720FE97E797F8283023F0010387F804
:106F8000283090E797F828309A074AD523F0010374
:106F900087F8283087E7059B07999847049B002BC3
:106FA00081DB8BE7FEF766FFFEF76CFF2A68824203
:106FB000834608D8384BC5F800B01A681268B2FA90
:106FC00082F2520961E7FFF701FFC5F800B0FFF751
:106FD0009FF868E7FFF7FAFE7CE75B4501D90028D8
:106FE00098D03068391DFDF7E5FD5CE7FFF790F8B4
:106FF0003268D268D2F80CA00AF104010846039165
:10700000FDF7F0FD9AF82820039912F0040F0CD137
:1070100022F001028AF82820DAF8203050469847FA
:1070200041E7384600F0AEFA3DE7DAF81800CAF852
:1070300010A03A185A45CAF8042003D93068FDF761
:10704000B9FDE9E7ABEB070B58451AD800233A46E0
:10705000009319465046FFF783FE0028DCD14FF01D
:10706000500383F31188BFF36F8FBFF34F8FFEE799
:107070004FF0500383F31188BFF36F8FBFF34F8F2F
:10708000FEE7054B1868FDF795FDC5E7381A0120A6
:10709000281A0120301A0120341A012008480068FB
:1070A000006880F308884FF0000080F3148862B60F
:1070B00061B6BFF34F8FBFF36F8F00DF00BF0000DB
:1070C00008ED00E0DFF80C00016841F47001016098
:1070D0007047000088ED00E00E4B1B6882B0002274
:1070E0000133019208D04FF0500383F31188BFF3AE
:1070F0006F8FBFF34F8FFEE74FF0500383F311887C
:10710000BFF36F8FBFF34F8F019B002BFCD002B0FA
:10711000704700BF0C00001010B44FF08073074C94
:1071200040F8043C21F001016FF0020340E9034103
:1071300040E909325DF8044B44387047D9700108C2
:10714000074B19680868B0E8F04F80F30988BFF36F
:107150006F8F4FF0000080F311887047AFF300800D
:10716000341901204FF0500383F31188BFF36F8F60
:10717000BFF34F8F0B4A13680133012B136000D00C
:1071800070474FF0E023D3F8043DDBB2002BF7D07B
:107190004FF0500383F31188BFF36F8FBFF34F8F0E
:1071A000FEE700BF0C000010084A136843B94FF017
:1071B000500383F31188BFF36F8FBFF34F8FFEE748
:1071C000013B13600BB983F3118870470C0000106A
:1071D000EFF30980BFF36F8F154B1A681EF0100F85
:1071E00008BF20ED108A20E9F04F10602DE909005A
:1071F0004FF0500080F31188BFF34F8FBFF36F8FB4
:10720000FEF7C6FF4FF0000080F3118809BC196833
:107210000868B0E8F04F1EF0100F08BFB0EC108AFD
:1072200080F30988BFF36F8F704700BFAFF3008012
:107230003419012008B54FF0500383F31188BFF3D0
:107240006F8FBFF34F8FFEF729FE28B14FF0E02379
:107250004FF08052C3F8042D002383F3118808BD3A
:107260004FF0E02200230649136193610B68054942
:10727000A1FB03139B090720013B53611061704779
:1072800000000010D34D62104FF0E0233D4AD3F8C8
:10729000001D914241D0D3F8002D3B4B9A4233D090
:1072A00030B53A4B3A4C1A783A4883B0FF21D2B203
:1072B000019219701B78DBB28DF803309DF8033012
:1072C0009DF8032003F0500307211206237001608C
:1072D00048BF06220FD59DF803305B00DBB28DF866
:1072E00003309DF803301B06114602F1FF32F2D441
:1072F00003291BD001604FF0500383F31188BFF3C3
:107300006F8FBFF34F8FFEE74FF0500383F3118869
:10731000BFF36F8FBFF34F8FFEE74FF0500383F340
:107320001188BFF36F8FBFF34F8FFEE7019B174AA2
:107330004FF0E0244FF44071DBB201601370D4F8D9
:10734000203D43F47003C4F8203DD4F8203D43F0C1
:107350007043C4F8203DFFF783FF0F4B00251D60ED
:10736000FFF7B0FED4F8343F43F04043C4F8343F55
:10737000FFF794FEFEF70CFFFFF7AEFE284603B0C2
:1073800030BD00BF71C20F4170C20F4100E400E088
:10739000681A0120641A01200C000010EFF3058325
:1073A0000F2B0ED91149124A5B5C12789A4208D908
:1073B0004FF0500383F31188BFF36F8FBFF34F8FEC
:1073C000FEE74FF0E0230B4AD3F80C3D126803F4BC
:1073D000E063934208D94FF0500383F31188BFF361
:1073E0006F8FBFF34F8FFEE7704700BFF0E300E001
:1073F000681A0120641A012010B4154B1A461B6844
:107400008342FBD35468416802EB040C604513D0FF
:107410004418A34206D00360824218BF10605DF892
:10742000044B70470B4C2468A342F4D0D3E90034DA
:10743000214403604160EFE72144501883425160CA
:10744000EDD1044800688342E9D01046EEE700BF62
:10745000841A0120801A01202DE9F041414E044692
:10746000FEF708FD3368002B5DD03F4B1D682C42B2
:107470002FD174B304F1080160071CBF21F007018C
:10748000083131B3DFF8F880D8F800708F4220D38C
:107490003648046803E0236823B120461C4662682E
:1074A0008A42F8D33368A34213D023680668036086
:1074B000531A102B06F1080618D96018420710D08D
:1074C0004FF0500383F31188BFF36F8FBFF34F8FDB
:1074D000FEE7FEF71DFEF5F765FF00263046BDE826
:1074E000F08143606160FFF787FF6268204B196895
:1074F000BF1A8F421F4938BF1F600B68C8F8007061
:10750000154300220133C4E900250B60FEF700FE9D
:107510007307E3D04FF0500383F31188BFF36F8FED
:10752000BFF34F8FFEE7144B144A11480E4F5D070F
:1075300018BF07330D4D22F0070218BF23F00703D1
:107540002B601946D31A03600D4832600360002097
:1075500068604FF00045C2E900003D60C1E90023CA
:1075600085E700BF801A01206C1A0120841A0120CF
:10757000781A0120741A01201C0000201300012039
:107580007C1A0120D0B11C4A50F8043C1268134206
:107590000BD050F8081C91B14FF0500383F31188C1
:1075A000BFF36F8FBFF34F8FFEE74FF0500383F3AE
:1075B0001188BFF36F8FBFF34F8FFEE7704700B5A1
:1075C00023EA020383B040F8043C0190FEF752FC2A
:1075D0000A4A0198116850F8043C08380B441360BB
:1075E000FFF70AFF064A13680133136003B05DF822
:1075F00004EBFEF78DBD00BF6C1A01207C1A012040
:10760000701A0120014B1868704700BF7C1A0120D6
:10761000014B1868704700BF781A01201D4B1E4AA5
:107620001B8870B51488A4B206469BB2F4B94EF616
:10763000EE629B1A18BF0123184D03F500509B03FF
:1076400001301D44B5EB803F4FEA803403D815E08C
:107650000434A54212D923680133F9D10A46002324
:1076600021460120F8F7EAFF50B170BD7BB94EF614
:10767000EE63E31AB3FA83F35B09DDE7802070BDA4
:1076800003463246A11C0120F8F7D8FF70BDAB209D
:1076900070BD00BF0040000800800008FF7F0008A8
:1076A00030B4124D124A2B88B2F800C09BB2CBB155
:1076B0001FFA8CF484B90F4B02F1020C02E0043B78
:1076C0009C450CD21A8892B28242F8D133F8023C1F
:1076D0000B80002030BC7047AB2030BC70470120CD
:1076E00030BC7047044B2A46E6E700BF0040000864
:1076F00000800008FEBF0008FE7F00082DE9F0476B
:1077000086B005460F46FFF789FF802802D006B0F5
:10771000BDE8F087264C27492388002200920A887A
:107720009BB292B2002B3ED0002A3FD102264EF6E9
:10773000EE62002321460120F8F780FF0028E6D101
:1077400039462846FFF76AFF0028E0D1DFF86CA031
:10775000DFF864900AF5A4783AF8027B1649BD4236
:1077600038460AD0FFF79CFF0128384605D0B9F803
:107770000010FFF753FF0028C9D1C245ECD1002209
:1077800001250223694601A8CDE90453019203961D
:10779000F9F706F80028BAD100220023214628462E
:1077A000F8F74CFFB3E701260C46C0E7AB20AEE785
:1077B00000400008008000088C1A0120941305087E
:1077C00000B5012289B00123CDE904230221002262
:1077D0000691CDE901220D4B0D484FF6FF7101E0F6
:1077E00083420AD01A8892B28A4203F10403F7D086
:1077F00001A902A8F8F7D4FF28B904490022002300
:107800000120F8F71BFF09B05DF804FB00400008F9
:10781000008000082DE9F0435F4D604E2C883388CE
:1078200089B00022CDE90122A4B24EF6EE62012019
:10783000012102279442CDE904019BB206976FD043
:107840004FF6FF718C4249D024B1FFF7B9FF09B060
:10785000BDE8F083002BF8D08B4200F09880DFF871
:107860004491DFF83C814FF0FF37F38839F8025B31
:107870004B499BB2AB4208BF27B2A74228460AD069
:10788000FFF70EFF0128284605D0B8F80010FFF7D3
:10789000C5FE0028DBD10134A42CE6D13F490022EB
:1078A00000230120F8F7CAFE0028D0D101220123CD
:1078B000CDE904230222384B384806924FF6FF7177
:1078C00001E0834263D01A8892B28A4203F1040332
:1078D000F7D001A902A8F8F763FFB8E7CBB193424C
:1078E00002D0B2E7B5420BD02B889BB2A34205F180
:1078F0000405F7D001A902A8F8F752FF0028A6D185
:107900002649002200230120F8F798FE9FE7B542A0
:107910003DD02B889BB2A34205F10405F7D0D8E7F0
:1079200043BBDFF880801E4E99464FF0FF37EA8850
:1079300038F8024B1A4992B2A24208BF0FFA89F7EF
:107940004F4520460AD0FFF7ABFE0128204605D060
:107950003188FFF763FE00287FF479AF09F1010950
:10796000B9F1A40FE3D10C49002200230120F8F75C
:1079700065FE6CE74FF6FF7293427FF466AF00221C
:107980000023294601200497F8F758FE5FE70020FE
:1079900009B0BDE8F08300BF004000080080000887
:1079A0008C1A01209413050840EA01039B070FD0AD
:1079B000FAB100B501F1FF3C0138634602335B1AAE
:1079C0001CF801EF00F801EF9A42F6D85DF804FBCD
:1079D0009307EED192080BD001EB820204380439F0
:1079E000131F51F8042F40F8042F9942F9D1704722
:1079F0007047704712B1531E1A4001D000207047E3
:107A0000C0E90022C0E9023101207047D0E900320C
:107A100093423EBF81685B180133981A704700BFDC
:107A2000D0E90032806893423CBF1B1801339A1A98
:107A3000801A70472DE9F04104460368A668C068C3
:107A400003EB020CB4451546184413D9721CD61A20
:107A5000ACEB02080F463246FFF7A6FFE06842464D
:107A6000B919FFF7A1FF2268A36815441D402560DE
:107A7000BDE8F081FFF798FFF5E700BFF8B546686D
:107A800004460F46C1688068B318834231440DD95B
:107A90000130861B1D1A32463846FFF785FFE16824
:107AA0002A46B819BDE8F840FFF77EBF3846BDE862
:107AB000F840FFF779BF00BFD0E901231144194016
:107AC000416070470023C0E90033704710B50B4692
:107AD00082B0B9B101280CD80B7853B1134C012BEB
:107AE000235402D0012002B010BD01F049FA002851
:107AF000F8D14FF0E023D3F8F03DDB0700D500BE0E
:107B00000020F0E7012401A91846ADF8044001F077
:107B100037FA38B94FF0E023D3F8F03DDA07E2D571
:107B200000BEE0E7014B1C70DDE700BF901A0120AA
:107B3000F8B5037813F001041AD103785A07054603
:107B4000C3F3800701D52046F8BD0E4630464FF0FE
:107B5000FF31FDF727FC2B7813F001040BD12B78B4
:107B60005B0709D42B7843F0040301242B7003E056
:107B700000242046F8BD3C4600231A4619463046EC
:107B8000FDF788F92046F8BD70B50C4605464FF064
:107B9000FF312046FDF706FC2B78C3F380065B0718
:107BA00008D52B7813F0010303BF2A7863F3820210
:107BB0002A70002600231A4619462046FDF76AF966
:107BC000304670BDC378828803F003000228C2F3F8
:107BD0000A021FD0032803D001280AD000207047D2
:107BE000022914BF40234FF48063934209D301203C
:107BF0007047022940F2FF3308BF4FF4806393427D
:107C0000F6D24FF0E023D3F8F03DDB07E6D500BE17
:107C100000207047022902D0402AE8D9F1E7B2F5E6
:107C2000007FE4D0EDE700BF0A44914205D37047DE
:107C300091F800C061448A4220D991F801C0BCF19A
:107C4000050FF5D100B591F802C00CF07F0E00EBE6
:107C50004E0E4FEADC1C0EF80C3091F800C0614467
:107C60008A4209D991F801C0BCF1050FEBD091F817
:107C700000C061448A42F5D85DF804FB704700BF3C
:107C800070B5044601F06CF900B970BD01F070F9EF
:107C900005460028F9D1E378002BF6D004F1100650
:107CA000304601F039F83F28EFD9E178284601F055
:107CB00047FF0028E9D0304601F02EF83F28E17850
:107CC00007D904F5DB6228464023BDE8704001F087
:107CD00057BF2846BDE8704001F042BF10B50446CA
:107CE00001F03EF908B9002010BD01F041F900286B
:107CF000F9D1044B4FF4EB6202FB0433187900F026
:107D0000010010BD981A01204FF4EB6370B503FB1E
:107D100000F44FF6FF739A42074E28BF1A4604F14B
:107D2000100092B2304401F009F805463019FFF70F
:107D3000A7FF284670BD00BF981A01202DE9F04129
:107D4000044601F00DF910B90020BDE8F08101F002
:107D50000FF906460028F7D14FF4EB63DFF8608097
:107D600003FB04F404F124054544284600F0BAFF5F
:107D70000028E9D008EB04073046B97801F0E0FEAE
:107D80000028E1D004F5E36444442846214640221B
:107D900000F0D4FFB978054678B103462246304654
:107DA00001F0EEFE38B94FF0E023D3F8F03DDB07E9
:107DB000CAD500BEC8E72846C7E701F0D1FEC3E731
:107DC000981A012070B50E4C4FF4EB6303FB00448E
:107DD0004FF6FF739A4228BF1A4692B205462046D4
:107DE00001F010F80646204600F07CFF3F2801D83D
:107DF000304670BD2846FFF7A1FF304670BD00BF7A
:107E0000BC1A012008B5044B4FF4EB6202FB0030B2
:107E100000F082FF08BD00BFBC1A0120F0B5214C64
:107E200083B04FF4EB620021204630F081FA1E4A05
:107E300000270097FF234FF4E13117700822012536
:107E40006371A1600123A27304F138014FF4007241
:107E500004F1100000F012FF2B464FF4806204F58D
:107E60000E71009504F1240000F008FF04F5C761CD
:107E70002846FDF7D1F804F5D16106462846FDF7FE
:107E8000CBF806B140B94FF0E023D3F8F03DDB0763
:107E900000D500BE03B0F0BDC4E90776C4E90C0705
:107EA00003B0F0BD981A0120941A012038B5094C8E
:107EB000206A256B20B1FDF7BDFB0023C4E9073321
:107EC00035B12846FDF7B6FB00220023C4E90C2398
:107ED000012038BD981A012010B50F4C0F482378A7
:107EE000002202600271DA0707D59B070BD5BDE8B7
:107EF00010400B48012100F0B1BF103000F08EFFA0
:107F000023789B07F3D4064800F088FFBDE81040B3
:107F10000348012100F0A2BF941A0120981A012001
:107F2000BC1A0120F0B54B79022B83B003D0002599
:107F3000284603B0F0BD8B79022BF8D1244FBB78D3
:107F40008BBB8B783B700B78CC1806466178242964
:107F50004FF009050BD1082A02D820E0AA4208D325
:107F600023781C442B44617824299DB2F6D005293E
:107F700021D06378042B12D163790A2B0FD1154BD2
:107F800027780193013300930223E11930461A4602
:107F900001F0A2FD38B10E3517FA85F5ADB20C48E7
:107FA000FFF76EFEC4E74FF0E023D3F8F03DDB07A8
:107FB000BDD500BEBBE72146304601F069FD002873
:107FC000F1D0A3787B7023781D44ADB21C44D0E778
:107FD000981A01209A1A012038B5137803F060032B
:107FE000202B10D19446284ABCF8043092F800E0C7
:107FF0009E4508D19CF80130203B032B03D8DFE8D5
:1080000003F00A161E04002038BD01292FD00329D1
:1080100031D0012038BD01290BD00329F9D11B4BE8
:10802000002BF6D01A490020AFF30080F1E70129B8
:10803000EFD1174A0723614601F040FEE9E7012925
:1080400015D00329E5D1BCF802401248147104F0A0
:10805000010585F0010100F001FF0F4B002BD8D086
:10806000C4F3400229460020AFF30080D1E7614607
:1080700001F00CFECDE7094B002BCAD0BCF8021072
:108080000020AFF30080C4E7981A01200000000030
:10809000A01A0120BC1A012000000000000000000E
:1080A0002DE9F047364EF2780C46A242B1780746E9
:1080B0001D463CD0A14213D04FF0E023D3F8F03D51
:1080C000DB0700D500BE0020BDE8F0872D4B23B1B3
:1080D0002D4800F017FE00284FD02948FFF7D0FDAB
:1080E000B378A34202D00120BDE8F087274B13B13B
:1080F000002016F0D3F80020FFF720FE0028F2D170
:10810000234800F0EFFD0028EDD1002DEBD015F055
:108110003F05E8D1B178384601F012FD0028E2D0E1
:10812000B1782B462A46384601F02AFDDBE79AB2A1
:1081300006F5DB6106F1100000F064FE154B002B24
:10814000C4D07379FF2BC1D0002DBFD006F2D76801
:1081500008EB050AA8F2C76902E0C245B6D07379F8
:1081600018F8012F9A42F8D1484600F0CBFD0028BC
:10817000F3D17179AFF30080EFE716F07FF8ACE749
:10818000981A01207DE20208A81A01209DE2020847
:10819000BC1A012000000000704700BF012070479A
:1081A000704700BF704700BF10B50B4BCC2202FBDD
:1081B00000335C7800F0D4FE08B9002010BD00F058
:1081C000D7FE0028F9D1002CF7D0214601F012FD8E
:1081D00080F00100C0B210BDF02101202DE9F04770
:1081E0001A4FCC2505FB007A0646884600209AF8EF
:1081F000011091461C4601F0A3FC18B355464C35BE
:10820000B8F1000F11D1402C1CD84946224628460F
:10821000F4F766F9CC2303FB06702A46417823461F
:108220000020BDE8F04701F0ABBC3F2C8AF84C8041
:1082300005F1010006D8224649460134F4F750F909
:10824000A4B2E7E70020BDE8F08700BFF0210120DD
:108250000248CC22002130F06BB800BFF021012091
:10826000012070470248CC22002130F061B800BFE5
:10827000F0210120F0B54B79032B83B003D000250A
:10828000284603B0F0BD91F804C0CCEBCC05123504
:10829000ADB295420C4609D8204F7A7832B9217890
:1082A000621892F801E0BEF1210F07D04FF0E023F1
:1082B000D3F8F03DDA07E2D500BEE0E7BA60615CD2
:1082C0001144624607F1010CCDF804C007F1020C1D
:1082D000CDF800C0064601F0FFFB0028E6D0A379E8
:1082E000B978012B04BFE379FB700123BB71BB6834
:1082F000A278B3F807303A70BB800029C0D0084A92
:108300004023304601F03CFC0028B9D14FF0E02377
:10831000D3F8F03DDB07B3D500BEB1E7F021012073
:108320007C220120F0B51446127802F01F0CBCF13B
:10833000010F83B002D0002003B0F0BD654EB4F849
:1083400004C033785FFA8CFC6345F4D112F060020C
:10835000054603D1012921D00120EDE7202AEAD1E9
:108360006378013B0A2BE6D801A252F823F000BF44
:108370004B8401083B8401082B84010837830108E2
:1083800037830108378301083783010837830108E1
:10839000F7830108D9830108C383010861786388E2
:1083A0000629C8D11B0A212B78D0222BC3D1104615
:1083B00015F062FFB38802462146284601F07EFC94
:1083C000CAE7012912D00329C6D161880020C9B2A9
:1083D000B171FFF7E1FEBFE70129BDD1618800203F
:1083E000090AF171FFF7DAFE0028A4D021462846D9
:1083F00001F04CFCB0E701295BD00329ACD16388C4
:10840000E488402C204628BF402013F0FF014FEAAB
:10841000132204D0012C02D9337B8B4256D02E4B31
:108420000090002015F03CFF96E7012994D10B46FF
:108430002A4A214601F042FC8EE701298CD10B46E5
:10844000274A214601F03AFC86E7012984D1B4F895
:1084500006E063887746402F28BF402713F0FF00CF
:108460004FEA13222FD0BEF1010F2CD907F1FF3CA8
:108470001C4B30731FFA8CF70E4601460097002004
:1084800015F032FF33189BB2BBB94FF0E023D3F89D
:10849000F03DDB077FF54FAF00BE4CE7B268002A26
:1084A0003FF449AF1378214603B0BDE8F04001F036
:1084B00005BCE388402B3FF63EAF074A21462846DD
:1084C00001F0FCFB48E7044B0026D6E70138054BDA
:1084D00080B2A5E7F0210120FC210120F621012036
:1084E000F7210120FD21012030B5204C0546104622
:1084F000A27894F801C08A4283B00AD08C451ED07D
:108500004FF0E023D3F8F03DDB071FD4002003B089
:1085100030BD94459BB213D0D0B90093022204F130
:108520008C03014615F0BCFE114AA1784023284671
:1085300001F026FB0028E3D0012003B030BD9BB240
:1085400068B90C491A46FFF72BFEF5E700BEDDE7D8
:1085500004F18C0202210020FFF724FEE4E7054A23
:1085600001210020FFF71EFEE6E700BFF0210120F9
:108570007C2201203C22012070B500F12405044634
:10858000284600F0AFFB08B9002070BD61780020DC
:1085900001F0D6FA0028F7D004F5CC76314628460B
:1085A000402200F0CBFB6178054668B103463246B5
:1085B000002001F0E5FA50B94FF0E023D3F8F03D88
:1085C000DB07E1D500BEDFE701F0CAFADCE72846A9
:1085D00070BD00BF70B500F110050446284600F0DC
:1085E0009BFB3F2800D870BDA178002001F0A8FABD
:1085F0000028F8D0284600F08FFB3F28A17807D943
:1086000004F5AC724023BDE87040002001F0B8BA18
:10861000BDE87040002001F0A3BA00BF38B50C4C93
:108620004FF4EC7300FB03F3E518A87800B938BDEC
:1086300003F110000422204400F080FB0446284689
:10864000FFF7C8FFA4F10400B0FA80F0400938BD7C
:10865000C022012070B51B4C82B04FF4EC72002197
:10866000002520462FF064FE0123402204F138014A
:10867000009504F1100000F001FB0123402204F1F9
:108680007801009504F1240000F0F8FA04F1B80133
:108690000120FCF7C1FC04F5847106460120FCF7BB
:1086A000BBFC40B94FF0E023D3F8F03DDB0700D529
:1086B00000BE02B070BDC4E90756C4E90C0502B0A3
:1086C00070BD00BFC022012038B5094C206A256B5F
:1086D00020B1FCF7AFFF0023C4E9073335B12846CA
:1086E000FCF7A8FF00220023C4E90C23012038BDB9
:1086F000C022012010B5084C002304F11000C4E989
:108700000033C4E9023300F089FB04F12400BDE822
:10871000104000F083BB00BFC02201202DE9F043D0
:108720004B79012B83B004D00025284603B0BDE867
:10873000F0838B79012BF7D1CB79002BF4D191F811
:1087400000C001EB0C040646617824290CD1944545
:1087500002D9E9E76245E7D323781C446344617892
:1087600024291FFA83FCF5D00429DDD16379012B7C
:10877000DAD1A379032BD7D1E379002BD4D1DFF859
:10878000889099F8013099F802803BB14FF0E023CE
:10879000D3F8F03DDB07C7D500BEC5E7B8F1000F41
:1087A000F4D1A37889F800302778217907EB0C05FC
:1087B000ADB2274431B923E03B7841451D441F4405
:1087C000ADB21DD9AA421BD37B78052BF4D1394613
:1087D0003046019201F05CF9019A0028D6D0BB78AE
:1087E000D90914BF89F8013089F802303B78217922
:1087F00008F101081D445FFA88F81F44ADB2DBE7B9
:108800000148FFF7E7FE90E7C022012000207047F3
:1088100070B5204C1D46A37862788B420AD08A42FC
:1088200019D04FF0E023D3F8F03DDB0700D500BEB0
:10883000002070BDAAB204F5AC7104F1100000F084
:10884000E1FA154B13B1002015F05EFD1148FFF75A
:10885000C1FE012070BD06462046FFF78DFE0028B0
:10886000F7D104F1240000F03DFA0028F1D1002DE9
:10887000EFD015F03F05ECD16178304601F060F99A
:108880000028E6D061782B462A46304601F078F978
:10889000DFE700BFC022012009E302082DE9F0470D
:1088A00082B00646BDF828C0B6F804E09DF82C005A
:1088B000A3EB0C05ADB263453CBF05EB4E05ADB275
:1088C0000F46002D3BD0AE453DD3954228BF1546FF
:1088D000E64505D8ACEB0E0C1FFA8CFCE645F9D941
:1088E000F288D6F80080AEEB0C03A5EB0E0EC2F3B7
:1088F0000E0A9BB2E6441EFB0AFE13FB0AF901288E
:1089000052461FFA8EF40AFB0C811FFA89F925D111
:108910009D422ED815FB0AF39AB2C3F38D03581E5D
:1089200080B2002B00F08180013001EB800051F813
:10893000043B3B608142FAD112F003026CD128461D
:1089400002B0BDE8F0879E4594BFA3EB0E037344CD
:108950001FFA83FCA6F80AC07546B6E79D424DD8BB
:1089600005FB02F23846F3F7BBFD284602B0BDE82E
:10897000F08729F003039A089EB2531E9BB242B1BE
:10898000013301EB83000B4653F8042B3A6083421A
:10899000FAD119F003091DD03144C9F10406B6B269
:1089A000A64228BF26460023A4EB060E4A4601A88D
:1089B00001931FFA8EF4F3F793FD01AB5FFA86FA89
:1089C00003EB090026B141465246F3F789FDD04436
:1089D000019B3B60002CB2D0A1084B1EE2B29BB2BF
:1089E00029B3013308EB830158F8043B3B60414550
:1089F000FAD112F00302A2D000230FE04A46384613
:108A0000F3F76EFD3168224607EB0900F3F768FDC6
:108A1000284602B0BDE8F0870023014601A8019373
:108A2000F3F75EFD019B3B6089E7084684E741461A
:108A3000E2E700BF2DE9F04F0446C06885B00F465D
:108A400016469B4618B14FF0FF31FCF7ABFCE279BC
:108A500023896589A188D2099BB2ADB214D1AB42FA
:108A600036BFC5EB41055D1BED18ADB28D4271D32C
:108A70000026E06820B100231A461946FCF70AFADE
:108A8000304605B0BDE8F08F8E4246D3BBF1000FF3
:108A900040F08780E388761AC3F30E0303FB067762
:108AA0000E46002EE5D006EB05081FFA88F88D4229
:108AB000284603D3401A80B28842FBD2B4F806C0DD
:108AC0002368A1EB000EA6EB0109CCF30E02814452
:108AD0001FFA8EFE19FB02F91EFB02FABBF1010F11
:108AE0001FFA89F902FB00301FFA8AFA39D0B6451D
:108AF0005FD3394602FB06F2F3F7F2FCA188454545
:108B00004FEA410202D8B8EB410F03DBA8EB0202A7
:108B10001FFA82F8A4F80880ABE7AB4236BFC5EB7A
:108B20004100581BC01880B24A00304490423ADBE2
:108B300005EB01081FFA88F8A8EB06039BB29D42DB
:108B400001D89A427CDC9B1A9DB206EB05081FFAFD
:108B500088F8ACE74D1BADB2AE4228BF2E461D468D
:108B60009FE7B64531D312FB06F2C2F38D0C0CF130
:108B7000FF3392B29BB2BCF1000F7BD0013300EB0C
:108B8000830C3B6840F8043B6045FAD112F00302C5
:108B9000B5D03B68039303A96046F3F7A1FCA18815
:108BA000ADE70E467DE703EB06081FFA88F81D4681
:108BB0007DE752463946F3F793FC07EB0A0120683C
:108BC0004A46F3F78DFCA18899E72AF0030E4FEA95
:108BD0009E014A1E1FFA8EFE92B241B1013200EB95
:108BE000820C0246396842F8041B6245FAD11AF039
:108BF000030220D0C2F1040B1FFA8BFB3B680393E6
:108C0000CB4503A9704428BFCB460192F3F768FC1B
:108C1000019A03ABA9EB0B0999181FFA89F923688C
:108C20005FFA8BFABBF1000F05D018465246F3F7F6
:108C300057FC03465344B9F1000F03D1A1885EE706
:108C40001D4634E74FEA9900411E5FFA89F289B266
:108C500090B1013103EB8100396843F8041B834272
:108C6000FAD112F00302E9D03B68039303A9F3F7AA
:108C700037FCE3E7844689E71846F5E72DE9F0413C
:108C8000B2F5004F9DF8188029D80446C0681646F2
:108C90000F461D4618B14FF0FF31FCF783FB2069EA
:108CA00018B14FF0FF31FCF77DFBC5F30E05E0680E
:108CB0002760002345EAC8356381A680E5802381CB
:108CC00018B11A461946FCF7E5F8206920B10023CF
:108CD0001A461946FCF7DEF80120BDE8F0810020B5
:108CE000BDE8F08103894289808892B29BB29342A9
:108CF00036BFC2EB40029B1A9B189BB2984228BF1A
:108D0000184670470289438990B29BB2C01AB0FAE4
:108D100080F04009704700BF03894289808892B281
:108D20009BB2934236BFC2EB40029B1A9B189BB288
:108D3000984286BFC01A80B20020704770B50446C2
:108D4000006982B00D46164618B14FF0FF31FCF7AE
:108D500029FB23896289294692B200259BB20092A1
:108D6000019532462046FFF799FD6289A18892B2AB
:108D700083189BB29A4205464FEA41020DD8B3EBE5
:108D8000410F0ADA2069638120B100231A4619468F
:108D9000FCF780F8284602B070BD9B1A9BB2F1E741
:108DA00070B50446006982B00D46164618B14FF002
:108DB000FF31FCF7F7FA23896289294692B201252F
:108DC0009BB20092019532462046FFF767FD62890B
:108DD000A18892B283189BB29A4205464FEA41029B
:108DE0000DD8B3EB410F0ADA2069638120B100236B
:108DF0001A461946FCF74EF8284602B070BD9B1A79
:108E00009BB2F1E712B10023FFF714BE1046704782
:108E100012B10123FFF70EBE1046704710B504468D
:108E2000C06818B14FF0FF31FCF7BCFA206918B1E7
:108E30004FF0FF31FCF7B6FAE0680023638123812D
:108E400018B11A461946FCF725F8206920B100230D
:108E50001A461946FCF71EF8012010BD38B5044625
:108E6000C0680D4618B14FF0FF31FCF79BFA20693E
:108E700018B14FF0FF31FCF795FAE379E06865F33C
:108E8000C713E37120B100231A461946FCF702F814
:108E9000206920B100231A461946FBF7FBFF012089
:108EA00038BD00BF002070472DE9F0411B4EDFF8B0
:108EB000788032781A4F0024054623460DE03B683F
:108EC00013EB441321D0DB682846984732780134ED
:108ED000E4B2911CA142234606DBA242A3EB0203AB
:108EE000EDD808EB4313EEE70E4C2C220021204670
:108EF0002FF01EFA4FF0FF33C4E90233C4E9063302
:108F0000636063612361BDE8F0814FF0E023D3F833
:108F1000F03DDB07F7D500BEBDE8F081B0250120AC
:108F2000B4250120BC250120C8110508704700BFE9
:108F3000704700BF00207047002070470020704736
:108F4000704700BF014B9878704700BFBC250120D7
:108F5000024B187800F00100704700BFBC250120CB
:108F6000024B5878003818BF01207047BC250120FB
:108F7000024B1878C0F38000704700BFBC25012069
:108F80002DE9F047DFF8FC8098F80030FF2B82B025
:108F900003D0012002B0BDE8F0870D4600294FD074
:108FA0002C22002106462E482FF0C2F92D4B2E49C7
:108FB000002401201C70FCF72FF82C4B18600028AF
:108FC0003ED02B4B009433F80A1C33F80C0C53F8AA
:108FD000082CA3F10C07FBF7E1FEB9680446FCF787
:108FE00055FB244B1C605CB3234B244F8BB338469A
:108FF000AFF30080224B3A7818600024DFF888A095
:10900000DFF87C9023460EE0D9F8003013EB4413D0
:1090100016D05B68A3B198473A780134E4B2911C4A
:10902000A142234605DBA242EED89B1A0AEB43136A
:10903000EFE72946304688F8006001F0B1F850B9F2
:109040004FF0E023D3F8F03DDB0700D500BE002051
:10905000A0E73A78D1E7304601F000F999E700BF80
:10906000BC250120B82501209C2401209824012042
:109070001C000010EC24012000000000B02501209D
:10908000B42501206C000010C81105082DE9F04F2F
:10909000DFF8B09299F80030FF2B8DB033D04FF449
:1090A0007A72A24BA24CA34FDFF89CB2009002FB55
:1090B00000F8A3FB08239B099A46009B20685D1CCF
:1090C00000F0D580002B00F0D280B8F57A7F2CBF5D
:1090D0005246012209A9FCF7ABF8A0B19DF8253052
:1090E000013B072B00F2A383DFE803F0A59CB9AF97
:1090F000953B10040A9B0BB10B9898472068FCF72E
:1091000085FA0028D9D10DB0BDE8F08F9DF8281060
:1091100001F07F0007EB400303EBD11393F820200D
:1091200022F0010283F8202093F8202022F004028C
:1091300083F82020002800F0A4807F4A1B7D12784D
:10914000934280F096807D4A126812EB431300F040
:10915000B8809E699DF829200B9B9DF82400B0479C
:10916000CCE79BF80030002B00F0AB809BF8003080
:10917000013BDBB28BF800309BF8003003F0FF00BE
:10918000002BBBD16B4E337843F00103337096F85C
:10919000203060F3000386F8203096F8203060F32A
:1091A000820386F8203096F8213060F3000386F8B9
:1091B000213096F8213060F3820386F821309DF843
:1091C0002430019300F0B6FD9DF8282002F06003E2
:1091D000602B64D0402B00F0E98102F01F02012ACD
:1091E00000F0B480022A75D0002A58D1202B00F05C
:1091F000E981002B53D19DF82930092B4FD8DFE8A6
:1092000013F0A40196014E00B5014E0089015E01E4
:109210004E005301E8003B78D9077FF56FAF15F09A
:109220009BF86BE79DF82400FFF73EFE00F078FD09
:1092300015F082F862E79DF82400FFF735FE00F094
:109240006FFD9DF82830BB7058E73B78D8077FF555
:1092500055AF3878C0F3C000FFF772FE4EE7FB78D9
:10926000DA077FF54BAF0A98FFF762FE46E7009AF0
:1092700030E7901C984224DB9B1A314A02EB4313DF
:1092800067E70B9B9DF829209DF8240000F064FD02
:1092900034E714F0DBFF0246002840F07E814FF0F7
:1092A000E023D3F8F03DDD0700D500BE9DF8240093
:1092B000002101F0CFF89DF82400802101F0CAF8C8
:1092C0001CE74FF0E023D3F8F03DDC077FF51BAF40
:1092D00000BE18E79DF82C1001F07F02052ADED8A9
:1092E00006EB4200144D00EBD1102D78007D4FEAC3
:1092F000420EA8424FEAD112029259D305F1020C54
:109300008445C0F27C81401B0D4D05EB4015002BC0
:1093100000F07981686900F00DFD6B6901980AAA77
:109320000121984700287FF4E9AEBFE7D34D6210D2
:10933000EC240120BC250120B0250120B42501200A
:10934000C81105086C000010B82501209DF82C30CC
:109350000F2BABD8B64A334412781B79934232D3E1
:10936000911C9942A2DBB34E9B1A06EB431670691F
:1093700000F0E0FC736901980AAA012198470028CF
:109380007FF4BCAE9DF8283013F060068ED19DF8B6
:1093900029300A3B012B89D800F0CCFC9DF82930FC
:1093A0000A2B00F0DC8101980AA900F06FFCA5E609
:1093B000A14D2D6805EB4015002B00F02481002DF8
:1093C0003FF474AFA6E79C4A166816EB4316CED15D
:1093D0006CE773789DF82A509D4200F06E81737897
:1093E000002B40F087817570002D00F06481681EAD
:1093F000C0B214F02BFF0346002800F0CB81427866
:10940000022A40F0C781C1793078C1F340121201BD
:10941000C1F3801142EA411220F030000243327061
:109420005A88CDE902A89A18049203F10901049B15
:109430008B4240F2C7814A780B2A00F0F381012366
:10944000042A40F0DC81049A0693521A92B20592E3
:10945000774A4FF0000A1278D0461DE0764B1D681F
:1094600015EB4A1500F0CB812B69059A01980791FD
:1094700098470828079902460AF1010303D905987D
:10948000904280F0A4815FFA83FA694B1A78931CAA
:109490009A45D04600F37C819245A8EB0202DDD3C9
:1094A000644B03EB4215DFE773788DF822300198A7
:1094B00001230DF122020AA900F000FC1EE6BDF80E
:1094C0002A00030A013B020AC0B20E2B3FF6EEAEA1
:1094D00001A151F823F000BF4197010889950108C7
:1094E00031970108AD920108AD9201081397010868
:1094F00089950108AD920108AD920108AD9201086D
:10950000AD920108AD920108AD920108AD9201083B
:10951000B79701080AA800F013FC01989DF82A10DB
:1095200000F0B2FE337843F002033370E6E5BDF895
:109530002A30012B7FF4BAAE3378019823F0080368
:109540000AA9337000F0A2FBD8E5337801989A0895
:1095500002F00202C3F340131343ADF822300DF1C1
:10956000220202230AA900F0A9FBC7E5BDF82A30B0
:10957000012B7FF49BAE3378019843F008030AA9CE
:10958000337000F083FBB9E5022A3FF482AEFFF7A7
:10959000D5FC024600283FF489AE019853880AA9F9
:1095A00000F08CFB00287FF4A9AD7FE6234800F093
:1095B000C1FB01980AAA0121FFF774FC00287FF47F
:1095C0009DAD73E69DF82C300F2B3FF66FAE184A19
:1095D000334412781B79934232D2174A166816EB3D
:1095E00043163FF463AE706900F0A4FB7369019801
:1095F0000AAA0121984700287FF480AD56E6002B87
:109600007FF454AE00259DF829C00CF0FD03012B1A
:109610001FD0BCF1000F7FF442AE029A019806EB16
:109620000E03134493F82030C3F3400395E700BFC3
:10963000B0250120C8110508B4250120A58E010818
:10964000911C9942FFF632AE7D4E9B1A06EB4316F3
:10965000C9E7BDF82A30D3B9BCF1010F99F8000071
:1096600030D0CDF80CE000F0F5FEDDF80CE0029A09
:1096700006EB0E03134493F8202042F0020283F815
:10968000202093F8202042F0010283F82020002DB2
:109690003FF434AD686900F04DFB6B6901980AAA8C
:1096A00001219847002000F045FB96F82130DE07A5
:1096B0003FF524AD77E614F03FFE01980AA900F0CB
:1096C000E5FA1BE5CDE9033E00F0C8FEDDF810E049
:1096D000029B0EEB06021A44039B92F8201063F3E0
:1096E000410182F8201092F8201063F3000182F803
:1096F0002010CCE70021019800F0F4FD019800F063
:1097000027FEB37801980293FFF7CEFB029BB3705C
:1097100069E6FFF711FC024600283FF4C7AD019847
:1097200013780AA900F0CAFA00287FF4E7ACBDE577
:10973000BDF82C1014F092FD02460028EFD1B5E5DB
:1097400014F07CFD024600283FF4A9AD01981223D5
:109750000AA900F0B3FA00287FF4D0ACA6E501987E
:109760008DF822600AA901230DF1220200F0A6FA69
:10977000C4E453463348CDE90512FEF755FA324B9F
:109780001B78DDE90512023343451144BFF64FAEA5
:10979000DDE902A84FF0E023D3F8F03DDA0700D569
:1097A00000BE4FF0E023D3F8F03DDB0700D500BE4C
:1097B000002373707AE5FFF7BDFB024600287FF4B3
:1097C000ECAE73E5DDE902A814F0BEFD75E7069B7B
:1097D000012B1DD0002BCCD091F802E0002004E03A
:1097E00085F804A0C5B2AB42C3D90EEB000556FA0A
:1097F00085F5013095F804C0BCF1FF0FF0D04FF0B3
:10980000E023DDE902A8D3F8F03DD907C9D5C7E7C1
:1098100028690E4DA84208BF02230D4DA84208BF7B
:109820000223D9E70A78CB7811444A7808E64FF04A
:10983000E023D3F8F03DDB077FF560AC00BE5DE4CC
:10984000C8110508D0250120B0250120257F010879
:109850001D8701082DE9F0434378023B85B005469A
:109860000E46042B13D8DFE803F00351747D470044
:10987000814B1A7822F001021A701A78002122F026
:1098800002021A7059701A7861F382021A707B4BC7
:1098900018688EB933464FF0FF322946FBF7FAFAC3
:1098A000003818BF0120E8B1697828783246FFF700
:1098B0003DFB05B0BDE8F083002301AA29460193D2
:1098C000FBF7FEFB019B4BB14FF0E0234FF08052C2
:1098D000C3F8042DBFF34F8FBFF36F8F003818BF4D
:1098E0000120E0E74FF0E023D3F8F03DDB07E0D5BF
:1098F00000BE05B0BDE8F083614A13780133DBB2E6
:1099000013705E4B1868002ED6D1C3E7DFF878914C
:10991000DFF8788199F800305A4F0024A44611E00E
:109920003B6813EB441C05D0DCF81C3013B16968AC
:109930002878984799F800300134E4B29A1CA24282
:10994000A44618DBA342EBD8ACEB030C08EB4C1C91
:10995000EAE7494B1A78D707ABD51A7842F00402E8
:109960001A7094E7444B1A78D407A2D51A7822F0DB
:1099700004021A708BE7404C2378580731D52378BE
:1099800023F0040323703D4B2A7818688DF80420D7
:1099900000230522ADF80E30CDF80630CDF80A30A0
:1099A0008DF80520002E55D06A4601A90093FBF7DB
:1099B00087FB009B4BB14FF0E0234FF08052C3F880
:1099C000042DBFF34F8FBFF36F8F003818BF0120F6
:1099D000002849D14FF0E023D3F8F03DD90700D556
:1099E00000BEE378DA077FF564AF244A297810686F
:1099F0008DF8041000236A68CDF806300321CDF8F5
:109A00000A30ADF80E308DF805100292DEB16A46CC
:109A100001A90093FBF754FB009B4BB14FF0E023EF
:109A20004FF08052C3F8042DBFF34F8FBFF36F8FF9
:109A300000283FF457AF9DF805109DF8040032460A
:109A4000FFF774FA35E733464FF0FF3201A9FBF711
:109A500021FAEDE733464FF0FF3201A9FBF71AFA7E
:109A6000003818BF0120B3E79DF805109DF80400E9
:109A70003246FFF75BFAB4E7BC250120EC24012055
:109A8000B8250120B4250120B0250120C811050802
:109A900038B58B780E4A03F07F03052B157808D96B
:109AA0004FF0E023D3F8F03DDB0700D500BE0020E7
:109AB00038BD084B0C4608469978FEF783F8002815
:109AC000EED021462846BDE8384000F027BC00BF54
:109AD0006C000010BC2501202DE9F047DDE9088964
:109AE0005AB306460C461F4615464FF0000A15E0CD
:109AF00094F803C00CF0030CBC4514D1FFF7C8FF69
:109B000088B1A378DA0914BF89F8003088F80030EA
:109B100023780AF1010AAA451C440ED06378052B6C
:109B200021463046E4D04FF0E023D3F8F03DDB0788
:109B300000D500BE0020BDE8F0870120BDE8F08719
:109B4000CB09054A054801F07F01203303EB4103AF
:109B500018441168FDF7ECBF98240120BC250120B2
:109B6000CB09054A054801F07F01203303EB41038F
:109B700018441168FEF708B898240120BC2501207C
:109B800010B51A4C1A4801F07F0E04EB4E0404EB9A
:109B9000D114007894F820C01CF0010F08D04FF0C9
:109BA000E023D3F8F03DDA0700D500BE002010BD59
:109BB00094F820C04CF0010C84F820C000F014FC94
:109BC0000028F4D194F8202060F3000284F82020CB
:109BD00094F820204FF0E02160F3820284F82020E6
:109BE000D1F8F03DDB07E1D5DFE700BFBC25012060
:109BF0006C000010054B01F07F0203EB420303EB06
:109C0000D11191F8200000F001007047BC2501201F
:109C10001B4AB2F80CC0D18910B5ACEB01039BB262
:109C2000044692F90000402B28BF4023002882B050
:109C300009DB8C4520D0134A0021204602B0BDE844
:109C40001040FFF79DBF8C450ED091680D480193E1
:109C50001A46F2F745FC0B4A019B8021204602B0D0
:109C6000BDE81040FFF78CBF80210022204602B0E3
:109C7000BDE81040FFF784BF00210A46DDE700BFC2
:109C800028260120E8250120704700BF10B40A4CA7
:109C90000A46844608684968234603C311780023AE
:109CA000C943C4E9023360465DF8044B01F080010A
:109CB0001A46FFF765BF00BF2826012070B5174C74
:109CC0008C46064608684968A260A646AEE80300CE
:109CD0000021E181BCF80650AB4228BF2B46A3818E
:109CE0003DB103B18AB13046FFF792FF68B1012060
:109CF00070BD9CF80010C9432B462A4601F0800134
:109D00003046FFF73DFF0028F1D14FF0E023D3F8B4
:109D1000F03DDB0700D500BE002070BD28260120E5
:109D2000034B0022C3E90022C3E902221A617047F3
:109D300028260120014B1861704700BF282601200A
:109D40000346044A59680068134603C30023C2E966
:109D5000023370472826012070B52B4C2278C909A0
:109D6000B1EBD21F06461D4614D043B14FF0E0239D
:109D7000D3F8F03DDB0700D500BE002070BD2146C2
:109D8000FFF782FF2369002B32D0224603213046A1
:109D900098472DE094F90030A068002B05DB0028DF
:109DA000EBD01A492A46F2F79BFBA268E3892A44C2
:109DB0002B44A260E2889BB29A42E38106D03F2DF9
:109DC00004D93046FFF724FF90B9CFE7236923B1C8
:109DD0000D4A02213046984760B121780023C943DB
:109DE0001A4601F080013046FFF7CAFE0028BDD0B8
:109DF000012070BD0146304600F02CFB802130462A
:109E000000F028FBF4E700BF28260120E825012008
:109E1000012898BF0001244B88BF000130B498BFCF
:109E20001C58034401F07F0093F808C088BF4FF02E
:109E3000A044844515D903329308C9091A4619D19B
:109E4000C3F30D0308336344626A5B009BB29A421A
:109E500004D2164A12889A4203D36362012030BCAE
:109E600070474FF0E023D3F8F03DD80700D500BE8F
:109E70000020F4E7A16809060DD50C4D616A19446C
:109E80002B888B42EDD39B1A9BB22B8043EA024373
:109E900028B9A362E2E75A0092B21346EDE73F30D9
:109EA00004EB80046360D9E7281205083E260120F0
:109EB000012898BF03010D4A8CBF0301D1581A44F1
:109EC00088BF4FF0A041D368127A183210B49B08B3
:109ED000074C52004A621A04238012FA83F3CB65BE
:109EE0005DF8044B40228021FFF792BF281205083D
:109EF0003E26012030B5012898BF1E4B1E4D96BF4F
:109F000000014FF0A0441C5888788B8800F07F0235
:109F10004FEA420C0CEBD01C05EB0C1EC3F30A03FA
:109F200091F803C0AEF80A3089798EF80C100CF065
:109F3000030143EA8143013918BF012143EA017358
:109F4000C00943F400430CD102F158014901103219
:109F50006350D4F81C18012393400B43C4F81C38F9
:109F600030BD02F14801490143EA82536350D4F8FD
:109F70001C18F0E7281205084826012001289BBF7D
:109F800000013F4B4FF0A0431B5801F07F00C9096F
:109F900030B534D148B9014603EB4111D1F8003B4B
:109FA00043EA4252C1F8002B30BD03EB401C01B222
:109FB000DCF8004B002CEFDAD3F8041841F4007100
:109FC000C3F8041859690906FCD52E49002ADCF8A3
:109FD000002B08BF4FF080410A4303EB4010CCF840
:109FE000002BD0F8082B9207FBD50222C0F8082BD3
:109FF000D3F8042842F48062C3F8042830BDD8B1F5
:10A0000003EB401401B2D4F80059002D16DB03EB2A
:10A010004111002AD1F800290CBF4FF000644FF025
:10A0200002642243C1F80029800140F02000186139
:10A030001A699006FCD430BD0146E8E7D4F800194F
:10A0400041F00061C4F800194FEA401C03EB401EC8
:10A05000DEF808194D06FBD50A4D002AD4F8002970
:10A0600008BF4FF080452A4303EB0C01C4F80029D8
:10A07000D1F808299407FBD50222C1F80829D3E7B3
:10A08000281205080000204070B4012898BF414DF7
:10A09000BDF80C4096BF00014FF0A0452D5861B9A6
:10A0A0003D483E4E00EB0210448936F812008442CF
:10A0B00028BF0446001B26F81200012A4FEAC343BA
:10A0C00032D005EB41104E01D0F8102B02F0604267
:10A0D000C0F8102BD0F8102B13432343C0F8103BCB
:10A0E000D0F8003B03F44023B3F5802F014607D09E
:10A0F000D1F8003B43F00443C1F8003B70BC70470B
:10A10000254B33441B7B012BF2D1D5F80828D0F81E
:10A11000003B12F4807F0CBF4FF000524FF0805292
:10A120001343C0F8003BE3E705EB41122343C2F8B9
:10A1300010391346D2F8002942F00442C3F800292E
:10A14000D3F8002902F44022B2F5802F4FEA4110E3
:10A150000AD0002CD2D0D5F8342801238B401343E9
:10A16000C5F8343870BC70470B4A0244127F012A8C
:10A17000EFD1D5F8082812F4807FD3F800290CBF5E
:10A180004FF000504FF080500243C3F80029002CDC
:10A19000B4D0E0E728120508482601204026012017
:10A1A00001289CBF03012B4A70B594BFD4584FF0CF
:10A1B000A04405460121204600F032FC0646014637
:10A1C000284600F037FC00283BD0A36943F0100379
:10A1D000A361D4F8043843F00203C4F80438D4F877
:10A1E000003823F0030326BB43F00303C4F8003810
:10A1F000E368194A23F0C04343F08043E3602368D7
:10A2000023F0D00343F0C0032360D4F8003843F0B8
:10A210000403C4F80038A3691A43A261A36843F099
:10A220008103A360D4F8043823F00203C4F804388F
:10A2300070BDA26CC2F38112022AD7D143F48043CD
:10A24000D4E74FF0E023D3F8F03DDB07F0D500BEB4
:10A2500070BD00BF2812050804380080084B03EBCE
:10A26000001393F90430002B08DB0649580901223A
:10A2700003F01F0302FA03F341F82030704700BFD8
:10A280002812050800E100E001289CBF124A0301E2
:10A2900010B598BFD458114A88BF4FF0A0449FED25
:10A2A0000C7BD4F8003823F4FE6343EA011182B03A
:10A2B000C4F800180A4C0021012382ED047B0091B0
:10A2C000118361801A46FFF7DFFE02B010BD00BFA8
:10A2D00000000000000000002812050848260120A8
:10A2E00040260120012898BF0A4B0B4A96BF000167
:10A2F0004FF0A0431B58117031B108225A619A697E
:10A3000042F008029A6170479A6922F008029A6145
:10A31000704700BF281205083C26012070B58A88C6
:10A320000C46C2F30A0289780646FFF771FD05461E
:10A3300040B94FF0E023D3F8F03DDB0700D500BE75
:10A34000284670BD30462146FFF7D4FD284670BD33
:10A35000012898BF0101224A8CBF010153580A44C9
:10A3600070B5167A88BF4FF0A0434FF00111012E4F
:10A37000C3F81C1824D91B4C01214FF0000C03EB2F
:10A3800041120131D2F80059002D5FFA81FE05DA41
:10A39000D2F8005945F09045C2F80059D2F8005B58
:10A3A000A4F83AC0002D05DAD2F8005B45F09045DC
:10A3B000C2F8005BB645A4F82AC004F12004DED33D
:10A3C0004FF484621A611A699106FCD410221A6152
:10A3D0001A69D206FCD4BDE87040FFF769BD00BF22
:10A3E000281205084826012030B58E4601F07F016D
:10A3F000164D4FEA410C0CEBDE1C05EB0C144FEA3A
:10A400000C1C83B045F80C2000224FEADE1E23818D
:10A41000626051B90E4A009322F81E300123724641
:10A42000FFF732FE012003B030BD62890093013B8B
:10A430001344B3FBF2F39BB2012B38BF01237246E6
:10A44000FFF722FE012003B030BD00BF48260120E7
:10A45000402601200122FFF791BD00BF01289CBFCB
:10A460000E4B00014FEAD11282F0010298BF1B5837
:10A4700001F07F0101EB021188BF4FF0A04303EB15
:10A480004113D3F8002922F40012C3F80029D3F8AD
:10A49000002942F08052C3F80029704728120508AD
:10A4A0002DE9F04F01288DB0814640F28D814FF0AB
:10A4B000A04425464FF00008A36967691F40F904CE
:10A4C00000F19481BE0418D54FF400536361D4F8B1
:10A4D00008288DF82490C2F3410312F0060F1DBF27
:10A4E000023BB3FA83F35B090223012109A88DF82B
:10A4F00028308DF82510FFF7ADF9380500F1D98126
:10A50000002FC0F2E581790704D56668720700F173
:10A51000F88166603B0714D5AE4B1A780823636157
:10A52000D4F80838C3F30D23002A00F033810A93CE
:10A530000121032309A88DF824908DF82530FFF719
:10A5400089F9FE0636D5A36923F01003A361CDE98E
:10A550000378A14B03EB081A2A6A0992C2F343431A
:10A56000013B02F00F06C2F30A18052B4ED8DFE8B4
:10A5700003F00A2B0A104D0305F58055974B2A6806
:10A580001A602A685A606369D8060DD5DAF8005057
:10A59000E2E705EB4615D5F8103B43F0C043C5F89C
:10A5A000103B6369D806F1D4A369DDE9037843F071
:10A5B0001003A361390307F480222FD4002A40F04E
:10A5C00091800DB0BDE8F08F854F07EB46114FEA43
:10A5D000461B4868002800F08881424605F58051F6
:10A5E000FEF716FC07EB0B0148894045CBD9AB447D
:10A5F0000A89DBF8100B121A92B20A81002EC2D11E
:10A60000784908880E80121A3A81BCE74FF0E0239F
:10A61000D3F8F03DDD07B6D500BEB4E76E4B4FEA88
:10A6200008115D5803EB09131F7A002FC9D0CDE93B
:10A6300003286B4EDFF8B0A10024D5F8183804F1D8
:10A640001002D340DA0743D505EB44114FEA441B0F
:10A65000D1F8088BD1F8080B430700F1AE81286CC4
:10A6600050450ED918F0200F1CBF2020C1F8080B50
:10A6700018F4004F05D005EB0B014FF40040C1F872
:10A68000080B18F0080F40F08A8018F0010F1FD057
:10A6900005EB0B020123C2F8083B48F2280218EA36
:10A6A000020F15D124B94F4B1B88002B40F03A8183
:10A6B00033890B9307238DF825300121002309A846
:10A6C0008DF824908DF828408DF82930FFF7C2F8D6
:10A6D0000134BC4206F12006AFD1DDE90328002A8F
:10A6E0003FF46FAF3C4B4FEA081803EB091253F8E5
:10A6F00008B0137A002B3FF464AF394DCDF81090B9
:10A7000000240BF5805A9946DBF81838E340D90746
:10A7100036D50BEB4413E2B20392D3F80829D207E3
:10A720004FEA44181ED50122C3F8082924B92D4B3D
:10A730005B88002B40F0EF80049B8DF824304FF0B5
:10A7400007038DF825304FF000038DF829302B8B4F
:10A750000B93039B012163F07F0309A88DF8283038
:10A76000FFF778F80BEB0806D6F808391B0607D573
:10A77000DBF83438012202FA04F0184240F0DA80A3
:10A7800001344C450AF5805A05F12005BCD10DB0C5
:10A79000BDE8F08FA26922F00802A261C7E605EBCE
:10A7A0000B010E4B0820C1F8080B06218DF825106F
:10A7B00093E803000CAB8DF8249003E9030001211A
:10A7C00009A8FFF747F860E7034A03018046D55818
:10A7D0002C4671E63C260120281205080827012096
:10A7E00048260120402601200930544F784B7948F3
:10A7F00003EB0913C0221E7A4FF4805363610021DA
:10A800002DF096FD744A00231370D6B104EB43116A
:10A810000133D1F8002BB34242F00062C1F8002BA3
:10A82000F4D1002304EB43120133D2F800190029BC
:10A8300005DAD2F8001941F09041C2F80019B3428C
:10A84000F0D14FF48463236123699A06FCD410236A
:10A8500023612369DB06FCD409234FF00112C4F8FD
:10A860001C284846C4F81438C4F81038FFF720FBF9
:10A87000584B40225A835A81D4F8003823F4FE639F
:10A88000C4F80038D4F8003923F00303C4F80039C1
:10A89000D4F8003B23F00303C4F8003BD4F8103B8A
:10A8A00043F0C043C4F8103BA36943F44023A361C1
:10A8B00008E64FF4006363610121042309A88DF8C1
:10A8C00024908DF82530FEF7C5FF002FBFF61BAE94
:10A8D0004FF0004363610121052309A88DF82490FE
:10A8E0008DF82530FEF7B6FF0DE657F80B104246FF
:10A8F000284600F0D5F957F80B10414447F80B10E3
:10A9000070E60223012109A88DF824908DF82530E6
:10A91000FEF7A0FFFDE50093049813462146FFF7DC
:10A92000B3FB1FE700932246012321464846FFF769
:10A93000ABFBCDE6D6F81019C1F3C94171B3CDE92F
:10A940000549002781460C46CDF81C8005E0FEF73E
:10A9500027FA0137BBB2A3421CD2D6F810091F4B0D
:10A96000D6F8182903EA82026B8B80B2834228BF93
:10A9700003469342514698461A460BD86869002808
:10A98000E5D12A690399584600F0B4F92A6942448E
:10A990002A61DEE74846DDE90698059CD844D8F8E8
:10A9A0001039C3F31203002B7FF4EAAEDBF834381E
:10A9B00023EA0003CBF83438E2E64FF0E023DDE988
:10A9C0000328D3F8F03DD8077FF5F8AD00BEF5E5D4
:10A9D00028120508482601203C260120FCFF030020
:10A9E000036943F001030361036C44F209229BB243
:10A9F000934206D80369DA07FCD40369002BFCDA1A
:10AA0000704703699B00FCD5036923F0005323F0D2
:10AA1000010343F0005303610369002BEDDAEFE714
:10AA2000012905D0806C10F0C00018BF01207047CC
:10AA300000207047012810B540F2BF804FF0A044BD
:10AA40002046236C894A6FF30F03934216D0884A3D
:10AA5000934213D002F5803293420FD04FF0E0239F
:10AA6000D3F8F03DD90700D500BE4FF0E023D3F86E
:10AA7000F03DDA0700D500BE002010BDA36823F02A
:10AA80000103A36000295CD0E168A36CC3F38113C8
:10AA9000022B00F0CE80236D13F4404F1ABF21F03B
:10AAA000500141F0080121F05801E160A36C13F05E
:10AAB000C00FA36B00F0868023F48033A36320468D
:10AAC000FFF78EFF236D13F4404F0CBF4FF410536C
:10AAD0004FF4A05321F470511943E160A36C13F0BB
:10AAE000C00F4DD1634B644A1B68934241D2634A05
:10AAF000934200F29880624A934280F09780614AC4
:10AB0000934200F2A380A2F5DB12A2F5BA5293425F
:10AB100000F29F80A2F5B712A2F55872934200F29C
:10AB20009B80594A934280F09A80584A934280F021
:10AB30009980574A934234BF4FF470524FF4605299
:10AB400019E0E168534B41F04002E260A26B984289
:10AB500042F48032A26373D02046FFF741FF454A9A
:10AB60004548126821F4705343F4A2538242E360D3
:10AB700036D34FF4C052E36823F470531343E360B9
:10AB8000E36843F00703E360D4F8003E4FF48462C7
:10AB900023F00F03C4F8003E226123699B06FCD416
:10ABA00010232361236913F01003FBD14FF0FF3210
:10ABB000626101206260A36110BD374B000118582B
:10ABC00004463EE7334A43F480339042A3637FF464
:10ABD00076AFA2F5E432136D23F0804313656EE780
:10ABE000264B9A421FD8264B9A421FD2254B9A4297
:10ABF0002CD8A3F5DB13A3F5BA539A4229D8A3F5B1
:10AC0000B713A3F558739A4226D81F4B9A4226D2FF
:10AC10001E4B9A4226D21E4B9A4234BF4FF47052BA
:10AC20004FF46052A7E74FF4E052A4E74FF400520C
:10AC3000A1E721F4681121F0C80141F0100134E7C7
:10AC4000164A136D23F08043136585E74FF41052C5
:10AC500091E74FF420528EE74FF430528BE74FF4D8
:10AC6000405288E74FF4505285E700BF0000544F30
:10AC700000003155000000100048E801DF9DA301ED
:10AC800000366E013FA44C01807306010024F400DD
:10AC9000C0E1E4000000044048120508003802400A
:10ACA000930800B523B303F1FF3C1FFA8CFC0CF1B1
:10ACB000010C01EB8C0C00F5805EDEF8003041F8F1
:10ACC000043B6145F9D1D1B212F003020ED000F578
:10ACD0008050890703688CF8003044BF190A8CF84B
:10ACE0000110032A04BF1B0C8CF802305DF804FB32
:10ACF0008C46E8E710B501F1010E99084FEA0E34D1
:10AD000000EB0E3EF9B101F1FF3C1FFA8CFC0CF197
:10AD1000010C02EB8C0C52F8041BCEF800106245BB
:10AD2000F9D1D9B213F003030CD089079CF80020A5
:10AD300007D5032BBCF8002004BF9CF8023042EA80
:10AD40000342025110BD9446EBE700BF83685BB13C
:10AD5000B3F1807F0AD0B3F1007F09D0B3F1407F17
:10AD60000CBF0620002070470C2070470A20704757
:10AD700008207047034B186818B19968091A35F014
:10AD80003FB970471027012008B5034678B1084A3B
:10AD9000904206D9074A904201D935F0BCFC35F003
:10ADA000B7FC30205843BDE8084035F0A7B908BDCE
:10ADB000AAAAAA025555550570B5D0E90056044611
:10ADC000AE4207D1206850B1A168BDE87040091AB1
:10ADD00035F016B928460BF081FF2C35F0E770BD31
:10ADE000F8B506460F46154602F108030446BC4274
:10ADF00009D1174BA41B24095C4324F07044302074
:10AE000000FB0450F8BD224643F8083C52F8081BEA
:10AE1000914217D1626818460132F1F761FB03468F
:10AE2000D4E90601626843F8042CC3E90401D4E9BB
:10AE3000080194F8282083F82020C3E90601303463
:10AE40003033D4E7A26843F8081C1A60E8E700BF73
:10AE5000ABAAAA0A0A4B10B504460360C06B18B12E
:10AE6000616C091A35F0CCF8E06918B1616A091A09
:10AE700035F0C6F804F11000FFF79EFF204610BD24
:10AE80005447050810B50446FFF7E4FF20464C215F
:10AE900035F0B6F8204610BD70B5D0E904562DED5A
:10AEA000028B9FED0B8A0446B54204D1BDEC028BA8
:10AEB0000023236370BD2846D4ED0B0A94ED0A0AE3
:10AEC000B0EE481A00210CF039FA2C35ECE700BF3F
:10AED000000000000430704782B08180090C81714D
:10AEE00002B0704700F00102002362F30703C0F3D1
:10AEF000400060F30F2382B023F47F0002B070475C
:10AF00004278007840EA4200704700002DE9F84F8F
:10AF100005460C46B1B1D0E9009A8368A3EB0A0359
:10AF2000B1EBE30F10D80A4629490AF1080347F6A6
:10AF3000FF70013A43E9020103F10803F9D10AEB7A
:10AF4000C4046C60BDE8F88FAAEB09066FF070438B
:10AF5000A3EBE6028A424FEAE60B02D21D4835F027
:10AF6000E0FB59452CBF0BEB01080BEB0B08984598
:10AF700028BF98464FEAC808404635F0BFF8144944
:10AF80008319074603EBC40247F6FF70C3E90001CB
:10AF900008339342FAD13A464B469A4502F10802E9
:10AFA00010D1B9F1000F05D0A9684846A1EB0901FD
:10AFB00035F026F85C4407EBC4042F6047446C600E
:10AFC000AF60BFE793E80300083302E90300E4E75A
:10AFD0000180FFFF4C1A05082DE9F04F1E466B4B10
:10AFE00003606B4B83624FF07C538BB0C3624FF4B2
:10AFF000FA734363674B8363904690F848309DF83B
:10B0000050209DF854709DF858A09DF85C9062F314
:10B01000000367F341036AF38203002569F3C30366
:10B02000C0E90218C0E90455C0E90655C0E9085551
:10B03000C0E90F5504468B4605714571857105635E
:10B04000456480F8483017B9B9F1000F0AD0BBF158
:10B05000000F00F09180594604F11C000392FFF7A5
:10B0600055FF039A002A00F089804B4B9B4502D97B
:10B070004A4835F056FB2C2505FB0BF5BBF1000FBC
:10B0800063D10025AB465D445B469D4262D1D4E965
:10B090000412A369099307A80023C4E904B5A561B4
:10B0A000CDE90712CDE904330693FFF785FE04A826
:10B0B000FFF782FE002E5AD0032300933849394B04
:10B0C00040F6A222304607F041F8002F51D003236A
:10B0D00000933549354B40F6A322304607F036F849
:10B0E000B8F1000F08D0012300933149314B4FF4E0
:10B0F0002A62304607F02AF8BAF1000F31D0012356
:10B1000000932D492D4B40F6A122304607F01EF842
:10B11000B9F1000F12D03025294B2A49009540F68D
:10B12000A422304607F012F8274B2849009540F634
:10B13000A522304607F00AF80023A3712046FFF746
:10B14000ABFE20460BB0BDE8F08F284634F0D6FFAA
:10B15000834698E7184603930BF0BCFD039B2C3302
:10B1600093E7B9F1000FE9D0002EE7D0D3E7002F25
:10B17000B6D100232371B3E7002A82D10023637183
:10B18000002FF6D0002EA2D1AAE700BF5447050831
:10B190008FC2F53C6666863F2EBAE802661A05083D
:10B1A000AE1A0508971A0508C11A0508B51A050848
:10B1B000FA2B0508C91A0508ED1A0508DE1A050854
:10B1C000F41A05080F1B0508131B05082E1B05089C
:10B1D00010B504461046D4E900239B1A0A4A0B4CCA
:10B1E0001B115343E21A8A4201D235F09AFA99426E
:10B1F00038BF19465B1804D2A34228BF234618461D
:10B2000010BD2046FCE700BFABAAAAAAAAAAAA02C0
:10B21000036A022B2DE9F0470C46904601D0202B03
:10B220000AD1D0E90432134314BF0123002388F864
:10B2300000300120BDE8F087012B01D0102B51D147
:10B24000D4E901539D4214D098F80020002305F161
:10B250000801C5E906232B72C5E90013002200236B
:10B26000C5E90823022385F828306368303363601A
:10B27000DFE71D4A01212046FFF7AAFF2768814624
:10B28000FFF782FDA5EB070A00EB0A0398F8001010
:10B290000646002203F1080046F80A00C3E9061238
:10B2A0005A601A72002000210222C3E9080183F8C3
:10B2B0002820294632463846FFF792FD294600F1FC
:10B2C00030022846FFF78CFD054627B1A1683846B5
:10B2D000C91B34F095FE3023C4E9006503FB096601
:10B2E000A660A6E70220A5E7321B05082DE9F04776
:10B2F000D0E901439C420546884615D00B6804F10D
:10B300000802D917226000222272C4E90631626065
:10B3100000230022C4E90823022384F8283043686C
:10B3200030334360BDE8F0871C4A0121FFF750FF2E
:10B330002F688146FFF728FDA4EB070A00EB0A03FC
:10B34000D8F80020064603F1080146F80A10D01785
:10B350000021C3E906205960197200200021022251
:10B36000C3E9080183F82820214632463846FFF712
:10B3700037FD214600F130022046FFF731FD04463B
:10B3800027B1A9683846C91B34F03AFE3023C5E915
:10B39000006403FB0966AE60C4E700BF321B05080A
:10B3A0000B68A3F52A63F7B505460C461646052B30
:10B3B00000F2A680DFE803F00319502980570B6ADA
:10B3C000012B40F09F80C06803681B699847D0E953
:10B3D0000045AC4201D1012027E054F8043B019321
:10B3E00001A93046FFF782FFF3E70B6A012B40F01B
:10B3F0008980D0E90F45AC42EDD054F8043B01936D
:10B4000001A93046FFF772FFF5E70B6A022B03D163
:10B41000D1E9043213430AD195F848301B0706D509
:10B420002A1D31462046FFF7F3FE03B0F0BDD5E9F3
:10B430000703DFF8D4C01B1ADB10002147F6FF77A3
:10B44000CAB2934201F10101EAD900EBC20E40F801
:10B450003270CEF804C0F3E70B6A022B01D1FFF77C
:10B460001BFD6A1DDDE7D1E90273002B4ADB826810
:10B47000BA424FF000029A4144DBD1E9043247F668
:10B48000FF7018184FF6FF7142F10002884272F106
:10B49000000237D2226A102A07D1E96901EBC701FD
:10B4A00004313046FFF722FF95E7202A2AD1EA69C6
:10B4B00002EBC70253608EE7D1E90213002B21DBB8
:10B4C00082688A424FF000029A411BDBD4E90432C1
:10B4D00047F6FF7018184FF6FF7742F10002B842A6
:10B4E00072F100020ED2226A102A03D1EB6903EB3B
:10B4F000C101D6E7202A05D1EA6942F831306AE76E
:10B50000002092E7022090E70180FFFF10B50C1A9F
:10B51000042C134607DD0146224618462CF068FE2F
:10B520000346181910BD04BF02681A60F9E700004D
:10B530002DE9F84390F848305B072DED028BD1E9F7
:10B54000008904460D4624D500F13C03994220D0E1
:10B55000C06B636CA9EB08071B1ABB4220D2654B7A
:10B560009F4201D935F0D7F8384634F0C7FD494637
:10B57000024606464046FFF7C9FFE06B18B1616C12
:10B58000091A34F03DFDE6633E446664E36B3B44D8
:10B590002364594F9FED598ADFED598A00269AE0BE
:10B5A000226C121A974205D8024649464046FFF7D8
:10B5B000ADFFEBE7042A0EDD41462CF019FED4E97D
:10B5C0000F302E686A68C31AF118521A042A07DD70
:10B5D0002CF00EFEDAE704BFD8F800300360EEE787
:10B5E00004BFF3580360D1E702EB860393ED000A32
:10B5F00063794FEA8608B3B1D4E904239B1A9B1000
:10B600007B439E420FD22C2000FB0620B8EEC00ADE
:10B610000BF068FBD4E90C32934298BF0133BDEEC6
:10B62000C00A98BF2363D4E907135B1AB6EBE30F94
:10B6300040D22379F000A3B1D4E90C239A4201D877
:10B64000637973B90A1810EE10CA53686345ACBF2A
:10B650005360C2F804C00B586345D4BF0B5041F887
:10B6600000C00B180A585B689B1A981E4FF6FD71B4
:10B6700088421FD8A179E9B907EE903AF8EEE77A47
:10B68000B8EEC00A88EE277AD4ED0E7A67EE277AF4
:10B6900007EE102A20EE270AB8EEC77AF0EE686AA5
:10B6A000E7EE276ABDEEC00AB8EEC00A30EE660AC1
:10B6B000BDEEC00A10EE101A124B2A689942B8BFAC
:10B6C00019460B4647F6FF718B42D4BF42F808304B
:10B6D00042F808100136D5E90023A1689B1A9B1097
:10B6E0008B4228BF0B469E42FFF47EAFBDEC028B1F
:10B6F000BDE8F883FCFFFF7FA38B2EBA00FF7F47D6
:10B7000000FEFF460180FFFF0020704705207047C4
:10B7100010307047084B10B5044640F8083B0DF058
:10B72000F3FD064B23601C33A3600023C4E90433FC
:10B73000A361204610BD00BFB0470508C8470508F3
:10B74000084B10B503601C3304468360006918B1D0
:10B75000A169091A34F054FC04F108000DF06CFDE5
:10B76000204610BDC847050808B570B1B0F1005FAC
:10B7700006D3B0F1804F01D334F0CDFF34F0C8FFD1
:10B78000BDE80840800034F0B9BC08BD38B50F4BA7
:10B79000C0E90031136883605368C360044613B185
:10B7A0005A6801325A600025C4E90555C4E90755B5
:10B7B000C4E909552582042034F0A0FC031D206251
:10B7C0000560A3626362204638BD00BF14480508C7
:10B7D00070B5D0E905560446B54207D1A06850B10E
:10B7E00004F11401BDE8704008F0F2BE55F8040BF6
:10B7F00001F033FBF0E770BD38B5D0E90545AC4248
:10B8000000D138BD54F8040B01F050FDF7E70000FB
:10B810002DE9F84FD0E908329342044600F120099F
:10B8200018BF43624FF00008D4E905239B1AB8EB18
:10B83000A30F02D34846BDE8F88F52F828004FEA1C
:10B84000880501F027F878B103681B69984758B15B
:10B850006369585901F02CF9D4E9093293428346BF
:10B8600005D043F8040B636208F10108DCE7D4F863
:10B8700020A06FF06047A3EB0A05B7EBA50F4FEAD6
:10B88000A50202D1144834F04CFF534514BF1146B1
:10B890000121521802D2974228BF17463846FFF7B7
:10B8A00063FF002D40F805B0064603DD2A465146E9
:10B8B0002CF09EFC04353544BAF1000F05D0A16A86
:10B8C0005046A1EB0A0134F09BFBC4E9086506EB86
:10B8D0008706A662C8E700BF321B050870B5D0E92D
:10B8E00005460D46B44200D170BD54F8040B2946FC
:10B8F00001F0A6F8F6E738B5D0E90545AC4200D12D
:10B9000038BD54F8040B01F0B5F8F7E738B5D0E9C5
:10B910000545AC4200D138BD54F8040B01F0B9F82C
:10B92000F7E738B5D0E90545AC4200D138BD54F849
:10B93000040B002100F0B4FFF6E738B5D0E9054567
:10B940002DED028BB0EE408AAC4202D1BDEC028BF1
:10B9500038BD54F8040BB0EE480A01F039FDF3E7A6
:10B9600010B50446006810B103685B68984720462C
:10B9700010BDF8B5D0E90567BE42044607D035468C
:10B9800028460435FFF7ECFFAF42F9D1A66100234A
:10B990002382F8BD70B5174B03600446FFF7E9FF3B
:10B9A000206A18B1A16A091A34F02AFBD4E90556B5
:10B9B000AE4219D1606918B1E169091A34F020FB6F
:10B9C000E5687DB16B68013B6B605BB92B6828460D
:10B9D0009B689847AB68013BAB601BB92B68284656
:10B9E000DB689847204670BD2846FFF7B9FF04354D
:10B9F000DEE700BF1448050810B50446FFF7CAFF8C
:10BA000020462C2134F0FCFA204610BD2DE9F84FD9
:10BA1000D0E9008692466FF06043A6EB0802B3EBD4
:10BA2000A20F074689464FEAA20402D1234834F008
:10BA300078FE464514BF22460122A418A1EB080B4C
:10BA40002DD274B39C4228BF1C46A00034F056FB94
:10BA50000546DAF8003045F80B300023CAF800300C
:10BA600029464346994503F104021CD1A2EB080282
:10BA70002A4418461146B3421AD11B1AD618B8F1F7
:10BA8000000F05D0B9684046A1EB080134F0B8FAC0
:10BA9000C7E9005605EB8405BD60BDE8F88F1C467C
:10BAA000D3E72546D5E71B6841F8043B1346D9E7A1
:10BAB00053F804CB41F804CBDDE700BF321B050887
:10BAC0004B1EDBB2012B2DE9F34104460F4678D81B
:10BAD0004FF00008238A9F4223DB04F11408268AD2
:10BAE000B74240DC636800229A70226AA36A9B1AFC
:10BAF000B6EBA30F61D9676A3046BF1AFFF734FE71
:10BB0000D4E90882A2EB0802002A05464CDD414632
:10BB10002CF06EFBA16A4046A1EB080134F070FAEC
:10BB200045E06569A669013BDBB205EB83052B1D8A
:10BB3000B34208D1A0690438A061FFF711FF238A3E
:10BB4000013B2382C6E7F61AB610002EF2DD286804
:10BB50006B68C5F8048045F8043B10B103685B6866
:10BB60009847013EF1E74FF4147034F0C7FA06F13C
:10BB70005801C9B26268054602F000FAD4E906131A
:10BB8000994201950BD041F8045B00230193A16118
:10BB900001A8FFF7E5FE238A013323829FE701AA6C
:10BBA0004046FFF733FFF3E7B8F1000FB2D12F445F
:10BBB000256205EB86056762A562012002B0BDE83B
:10BBC000F0810020FAE70120704700207047808B49
:10BBD00070477047062070470320704770477047D2
:10BBE000704770470830704784B030B504AC84E8C3
:10BBF0000E0000F108050FCC0FC50FCC0FC50FCC00
:10BC00000FC594E8030085E80300BDE8304004B0A8
:10BC100070470320704703207047032070470720B8
:10BC2000704707207047012070470000034A034611
:10BC300092E8030083E8030018467047B40100103F
:10BC4000A1F11C01F2E7A1F11001EFE7024B187816
:10BC500080F00100704700BF252E0120034A0346F3
:10BC600092E8030083E80300184670477000001054
:10BC7000A1F10801FFF7F2BFC1F30E0121B9B0F83D
:10BC8000B210A0F8B4107047B0F8B030A0F8B230DD
:10BC9000F7E77F29B7EE007A15DD7F23C0F844323D
:10BCA00007EE903AD0ED936AB8EEE76A002BC6EE45
:10BCB000267AF0EEE77A77EE877A01DAC7EE277A0E
:10BCC000C0ED927A70476FF07E038B42B8BF0B468F
:10BCD000C0F844320029E3D1F0EE477AF0E770472C
:10BCE000C06810B103685B68184770470020704750
:10BCF0007047C3680C301B68184710B51021044604
:10BD000034F07EF9204610BD08B5FFF7F6FF08BDF8
:10BD100010B51821044634F073F9204610BD000018
:10BD2000094B10B503F15C020360026103F190025C
:10BD3000E833C363054BC261044600221A701CF04D
:10BD40004DFD204610BD00BF74510508252E012071
:10BD5000A0F11C00E4E7A0F11000E1E7A0F13C0035
:10BD6000DEE700BF10B50446FFF7DAFF20464FF4C8
:10BD7000B87134F045F9204610BDA0F13C00F1E760
:10BD8000A0F11C00EEE7A0F11000EBE7114B03F16E
:10BD9000740210B5026103F18C02826103F1C002EA
:10BDA000426203F58C72426403F5A672C0F88420E7
:10BDB00003F5B0720360C0F8882003F5BC7203F588
:10BDC000C6730446C0F8C020C0F8C43025F07EFB1E
:10BDD000204610BD3C4F0508A0F11000D6E7A0F1A9
:10BDE0001800D3E7A0F12400D0E7A0F14400CDE78C
:10BDF000A0F18400CAE7A0F18800C7E7A0F1C00065
:10BE0000C4E7A0F1C400C1E710B50446FFF7BEFFC8
:10BE100020464FF44A7134F0F3F8204610BDA0F1EB
:10BE20001000F1E7A0F11800EEE7A0F12400EBE725
:10BE3000A0F14400E8E7A0F18400E5E7A0F1880064
:10BE4000E2E7A0F1C000DFE7A0F1C400DCE70000FA
:10BE5000114B03F1740210B5026103F18C0282618F
:10BE600003F1C002426203F58C72426403F5A672CC
:10BE7000C0F8842003F5B0720360C0F8882003F591
:10BE8000BC7203F5C6730446C0F8C020C0F8C430C5
:10BE900025F01CFB204610BD9C4D0508A0F11000AC
:10BEA000D6E7A0F11800D3E7A0F12400D0E7A0F175
:10BEB0004400CDE7A0F18400CAE7A0F18800C7E7FD
:10BEC000A0F1C000C4E7A0F1C400C1E710B504466A
:10BED000FFF7BEFF20464FF44A7134F091F8204638
:10BEE00010BDA0F11000F1E7A0F11800EEE7A0F1FD
:10BEF0002400EBE7A0F14400E8E7A0F18400E5E7C7
:10BF0000A0F18800E2E7A0F1C000DFE7A0F1C400E3
:10BF1000DCE70000074B10B59942044604F10C041D
:10BF2000084605D0044934F0BBF9002808BF0024B6
:10BF3000204610BDA85205087C48050810B50446E7
:10BF40007AB10A68C36E9A420BD10A7990F87030C0
:10BF50009A4206D1C06D03689B699847002384F814
:10BF6000683010BDA0F12800FFF7E8BF182134F0B9
:10BF700047B818B13023594334F042B87047000035
:10BF800008B5034678B1084A904206D9074A90425C
:10BF900001D934F0C0FB34F0BBFB30205843BDE87E
:10BFA000084034F0ABB808BDAAAAAA0255555505F9
:10BFB0001AB1012A04D000207047024B0360FAE74F
:10BFC0000160F8E7F04C05081AB1012A04D00020FE
:10BFD0007047024B0360FAE70160F8E7984C0508E8
:10BFE0001AB1012A04D000207047024B0360FAE71F
:10BFF0000160F8E7484C05081AB1012A04D0002076
:10C000007047024B0360FAE70160F8E7F04B050860
:10C010001AB1012A04D000207047024B0360FAE7EE
:10C020000160F8E7A04B05081AB1012A04D00020EE
:10C030007047024B0360FAE70160F8E7484B0508D8
:10C040001AB1012A04D000207047024B0360FAE7BE
:10C050000160F8E7E84A05081AB1012A04D0002077
:10C060007047024B0360FAE70160F8E7984A050859
:10C070001AB1012A04D000207047024B0360FAE78E
:10C080000160F8E7404A05081AB1012A04D00020EF
:10C090007047024B0360FAE70160F8E7EC490508D6
:10C0A0002AB1012A06D0022A05D10B6800E0034B11
:10C0B000036000E001600020704700BF944905085C
:10C0C000036818471AB1012A04D000207047024BB8
:10C0D0000360FAE70160F8E78449050808B50368DA
:10C0E000002B02DA0C4834F01CFB8B420AD9B3EB6C
:10C0F000410F4FEA410205D2002AB6BF6FF000435C
:10C10000026003600068013001D534F001FBBDE836
:10C11000084033F0F3BF00BF4C1B050810B5B82032
:10C1200033F0ECFF0121044620F00CFB0A4B2360A6
:10C1300003F15C02226103F17402A26103F1A8021F
:10C14000626203F1CC0203F59273A364034BA26213
:10C1500001221A70204610BDA08D05082A2E01204C
:10C1600010B54FF4847033F0C9FF0121044628F064
:10C1700021FF0B4B236003F16402226103F17C0277
:10C18000A26103F1B002626203F1D40203F5967377
:10C19000A364044BA26201221A70204610BD00BFA6
:10C1A00034990508452E012010B5CC2033F0A6FFA8
:10C1B000012104461EF05AFE0A4B236003F1680277
:10C1C000226103F18002A26103F1B402626203F111
:10C1D000D80203F59873A364034BA26201221A707C
:10C1E000204610BDE8870508282E012037B54FF4FA
:10C1F0004A7033F083FF174D0446012128460DF0A5
:10C20000A7F90223009390E80C002946204625F068
:10C210006BFE114B236003F17402226103F18C0267
:10C22000A26103F1C002626203F58C72626403F5DD
:10C23000A672C4F8842003F5B072C4F888202046A2
:10C2400003F5BC7203F5C673C4F8C020C4F8C4304B
:10C2500003B030BDCC2C01203C4F050810B5B820F0
:10C2600033F04CFF0021044620F06CFA0A4B2360A7
:10C2700003F15C02226103F17402A26103F1A802DE
:10C28000626203F1CC0203F59273A364034BA262D2
:10C2900001221A70204610BD648C05082B2E012047
:10C2A00010B54FF4B87033F029FF002104461DF09B
:10C2B0008BF8074B236003F15C02226103F19002CB
:10C2C000E833E363034BE26101221A70204610BD9C
:10C2D00074510508252E012010B54FF4847033F0F9
:10C2E0000DFF0021044628F065FE0B4B236003F18F
:10C2F0006402226103F17C02A26103F1B002626276
:10C3000003F1D40203F59673A364044BA2620122E5
:10C310001A70204610BD00BFF0970508462E012078
:10C3200010B5CC2033F0EAFE002104461EF09EFD3D
:10C330000A4B236003F16802226103F18002A261CB
:10C3400003F1B402626203F1D80203F59873A364A7
:10C35000034BA26201221A70204610BDA086050878
:10C36000292E012010B5482033F0C8FE04461BF0EA
:10C3700039FE204610BD000037B54FF44A7033F047
:10C38000BDFE174D0446002128460DF0E1F80123BB
:10C39000009390E80C002946204625F0A5FD114B9E
:10C3A000236003F17402226103F18C02A26103F1A4
:10C3B000C002626203F58C72626403F5A672C4F86F
:10C3C000842003F5B072C4F88820204603F5BC72BF
:10C3D00003F5C673C4F8C020C4F8C43003B030BD40
:10C3E000CC2C01209C4D050850F8083B1B1A5842E4
:10C3F0005841704710B50446FFF7F6FF30B9A16801
:10C4000020680131BDE8104033F0FABD10BD2DE9C0
:10C41000F04104460E4602F108050027B442A5F19A
:10C42000080001D1BDE8F08145F8085C2046FFF71F
:10C43000DBFF04F10808F0B16268013203D0414625
:10C440002846F0F74DF8636845F8043CD4E9062324
:10C45000C4E900872772C5E90423D4E90823C5E9A4
:10C46000062394F8283085F820302046FFF7C2FFD5
:10C4700030343035D2E7236845F8083CA3682B6098
:10C48000E1E700002DE9F04381EAE174A4EBE174F7
:10C49000CF0FB5B006462346012542F20F7142F296
:10C4A0001072092B02D9632B40D801357B1906F194
:10C4B00008020F2B3260019306D9002101A8FFF773
:10C4C0000DFE019B3060B360DDF80480B8F1000F11
:10C4D00005D0B8F1010F306835D12D2303703368D2
:10C4E000C6F80480002203F80820D6F8008021490D
:10C4F000C92208EB070901A8EFF7F2FF4D446422B7
:10C50000632C25D8092C85BF34AB03EB44043034AD
:10C5100014F8CB3C86BF89F8013014F8CC4CE4B257
:10C52000304608F8074035B0BDE8F083B3F57A7FB0
:10C5300001D20235BAE78B4201D80335B6E704359C
:10C54000B3FBF2F3ADE742462D212BF0F1FEC6E737
:10C55000B4FBF2F102FB11430C4634A901EB430397
:10C5600013F8CB1C05F8011C13F8CC3C05F8023D70
:10C57000C6E700BF641B05084368013B10B50446CD
:10C58000436063B903689B689847A368013BA36055
:10C590002BB923682046DB68BDE81040184710BD62
:10C5A00038B50B684D6883600446C068854207D083
:10C5B00015B16B6801336B6008B1FFF7DDFFE56013
:10C5C00038BD836810B5044613B10322014698476D
:10C5D000204610BD0B4B70B50360002304468360FA
:10C5E000182033F08BFD01230646C0E90133064BCA
:10C5F00046F80C3B0546304609F0BCFAC4E9026532
:10C60000204670BD905F05087852050810B51020CF
:10C6100033F074FD0446FFF7DDFF204610BD08B57A
:10C6200083780BB92BF0AEFD08BD0000F7B500F123
:10C630000804032520465D4B5D490095002205F066
:10C6400085FD20465B4B5C4900950122012605F0E3
:10C650007DFD2046594B5A490095022205F076FD92
:10C660002A462046574B5849009605F06FFD204654
:10C67000564B57490095042205F068FD2046554B5E
:10C6800055490095052205F061FD2046534B54495C
:10C690000095062205F05AFD2046524B524900955E
:10C6A000162205F053FD0B272046504B50490095AC
:10C6B000172205F04BFD20464E4B4F4900970722AD
:10C6C00005F044FD20464D4B4D490097082205F0EA
:10C6D0003DFD20464B4B4C490096092205F036FDA6
:10C6E00020464A4B4A4900950A2205F02FFD3A465A
:10C6F0002046484B4849009505F028FD2046474B09
:10C70000474900950C2205F021FD2046454B46493E
:10C7100000960D2205F01AFD2046444B4449009630
:10C720000E2205F013FD2046424B434900960F228E
:10C7300005F00CFD2046414B41490096102205F0C2
:10C7400005FD2123009320463E4B3F49112205F071
:10C75000FDFC20463D4B3E490095142205F0F6FCB9
:10C7600020463C4B3C490096122205F0EFFC204647
:10C770003A4B3B490096132205F0E8FC2046394B22
:10C7800039490096152205F0E1FC2046374B38491F
:10C790000095182205F0DAFC364B3749009619222D
:10C7A000204605F0D3FC03B0F0BD00BF2D1C0508EA
:10C7B000441C05084A1C0508601C0508681C05087F
:10C7C0007A1C0508811C05088B1C0508931C0508AC
:10C7D0009F1C0508A61C0508BB1C0508C61C0508EF
:10C7E000E01C0508EB1C0508071D0508141D0508BD
:10C7F0002F1D05083B1D0508551D05085D1D050875
:10C800007C1D0508841D05086F380508951D050861
:10C81000AA1D0508B31D0508D21D0508E01D050861
:10C820001F1E0508271E0508331E05083D1E0508A6
:10C830004B1E0508521E05085D1E0508641E0508EE
:10C840006F1E0508781E0508A91E0508B31E0508F9
:10C85000DD1E0508EE1E0508151F0508211F050829
:10C86000481F0508541F0508691F05086D1F0508A6
:10C87000B41F0508A01F0508B91F050810B5044618
:10C88000C06D0368DB6A984710B994F8590010BD71
:10C89000FF20FCE7C06D10B103685B6A1847704762
:10C8A0004FF07C5210B5C0F88C204FF07A52C0F88F
:10C8B00090200C46FFF7EEFF28B1036821465B6A23
:10C8C000BDE81040184710BD30B5C56D85B00446B1
:10C8D0000121284625F0D2F92B6828465B6D984740
:10C8E000B4F80A31A4F8983004F1A00393E80700E3
:10C8F0008DE80700943494E80E00284622F010FBDF
:10C9000028460022012122F044FD05F1880005B0EF
:10C91000BDE8304011F01EB807EE901AF8EE677AC5
:10C92000F8B580F83C22044680F83D1217EE900AD4
:10C930001546EFF7D3FF0E4B0022EFF771FE07EE1F
:10C94000905AF8EE677A064617EE900A0F46EFF710
:10C95000C5FF074B0022EFF763FE02460B46304649
:10C960003946F0F73DF9F0F709FBC4F84002F8BD8D
:10C970000000F03FD0B504462DED028BB0EE408AAA
:10C980003AB947F6FF7342600360BDEC028B204664
:10C99000D0BD07EE902ADFED136AF8EE677A86EED7
:10C9A000A77A27EE007ABDEEC77A80ED007A17EEFF
:10C9B000900AEFF793FF02460B4600204FF08041AC
:10C9C000F0F70EF9064618EE100A0F46EFF786FF4D
:10C9D00002460B4630463946EFF7D8FFF0F7CEFA5D
:10C9E0006060D2E700FF7F47D0B50446084601B338
:10C9F0000B689B69984710EE100AEFF76FFF0E4B1C
:10CA00000022EFF7C3FF0646D4F840020F46EFF7C7
:10CA100065FF0B46024639463046EFF7B7FFF0F7A1
:10CA2000ADFA94F8143100EE100A0BB1B1EE400AE1
:10CA3000D0BD9FED020AFBE70080764000000000B9
:10CA400038B50546C06D03680C461B690021984740
:10CA500034B14FF07C53C5F88C300023C5F89030CA
:10CA6000E86D03682146DB6998476B6D84F001042B
:10CA70001C7038BD10B50446C06D48B10368002174
:10CA80001B699847E06D0368BDE810405B69184773
:10CA900010BD4FF07C53C0F88C300023C0F89030AC
:10CAA000C06D10B103689B6918477047CC30704760
:10CAB0009FED0D7AD0ED367A67EE877AF4EEC77A7D
:10CAC000F1EE10FA0DDC9FED097AF4EE477AF1EE03
:10CAD00010FA48BFF0EE477AFDEEE77A17EE900ABB
:10CAE0007047F0EE477AF7E70000004F000000CFF4
:10CAF000D0F8D43090ED487AB0F91E015B4207EED1
:10CB0000903AF8EEE77A67EE877AFDEEE77A17EE6D
:10CB1000903A834203DC40429842B8BF18467047BF
:10CB200007EE901ADFED096A80F81C11F8EE677ABB
:10CB3000B6EE007AA7EEA67A01EB8103C3EBC3033E
:10CB4000A0F81E3180ED487A704700BF0AD7233C19
:10CB500038B5184613780D46144613B909B10AF0D2
:10CB6000E3F8257038BD000038B500232DED028BA9
:10CB70000446C0F8043119B9FFF7BAFFC4F804013C
:10CB800094F85C3183B307EE903A94ED347AD4F89C
:10CB90005831F8EE677A04F5DC7067EE877A94ED29
:10CBA0000D7A67EE877A07EE103AB8EEC70AF4EE10
:10CBB000C07AF1EE10FA0BDC5B4207EE103AB8EEE9
:10CBC000C70AF4EEC07AF1EE10FA58BFB0EE670A69
:10CBD0000AF088F8D4ED417AF8EEE77A77EEC07A79
:10CBE000FDEEE77AC4ED417A94F85E3183B307EE47
:10CBF000903A94ED337AD4F85831F8EE677A04F528
:10CC0000047067EE877A94ED0E7A67EE877A07EE06
:10CC1000103AB8EEC70AF4EEC07AF1EE10FA0BDC67
:10CC20005B4207EE103AB8EEC70AF4EEC07AF1EEB6
:10CC300010FA58BFB0EE670A0AF054F8D4ED417A02
:10CC4000F8EEE77A77EEC07AFDEEE77AC4ED417A46
:10CC500094F85D51002D77D0DFED417AD4ED348A20
:10CC60009FED407A68EEA78AB7EE008AF0EEE87A88
:10CC7000F4EEC77AF1EE10FA1CD59FED3B7A67EE21
:10CC8000877A17EE900AEFF729FE384B0022EFF76C
:10CC9000C5FC2FA3D3E90023EFF778FEF0F76EF978
:10CCA00000EE100A2FF026FD30EE080AB6EE008ADC
:10CCB00020EE088AF5EEC08AF1EE10FA07EE905ADF
:10CCC000ACBF01234FF0FF3307EE103AF8EE677A5E
:10CCD000B8EEC77A67EE887A67EE877A17EE900A21
:10CCE000EFF7FCFD1CA3D3E90023EFF74FFE204B29
:10CCF0000022EFF74BFEF0F741F9D4F8583107EE78
:10CD0000103A07EE900AB8EEC70A04F5F270F4EE96
:10CD1000C07AF1EE10FA0BDC5B4207EE103AB8EE87
:10CD2000C70AF4EEC07AF1EE10FA58BFB0EE670A07
:10CD300009F0D8FFD4ED417AF8EEE77A77EEC07AC1
:10CD4000FDEEE77AC4ED417ABDEC028B38BD00BF41
:10CD5000182D4454FB210940666666666666E63F08
:10CD60000000344200008045000080390000E03FB0
:10CD70000000404030B52DED028B0446182583B0ED
:10CD8000B0EE408A2A460021CC302BF0D1FAB0EE2A
:10CD9000480AB4F8B02084ED378A21466846FFF788
:10CDA000E9FD009BC4F8D430019BC4F8D8302A4672
:10CDB000002104F1E4002BF0BBFA04F5B07009F097
:10CDC000B3FF04F5C67003B0BDEC028BBDE8304084
:10CDD00009F0AABF70B500F1CC06044600F1E405E5
:10CDE0000FCE2DED028B0FC596E8030082B085E8CB
:10CDF0000300B4F8B02084ED370A21466846B0EE4F
:10CE0000408AFFF7B7FDD4ED3D7A009BC4F8D430DB
:10CE100038EE678AD4ED557A019BC4F8D83028EEF5
:10CE2000278A04F5B070B0EE480A09F05BFF84ED84
:10CE3000340A94ED3F0A04F5C67038EE400A09F052
:10CE400051FFD4ED557A84ED3F8A67EE807AC4EDC8
:10CE5000337A02B0BDEC028B70BD30B52DED028B84
:10CE6000C36D83B0044633B903B0BDEC028BBDE89B
:10CE7000304011F0F3BAFFF70DFD01462046FFF7F1
:10CE8000B3FDB4F8B450B4F8B030AB42B0EE408A61
:10CE90000ED02A4621466846FFF76CFD009B002B0A
:10CEA000B8BF5B4247F6FE729342D8BFA4F8B050B9
:10CEB000B4F8B020B0EE480A21466846FFF75AFDA4
:10CEC000009B002BB8BF5B42B3F5803F15DBE06DE4
:10CED00003681B6A984798B1E06D03685B699847DF
:10CEE00011F0BCFA94F8683053B9012384F8683023
:10CEF00004F16C0009F060F802E0B3F5004F1BDBB1
:10CF000094F8243173B1E06D03681B6A984748B107
:10CF1000002384F824314FF07E53C4F88C30002372
:10CF2000C4F89030B0EE480A204603B0BDEC028B46
:10CF3000BDE83040FFF74EBF002384F86830DFE7DC
:10CF400008B507EE901A2DED028BF8EEE77A9FED0B
:10CF50000E8AD0ED920A87EE880AB5EEC00AF1EE8D
:10CF600010FA0CD5B1EE400A2FF044FB20EE480A2F
:10CF7000BDEC028BBDEEC00A10EE100A08BD2FF00A
:10CF800039FB20EE080AF3E700FEFF4690F808316F
:10CF9000DFED0B6A07EE903AF8EE677AB0F80A31E7
:10CFA00087EEA67A07EE903ADFED066A80ED447AC6
:10CFB000F8EE677A87EEA67A80ED437A704700BF75
:10CFC00000007F4300FEFF4610B5A0F80A11FFF7EE
:10CFD000DDFFC06D0C4650B1054A0649002333F011
:10CFE00013F820B12146BDE8104021F04DBF10BD1F
:10CFF00070920508F85E0508F8B5D0F8D430B3F59E
:10D00000004F05464CDA13F5004F4BDC4FF0FF3470
:10D0100007EE904AB8EEE77AD5ED377A67EE277AD1
:10D0200017EE900AEFF75AFC0646B5F8B00007EE87
:10D03000900AF8EE677A0F4617EE900AEFF74EFC6B
:10D04000194B0022EFF7A2FC0B4602463946304648
:10D05000EFF7E4FAEFF792FF95F81531D5ED466A50
:10D0600007EE103AB8EE477A07EE900A27EE267AD6
:10D07000634227EE277A07EE903AF8EEE77A0B4BF9
:10D0800067EE877AFDEEE77A17EE900A9842B8BF0E
:10D09000184647F6FF739842A8BF184600B2F8BD7D
:10D0A0000124B5E70020FAE70000E03F0180FFFF20
:10D0B000C0F800117047000070B5D0F80031002BA7
:10D0C000B8BF5B4247F6FE7293422DED028B0446D9
:10D0D0000E4601DD11F0CCF9D4ED927AD4F80011AE
:10D0E000B7EE008AF4EE487AF1EE10FA03D020464B
:10D0F000FFF726FF014607EE901A94ED447AD4F824
:10D100000431F8EEE77A204667EE877AFDEEE77A9B
:10D1100017EE905A1D44FFF76FFF431907EE903A40
:10D1200094ED436AB4F8B610B4F80A21F8EEE77A41
:10D1300067EE867AFDEEE77A17EE903A00294FD037
:10D14000002BB7EE007AFFEE007AC8BFF0EE477A08
:10D1500007EE101AD4ED346ADFED525AB8EE477A72
:10D1600096EEA77A07EE901AF8EEE77AC5EEA76A70
:10D17000D4ED307A66EE876A94ED317A66EEA77A5E
:10D18000A6EE277A07EE902AF8EEE77AB4EEE77A71
:10D19000F1EE10FA08DCDFED447AB5EEC07AF1EE7C
:10D1A00010FA58BFF0EE477A94ED2F7AC4ED317A39
:10D1B000E7EE267A002B07EE103AB8EEC77A57DD75
:10D1C000F4EEC77AF1EE10FA61DCF5EEC07AF1EE1A
:10D1D00010FA5FD437EE677AFDEEC77A17EE903A11
:10D1E000D4F8B810D4F8F80031B10D189D4254DBD2
:10D1F000411A8B42B8BF0B4694F8681094ED247A1C
:10D200000029B4EEC87A18BF0023F1EE10FA13D546
:10D2100007EE903AF8EEE77A94ED236AD4ED556A7A
:10D2200067EE877AFDEEE77A17EE903AC6EE267A39
:10D2300077EE877AC4ED247A94F8141101B15B4239
:10D240009A42C4F8E0302ADB55429D42B8BF1D46E1
:10D250001C1A85EAE573A3EBE57318BF01249A4213
:10D2600001D111F005F9BDEC028B2046356070BD8F
:10D27000F5EEC07AF1EE10FA0CD4F1EE677AF4EE26
:10D28000477AF1EE10FA48BFF0EE477AA2E7F0EEE7
:10D29000477A9FE7DFED047A9CE72B46ACE715461B
:10D2A000D6E700BF00FEFF460000000013B501A94D
:10D2B0000446FFF701FF68B1E06D03681B6A9847F9
:10D2C00040B1E06DBDF9041003681B6902B0BDE810
:10D2D0001040184702B010BD38B580F8521100EB6D
:10D2E0008101D0ED557AB1F8263100EE103AB8EE52
:10D2F000C00A044600F5B07580EE270A28460AF0F9
:10D3000001F894F8523104EB830393F82801EFF706
:10D31000D3FA00222D4BEFF763FCEFF72FFE00EE60
:10D32000100A28460AF006F894F85231D4ED557ADE
:10D3300004EB830304F5C675B3F8363100EE103AFA
:10D34000B8EEC00A284680EE270A09F0DBFF94F801
:10D35000523104EB830393F83801EFF7ADFA002262
:10D360001A4BEFF73DFCEFF709FE00EE100A2846D6
:10D3700009F0E0FFB4F84631D4ED557A00EE103AEA
:10D38000B8EEC00A04F5DC7080EE270A09F0BAFF97
:10D39000B4F84E3104F5047000EE103AD4ED557A2D
:10D3A000B8EEC00A80EE270A09F0ACFFB4F84A31A3
:10D3B00004F5F27000EE103AD4ED557AB8EEC00ADA
:10D3C000BDE8384080EE270A09F09CBF00005940B4
:10D3D00090F8521180ED550AFFF77EBF0346C3F364
:10D3E0008512002062F3070003F03F0382B063F36D
:10D3F0000F2002B07047830103F47C63C0F3052063
:10D4000082B0184302B0704710B5828F0446806D19
:10D41000FFF7F1FF0146104610F05CFBB4F8B610C0
:10D42000E08F10F057FB94F8083194F81511B4F818
:10D43000420043EA012110F04DFBB4F80A11B4F8A0
:10D44000440010F047FBB4F8B01094F81431B4F86D
:10D450004600C1F30E0141EAC33189B210F03AFB34
:10D4600094F81C3194F85C11B4F8480043EA0121A7
:10D4700010F030FBB4F85D11B4F84A0010F02AFB4C
:10D48000B4F83C12B4F84C0049BA89B210F022FB4F
:10D4900094F85211B4F84E0010F01CFB94F84412AA
:10D4A000B4F85000BDE8104010F014BB10B50446AD
:10D4B000006808B1FFF760F8204610BD1B4B10B59F
:10D4C00003F12C020360843304468260836200F51A
:10D4D000047009F003FC04F5F27009F0FFFB04F599
:10D4E000DC7009F0FBFB04F5C67009F0F7FB04F5EE
:10D4F000B07009F0F3FB04F17400FEF77BFF04F158
:10D500006400FFF7D3FFE06D10B103685B689847D4
:10D5100004F1280008F03CFC04F1080004F034FB9E
:10D5200020460BF089FE204610BD00BFDC500508E8
:10D53000A0F10800FFF7C2BFA0F12800FFF7BEBFAF
:10D5400010B50446FFF7BAFF20464FF4147132F0CD
:10D5500057FD204610BDA0F12800FFF7F1BFA0F154
:10D560000800FFF7EDBF0022C0E90022826070478B
:10D5700038B500230446C0E9003383600D46FFF749
:10D58000F2FF034BE360034B2560A360204638BDE8
:10D59000C1C00108A1C00108826810B50AB933F002
:10D5A000C7F8BDE81040C368184700002DE9FF41E7
:10D5B000036BD3E9003204460F469A4203D100239D
:10D5C00084F859302CE09988B94203F12803F4D14A
:10D5D000E06D0368DB6A984705460028EFD1236BAE
:10D5E00084F85970D3E90068464526D1102032F0FE
:10D5F00085FD0123C0E90133204B03600023CDE901
:10D600000033236EC56002932566636E606603A8CF
:10D610000393FFF74BFF01A8FFF748FFE06D00BB46
:10D620002046FFF737F901462046FFF7DDF920468F
:10D6300004B0BDE8F041FFF79DBBB388BB420ED1FB
:10D6400006F11800FFF7A8FF48B133690BB933F0B2
:10D650006FF8736906F108009847054687802836F9
:10D66000C2E70368DB6A98470028D9D1E06D0368F8
:10D6700004F160019B6A9847D2E700BF9452050805
:10D68000C36AD3E900322DE9F04104460E469A42BE
:10D6900001D1BDE8F0819988B14203F12803F6D1A8
:10D6A000F9F760FDE36A0027D3E9005812E0AB8880
:10D6B000B3420ED105F11800FFF76EFF48B12B6998
:10D6C0000BB933F035F86B6905F108009847074648
:10D6D000868028354545EAD1E06DE76510B10368DD
:10D6E0005B689847E06D18B9BDE8F041F9F75CBD9B
:10D6F00084F858600368DB6A984728B9E06D0368CE
:10D7000004F160019B6A9847E06D40B10B4A0C49F7
:10D71000002332F079FC10B12046FFF7D5F8FBF773
:10D7200017FC28B9636D58702046FFF7A3F9DBE7B3
:10D73000E06D03689B699847D6E700BF70920508C3
:10D74000F85E050830B585B004460122808F694631
:10D7500010F0EEF9002800F0F280BDF80000FFF7AD
:10D760003DFEA4F8580094F858102046FFF788FFB3
:10D7700094F859102046FFF719FFE08F01226946FF
:10D7800010F0D6F9002800F0DD80BDF80030A4F8D4
:10D79000B630B4F8420001220DF1020110F0C8F9D0
:10D7A00030B1BDF8023084F808311B0A84F8153115
:10D7B000B4F84400012201A910F0BAF920B1BDF873
:10D7C00004102046FFF700FCB4F8460001220DF1DA
:10D7D000060110F0ADF958B1BDF80630C3F30E01E3
:10D7E000DB0BA4F8B01084F814312046FEF744FA9D
:10D7F000B4F84800012202A910F09AF9002800F0BC
:10D80000A480BDF808509DF808102046FFF788F95D
:10D8100004F5AE7204F5DC73290AFFF799F9B4F840
:10D820004A00012202A910F083F990B19DF8081076
:10D8300004F5F27304F25D122046FFF789F9BDF892
:10D84000081004F5047304F5AF72090A2046FFF7C7
:10D850007FF9B4F84C0001220DF10A0110F068F9CB
:10D8600038B1BDF80A209DF80A10120A2046FFF7C9
:10D8700053F8B4F84E00012203A910F059F900281A
:10D880004DD09DF80C3084F8523104EB8303D4ED75
:10D89000557AB3F8263100EE103AB8EEC00A04F516
:10D8A000B07580EE270A284609F02CFD94F8523115
:10D8B00004EB830393F82801EEF7FEFF0022274BC9
:10D8C000EFF78EF9EFF75AFB00EE100A284609F041
:10D8D00031FD94F85231D4ED557A04EB830304F50D
:10D8E000C675B3F8363100EE103AB8EEC00A2846D5
:10D8F00080EE270A09F006FD94F8523104EB830309
:10D9000093F83801EEF7D8FF144B0022EFF768F9CF
:10D91000EFF734FB00EE100A284609F00BFDB4F8CF
:10D92000500001220DF10E0110F002F998B19DF99D
:10D930000E10204605B0BDE83040FEF7AAB910F041
:10D940008DFD10E710F08AFD23E794F81C112046A6
:10D95000FFF7E6F863E705B030BD00BF00005940AF
:10D960002DE9F047D0E901439C420546894614D091
:10D970000A88002304F10801C4E906232372C4E9DC
:10D98000001300220023C4E90823022384F828306E
:10D99000436830334360BDE8F0871D4A0121FDF73D
:10D9A00017FC2F688046FEF7EBFAA4EB070A00EBA2
:10D9B0000A030646B9F8001003F10800002246F8F1
:10D9C0000A00C3E906125A601A72002000210222DE
:10D9D000C3E9080183F82820214632463846FEF77D
:10D9E00016FD214600F130022046FEF710FDA96821
:10D9F000084BC91B0911044659433846FEF7B9FACA
:10DA00003023C5E9006403FB0866AE60C3E700BFCE
:10DA1000321B0508ABAAAAAA2DE9F047D0E90143B9
:10DA20009C420546894614D00A78002304F1080177
:10DA3000C4E906232372C4E9001300220023C4E9C9
:10DA40000823022384F82830436830334360BDE85C
:10DA5000F0871D4A0121FDF7BBFB2F688046FEF7CA
:10DA60008FFAA4EB070A00EB0A03064699F80010A8
:10DA700003F10800002246F80A00C3E906125A60C2
:10DA80001A72002000210222C3E9080183F828202D
:10DA9000214632463846FEF7BAFC214600F13002F4
:10DAA0002046FEF7B4FCA968084BC91B09110446BF
:10DAB00059433846FEF75DFA3023C5E9006403FB9D
:10DAC0000866AE60C3E700BF321B0508ABAAAAAA6E
:10DAD0002DE9F047D0E901439C420546894615D01F
:10DAE0000B6804F10802D917226000222272C4E9EF
:10DAF0000631626000230022C4E90823022384F86F
:10DB00002830436830334360BDE8F0871D4A012167
:10DB1000FDF75EFB2F688046FEF732FAA4EB070A9A
:10DB200000EB0A030646D9F8002003F1080146F885
:10DB30000A10D0170021C3E906205960197200208D
:10DB400000210222C3E9080183F828202146324639
:10DB50003846FEF75CFC214600F130022046FEF715
:10DB600056FCA968084BC91B09110446594338469D
:10DB7000FEF7FFF93023C5E9006403FB0866AE60D9
:10DB8000C2E700BF321B0508ABAAAAAA2DE9F84FCD
:10DB9000D0E901539D4204468A4616D0086832F007
:10DBA000ABFE05F108032B6000232B726B60002293
:10DBB0000023C5E90823022385F828306368303341
:10DBC000C5E906016360BDE8F88F1F4A0121FDF732
:10DBD000FFFAD4F800808146FEF7D2F9A5EB080BD6
:10DBE00000EB0B070646DAF8000032F085FE07F17D
:10DBF000080346F80B3000237B603B7200220023B1
:10DC0000C7E908230223C7E9060187F8283032460E
:10DC100029464046FEF7FBFB294600F13002284624
:10DC2000FEF7F5FBA168094BA1EB080109110546B8
:10DC300059434046FEF79DF93023C4E9006503FBD4
:10DC40000966A660BFE700BF321B0508ABAAAAAAF7
:10DC50002DE9F047D0E901439C420546894614D09E
:10DC60000A78002304F10801C4E906232372C4E9F9
:10DC7000001300220023C4E90823022384F828307B
:10DC8000436830334360BDE8F0871D4A0121FDF74A
:10DC90009FFA2F688046FEF773F9A4EB070A00EBA2
:10DCA0000A03064699F8001003F10800002246F81E
:10DCB0000A00C3E906125A601A72002000210222EB
:10DCC000C3E9080183F82820214632463846FEF78A
:10DCD0009EFB214600F130022046FEF798FBA96822
:10DCE000084BC91B0911044659433846FEF741F950
:10DCF0003023C5E9006403FB0866AE60C3E700BFDC
:10DD0000321B0508ABAAAAAA2DE9F84FD0E90143B6
:10DD10009C4205468A46914613D009881278002312
:10DD200004F108002372C4E90003C4E90613C4E93E
:10DD30000823062384F828306B6830336B60BDE815
:10DD4000F88F1D4A0121FDF743FA2F688046FEF740
:10DD500017F9A4EB070B00EB0B03064699F800201C
:10DD6000BAF80000002103F1080C46F80BC0C3E923
:10DD700008210622C3E906015960197283F8282098
:10DD8000214632463846FEF742FB214600F130027A
:10DD90002046FEF73CFBA968084BC91B0911044645
:10DDA00059433846FEF7E5F83023C5E9006403FB24
:10DDB0000866AE60C3E700BF321B0508ABAAAAAA7B
:10DDC0002DE9F047D0E901439C420546894614D02D
:10DDD0000A68002304F10801C4E906232372C4E998
:10DDE000001300220023C4E90823022384F828300A
:10DDF000436830334360BDE8F0871D4A0121FDF7D9
:10DE0000E7F92F688046FEF7BBF8A4EB070A00EBA2
:10DE10000A030646D9F8001003F10800002246F86C
:10DE20000A00C3E906125A601A7200200021022279
:10DE3000C3E9080183F82820214632463846FEF718
:10DE4000E6FA214600F130022046FEF7E0FAA96822
:10DE5000084BC91B0911044659433846FEF789F897
:10DE60003023C5E9006403FB0866AE60C3E700BF6A
:10DE7000321B0508ABAAAAAA012A30B403D10B7839
:10DE8000037030BC7047002AFBD030BCEEF728BBD3
:10DE900000F1080373B5044603600D4611B90F483D
:10DEA00032F03CFC0846EEF7EBF80F2806460190EE
:10DEB00006D9002101A8FEF711F9019B2060A3609B
:10DEC000206832462946FFF7D7FF019B226863602E
:10DED00000212046D15402B070BD00BFC31F050809
:10DEE00013B5044901AA0446FFF7D2FF204602B049
:10DEF00010BD00BFF51F0508A1F11C01F0E700BF30
:10DF000013B5044901AA0446FFF7C2FF204602B038
:10DF100010BD00BF12200508A1F12401F0E700BFE9
:10DF200013B5044901AA0446FFF7B2FF204602B028
:10DF300010BD00BF24200508A1F10801F0E700BFD3
:10DF400000F1080373B50360D1E900650F2D0446A5
:10DF5000019506D9002101A8FEF7C0F8019B2060B9
:10DF6000A36020682A463146FFF786FF019B22689E
:10DF7000636000212046D15402B070BD2DE9F04FFE
:10DF80002DED028B044689B004F108080F46914636
:10DF90000BF0BAF9D749002340F60122404604F0BD
:10DFA000A5F804F1280007F0D3FFD34B236003F159
:10DFB0002C028433A362D14BE362D14B2363D14B58
:10DFC0006363D14BA363D14BE36303F54033043365
:10DFD0002364CF4B636403F500230633A364A3F5E6
:10DFE000FF33A3F5FF730025E3644FF44373A4F8F4
:10DFF0005030A26084F8585084F85950102032F004
:10E000007DF80646FEF7E6FA01AAC4E91765C1499C
:10E01000656684F8685002A8FFF73AFF4FF0010ADE
:10E020001F23E36602A9BC4E84F870A004F17400BB
:10E03000FFF786FF02A8FEF7DDF90FCE4FF07E5BFB
:10E0400004F1940CC4F88CB0C4F890B0ACE80F00A4
:10E0500096E803008CE80300B049C4F8B8504FF4C8
:10E060006172C4E92C12AE4AC4F8BC20AD4AC4F8AF
:10E07000C0200023CC22C4F8AC30C4F8C430C4F8AB
:10E08000CC30C4F8D030C4F8D830C4F8DC30C4F890
:10E09000E430C4F8E830C4F8F030C4F8F430C4F820
:10E0A000D450C4F8E050C4F8EC50C4F8F85084F8E8
:10E0B000082141F28832A4F80A2147F60172A4F837
:10E0C0001421C4E94055984AC4F818217F22C4F8A5
:10E0D000FC30C4F80C31C4F8103184F81C21C4F8A9
:10E0E0002031A4F81E5106F1080384F824A104F598
:10E0F0009372183653F8041B42F8041BB342F9D14B
:10E100008A4B04F59B7203F1100153F8040B42F89B
:10E11000040B8B42F9D13C23A4F84631372384F811
:10E1200048313223A4F84A3114239FED818A84F8C0
:10E130004C31A4F84E3184F8503144F62063002568
:10E14000C4F858314FF0010A1E2394F82C01A4F8AA
:10E150005C3184F852A184ED558A84F85E51EEF763
:10E16000ABFB0022734BEEF73BFDEEF707FFB4F875
:10E170002A319FED711A00EE103AB8EEC00A00EE97
:10E18000900A80EE080A294604F5B07009F0F2F80A
:10E1900094F8526104EB860696F83801EEF78CFB92
:10E1A0000022644BEEF71CFDEEF7E8FEB6F83631C0
:10E1B000D4ED557A9FED601A00EE103AB8EEC00A21
:10E1C00000EE900A80EE270A294604F5C67009F091
:10E1D000D1F894F84801EEF76FFB0022554BEEF7AB
:10E1E000FFFCEEF7CBFEB4F84631D4ED557A9FED47
:10E1F000521A00EE103AB8EEC00A00EE900A80EE15
:10E20000270A294604F5DC7009F0B4F894F84C01AB
:10E21000EEF752FB0022474BEEF7E2FCEEF7AEFEC4
:10E22000B4F84A31D4ED557A9FED431A00EE103A16
:10E23000B8EEC00A00EE900A80EE270A294604F5DF
:10E24000F27009F097F894F85001EEF735FB394B6E
:10E250000022EEF7C5FCEEF791FEB4F84E31D4ED96
:10E26000557A9FED351A00EE103AB8EEC00A00EE6E
:10E27000900A80EE270A294604F5047009F07AF81E
:10E280002E4BA4F83C52582FC4F840B2C4F8445264
:10E29000C4F848B2C4F84C3284F8C870C4F854903A
:10E2A00052D1274BE3622946404603F0A4F8254BA0
:10E2B00004F13C0203F1100618685968154603C5BD
:10E2C0000833B3422A46F7D118689B8810609380C0
:10E2D0002046FFF737FA404603F0A0FF2046FEF73E
:10E2E000A5F92046FEF752FE09B0BDEC028BBDE851
:10E2F000F08F00BF28200508DC500508142A0120F3
:10E30000682D0120E1E0E03D1AE7333C01030403FE
:10E31000020303032D200508700C05088403840301
:10E320009A99993E8FC2F53C0000C841980C0508A7
:10E3300000007A44000059400000000000004842FC
:10E3400028270120A80C0508592F13D1134BE3628D
:10E350005146404603F04FF8114B04F13C0203F1E3
:10E36000100618685968154603C50833B3422A4693
:10E37000F7D1A9E75A2FABD10221404603F03BF871
:10E38000084B04F13C0203F1100618685968154661
:10E3900003C50833B3422A46F7D195E71C2701206D
:10E3A000BE0C0508D40C05082DE9F047D0E901732F
:10E3B0009F4204460D4613D03846FFF7C1FDD5E90C
:10E3C0000623C7E90623D5E90823C7E9082395F8FA
:10E3D000283087F82830636830336360BDE8F08701
:10E3E0001C4A0121FCF7F4FED4F800908246FDF7A8
:10E3F000C7FDA7EB09088044064629464046FFF7BB
:10E400009FFDD5E90623C8E90623D5E90823C8E915
:10E41000082395F8283088F828303246394648468F
:10E42000FDF7F5FF394600F130023846FDF7EFFF02
:10E43000A168094BA1EB090109110546594348465A
:10E44000FDF797FD3023C4E9006503FB0A66A6606B
:10E45000C4E700BF321B0508ABAAAAAA2DE9F743FF
:10E46000476804460E46154607EB0208FDF7BCFF59
:10E4700090B9A168884511D82DB120682A46314647
:10E480003844FFF7F9FC2368C4F80480002203F83D
:10E49000082003B0BDE8F0830F21EBE701A8CDF819
:10E4A0000480FDF71BFE81469FB121683A46FFF7C5
:10E4B000E3FC36B12DB12A46314609EB0700FFF7E0
:10E4C000DBFC2046FDF796FF019BC4F80090A3609B
:10E4D000D9E7002EF5D0EEE738B5044608460D46DC
:10E4E000EDF7CEFD6368C3F1FF4303F5FF0303F5CA
:10E4F000FF437F339842024602D9044832F011F9B3
:10E5000029462046BDE83840FFF7A8BF402005084F
:10E510002DE9F04F0B68A7B004460E461546192B9F
:10E5200000F2CE83DFE813F01A002C003D0050000B
:10E530005400B800C500F300980127025402650298
:10E540007902D6028802DA02E002E302640374036D
:10E5500053037E03D700E5009003B8030B6A012B39
:10E5600005D100F585712846FFF7FAF904E0022B82
:10E5700002D1098AFEF728FD012027B0BDE8F08FFF
:10E580000B6A022B01D0202B04D1318A2046FDF7E3
:10E5900073FBF1E7012B01D0102BEDD104F1B00199
:10E5A000E1E70B6A022B01D0202B03D1336984F8F9
:10E5B0001531E1E7012B01D0102BDDD104F215114B
:10E5C0002846FFF745FBD7E70021FEF769F9D3E7B7
:10E5D000096A01294DD16E68AB6890F814A19E427A
:10E5E0004FF000070CD006F10803C6E90037C6E972
:10E5F00006A7377200230022C6E90823022393E20C
:10E600008E4A2846FCF7E4FDD5F800808146FDF7E8
:10E61000B7FCA6EB080B00EB0B0303F1080240F874
:10E620000B200446002100200222C3E9080183F8E0
:10E630002820C3E906A75F601F7222463146404684
:10E64000FDF7E5FE314600F130023046FDF7DFFE12
:10E65000A9687B4BA1EB08010911064659434046C6
:10E66000FDF787FC3023C5E9004603FB0944AC6095
:10E6700082E7022980D1D6E90423012A73F100033D
:10E6800090ED370AACBF0123002380F81431B1EEBE
:10E69000400AFEF76FFB6FE70B6A012B02D100F512
:10E6A0008E718DE7022B7FF467AF097CFEF738FA95
:10E6B00062E70B6A012B02D100F5AE7180E7022BF5
:10E6C0007FF45AAF00F5DC7300F5AE72317C204662
:10E6D000FEF73EFA50E70B6A012B02D100F25D1102
:10E6E0006EE7022B7FF448AF00F5F27300F25D1283
:10E6F000ECE70B6A012B02D100F5AF7160E7022B4A
:10E700007FF43AAF00F5047300F5AF72DEE70B6AF1
:10E71000082B40F08180FEF7B1F8236BD3E9004766
:10E72000064618344FF000084FF00009A4F1180312
:10E730009F423FF421AF54F8183C9B79022B04D040
:10E74000012B06D13F4B1B781BB934F8143C9E4279
:10E750005AD110AB0E9300238DF8403034F8141CBE
:10E760000F9302A801238DF86030CDE91489CDE91B
:10E770001689FDF787FE0F9BC3F1FF43DDE9021207
:10E7800003F5FF0303F5FF437F339A4202D92E4876
:10E7900031F0C7FF0EA8FFF761FE02A8FDF72AFEC1
:10E7A0000EA82A49FFF798FE2046FEF7F5FE68BB43
:10E7B00034F8142C2649274B964218BF19460EA848
:10E7C000FFF78AFE21490EA8FFF786FE54F8183C91
:10E7D0000EA81968FFF780FE2046FEF7DDFEB8B1EF
:10E7E00034F8142C05238DF860300023CDE916236E
:10E7F00054F8182C9288CDE9142328460EA9FFF767
:10E80000D3FD0EA8FDF7F6FD28348FE71049D6E7B3
:10E8100003238DF86030F0E7012B08D1FEF72EF8C6
:10E820008DF868001AA92846FFF7F6F8A4E6022B2F
:10E830007FF4A2AE097CFEF7B9FE9DE6321B050807
:10E84000ABAAAAAA482A01204020050818260508D4
:10E85000E7460508AE3E05080B6A082B7DD1C36A62
:10E8600090F85860D3E900474FF0000818344FF093
:10E870000009A4F118039F423FF47EAE54F8183CFF
:10E880009B79022B04D0012B06D1AA4B1B781BB914
:10E8900034F8143C9E4258D11CAB1A9300238DF8D7
:10E8A000703034F8141C1B9308A801238DF89030A5
:10E8B000CDE92089CDE92289FDF7E4FD1B9BC3F159
:10E8C000FF43DDE9081203F5FF0303F5FF437F3340
:10E8D0009A423FF65CAF1AA8FFF7C0FD08A8FDF703
:10E8E00089FD1AA89449FFF7F7FD2046FEF754FE6C
:10E8F00068BB34F8142C9149914B964218BF1946C5
:10E900001AA8FFF7E9FD8C491AA8FFF7E5FD54F8AE
:10E91000183C1AA81968FFF7DFFD2046FEF73CFEF9
:10E92000B8B134F8142C05238DF890300023CDE9CC
:10E93000222354F8182C9288CDE9202328461AA9BE
:10E94000FFF732FD1AA8FDF755FD283491E77B4902
:10E95000D6E703238DF89030F0E7012B04D190F82F
:10E9600058308DF868305DE7022B7FF405AE097CE6
:10E97000FEF786FE00E60B6A012B11D1FDF78AFF38
:10E9800070B12046FDF786FF03685B69984794F8ED
:10E99000143153B91A901AA92846FFF799F8EBE5F4
:10E9A000336A022B03D00220E7E54042F2E720461B
:10E9B000FDF770FF0028F6D02046FDF76BFF94F8B6
:10E9C0001421036831695B6A02B149429847D3E573
:10E9D0000B6A022B01D0202B03D13369A4F8B63087
:10E9E000CAE5012B02D0102B7FF4C6AD04F1B601AD
:10E9F000B9E50B6A022B01D0202B03D13369C4F88F
:10EA0000B830B9E5012B02D0102B7FF4B5AD04F17D
:10EA1000B8012846FFF7D4F9AEE50B6A012B02D105
:10EA200000F58471CCE5022B7FF4A6AD0B6980F86C
:10EA30000831FEF7ABFA9FE5D5E901639E420BD0A2
:10EA4000D0F8EC3006F10802D91732600022C6E98E
:10EA5000063172603272CDE53A4A01212846FCF750
:10EA6000B7FBD5F800808146FDF78AFAA6EB080AC5
:10EA7000D4F8EC20074600EB0A0303F1080147F83D
:10EA80000A10D0170021C3E906205960197200202E
:10EA900000210222C3E9080183F8282031463A46C2
:10EAA0004046FDF7B4FC314600F130023046FDF738
:10EAB000AEFCA968244BA1EB080109110446594397
:10EAC0004046FDF756FA3023C5E9007403FB097789
:10EAD000AF6051E5D0F8F8301A935CE700F1E80137
:10EAE0002846FFF753F847E500F1E401F8E7096A23
:10EAF000012960D16E68AA6890F83D9290F83C8236
:10EB0000964209F101094FF0000B08F101081DD0F0
:10EB1000C6E9069BC6E9088B06F108023260C6F812
:10EB200004B086F808B0062386F828306B683033C6
:10EB30006B6021E5482A012018260508E7460508EC
:10EB4000AE3E0508321B0508ABAAAAAA5D4A2846B4
:10EB5000FCF73EFB2F68F11B82460191FDF710FA8E
:10EB600001990446421802F1080060500623002172
:10EB700082F82830516011725162C2E9069B314619
:10EB8000C2F8208038462246FDF741FC314600F1AC
:10EB900030023046FDF73BFCA9684B4BC91B0911FD
:10EBA000064659433846FDF7E4F93023C5E90046E7
:10EBB00003FB0A445BE520297FF4DEAC327A317C2A
:10EBC000013A0139D2B2C9B2FDF7A6FED4E40B6A0C
:10EBD000012B02D100F5A971F2E4022B7FF4CCAC39
:10EBE0000969032928BF0321C9B2FEF775FBC3E4F5
:10EBF0000B6A012B7FF4C0AC90F8523100F5937191
:10EC00009B009A1C0A4428461944FFF77DF8B3E498
:10EC10000B6A012B7FF4B0AC90F8523100F59B7178
:10EC20009B00EEE70B6A012B7FF4BDAE00231A9325
:10EC3000FDF730FE30B12046FDF72CFE03689B6ADD
:10EC400098471A901AA9E4E60B6A022B01D0202BF0
:10EC500004D131692046FDF71CF88DE4012B02D068
:10EC6000102B7FF489ACD5E901639E4202D0D4F821
:10EC70004432E7E6134A01212846FCF7A9FAD5F801
:10EC800000808146FDF77CF9A6EB080AD4F84422FF
:10EC9000074600EB0A03F0E60B6A022B01D0202B9B
:10ECA00006D1D6E90401EEF789FAC4F84C0263E410
:10ECB000012B02D0102B7FF45FAC04F513710FE72A
:10ECC00000205AE4321B0508ABAAAAAAA0F108004A
:10ECD000FFF71EBC2DE9F843894602F1180400F144
:10ECE00018050026A5F118039945A4F1180802D1CA
:10ECF0004046BDE8F88355F8183C44F8183CA4F1A8
:10ED0000100735F8143C24F8143C44E9046644F830
:10ED1000086C3846FEF727FC55F8083C44F8046CAC
:10ED200063B10222A5F110013846984755F8043C1A
:10ED300044F8043C55F8083C44F8083CC8E9066629
:10ED4000C8F820602046FEF70EFCAB68E6603BB1D9
:10ED50000222294620469847EB68E360AB68A3602F
:10ED600028342835BEE70000F8B50D4B541A9C42F4
:10ED700005460E46174602D90A4831F0D2FC64B166
:10ED8000204631F0BBF9024614442A60AC60394693
:10ED90003046FFF79FFF6860F8BD2246F4E700BFEA
:10EDA000F8FFFF7F661A05082DE9F04FC9B002ACE5
:10EDB000DFF8B893C4F800900025012601A8ADF84B
:10EDC00004508DF80660FDF72AFC0388A380DFF865
:10EDD000A083BB4F069504A8CDE90455FEF7C3FBFD
:10EDE000B849C4F81480276108A8FEF7C1FBB64BE8
:10EDF000A36201A8ADF804608DF80660FDF70FFC72
:10EE00000388A3850EA8CDE90E551095FEF7ABFB40
:10EE1000AE4BE363AE4BAF49A36312A8FEF7A8FB6A
:10EE20000423ADF80430AC4B236501A88DF80660CF
:10EE3000FDF7F5FB0388A4F8543018A8CDE9185560
:10EE40001A95FEF790FBA54B6366A54BA549236673
:10EE50001CA8FEF78DFB0523ADF80430A24BA36779
:10EE600001A88DF80660FDF7DAFB0388A4F87C3072
:10EE700022A8CDE922552495FEF775FB9B4BC4F8DB
:10EE80008C309B4B9B49C4F8883026A8FEF770FB5A
:10EE90000723ADF80430984BC4F8A03001A88DF8D2
:10EEA0000660FDF7BCFB0388A4F8A4302CA8CDE9CC
:10EEB0002C552E95FEF757FB904BC4F8B430904B71
:10EEC0009049C4F8B03030A8FEF752FB0923ADF8E2
:10EED00004308D4BC4F8C83001A88DF80660FDF7EA
:10EEE0009EFB0388A4F8CC3036A8CDE9365538957A
:10EEF000FEF739FB854BC4F8DC30854B8549C4F8F7
:10EF0000D8303AA8FEF734FB0B23ADF80430824B1F
:10EF1000C4F8F03001A88DF80660FDF780FB038887
:10EF2000A4F8F43040A8CDE940554295FEF71BFB0C
:10EF30007A4BC4F804317A4B7A49C4F8003144A8BA
:10EF4000FEF716FB784848AA2146C0E900558560BF
:10EF5000FFF70AFF48AD283D05F1180A504605F1B4
:10EF6000080BFDF72EFB5846FDF72BFBA542F2D10F
:10EF700000250126C4F8009001A8ADF804508DF8D2
:10EF80000660FDF74CFB0388A380A5605846CBE9DB
:10EF90000155FEF7E8FA4B49C4E904785046FEF7FC
:10EFA000E7FA0223ADF80430604BA36201A88DF8A4
:10EFB0000660FDF734FB0388A3850EA8CDE90E5546
:10EFC0001095FEF7D0FA5A4BE3635A4B5A49A363A4
:10EFD00012A8FEF7CDFA0423ADF804303E4B2365AA
:10EFE00001A88DF80660FDF71AFB0388A4F85430D9
:10EFF00018A8CDE918551A95FEF7B5FA374B636690
:10F00000374B384923661CA8FEF7B2FA0623ADF841
:10F0100004304A4BA36701A88DF80660FDF7FFFA9C
:10F020000388A4F87C3022A8CDE922552495FEF768
:10F030009AFA434BC4F88C30424B4349C4F88830A9
:10F0400026A8FEF795FA0823ADF804303F4BC4F824
:10F05000A03001A88DF80660FDF7E1FA0388A4F856
:10F06000A4302CA8CDE92C552E95FEF77CFA384B10
:10F07000C4F8B430374B3849C4F8B03030A8FEF784
:10F0800077FA0C23ADF80430344BC4F8C83001A82B
:10F090008DF80660FDF7C3FA0388A4F8CC3036A8D3
:10F0A000CDE936553895FEF75EFA2D4BC4F8DC30C5
:10F0B0002C4B2D49C4F8D8303AA8FEF759FA59E03C
:10F0C000C5C00108C7BB01080C02001079C30108C4
:10F0D00089C0010891E60308A401001065C3010876
:10F0E00071C00108957C0308CC01001021C3010800
:10F0F00059C001086DA803082C020010D9C20108EC
:10F1000041C00108C1450408B4010010A1C20108B2
:10F1100029C001084DBC0108E40100105DC20108CE
:10F1200011C0010865BF0308282701200402001050
:10F13000EDC10108F9BF0108B1E60308C4010010E0
:10F14000A9C10108E1BF01087DA80308240200103D
:10F1500061C10108C9BF0108D1450408DC010010E4
:10F160001DC10108B1BF010875BF0308B40000103C
:10F170000DC601080B483EAA2146C0E9005585602E
:10F18000FFF7F2FD3EAD283D05F11800FDF719FA35
:10F1900005F10800FDF715FAA542F4D149B0BDE824
:10F1A000F08F00BF1C27012070B5D0E9005604463F
:10F1B000AE4207D1206818B1A168091A30F020FFCB
:10F1C000204670BD05F11800FDF7FBF905F10800B8
:10F1D000FDF7F7F92835EBE7FFF7E6BD08B503487B
:10F1E000FFF7E2FF0248FFF7DFFF08BD1C27012001
:10F1F0002827012004207047C0897047074B10B5AD
:10F20000044640F8083B0AF07FF8054B23602033A2
:10F21000A3600023E381204610BD00BFB04705086E
:10F22000E852050810B5054B03602033044640F84A
:10F23000083F0AF001F8204610BD00BFE85205085B
:10F24000006A704783695B6801EB410103EB81034E
:10F250005868704710B5034B036004460EF00EFB70
:10F26000204610BD6853050810B50446FFF7F2FFAD
:10F270002046082130F0C4FE204610BD07B5EFF34C
:10F2800010830830A3B9EFF305838BB901930EF017
:10F290000BFB019B4BB14FF0E0234FF08052C3F8C2
:10F2A000042DBFF34F8FBFF36F8F03B05DF804FBE6
:10F2B000002301A901930EF0FFFAEAE7026A511C4C
:10F2C000016212B903681B6918477047036A002B73
:10F2D000C4BF03F1FF330362036A13B903685B69B8
:10F2E00018477047836970B5D3E901430C22534333
:10F2F0001D4AE5189B1053439B102246002B1046D5
:10F3000008DCAA1A182A26D0242A20D00C2A26D0B3
:10F31000FF200CE05268914203D00269914208D16B
:10F320000C308542F4D0104B001B80105843C0B203
:10F3300070BDC269914201D11830F2E7866AB142CC
:10F3400000F1300201D12430EBE7013BD6E74368FE
:10F350009942E6D00C3043689942E2D00C304368C1
:10F360009942D5D1DDE700BFABAAAAAA13B50446DE
:10F37000EFF310830830ABB9EFF3058393B9019332
:10F380000EF0A4FA00232377019B4BB14FF0E0234A
:10F390004FF08052C3F8042DBFF34F8FBFF36F8F30
:10F3A00002B010BD002301A901930EF09AFAE9E71B
:10F3B00070B5284D284B0360D5E900210446881A12
:10F3C00000110028134613DC8A1A082A32D00C2AAE
:10F3D0002CD0042A32D004F11000FFF73BFF04F1D7
:10F3E0000800FFF737FF204609F026FF204670BDD2
:10F3F0001268944203D05A68944209D104338B4274
:10F40000E9D01A1D91421DD1994218BF6B60E2E705
:10F410009A68944201D10833F1E7DE68B44203F1FF
:10F42000100201D10C33EAE70138CAE71A689442A6
:10F43000E5D004331A689442E1D004331A68944248
:10F44000C9D1DCE752F8040B844218BF43F8040B1F
:10F45000D8E700BF34270120785305080A4B2DE96F
:10F46000F041D3E9005806460024A84502D12046C1
:10F47000BDE8F08155F8047B3B683846DB6D984762
:10F48000864208BF3C46F0E7342701202DE9F84FBB
:10F49000D0E9008A93466FF06043AAEB0802B3EB11
:10F4A000A20F074689464FEAA20402D11E4831F056
:10F4B00038F9C24514BF22460122A418A1EB080561
:10F4C0002ED27CB39C4228BF1C46A00030F016FE12
:10F4D0000646DBF800307351002D04DD2A46414614
:10F4E000304628F085FEAAEB090A0435BAF1000F70
:10F4F000354404DD524649462846ECF7F1FF5544B1
:10F50000B8F1000F05D0B9684046A1EB080130F012
:10F5100077FDC7E9006506EB8406BE60BDE8F88F9D
:10F520001C46D2E72646D4E7321B050837B5044609
:10F530000D4609F0E9FE20460F4B40F8083B01213B
:10F540000EF0D8F9012104F110000EF0D3F90B48A8
:10F55000A561002323772362D0E901139942019426
:10F5600005D041F8044B4160204603B030BD01AAEC
:10F57000FFF78CFFF8E700BF785305083427012018
:10F58000034B186818B19968091A30F039BD7047F3
:10F5900034270120034A034692E8030083E803006E
:10F5A0001846704778000010A1F12401F2E700BF6F
:10F5B0000920704709207047C06C7047026890F8B6
:10F5C0004810926D104790F848007047036810B5D6
:10F5D0005B6D04469847236801461B6B2046BDE8D7
:10F5E00010401847036810B4DC690A46A44600239B
:10F5F0005DF8044B08316047884208D1C16D21EAAB
:10F600000201027FC16512B10368DB6C18477047C5
:10F61000A0F14400FFF7F0BF884205D112F4FC3F8F
:10F6200002D00368DB6C18477047A0F14400FFF775
:10F63000F3BF036810B501210446DB6B9847002334
:10F64000E06C84F86530F0F73FFAB0FA80F04009DA
:10F6500010BD036E80F864100A461BB199881868C3
:10F66000F1F7DCBA7047036810B5DB6B0446002184
:10F670009847012384F86530E06C48F27F41F0F749
:10F6800073FB236894F848101B6B20469847E06C86
:10F69000F0F7ECF9B0FA80F0400910BDC16DC06C14
:10F6A000F0F794BA884270B5044615460ED1EFF7CC
:10F6B00047FEE36DA06623EA0503E365237F2BB1D4
:10F6C00023682046DB6CBDE87040184770BDA0F190
:10F6D0004400FFF7E7BF73B51D464B68C367044698
:10F6E000087A830063674B7A5B001646A36760BBAA
:10F6F0000B68E36600B1086894F86430206723B1B2
:10F7000023680021DB6B2046984705B901ADE06C0A
:10F71000F0F780FA48B9EFF713FEA36EC01A142869
:10F7200003D9E16DE06CF0F751FAE06CF0F772FA92
:10F7300068B901232377236814211B6D204698475D
:10F7400028B92077002002B070BD0023D1E7E06C1B
:10F750002B46324604F16C01F0F7E6F938B1237F0D
:10F76000002BEFD023682046DB6C9847EAE7E36D77
:10F770002A681343E3650120E5E7436A13B55B6B31
:10F78000044624309847837973B901220DF10601AC
:10F79000C1200EF0CDF938B1BDF80610236801F094
:10F7A00007011B6B2046984702B010BD052970B5B4
:10F7B00004460D4626D800F1100680F848104FF098
:10F7C000FF3130460EF070F8E06CF0F77DF9E16D36
:10F7D000E06CF0F7FBF9A369E06C197A5B68A94269
:10F7E00028BF294601EB410153F821200368DA6163
:10F7F000F0F718FCE06CF0F739F93046BDE87040DE
:10F800000EF064B870BD436A10B55B6B04462430DB
:10F810009847837943B994F84810C120BDE8104057
:10F8200001F007010EF056B910BD000008B50346FF
:10F8300078B1084A904206D9074A904201D930F07F
:10F840006AFF30F065FF30205843BDE8084030F0D3
:10F8500055BC08BDAAAAAA025555550508B50368A6
:10F86000002B02DA0C4830F05CFF8B420AD9B3EB74
:10F87000410F4FEA410205D2002AB6BF6FF00043A4
:10F88000026003600068013001D530F041FFBDE83F
:10F89000084030F033BC00BF4C1B0508F8B500F140
:10F8A000100706460C4638464FF0FF310DF0FCFFBE
:10F8B000D6E914031B4A1B1ADB1002FB03FC4FF0B2
:10F8C000280E0022D5B2AC451AD90EFB05F5411918
:10F8D00001324B69A342F5D100230B62F06CF0F7C3
:10F8E00035F8346D726D601900F12801914204D031
:10F8F000521A282A09DD28F07BFC736D283B7365BA
:10F900003846BDE8F8400DF0E1BFF6D10D4604469B
:10F910000FCD0FC40FCD0FC495E8030084E803009A
:10F92000EBE700BFCDCCCCCC204B2DE9F04103F16F
:10F93000800203600025D8331D4E426204464364B2
:10F940002827A846D4E91412531ADB105FFA85FC65
:10F9500073436345E06C05F101051FD88A4218BF67
:10F960006165F0F7B1F8236E23B199881868012218
:10F97000F1F754F9206D18B1A16D091A30F040FB70
:10F9800004F1440000F0AEFD04F1240002F0FCF8A4
:10F990002046FFF70DFD2046BDE8F08107FB0C1166
:10F9A000C1F82080EFF7D2FFCCE700BF185405085C
:10F9B000CDCCCCCCA0F12400FFF7B6BFA0F1440021
:10F9C000FFF7B2BF10B50446FFF7AEFF204688210F
:10F9D00030F016FB204610BDA0F14400FFF7F2BF47
:10F9E000A0F12400FFF7EEBF13B500F12404204678
:10F9F00002F014FC0B23009320460B4B0B49002212
:10FA000002F0A4FB202300932046094B0949012260
:10FA100002F09CFB032300930749084B0222204677
:10FA200002F094FB02B010BD55200508883305088C
:10FA30007320050896200508B52005089B200508B9
:10FA400070B504460E46114600221D46FFF76EFDB6
:10FA50009DF810301A4940F6014204F1240002F0EA
:10FA600045FB04F1440000F0A5FD164A226002F1B6
:10FA70008003D8321449636262642046FFF732FC87
:10FA800001230022A4F864300823C4E91422C4E945
:10FA90001622C4E91A22C4E91C2284F84800A2678D
:10FAA000E36784F8802084F884302046E664256685
:10FAB00009F078FB2046FFF797FF204670BD00BF96
:10FAC000B92005081854050820A1070070B505469F
:10FAD0000E460830286056F8083B4A68B3420C4688
:10FAE0000BD101323146ECF7FBFC63686B600023FD
:10FAF000237226606360284670BD2B608B68AB6004
:10FB0000F3E770B504460E461546B44201D12846C7
:10FB100070BD21462846FFF7D9FFD4E90623C5E981
:10FB20000623D4E90823C5E9082394F8283085F88A
:10FB300028302046FCF75EFC30343035E5E70346DC
:10FB400053F8082B9A4214BF80680F2070470000BA
:10FB50002DE9F84FD0E9009A2A4BAAEB0904E410EA
:10FB60005C43294B9C4280468B46154602D1274870
:10FB700030F0D7FDCA4514BF22460122A418A1EBDC
:10FB800009063BD2E4B39C4228BF1C4628206043B0
:10FB900030F0B4FA07460FCD07EB060CACE80F00C7
:10FBA0000FCDACE80F0095E80300002E8CE80300B1
:10FBB00004DD32464946384628F01AFBAAEB0B0A08
:10FBC0002836BAF1000F3E4404DD5246594630460D
:10FBD000ECF786FC5644B9F1000F06D0D8F80810AF
:10FBE0004846A1EB090130F00BFA2823C8E900765A
:10FBF00003FB0477C8F80870BDE8F88F1C46C5E71A
:10FC00002746C8E7CDCCCCCC33333303321B0508B1
:10FC100084B02DE9F0418AB0064611A880E80E00B4
:10FC20009DF8503008930023CDE905330123079355
:10FC3000139B1298003B18BF012304934FEAF16312
:10FC40009BB200934FF6F87303EA11224FEAF0617A
:10FC500089B202919DF85110019203EA1023039397
:10FC600029B142F0040243F004030192039306F128
:10FC700010084FF0FF3140460DF016FED6E9141281
:10FC800000270B469A42184621D1059B03B90597D8
:10FC9000F06C6946EFF75AFE80B9D6E915C39C456A
:10FCA0001FD06D460FCD64460FC40FCD0FC495E82D
:10FCB00003000CF1280384E80300736540460DF04F
:10FCC00005FE38460AB0BDE8F04104B0704740690F
:10FCD000B84203F12803D5D101370E2FD1D10D271A
:10FCE000D3E76A46614606F15000FFF731FFE5E7CA
:10FCF0002DE9F047D0E901439C420546884614D0DF
:10FD00000A78002304F10801C4E906232372C4E938
:10FD1000001300220023C4E90823022384F82830BA
:10FD2000436830334360BDE8F0871C4A0121FBF78C
:10FD30004FFA2F688146FFF779FDA4EB070A00EB25
:10FD40000A0398F800100646002203F1080046F85E
:10FD50000A00C3E906125A601A720020002102222A
:10FD6000C3E9080183F82820214632463846FFF7C8
:10FD7000C8FE214600F130022046FFF7C2FE0446CD
:10FD800027B1A9683846C91B30F03AF93023C5E9D4
:10FD9000006403FB0966AE60C5E700BF321B0508BF
:10FDA00000F1080373B50360D1E900650F2D044627
:10FDB000019506D9002101A8FFF750FD019B2060A5
:10FDC000A36020682A463146FEF756F8019B226858
:10FDD00063600021D15400220023C4E90623C4E952
:10FDE00008232046032384F8283002B070BD2DE993
:10FDF000F3470A9E1F46436801EB0208B21A1A44F1
:10FE00000C46A3EB080901920546FFF798FE014650
:10FE100001A8FFF723FD82461CB129682246FEF7A0
:10FE20002BF837B12EB1324639460AEB0400FEF703
:10FE300023F8B9F1000F07D0296834444A464144F9
:10FE40000AEB0400FEF718F82846FCF7D3FA019BEA
:10FE5000C5F800A0AB6002B0BDE8F0872DE9F34122
:10FE6000D0F80480044602EB08070E461546FFF75B
:10FE700066FEB8420ED32DB120682A463146404472
:10FE8000FDF7FAFF2368676000222046DA5502B0CA
:10FE9000BDE8F08100953346002241462046FFF739
:10FEA000A6FFEFE72DE9F74FD0F804B00C9F9A4674
:10FEB00002F10043013BA3EB0B039F4206460C46B5
:10FEC000154602D9234830F02CFCA7EB0209FFF7B6
:10FED00036FED944484534D3336803EB0408534510
:10FEE0002C44ABEB040214D85B449A4511D8CDE9FD
:10FEF000007253462A464146304630F01CFC3368B7
:10FF0000C6F804900022304603F8092003B0BDE88B
:10FF1000F08F5AB1BD4209D0012A08EB070008EB67
:10FF200005010BD118F8053008F80730002FE6D08E
:10FF30003A4651464046FDF79FFFE0E728F058F962
:10FF4000F4E7009753462A4621463046FFF74FFF15
:10FF5000D5E700BFBD2005082DE9F04F0F68012F40
:10FF60009BB004460E46154600F0C680022F00F0F6
:10FF7000E180002F40F0F8800B6A012B08D100F1DE
:10FF800048011046FFF7B4FE01201BB0BDE8F08F1A
:10FF9000022B04D10368097C1B6B9847F4E7082BFC
:10FFA000F2D1A3699A685FFA87F84245ECD95B6899
:10FFB0000C2202FB08339E6804AB029316B96B480F
:10FFC00030F0ACFB3046ECF75BF80F28814614901C
:10FFD00006D9002114A8FFF741FC149B029004935A
:10FFE0004A4631460298FDF747FF149B029A039355
:10FFF0000026D654039B5E4ADA4202D15D4830F0B7
:020000040802F0
:1000000090FB01225C4902A8FFF728FF014608A8DF
:10001000FFF75CFD41460EA8FCF734FA08A8FFF78D
:100020008EFDDDF824A0DDF83C900AEB0908804540
:1000300029D90EA8FFF783FD804524D8089BCDF869
:1000400000A0324631460EA8FFF72CFF014614A847
:10005000FFF73CFDD5E90183984520D014A940461F
:10006000FFF79EFE6B6830336B6014A8FCF7C2F993
:100070000EA8FCF7BFF908A8FCF7BCF902A8FCF72A
:10008000B9F901378DE76FF00043A3EB0A034B4545
:100090000E99B3D34A4608A8FFF7E0FED6E7374AE1
:1000A00001212846FBF794F8D5F800B08146FFF708
:1000B000BDFBA8EB0B0A064614A95044FFF770FEDF
:1000C000414632465846FFF71CFD414600F13002DA
:1000D0004046FFF716FD8046BBF1000F05D0A9682A
:1000E0005846A1EB0B012FF08BFF3023C5E90068C8
:1000F00003FB0966AE60B8E70B6A202B34D190F899
:10010000653013B903681B6998471D4F0FCF14ADB5
:100110000FC53B68306971692B6014AB03C3B368CA
:10012000169394F884301793236814A99B6920468A
:10013000984729E70B6A022B01D0202B0AD133699B
:1001400084F8843094F88430082B28BF082384F87E
:10015000843019E7012B01D0102BF3D104F1840175
:100160002846FFF7C5FDEDE700200EE7C31F050891
:10017000010000804020050818260508321B0508EC
:10018000EC0C0508A0F12400FFF7E6BE024B182294
:1001900002FB00335868704748270120F8B5044631
:1001A000FCF722F980B962680F2A0DD82546A768A6
:1001B00055F8086B013231462846FDF75DFE791C83
:1001C00030462FF01DFF2560F8BD000070B5541AB1
:1001D0000F2C05460E460CD9002C02DA0A4830F0E6
:1001E000A0FA601C01D530F093FA2FF087FFAC60C5
:1001F0002860224628683146FDF73EFE2B686C6079
:1002000000221A5570BD00BF4C1B05082DE9F04FA8
:1002100089B083460C46F8F7A3FE18B9002009B050
:10022000BDE8F08FF8F7A4FE0028F7D1DBF8043022
:10023000002BF3D03F48DFF804914FF0FF3100EB83
:10024000C4000DF031FB2046F7F7DCFDBBF80420BD
:10025000DBF8001080B2824228BF02462046F7F742
:10026000B1FD99F800300FFA84F8064613B920461C
:10027000F7F764FDDBF804202F4D964250D2DBF8EF
:10028000001002A80A4404AF31440297FFF79EFF12
:1002900002A8FCF7A9F808EB4808DDF80CB005EB5C
:1002A000C808824600B3BBF1000F06D01823634391
:1002B0000299E8585A46FDF7DFFD18236343E91811
:1002C000039AEB584A6000219954029A0023039341
:1002D00002A81370FCF78EF80123404689F800301D
:1002E000FFF75CFFB0B29AE74046FCF77DF898B99B
:1002F00018236343EA18E85893680193182363436B
:10030000EA180299E950049BC2F804B0936028B13E
:10031000019B02900493D8E75046EFE70297D4E799
:10032000182254432A19002353602A5989F80030AF
:100330001370D7E7402701204827012060270120BC
:1003400070B5054604B21248124E00EBC5000DF020
:10035000BDFA114B1B7804EB440406EBC40443B113
:10036000182303FB05635B681BB129462046FFF792
:100370004DFF2046FCF738F848B9182303FB056603
:10038000B368B3F5007F02D92046FFF707FF70BDC1
:1003900040270120482701206027012008B5074891
:1003A000074A00F1080311460360FFF70FFFBDE89D
:1003B0000840044801210DF09DBA00BF48270120E4
:1003C000E921050840270120054808B503681B6896
:1003D00098470448FCF70EF80348FCF70BF808BDF3
:1003E00040270120800000104827012010B50A4452
:1003F00004461846914200D110BD11F8013B43401C
:10040000E05CF7E730B50A4404461846914200D153
:1004100030BD11F8013B83EA102334F81350030276
:100420009BB285EA0300F1E730B50A440546184659
:10043000914200D130BD11F8013B83EA102335F819
:100440001340030264BAA4B29BB283EA0400EFE74C
:1004500070477047034B186818B19968091A2FF054
:10046000CFBD70476827012010B5094C2368BFF342
:100470005B8FDB0709D42046EEF7C6FE28B105489E
:1004800028F02EF82046EEF725FF034810BD00BFE8
:10049000642701205504020868270120F8B5D0E937
:1004A0000052561B04464FEAA60C0027FBB26345D8
:1004B00012D255F823608E4205EB830007F1010745
:1004C000F4D1011D8A4204D0521A042A05DD27F016
:1004D0008FFE6368043B6360F8BD04BF426845F863
:1004E0002320F6E710B5054B03600446FFF7BCFF79
:1004F0002146FFF7D3FF204610BD00BF2C5505084D
:1005000010B50446FFF7EEFF204604212FF078FDDA
:10051000204610BD2DE9F84FD0E9008A93466FF0D0
:100520006043AAEB0802B3EBA20F074689464FEAE5
:10053000A20402D11E4830F0F4F8C24514BF22468E
:100540000122A418A1EB08052ED27CB39C4228BF3F
:100550001C46A0002FF0D2FD0646DBF80030735198
:10056000002D04DD2A464146304627F041FEAAEB25
:10057000090A0435BAF1000F354404DD52464946F4
:100580002846EBF7ADFF5544B8F1000F05D0B96828
:100590004046A1EB08012FF033FDC7E9006506EBEB
:1005A0008406BE60BDE8F88F1C46D2E72646D4E735
:1005B000321B0508114B73B503600446FFF754FF67
:1005C000D0E900618B1B01949B100022D5B29D42A3
:1005D00006D3836899420CD041F8044B416005E092
:1005E00056F82550AC4202F10102EFD1204602B08C
:1005F00070BD01AAFFF78EFFF8E700BF2C55050874
:1006000008B50368002B02DA0C4830F08AF88B42F8
:100610000AD9B3EB410F4FEA410205D2002AB6BF17
:100620006FF00043026003600068013001D530F0D4
:100630006FF8BDE808402FF061BD00BF4C1B0508F6
:1006400038B5B1F5006F0A4B036028BF4FF4006165
:10065000002300F11005C0E902334160044628463A
:100660000DF074FF28460DF0CCFF204638BD00BFCA
:100670006455050883682DE9F04104460D46174688
:1006800053B1EEF75DFEE368C01AA368984203D940
:1006900004F110000DF0B5FF0023DFF860C01E4626
:1006A0003B213A689A4211D804F1100840460DF0F7
:1006B00072FF3A6890421AD9294640460DF06EFF03
:1006C000EEF73EFEE0603046BDE8F081EA5CA2F164
:1006D0000A00C0B2162803D93B2A05D00133E0E74F
:1006E0004CFA00F0C207F9D4E9540126F6E716B136
:1006F00040460DF086FF0026E5E700BFF6FFBFFF8E
:100700008160704708B5D0E902329A4201D9406849
:1007100008BD10300DF03FFF20EAE070F8E7134607
:100720004268934210B507D20468D21AE018EBF77A
:1007300087FE08B1001B10BD4FF0FF30FBE7000043
:10074000F7B51F464B689A420446104603D9124932
:1007500012482FF0E9FF1D1A04F10802BD42226081
:1007600028BF3D460E6801950F2D064406D900218D
:1007700001A8FFF745FF019B2060A36020682A467F
:100780003146FDF779FB019B22686360002120461A
:10079000D15403B0F0BD00BFDF200508F4200508E8
:1007A00073B5551A0F2D04460E46019506D9002142
:1007B00001A8FFF725FF019B2060A3602A46314670
:1007C0002068FDF759FB019B226863600021D1542A
:1007D00002B070BDF8B5054608460C46FBF704FEAE
:1007E000064688B1AC420AD062681AB1216828680E
:1007F000FDF742FB63682A686B600021D1542268D0
:10080000002363601370F8BD2846FBF7EDFD08B9BF
:100810002E68AF6823682B6063686B60A368AB6069
:1008200016B12660A760EAE704F108032360E6E753
:100830002DE9F74F4368D0F800A00193A3EB0A0419
:100840003F4BE4105C433F4B9C4281468B46154630
:1008500002D13D482FF065FF019A524514BF224650
:100860000122A418A1EB0A074AD2002C4AD09C42CC
:1008700028BF1C46282060432FF040FC80460FCD47
:1008800008EB07060FC60FCD0FC695E8030086E8F4
:100890000300C646D446E3450EF1280E34D12B4B57
:1008A000FF085F4327F06047282303FB07AB07FBE4
:1008B000033308EB030EF4465F46019B9F420CF1A5
:1008C000280C2FD1214BA7EB0B07FF085F4327F024
:1008D0006047282303FB07E7BAF1000F06D0D9F8D9
:1008E00008105046A1EB0A012FF08AFB282303FBD6
:1008F0000483C9E90087C9F8083003B0BDE8F08F68
:100900001C46B7E7A046BAE766460FCEAEF128050B
:100910000FC50FCE0FC596E803000CF1280C85E833
:100920000300B8E73E460FCEACF128050FC50FCE49
:100930000FC596E80300283785E80300BDE700BF30
:10094000CDCCCCCC33333303321B0508CDCCCC0C0F
:10095000F8B5D0E901639E4207460A460CD00C4622
:100960000FCC35460FC50FCC0FC594E803002836D1
:1009700085E803007E60F8BD3146FFF759FFFAE7CE
:1009800008B54368C3F1FF4303F5FF0303F5FF43D5
:100990007F339A4202D903482FF0C3FEFFF75EFA75
:1009A00008BD00BF402005082DE9F04FC1B000F19F
:1009B000100302AF044618467960BB600DF0E8FDF5
:1009C000B0F5006F786180F0A280002800F00F83FE
:1009D00063687A699342C0F00A831346073323F0B1
:1009E0000703ADEB030D02AB4FF0000AB868FB60E4
:1009F00019460DF0E4FD5646C7F810A0D7E90332BA
:100A00009B5C3B2B40F0E7800AF10203934280F0AD
:100A1000DF8007F12003BB61FB684FF000099A18E3
:100A200003EB0A0107F11800C7F81C90FFF7B8FEA6
:100A300000220023C7E92C23C7E92E232E21FF2300
:100A40004A4607F1180087F8C030C7E93199C7F85E
:100A5000A890C7F8CC90FFF762FE00F1010883462A
:100A600042462E2107F11800FFF759FE07F138031F
:100A7000BBF1FF3FC7E90C39054687F838904AD0EB
:100A80005B464A4607F1180107F1D000FFF758FE10
:100A900007F1300007F1D001FFF79CFE07F1D0000D
:100AA0005FFA88F4FBF7A6FC6A1CD7F8189009D007
:100AB00019F80830302B38BF3023303B013587F828
:100AC000C030ECB2D7F81CB007F15003BB64002271
:100AD0000BF1FF33FA6487F8502019F803103F290F
:100AE0001BD10122C7F8C8201B1B224607F11801A1
:100AF00007F1D000FFF724FE07F1480007F1D0010D
:100B0000FFF768FE07F1D000FBF774FC1CE04FF420
:100B100000637B615CE74C46C6E721295FD11B1B64
:100B2000224607F1180107F1D000FFF709FE07F18F
:100B3000D00107F14800FFF74DFE07F1D000FBF7A9
:100B400059FC0823C7F8C8307C6BACB907F13000FA
:100B5000FEF7F5FF022840F27881386BC04B8342E4
:100B600001D340F26881BE490322FDF785F90323D2
:100B70007B633B6B0022DA7097F8C010386BFF295B
:100B800000F0708100F056FCC7F8C400002800F0A7
:100B90007A8103684FF40072DB6B07F148019847D4
:100BA000002800F0708183687868C7F8A83007F1E2
:100BB000A801FFF7CDFE012607F14800FBF71AFC5C
:100BC00007F13000FBF716FC07F11800FBF712FCE9
:100BD0003B6903F1010A3B6901333B611FE23D2997
:100BE00015D1ABEB0403224607F1180107F1D00041
:100BF000FFF7A6FD07F1D00107F14800FFF7EAFD76
:100C000007F1D000FBF7F6FB4FF480539AE73D2144
:100C100007F11800FFF783FD002205463F2107F189
:100C20001800FFF77CFDB0F1FF3F80464FF0000257
:100C300017D16B1C40F0AE80ABEB0403224607F1EA
:100C4000180107F1D000FFF77BFD07F1D00107F194
:100C50004800FFF7BFFD07F1D000FBF7CBFB0123F6
:100C600070E709EB000393F801B0ABF13002092AF9
:100C700040F28B809878A0F13003092B06D8BBF1A5
:100C80002D0F00F08280BBF12B0F7ED025F096F95E
:100C900000287DD0ABF17800D0F1000B4BEB000BBE
:100CA000691C79D009EB05035A78A2F130010929B2
:100CB00040F29F819878A0F13003092B03D82D2AA8
:100CC0006CD02B2A6AD03A6025F078F903460028C8
:100CD00000F095813A68783A53425341BBF1000FD6
:100CE00000F08F8008F1010209EB020019F80220E0
:100CF000002B5DD045455BD2A8EB050A8AEAEA7372
:100D0000A3EBEA73012B53D0782A03BF08F102004A
:100D1000102248440A220CBF0021002125F040F98E
:100D2000BB696A1C81469B5C782B8846534637D149
:100D3000AA1C07F1180107F1D000FFF701FD1022EE
:100D4000D7F8D000002125F02BF9834607F1D00019
:100D50008A46FBF74FFB2B1B224607F1180107F1D0
:100D6000D000FFF7EDFC07F1D00107F14800FFF7D5
:100D700031FD07F1D000FBF73DFB2023C7E92EBA78
:100D8000C7E92C98C7F8C830DEE64FF0010B87E7BB
:100D9000834685E7934685E700239FE701239DE788
:100DA00007F1180107F1D000FFF7CAFC0A22C7E7D4
:100DB000782A03BF08F10200102248440A220CBF1F
:100DC0000021002125F0ECF81023C7E92E0122466E
:100DD00081460D46C7F8C83007F11801A8EB040397
:100DE00007F1D000FFF7ACFC07F1D00107F1480094
:100DF000FFF7F0FC07F1D000FBF7FCFAC7E92C95F0
:100E0000A2E6002B00F0FF806B1C09EB030019F831
:100E10000330782B01BFA81C1022002148441CBFBE
:100E20000A22002125F0BCF80223C7F8C830C7E920
:100E30002E012B1B59E60322009201460194224603
:100E400007F130002FF077FC91E603230093224650
:100E5000034B214607F13000FEF7C9FF87E600BFCC
:100E60002B210508014607F1900001F073F8D7E93E
:100E70002489C84555D1D7F8900020B1D7F89810EB
:100E8000091A2FF0BDF8002E7FF495AE6B4B1A684F
:100E9000C7F8D0201A7987F8D42007F1E002C7F804
:100EA000D820D3E9021207F1D8000A44FFF778FCF2
:100EB000D7E90C5407F1680304F1010807F1600059
:100EC000C7E9183687F86860C7F89080FEF737FEE4
:100ED0008045014612D907F19000FFF791FB7A6E29
:100EE000396E01328046FCF7C7FF07F16000FBF75F
:100EF00081FAD7F89030C7F86080BB66504901226C
:100F000007F16000FFF73CFD2246294607F160002B
:100F1000FFF736FD7A6E4B4BD34237D14A482FF05C
:100F200000FC58F8045B2B6828465B6B984707F178
:100F3000A80C8646BCE80F0007F1D0040FC4BCE83B
:100F40000F000FC49CE80300D7E9242384E80300C2
:100F50009B1A042BC7F8EC5084BF9EF8063087F824
:100F6000E8302B684FF40072DB6B07F1480128462C
:100F7000984700283FF47DAF83687868C7F8D03081
:100F800007F1D001FFF7E4FC012672E701222F49A7
:100F900007F16000FEF762FF014607F17800FEF7F7
:100FA00095FDD7E9121207F17800FFF7E9FC014639
:100FB00007F19000FEF78AFDD7E9241207F1D80067
:100FC000FFF7DEFC07F19000FBF714FA07F1780059
:100FD000FBF710FA07F16000FBF70CFA07F1D000FD
:100FE00004F0EAFF07F1D800FBF704FAE4E5002675
:100FF0001EE0BBF1000F3FF407AF5B4672E6BBF1AA
:10100000000F7FF46FAE07F14800FBF7F3F907F12B
:101010003000FBF7EFF907F11800FBF7EBF9D7E920
:1010200004329342FFF4EAACB86851460DF0D9FAA5
:101030003046FC37BD46BDE8F08F00BFDC290120FB
:10104000182605080100008040200508FD38050825
:1010500010B5044B044640F8103B0DF061FA2046F1
:1010600010BD00BF6455050810B50446FFF7F0FF3A
:10107000204628212EF0C4FF204610BD0A4B70B533
:101080001E78C5688368AB42184601D1002070BD48
:101090009C688C4206D1DC68144203D1002EF6D144
:1010A0002406F4D51033EEE7482A01200079704772
:1010B00001717047F0B50446C6680C48A468007812
:1010C000A64201D10020F0BDA5688D4209D1E56896
:1010D000154206D133EA050703D10028F3D12D06C6
:1010E00001D51034ECE70120EDE700BF482A0120CC
:1010F0000020704714307047807E70472DE9F84F0C
:10110000154BD0F80C9093F800A084680D46174654
:101110004C45264603D100263046BDE8F88FD4F86A
:1011200000B0D5F804805846EAF7AAFF804510D1F0
:10113000B8F1000F05D028684246594627F02AF832
:1011400038B9E3683B4204D1BAF1000FE4D11B0681
:10115000E2D51034DCE700BF482A012008B570B1A1
:10116000B0F1006F06D3B0F1805F01D32FF0D3FA56
:101170002FF0CEFABDE8084000012EF0BFBF08BD39
:1011800070B50C1A0346E410002C184608DCCB1A84
:10119000042B21D0062B1AD0022B22D0084607E0C0
:1011A00015881B88AB4203D04388AB4201D1023083
:1011B00070BD8388AB4201D10430F9E7C688AE42E6
:1011C00000F1080301D10630F2E7013CDCE70488B6
:1011D00013889C42ECD00230048813889C42E7D0EC
:1011E0000230048813889C4218BF0846E0E70000DC
:1011F00008B5034678B1084A904206D9074A90429A
:1012000001D92FF088FA2FF083FA30205843BDE837
:1012100008402EF073BF08BDAAAAAA02555555056D
:1012200018B1302359432EF0EBBE704708B5036860
:10123000002B02DA0C482FF074FA8B420AD9B3EB78
:10124000410F4FEA410205D2002AB6BF6FF00043BA
:10125000026003600068013001D52FF059FABDE843
:1012600008402EF04BBF00BF4C1B0508034B18680D
:1012700018B19968091A2EF0C3BE7047882701205B
:10128000034B186818B19968091A2EF0B9BE704757
:101290007827012070B5D0E900560446AE4209D146
:1012A0002068A36806491B1A1B11BDE8704059430A
:1012B000FFF7B6BF2846FBF79DF83035EEE700BFD5
:1012C000ABAAAAAA10B5094C2368BFF35B8FDB0752
:1012D00009D42046EDF798FF28B1054827F000F91A
:1012E0002046EDF7F7FF034810BD00BF842701201B
:1012F0006D1202088827012010B5094C2368BFF33E
:101300005B8FDB0709D42046EDF77EFF28B1054847
:1013100027F0E6F82046EDF7DDFF034810BD00BFDB
:1013200074270120811202087827012000F10803A8
:1013300073B5044603600D4611B90E482FF0EEF95F
:101340000846EAF79DFE0F280646019006D90021BF
:1013500001A8FFF76BFF019B2060A360324629467E
:101360002068FCF789FD019B226863600021D1544D
:1013700002B070BDC31F050810B503490446FFF74E
:10138000D5FF204610BD00BFE921050800F1080384
:1013900073B50360D1E900650F2D0446019506D9A8
:1013A000002101A8FFF742FF019B2060A3602A46AD
:1013B00031462068FCF760FD019B226863600021D4
:1013C000D15402B070BD10B586B004466846FFF730
:1013D000ADFF69462046FFF7D9FF00220023C4E98C
:1013E0000623C4E90823032384F828306846FBF762
:1013F00001F806B010BD817670472DE9F04107462F
:101400000D46FFF75FFFD0E90068B04501D1002429
:101410000DE056F8044B236820465B6B98478388A1
:10142000BB42F2D18379AB4201D0FF2DEDD12046F2
:10143000BDE8F0812DE9F84380460D46FFF742FFF5
:10144000D0E90079B94501D1002411E057F8044BE7
:10145000236820465B6B9847414606460068EAF7DA
:101460007FFE0028EED1B379AB4201D0FF2DE9D148
:101470002046BDE8F88338B50546FFF723FF04682A
:10148000FFF720FF41680A1B12112346002A1C4661
:1014900008DCCB1A082B25D00C2B1FD0042B25D011
:1014A0000C4606E01B689D4203D063689D4207D14D
:1014B0000434FFF707FF4068001B18BF012038BD48
:1014C000A3689D4201D10834F3E7E068854204F146
:1014D000100301D10C34ECE7013AD7E723689D42B1
:1014E000E7D0043423689D42E3D0043423689D424E
:1014F00018BF0C46DDE738B50D460446FFF746FF3A
:10150000D5E90623C4E90623D5E90823C4E908235D
:1015100095F8283084F82830204638BD2DE9F04170
:101520000F4B571A0646381158430E4B9F420D4633
:10153000904602D90C482FF0F4F8FFF759FE074403
:1015400004463060B760A84502D17460BDE8F08100
:1015500029462046FFF7CFFF30353034F3E700BF90
:10156000ABAAAAAAE0FFFF7F661A050870B590B083
:10157000044604A815461E46FFF7BDFF002310AA27
:1015800004A901A8CDE901330393FFF7C7FF04A81D
:10159000FAF730FF33462A46214601A801F088FEBB
:1015A00001A8FFF777FE10B070BD70B504460E4677
:1015B0001546B44201D1284670BD21462846FEF7A3
:1015C00085FAD4E90623C5E90623D4E90823C5E949
:1015D000082394F8283085F828302046FAF70AFFC7
:1015E00030343035E5E737B504460191FEF7A7FA08
:1015F000019B834201460ED901A8FFF717FE6268DE
:10160000216801320546FCF737FC2046FAF7F2FE66
:10161000019B2560A36003B030BDF7B54668044662
:101620000F46FEF78CFA751C854207D901230093FB
:1016300000231A4631462046FEF7D9FB23689F5502
:101640002368656000225A5503B0F0BD08B5D1E9A2
:101650000012FFF795F908BD38B5044608460D4657
:10166000EAF70EFD6368C3F1FF4303F5FF0303F5DB
:10167000FF437F339842024602D904482FF051F8C5
:1016800029462046FEF7EAFB38BD00BF402005088A
:1016900070B5174B1B788CB03BB3D0E9006508AB35
:1016A0000024E91C06A8069307948DF82040FFF754
:1016B0009AFF1049032206A8FFF762F92A4631462D
:1016C00006A8FFF75DF90C4906A8FFF7C5FF01461C
:1016D0006846FEF7FBF906A8FAF78CFE2146684635
:1016E000FEF794FD6846FAF785FE0CB070BD00BFAA
:1016F000980000102F2105083321050808B5FFF7D1
:10170000ABFF08BD2DE9F0419AB00C46054679497A
:1017100008A8FFF70BFED4E90231C91A09112823E2
:10172000594308A8FFF75FFF23682146DB6903A838
:101730009847039E0EB1616951B96F492846FFF77A
:10174000F5FD08A8FAF756FE28461AB0BDE8F08164
:1017500008A8FFF781FF2E2108A8FFF75EFFA17EF2
:1017600014A8FAF78FFE14A908A8FFF76FFF14A8B2
:10177000FAF740FE2C2108A8FFF74FFF238B5F4AA2
:10178000072101A827F09CFF01A914A8FFF7CEFDAF
:1017900014A908A8FFF75AFF14A8FAF72BFE2C216A
:1017A00008A8FFF73AFF314608A8FFF755FF23685E
:1017B00021461B6A0EA898470F9BCBB1504908A839
:1017C000FFF74AFF0EA9FFF741FF4E49FFF744FF1D
:1017D000D4E902239A4210D14B4908A8FFF78EFFA3
:1017E00008A92846FEF772F90EA8FAF703FEA8E743
:1017F000444908A8FFF782FFEAE74449444FDFF86D
:10180000048108A8FFF77AFFD4E902461034A4F156
:1018100010039E42E4D054F80C3C002B67D054F8DF
:10182000103C002B63D054F8083C3A460B2105A825
:1018300027F046FF54F8101C08A8FFF70DFF2C21D5
:1018400008A8FFF7EAFE05A914A8FFF76FFD14A981
:1018500008A8FFF7FBFE14A8FAF7CCFD2C2108A876
:10186000FFF7DBFE54F80C1C08A8FFF7F5FE2C214F
:1018700008A8FFF7D2FE54F8043CD90703D5254940
:1018800008A8FFF73BFF54F8043C9A0703D5224908
:1018900008A8FFF733FF54F8043C9B0603D51F4903
:1018A00008A8FFF72BFF54F8043CD80603D51C49C1
:1018B00008A8FFF723FF54F8043C190703D519497A
:1018C00008A8FFF71BFF54F8043CDA0503D51649B6
:1018D00008A8FFF713FF54F8043C1B0603D513496F
:1018E00008A8FFF70BFF414608A8FFF707FF1034D1
:1018F0008DE700BF36210508E92105085B210508B1
:1019000060210508D7210508632105087021050815
:10191000992105089F210508A2210508A521050890
:10192000A92105084B3D0508AD210508B42105088E
:101930002DE9F04794B00C460546624902A8FFF72E
:10194000F5FCD4E90231C91A09112826714302A80D
:10195000FFF749FE23682146DB69684698470099EE
:1019600009B1636953B958492846FFF7DFFC02A85B
:10197000FAF740FD284614B0BDE8F08702A8FFF74B
:101980006BFE314602A8FFF748FE616902A8FFF727
:1019900063FE2E2102A8FFF740FEA17E0EA8FAF7F3
:1019A00071FD0EA902A8FFF751FE4849FFF754FE4A
:1019B0000EA8FAF71FFD236821461B6A08A898475E
:1019C000099B33B108A902A8FFF740FE3D49FFF784
:1019D00043FED4E902239A420BD13D4902A8FFF706
:1019E0008DFE02A92846FEF771F808A8FAF702FD55
:1019F000BDE73849DFF8FC80DFF8FC90DFF8C4A0D1
:101A000002A8FFF77BFED4E90247A742E9D063684A
:101A1000002B54D02168002951D00EA8FFF786FC76
:101A20000EA902A8FFF712FE0EA8FAF7E3FC414642
:101A300002A8FFF763FEE368DA0703D5264902A888
:101A4000FFF75CFEE3689B0703D5244902A8FFF774
:101A500055FEE3689E0603D5214902A8FFF74EFE16
:101A6000E368D80603D51F4902A8FFF747FEE368DD
:101A7000190703D51C4902A8FFF740FEE368DA0501
:101A800003D51A4902A8FFF739FEE3681B0603D500
:101A9000174902A8FFF732FE494602A8FFF7DCFD0E
:101AA000616806460EA8FFF741FC0EA93046FFF715
:101AB000CDFD5146FFF7D0FD0EA8FAF79BFC103480
:101AC000A3E700BFD7210508E9210508BD210508C6
:101AD00063210508C12105089F210508A2210508E9
:101AE000A5210508A92105084B3D0508DC210508AD
:101AF000E1210508D9210508E6210508F8B5D0E956
:101B00000052561B04464FEAA60C0027FBB2634561
:101B100012D255F823608E4205EB830007F10107CE
:101B2000F4D1011D8A4204D0521A042A05DD26F0A0
:101B30005FFB6368043B6360F8BD04BF426845F81F
:101B40002320F6E770B50646FFF7D6FB4568044646
:101B50002946006806F11C02FFF712FB811C8D422A
:101B600004D06A1A022A0ADD26F042FB6368023BAF
:101B70006360FFF7A7FB3146FFF7C0FF70BD04BFEE
:101B800042880280F2E7000010B5064B036004466D
:101B9000FFF7D8FFA06818B12169091A2EF030FAB2
:101BA000204610BD905505082DE9F047D0E90163A6
:101BB0009E4204468A4610D03046FFF7E7FB0023DA
:101BC0000022C6E90623C6E90823032386F8283045
:101BD000636830336360BDE8F0871B4A0121F9F781
:101BE000F7FAD4F800808146FFF702FBA6EB08075E
:101BF0000744054651463846FFF7C8FB002200233C
:101C0000C7E90623C7E90823032387F828302A46B3
:101C100031464046FFF7C9FC314600F130023046FC
:101C2000FFF7C3FCA168094BA1EB080109110646A7
:101C300059434046FFF7F4FA3023C4E9005603FB4A
:101C40000955A560C7E700BF321B0508ABAAAAAAC1
:101C50002DE9F04F0B6803F10043013B87B01446B8
:101C6000062B00F21381DFE813F007002300640065
:101C7000B40075001101DE0003680146DB696846A7
:101C80009847BDF80490D4E901539D4267D005F10F
:101C900008032B6000236B602B72C5F81890EB6172
:101CA00000230022C5E90823022385F828300EE02E
:101CB00003680146DB6968469847D4E901639E42A0
:101CC000DDF800900AD049463046FFF77CFB636898
:101CD00030336360012007B0BDE8F08F6C4A01210A
:101CE0002046F9F775FA27688046FFF781FAA6EBD8
:101CF000070A054649465044FFF765FB2A46314628
:101D00003846FFF752FC314600F130023046FFF70B
:101D10004CFCA1685F4BC91B091106465943384664
:101D2000FFF77EFA3023C4E9005603FB0855A5608F
:101D3000D0E70A6A0368082A0CBF9B6A5B6A0146FF
:101D40006846984720466946FFF72EFF6846FAF72F
:101D500051FBBFE703681B6B9847814693E74C4AEA
:101D600001212046F9F734FA27688046FFF740FA48
:101D7000A5EB070A00EB0A0303F1080240F80A206A
:101D8000002206465A601A72C3F81890DA610020E1
:101D900000210222C3E9080183F82820294632469F
:101DA0003846FFF702FC294600F130022846FFF7CB
:101DB000FCFBA168374BC91B09110546594338463E
:101DC000FFF72EFA3023C4E9006503FB0866A6601E
:101DD00080E703685B6B9847D4E901539D428146D5
:101DE00008D08279AA61002305F10801C5E9001332
:101DF0002B7254E7264A01212046F9F7E9F92768B2
:101E00008046FFF7F5F9A5EB070A00EB0A03064643
:101E100099F80610002203F1080046F80A005A60FB
:101E20001A729961B2E7036889681B6C00229847AF
:101E300080B1D0F80C904FF0000AD4E901539D42D4
:101E40000CD005F108032B600023C5E9069A6B60EE
:101E50002B7225E74FF0FF39CA46EEE70C4A012105
:101E60002046F9F7B5F927688046FFF7C1F9A5EBD9
:101E7000070B00EB0B0303F1080240F80B200022D4
:101E8000C3E9069A06465A601A7280E7002022E7E4
:101E9000321B0508ABAAAAAA2DE9F84FD0E9008A9F
:101EA00093466FF06043AAEB0802B3EBA20F07461C
:101EB00089464FEAA20402D11E482EF032FCC245E8
:101EC00014BF22460122A418A1EB08052ED27CB330
:101ED0009C4228BF1C46A0002EF010F90646DBF8F5
:101EE00000307351002D04DD2A464146304626F06D
:101EF0007FF9AAEB090A0435BAF1000F354404DD75
:101F0000524649462846EAF7EBFA5544B8F1000F25
:101F100005D0B9684046A1EB08012EF071F8C7E979
:101F2000006506EB8406BE60BDE8F88F1C46D2E76C
:101F30002646D4E7321B050810B50A46D0E901143D
:101F4000A14204D0126841F8042B416010BDFFF794
:101F5000A3FFFBE70023F7B5C0E900338360044625
:101F60000E46FFF7AFF9D0E90057AF4202D1204645
:101F700003B0F0BD55F8040B019003685B6B984704
:101F800031460068EAF7ECF80028EED101A92046B6
:101F9000FFF7D2FFE9E70023F7B5C0E9003383601C
:101FA00004460E46FFF78EF9D0E90057AF4202D142
:101FB000204603B0F0BD55F8040B019003685B6B3D
:101FC00098478388B342F1D101A92046FFF7B4FFB7
:101FD000ECE700002DE9F84FD0E9008A93466FF056
:101FE0004043AAEB0802B3EB620F074689464FEA6B
:101FF000620402D11E482EF094FBC24514BF224653
:102000000122A418A1EB08052ED27CB39C4228BF64
:102010001C4660002EF072F80646BBF80030735381
:10202000002D04DD2A464146304626F0E1F8AAEBB1
:10203000090A0235BAF1000F354404DD524649461B
:102040002846EAF74DFA5544B8F1000F05D0B968B3
:102050004046A1EB08012DF0D3FFC7E9006506EB70
:102060004406BE60BDE8F88F1C46D2E72646D4E79A
:10207000321B0508F7B50446FFF724F9D0E90053F1
:102080005B1B01949B100022D1B2994203D301A99A
:10209000FFF752FF05E055F821108C4202F10102D2
:1020A000F2D1FFF729F94FF6FF77054604F11C023C
:1020B000A38B5E1CB6B2BB42A68301D103B0F0BDB8
:1020C000D5E90001FFF75CF888420346F0D1A86823
:1020D000834207D023F8026B6B6003B0BDE8F04089
:1020E0000CF0B2B92846FFF775FFF6E738B5084D92
:1020F0000560012505710025C0E90255C0E90451BC
:102100000446028383768583FFF7B4FF204638BDFB
:102110009055050838B50346D3E90035ED1A6FF040
:1021200078432C11A3EB25158D42104601D22EF0D9
:10213000F8FAA14238BF2146641804D29C422046D6
:1021400028BF184638BD1846FCE700002DE9F74FB8
:1021500090469946D0E9023205468A4693421C468B
:1021600014D09968414503F11003F7D1E368002BBF
:1021700018DA04F110018A4205D0521A102A14DD2F
:10218000204626F035F8EB68103BEB60D5E90343B9
:102190009C420FD00C9BC4F80880C4E900A9E360FE
:1021A0001034EC6003B0BDE8F08F04BF0FC984E8C1
:1021B0000F00E8E7184A012105F10800FFF7AAFF20
:1021C000AF68E21B01928346FEF7C8FF019A8318AD
:1021D00040F802A0C3E901980C9ADA6006468646E8
:1021E000BC4664450EF1100E0ED11034E41B34448D
:1021F00027B129693846C91B2DF002FFC5E90264E1
:1022000006EB0B162E61CDE79CE80F000CF1100CCD
:102210000EE90F00E5E700BF321B050837B50125C1
:10222000184B194A194900950446FFF78FFF40F2F1
:10223000011300932046164B164A1749FFF786FFF5
:1022400040F2091300932046144B154A1549FFF735
:102250007DFF2046144B154A15490095FFF776FF80
:102260002046144B144A15490095FFF76FFF1023C1
:102270000093134A134B14492046FFF767FF03B03E
:1022800030BD00BFEA21050801000080472C050889
:10229000F62105080200008004220508092205082D
:1022A00003000080012A050822220508050000809D
:1022B000382205083F220508040000805F22050837
:1022C00007000080682205089A22050800797047F7
:1022D000012070477047002303710830FEF764BB8C
:1022E00038B50546F6F73CFE10B90124204638BD46
:1022F000F6F73EFE04460028F7D1F5F7EFFC00287C
:10230000F3D0EDF71DF8EB6E2A6FC31A93420BD88A
:102310000020FDF73BFF0028E8D1D5E927439C4288
:102320002CBF00240124E1E72046FDF72FFF002801
:10233000EED1DAE710B5044640680AF08AFE30B9FB
:10234000D4E9300398422CBF0020012010BD0020AA
:10235000FCE7A0F14000FFF7EDBF000008B5034621
:1023600078B1084A904206D9074A904201D92EF026
:10237000D2F92EF0CDF948205843BDE808402DF0A1
:10238000BDBE08BD711CC701E3388E0308B50368E4
:10239000002B02DA0C482EF0C4F98B420AD9B3EBB9
:1023A000410F4FEA410205D2002AB6BF6FF0004349
:1023B000026003600068013001D52EF0A9F9BDE884
:1023C00008402DF09BBE00BF4C1B050800230222D5
:1023D0001946F4F779BBD0E92C329A4202D0C06892
:1023E000FFF7F4BF7047A0F14000FFF7F4BFD0E95A
:1023F0001D329A4202D0406BFFF7E8BF704770B5BC
:10240000D0E900560446AE4207D1206850B1A16819
:10241000BDE87040091A2DF0F3BD2846F9F7EAFF30
:102420003035F0E770BD70B5D0E900560446AE42D5
:1024300007D1206850B1A168BDE87040091A2DF09D
:10244000DFBD2846FFF7DBFF4835F0E770BD000031
:10245000F8B5134E134B0360D6E90052511B0446E6
:102460004FEAA10C0027FBB29C4512D955F8231066
:102470008C4205EB830007F10107F4D1011D8A426C
:1024800004D0521A042A06DD25F0B2FE7368043B1C
:1024900073602046F8BD04BF426845F82320F5E785
:1024A00094270120A456050838B505460830FEF7E4
:1024B000E1F8044618B101232B7104F005FA204617
:1024C00038BD13B50446012301AA40300193FFF73C
:1024D000EBFF60680AF03EFD02B010BD0830FEF769
:1024E00011B9F8B5D0E90067BE42044607D03546B9
:1024F00028464835FFF783FFAF42F9D16660F8BD43
:1025000073B50F2904460191164606D9002101A88A
:10251000FFF73CFF019B2060A360019D1DB1012DD1
:10252000206806D106702368656000225A5502B003
:1025300070BD2A46314625F0FBFEF4E72DE9F04F49
:102540001D1EB5B007464FEAD378144602DA54424E
:1025500065EB450520462946012642F210790A28F6
:1025600071F1000304D3642871F100032BD201360A
:1025700007F1080308EB06013B602D2238460DF1F8
:10258000040AFFF7BDFFD7F800902449C92250463E
:10259000E9F7A6FF09EB080B5E44642C75F1000314
:1025A00025D20A2C75F1000534D32419631C1AF8BE
:1025B00004401AF803308BF80130384609F8084017
:1025C00035B0BDE8F08FB0F57A7F71F1000301D22C
:1025D0000236CDE7484571F1000301D20336C7E763
:1025E00042F210720023EAF777FE0436B7E720467E
:1025F000294664220023EAF76FFE5200531C0D4661
:102600001AF8033006F8013C1AF8023006F8023DC9
:102610000446C2E73034E4B2CFE700BF641B0508CC
:1026200013B5044901AA0446FBF732FC204602B068
:1026300010BD00BFA222050813B5044901AA044633
:10264000FBF726FC204602B010BD00BFE9210508BB
:102650002DE9F341D0F80480044608EB02070E464A
:102660001546FDF76CFA87420DD82DB120682A4631
:1026700031464044FBF700FC236867600022DA55CE
:1026800002B0BDE8F0810095334600224146204665
:10269000FDF7ADFBF0E7000008B54368C3F1FF4369
:1026A00003F5FF0303F5FF437F339A4202D9034842
:1026B0002EF037F8BDE80840FFF7CABF40200508F4
:1026C000D1E90012FFF7E8BF2DE9F04F98461368F3
:1026D000C1B05B6B074610460D46914698470DAA60
:1026E000016801A8FBF7D4FB2B7EFF2B48D02E21DD
:1026F00001A8FEF792FF2C7E092C264629D9632CCF
:102700008CBF4FF0030B4FF0020B09AB59462D2243
:1027100007A80793FFF7F4FEDDF81CA05A49C92269
:102720000DA8E9F7DDFE632CD34415D9642340AA34
:10273000B4FBF3F603FB164302EB430313F8CB2C75
:102740000BF8012C13F8CC3C0BF8023C3036F6B2F7
:102750000DE04FF0010BD8E7092CF7D940AB03EBA4
:10276000440414F8CB3C8AF8013014F8CC6C8AF895
:10277000006001A807A9FFF7A3FF07A8F9F73AFE31
:102780002E2101A8FEF749FFD9F8003029681B6CFB
:1027900000224846984758B93C490DAA3846FBF7ED
:1027A00077FB01A8F9F726FE384641B0BDE8F08F67
:1027B00007AA01680DA8FBF76BFB0DA901A8FFF79D
:1027C0007FFF0DA8F9F716FE2A6A012A04D0B8F196
:1027D000000F2DD0022A20D13F2101A8FEF71DFFB6
:1027E0003AE0202A10D13D2101A8FEF716FFD5E9D5
:1027F00004230DA8FFF7A2FE01A80DA9FFF760FFB3
:102800000DA8F9F7F7FD0CE0082A25D12121E4E70E
:10281000019B3B60039BBB602EE0102A01D0202A65
:10282000F2D13F2101A8FEF7F8FED5E9022309E025
:10283000102AF6D0022AD4D13D2101A8FEF7EDFEE0
:10284000D5E904230DA8FFF779FE01A80DA9FFF72C
:1028500037FF0DA8F9F7CEFD07F108063E6001A885
:10286000F9F7C2FD03AD029C0028D1D0621C03D051
:1028700029463046E9F734FE00237C600195029337
:102880008DF80C308DE700BF641B0508E9210508B1
:102890002DE9F0410446174608460D46E9F7F0FBDE
:1028A000D7E9008704F108032360002363602372E3
:1028B000C11906462046FEF796FE324629462046B6
:1028C000FFF7EAFE20463A464146FFF7E5FE20467E
:1028D000BDE8F08110B588B0044601AA074902A8F6
:1028E000FBF7D6FA064902AA2046FFF7D1FF02A855
:1028F000F9F780FD204608B010BD00BFA2220508F0
:1029000017230508A1F14001E4E700BF10B588B026
:10291000044601AA074902A8FBF7BAFA064902AA27
:102920002046FFF7B5FF02A8F9F764FD204608B07E
:1029300010BD00BFA22205082823050838B50446AB
:1029400008460D46E9F79CFB6368C3F1FF4303F5B6
:10295000FF0303F5FF437F339842024602D9044840
:102960002DF0DFFE29462046BDE83840FFF770BE57
:1029700040200508F8B5054608460C46F9F734FD31
:10298000064688B1AC420AD062681AB1216828684C
:10299000FBF772FA63682A686B600021D1542268E1
:1029A000002363601370F8BD2846F9F71DFD08B9D0
:1029B0002E68AF6823682B6063686B60A368AB60A8
:1029C00016B12660A760EAE704F108032360E6E792
:1029D00030B50B6A022B87B004460D460DD1D1E904
:1029E00004236846FFF7AAFD69462046FFF7C2FFA9
:1029F0006846F9F7FFFC07B030BD202BFBD1D1E9C9
:102A000004236846FFF79AFD69462046FFF7B2FFA8
:102A10006846F9F7EFFC3A212046FEF7FEFD6846CE
:102A2000D5E90223FFF78AFD69462046FFF748FEF5
:102A3000DEE78842F7B504460E461CD04D68FDF728
:102A40007EF8A842014610D201A80195FFF79EFC2E
:102A500007462046F9F7CEFC019B2760A36031684A
:102A600020682A46FBF708FA01E0002DF7D1236819
:102A7000656000225A5503B0F0BD000030B591F8F2
:102A80002830013B89B004460D46052B06D8DFE807
:102A900003F02E0703030314FFF7CBFF09B030BD8B
:102AA000D1E9062302A8FFF749FD02A92046FFF756
:102AB00061FF02A8F9F79EFCF0E7D1E9062302A81E
:102AC000FFF73CFD02A92046FFF754FF02A8F9F7E3
:102AD00091FC3A212046FEF7A0FD02A8D5E9082383
:102AE000FFF72CFD02A92046FFF7EAFDE1E7456864
:102AF000FDF725F801281AD92068114B984211D802
:102B0000421993420ED802220021CDE9002101464C
:102B10002A4620462DF00FFE022363602368002220
:102B20009A70BBE706490222FBF7A6F9F4E70223F5
:102B300000932A46024B00212046FDF758F9EBE7A7
:102B4000382305082DE9F04F0D684B6889B004461D
:102B5000904601931035019AA5F110039A4202D1D3
:102B600009B0BDE8F08FB8F1000F04D02B6A022B3A
:102B700001D0202BF4D15B212046FEF74EFDEA6AFE
:102B80004346294602A8FFF79FFD02A92046FFF70A
:102B900097FD02A8F9F72EFC7C212046FEF73DFDAB
:102BA000B8F1000F16D004AB02932946002302A807
:102BB00003938DF81030FFF70BFF204602A9FFF7B3
:102BC0007FFD02A8F9F716FC20492046FFF7B6FE64
:102BD0004835C0E795F83030042B35D8DFE803F0EE
:102BE0000308323408001A492046FFF7A7FEEBE736
:102BF00055E90479B94501D11649F5E7164BA9EB1A
:102C0000070636115E43B6B20DF1100B4FF0000A05
:102C10004F45D9D0394602A8013ECDE902BA8DF818
:102C200010A0B6B2FFF72AFF02A92046FFF748FD21
:102C30001EB10A492046FFF781FE02A8F9F7DAFB28
:102C40003037E5E70649CFE70649CDE74E230508CB
:102C50003B23050838230508ABAAAAAAD7210508F3
:102C6000452305084923050880B504460027254665
:102C70004FF0FF310120F3F7EFFE55F8843FC4F821
:102C8000887028461F70FCF75AFFC82803D94021D6
:102C90002846FEF7A8FC04F1740694F8802031461B
:102CA0002846FFF74FFF3046FFF71BFCD4F888306B
:102CB000C4F89C70002BDAD000212846FDF7A6FA54
:102CC000D5E7A0F13000FFF7CFBF08B5044600F10B
:102CD00094064FF0FF310120F3F7BEFE60680AF062
:102CE000B8F930BBD4F89430C4F898001870304666
:102CF000FCF725FF642803D940213046FEF773FC1A
:102D000004F1B00594F8BC2029463046FFF71AFFBD
:102D10002846FFF7E6FBD4F898200023C4F8C0301B
:102D2000002AD6D0D4F89410606892B20AF01FF945
:102D3000CFE70120F3F7FCF9D0E7A0F10800FFF797
:102D4000C4BF00002DE9F84FD0E9008A93466FF028
:102D50006043AAEB0802B3EBA20F074689464FEA8D
:102D6000A20402D11E482DF0DCFCC24514BF22464D
:102D70000122A418A1EB08052ED27CB39C4228BFE7
:102D80001C46A0002DF0BAF90646DBF8003073515E
:102D9000002D04DD2A464146304625F029FAAAEBEB
:102DA000090A0435BAF1000F354404DD524649469C
:102DB0002846E9F795FB5544B8F1000F05D0B968EE
:102DC0004046A1EB08012DF01BF9C7E9006506EBB1
:102DD0008406BE60BDE8F88F1C46D2E72646D4E7DD
:102DE000321B050873B5114A114B0360D2E900612B
:102DF0000023044603710190881B8010DDB28542D8
:102E000006D3936899420CD041F8044B516005E019
:102E100056F82550AC4203F10103EFD1204602B031
:102E200070BD024801AAFFF78DFFF7E79427012044
:102E3000A456050870B5044688B02546FFF7D2FFB2
:102E40001F4B45F8083B4FF480612846FDF7F8FB1F
:102E500004F1300601AA1B4902A8FBF719F802A9E0
:102E600025234FF4007230460AF0C4FD02A8F9F79A
:102E7000C1FA154B23603033236301234FF4FA71F9
:102E800004F18C0284F868300023C4E91B31C4E9E2
:102E90002123C4E91D33E36784F8803084F88C3043
:102EA000C4F89C304FF48063C4F8A0302846FDF786
:102EB00027FC30460AF04EFD204608B070BD00BF2A
:102EC000D056050851230508FC5605082DE9F043A6
:102ED000044689B00F4633490AF0C0F804F10808E7
:102EE000314901AA02A8FAF7D3FF9622242302A9A6
:102EF00040460AF07FFD02A8F9F77CFA04F1400091
:102F0000FFF770FF04F14809284B23644FF4007168
:102F10004846FDF795FB264B236003F1300248330A
:102F200023644FF4FA63236704F19C03C4F89430DC
:102F30000023C4E92C33C4F8983084F89C3084F81A
:102F4000AC30C4F8B83084F8BC30C4F8C0304FF4AA
:102F50000073A260C4F8C4306068C4F8907009F0CF
:102F6000F6FF05460FCD04F174060FC695E807007D
:102F700086E8070004F174012FB1D4F8903060683E
:102F8000636709F0B5FF216F4846FDF7B9FB60683C
:102F900009F0E0FF40460AF0DDFC204609B0BDE83C
:102FA000F08300BF3C2C012058230508D0560508AB
:102FB0004457050870B50E4605461446B54201D182
:102FC000204670BD29462046FAF7BAFFD5E9062308
:102FD000C4E90623D5E90823C4E9082395F8283075
:102FE00084F8283030353034E8E7000081422DE99C
:102FF000F0470446894628D0D1E9005AD0F800802D
:103000008368AAEB0507A3EB0803BB4224D2464B17
:103010009F4201D92DF07FFB38462DF06FF85146C5
:10302000024606462846FFF7C5FFD4E90058A845E2
:103030000DD1206818B1A168091A2CF0E1FF2660B3
:103040003E44A66023683B446360BDE8F0872846A1
:10305000F9F7D0F93035EAE74368344EA3EB0803BB
:103060009F422AD83B115E43B246C146BAF1000FD7
:103070000DDC26EAE6753023D4F8049003FB0585C1
:10308000A945DFD02846F9F7B5F93035F8E72946E4
:103090004846FFF7CEFCD5E90623C9E90623D5E962
:1030A0000823C9E9082395F8283089F828303035F5
:1030B00009F130090AF1FF3AD8E71B115E43002EEF
:1030C0001CDCD4E90036D9F80050D9F80480F31A92
:1030D0001D44A845B6D029463046FAF731FFD5E958
:1030E0000623C6E90623D5E90823C6E9082395F88F
:1030F000283086F8283030353036EAE72946404611
:10310000FFF797FCD5E90623C8E90623D5E908238C
:10311000C8E9082395F8283088F82830303508F1B8
:103120003008013ECBE700BFE0FFFF7FABAAAAAAB1
:103130002DE9F041144B0F1AFF10064690465F43ED
:10314000002F01DCBDE8F0813146404606F1100554
:10315000FFF74CFF0FCD08F110040FC40FCD0FC4C3
:1031600095E8030084E80300338FA8F83830F36B48
:10317000C8F83C3096F8403088F84030483608F1BE
:103180004808013FDCE700BF398EE3382DE9F04104
:103190001F46136804465B6B104615460E4698475B
:1031A000482290F806800021204625F0C1F8FF2330
:1031B00084F82830042384F840302B6828461B6BA1
:1031C000984700220023C4E90623C4E90823069B8C
:1031D0002363079B20872761204684F82880E562C7
:1031E00063633146FFF702FFE5632046BDE8F081E7
:1031F000F8B5D1E900240023A41AC0E9003305463C
:103200000F46836027D0154B9C4201D92DF083FADD
:1032100020462CF073FF0246C5E900221444AC603E
:103220003C46796854F8100BFFF7C4FE68600FCC79
:1032300005F110060FC60FCC0FC694E803003B8FB4
:1032400086E803002B87FB6BEB6397F8403085F82B
:1032500040302846F8BD2246DEE700BFE0FFFF7F92
:103260002DE9F0410F4B571A0646F81058430E4B04
:103270009F420D46904602D90C482DF052FAFFF7B6
:103280006DF8074404463060B760A84502D1746009
:10329000BDE8F08129462046FFF7AAFF48354834AB
:1032A000F3E700BF398EE338C8FFFF7F661A0508D1
:1032B00030B5002499B0CDE9003413460A460146E2
:1032C00006A8FFF763FF18AA06A903A8CDE90344DF
:1032D0000594FFF7C5FF06A8FFF791F8084BD3E95F
:1032E0000045AC4204D103A8FFF79DF819B030BDEA
:1032F00054F8040B036800225B6903A99847F0E7C0
:103300009427012010B598B0044601901A980090B7
:1033100006A8FFF73BFF002318AA06A903A8CDE9DA
:1033200003330593FFF79CFF06A8FFF768F82368AF
:1033300022465B6903A92046984703A8FFF773F864
:1033400018B010BD70B50E4605461446B54201D101
:10335000204670BD29462046FFF74AFF48344835CD
:10336000F4E700002DE9F043944680460E46964669
:1033700004464FF00009A6420EF1480E04F148073A
:103380000BD11A4BA6EB0806F6085E4326F0604602
:10339000482000FB06C0BDE8F08357F8483C4EF8D3
:1033A000483C57F8443C4EF8443C103457F8403CF5
:1033B0004EF8403C0FCCAEF1380547E9119947F87B
:1033C000489C0FC50FCC0FC594E8030037F8103C9C
:1033D00085E803002EF8103C57F80C3C4EF80C3CE6
:1033E00017F8083C0EF8083C3C46C4E7398EE31851
:1033F0002DE9F04F9A4285B006460F469046994611
:1034000000F0BE80A3EB020BD0E90142614B121B1E
:103410004FEAEB055A4503FB05F575D3A4EB010A0A
:10342000D34556D2A4EB0B05224621462846FFF78A
:1034300099FFA5EB070A574B04EB0B024FEAEA0A88
:10344000726003FB0AFA4FF0000BBAF1000F07DCC1
:103450003A464946404605B0BDE8F04FFFF768BE22
:1034600055F8480C54F8403C039354E9121244F8C0
:10347000480C55F8440C44F8440C55F8400C44F8FA
:10348000400C45E912BB45F840BC01A8CDE901124A
:10349000FEF7B5FFA5F1380CBCE80F00A4F1380623
:1034A0000FC6BCE80F000FC69CE8030086E80300C7
:1034B00035F8103C24F8103C55F80C3C44F80C3C12
:1034C00015F8083C04F8083C0AF1FF3A483D483C2E
:1034D000BBE708EB0A0B224649465846FFF732FF86
:1034E0002C4B4FEAEA0203FB12537568482202FB99
:1034F00003552A467560214638465544FFF732FF8A
:1035000075603A465946A5E7D0F800A0A4EB0A0139
:10351000CA105343204AD01A854202D91F482DF0C1
:1035200000F98B4598BF1D465B192CD2934228BFEA
:1035300013469B465846FEF711FF3946024605469C
:103540005046FFF70FFF494602464046FFF7FAFE96
:10355000214602463846FFF705FF57468046BC42E3
:1035600013D1BAF1000F05D0B1685046A1EB0A01A2
:103570002CF046FD4823C6E9005803FB0B55B56007
:1035800005B0BDE8F08F9346D4E73846FEF737FF25
:103590004837E4E7398EE338711CC701602305081A
:1035A000F8B590F8AC30044615461BB900F140035D
:1035B0009A422FD1D1E9002311468B4217D1D4F87A
:1035C000B41004F1B000FFF713FF04F140039D4273
:1035D0001ED0003D18BF0125D4E930239A4284F85B
:1035E000BC5017D3E068BDE8F840FEF7EFBED1E964
:1035F000006C4820664506D1D4F8C0600644C4F883
:10360000C0604831D9E77768303038443036F1E768
:103610000025E1E7F8BDA0F14000FFF7C1BF0000C1
:10362000F8B504460F461646F5F79AFC00284DD02B
:10363000F5F79EFC0546002848D1EBF781FEE36EC6
:10364000C01A236F984205D9C4F89C5004F1740045
:10365000FEF747FF94F868300BB9A64236D1D7E998
:10366000002C1346634520D119499B1ADB084B43B4
:1036700023F06043482101FB032304F17400A16F90
:10368000FFF7B6FEA64202D0351E18BF012584F80A
:103690008050EBF755FED4E927239A42E06615D314
:1036A000606BBDE8F840FEF791BED3E9000E4821FB
:1036B000864506D1D4F89C000844C4F89C004833E1
:1036C000D0E74768303139443030F1E7F8BD00BF0A
:1036D000398EE318034B186818B19968091A2CF051
:1036E0008FBC70479427012010B5054B044640F865
:1036F000083BFDF7ADFC2046FEF7AAFE204610BDB4
:10370000D056050810B50446FFF7EEFF20463021DD
:103710002CF076FC204610BD0A4B10B50360303308
:10372000036304468430F8F765FE04F17400FEF785
:103730007AFE04F130000AF041F92046FFF7D4FF89
:10374000204610BDFC560508A0F13000FFF7E4BF8D
:1037500010B50446FFF7E0FF2046A4212CF050FCF2
:10376000204610BDA0F13000FFF7F2BF0E4B10B5A0
:1037700003F1300203604833826003640446B030D2
:10378000FEF751FE04F19400F8F734FE04F1400016
:10379000FFF7AAFF04F108000AF010F9204609F02B
:1037A0002AFB204610BD00BF44570508A0F10800C1
:1037B000FFF7DCBFA0F14000FFF7D8BF10B504460B
:1037C000FFF7D4FF2046C8212CF01AFC204610BD7C
:1037D000A0F14000FFF7F2BFA0F10800FFF7EEBF35
:1037E0000220704702207047036800211B681847B9
:1037F000036801211B681847034A034692E8030047
:1038000083E80300184670479C000010A1F10801EE
:10381000FFF7F2BF7047000010B504462DED028B94
:1038200090ED018A0AF002F8E369C01A104B984241
:1038300014D8B5EE408AF1EE10FA0FD018EE100A47
:10384000E9F74CF802460B4607A1D1E90001E9F778
:10385000C7F9E9F773FBBDEC028B10BD0023002014
:103860006360E060F7E700BF0000000080842E4145
:1038700040420F000000000010B504462DED028B01
:1038800090ED048A09F0D2FF236AC01A104B9842C7
:1038900014D8B5EE408AF1EE10FA0FD018EE100AE7
:1038A000E9F71CF802460B4607A1D1E90001E9F748
:1038B00097F9E9F743FBBDEC028B10BD0023002014
:1038C0002361A061F7E700BF0000000080842E4163
:1038D00040420F0010B5B0F8801D90F8823DC1F352
:1038E000080141EA4321044689B24FF420700AF0EE
:1038F000F1F894F8A03D012B26D1B4F8941D94F86A
:10390000963DC1F3080141EA432189B240F281208A
:103910000AF0E0F8B4F8981D94F89A3DC1F3080154
:1039200041EA432189B240F282200AF0D3F8B4F888
:103930009C1D94F89E3DC1F3080141EA432189B2E0
:1039400040F283200AF0C6F894F8B03D94F8AD1D1B
:103950004FF4217043EA01210AF0BCF8B4F8AE1D1F
:1039600040F285200AF0B6F894F8A01D94F8C43D02
:1039700040F28620BDE8104043EA01210AF0AAB8CF
:1039800008B54FF4FA70F2F7D3FB40F6B830FAE717
:10399000A0F12800FFF7F4BF70B5002300F6D4545F
:1039A0000A25012605FB03F2A25A32B1D0F8C82D30
:1039B00006FA03F10A43C0F8C82D01330C2BF1D1EC
:1039C00070BD00002AB1012A06D0022A05D10B6879
:1039D00000E0034B036000E001600020704700BF7F
:1039E000C85905082AB1012A06D0022A05D10B6858
:1039F00000E0034B036000E001600020704700BF5F
:103A0000585905082AB1012A06D0022A05D10B68A7
:103A100000E0034B036000E001600020704700BF3E
:103A2000E85805082AB1012A06D0022A05D10B68F8
:103A300000E0034B036000E001600020704700BF1E
:103A40007858050808B5034678B1084A904206D967
:103A5000074A904201D92CF05EFE2CF059FE30202E
:103A60005843BDE808402CF049BB08BDAAAAAA02E9
:103A7000555555051AB1012A04D000207047024B54
:103A80000360FAE70160F8E70858050818B1302329
:103A900059432CF0B5BA704710B5044609F0C6FE7C
:103AA000E36994ED016AC31A07EE903AD4E9022360
:103AB0009342BCBF0133E36094ED037AF8EE677A7A
:103AC000F8EEC76A77EEC67A87EEA67A77EE067AC0
:103AD000C4ED017A09F0AAFEE06110BD08B50368E3
:103AE000002B02DA0C482CF01CFE8B420AD9B3EBF7
:103AF000410F4FEA410205D2002AB6BF6FF00043E2
:103B0000026003600068013001D52CF001FEBDE8C1
:103B100008402CF0F3BA00BF4C1B050810B5044652
:103B200009F084FE236A94ED046AC31A07EE903A02
:103B3000D4E905239342BCBF0133A36194ED067A17
:103B4000F8EE677AF8EEC76A77EEC67A87EEA67A5D
:103B500077EE067AC4ED047A09F068FE206210BDA3
:103B600090F8C50D70470246002330B4084682F82D
:103B7000C51D0A251C4605FB032101330C2BC1F88A
:103B8000CC4DC1F8444EF6D130BC0AF08BBCBCEE33
:103B9000C00A70B510EE103A0446C0F8A43D00F11A
:103BA000600500F55866B54200D170BD2B6C23B19D
:103BB000236829469B69204698475435F3E700005F
:103BC00008B590F8C40DE8F777FE094B0022E9F735
:103BD00007F805A3D3E90023E8F7D8FEE9F7CEF903
:103BE00000EE100A08BD00BF00000000C0FFDF406B
:103BF0000000594030B50C2404FB0314B4F9140040
:103C0000B4F91E5007EE900AB8EEE77A07EE905A24
:103C1000F8EEE76A70EE477AF0EEE77AF4EEE76ADC
:103C2000F1EE10FA45D5B4EEC07AF1EE10FA54BFB9
:103C3000B4F91840B4F916409FED1F6A07EE904A98
:103C4000F8EEE77A0132C7EE866A07EE902AB4EE04
:103C5000C07AFAEECC7AF1EE10FA67EEA67ACCBF13
:103C60004FF0FF34012404FB050067EEA00A07EEC5
:103C7000900AF8EEE77A0C2030EE670A00FB031199
:103C800060EE800A488BFDEEE07A17EE902A8242C1
:103C900004DC888B40429042B8BF104607EE900A81
:103CA000F8EEE77A27EE811AFDEEC17A17EE900A58
:103CB00030BD0020F2E700BF00FEFF46000000001C
:103CC0002DE9F0472DED048B1B689DF8308008EE40
:103CD000102A91F853200D46002A044653F8280074
:103CE0000CBF47460027F8F7E1FE6B784FEA8806DD
:103CF000013B05EB880898ED039A0A2B00F2288116
:103D0000DFE813F00B002600260026002600260020
:103D100026003200FB00160152004036A859B8B107
:103D200002F0DDFFF6EE007AB4EEE70AF1EE10FAEB
:103D30000ED5286C02F0D3FFB5EE400AF1EE10FA72
:103D400006D0B8EEC80AA85902F0CCFFBDEEC08A72
:103D500018EE103A5B4200EE103AB8EEC00A20EEC0
:103D6000090ABDEEC00A13E090ED020A94F8AE2DE8
:103D700004F6B853D3ED000AB8EEC00A3B46B0EEE5
:103D8000491A29462046FFF735FF434200EE103A14
:103D9000BDEC048B94F8AC3D10EE102AFF20534389
:103DA00093FBF0F0BDE8F087DFED6D7AD0ED018A8E
:103DB00068EEA78A0C2303FB0753FDEEE87AB3F9FC
:103DC0001480B3F91E9017EE903AA3EB0803002B72
:103DD000B8BF5B42994580F2BB8007EE908AF8EE4F
:103DE000E77A2046F4EEE87AF1EE10FACCBF4FF015
:103DF000FF3A4FF0010A0AFB0988FFF7E1FE07EEE0
:103E0000908AF8EEE77AB7EE008A78EEE78AF0EE6D
:103E1000E87AF4EEC07AF1EE10FA5DD5C7EE807A5A
:103E200017EE900AE8F75AFD4E4B0022E8F7F6FB32
:103E300049A3D3E90023E8F7A9FDE9F79FF800EECD
:103E4000100A28F057FCF5EEC08A30EE080AF1EEB1
:103E500010FAB6EE008A20EE088A46DA0C2303FB3D
:103E600007531A8B4FF0FF3307EE902A07EE103AF4
:103E7000F8EEE77AB8EEC77A67EE887A0C2101FB94
:103E8000075167EE877A8B8B498BFDEEE77A53EA11
:103E9000010017EE902A05D091422CDB5B429A423A
:103EA000B8BF1A4694F8AD3D03FB0222121207EE8A
:103EB000902AB8EEE71A04F6B45321EE091A93EDEE
:103EC000000A2E4421EE000A306C02F00BFFDFEDF9
:103ED000267A37EEC00A44E7F5EEC08AF1EE10FA12
:103EE00003DABBD44FF0FF3300E001230C2202FBC6
:103EF0000752D28AB8E70A46D4E72E4404F6BC53E8
:103F0000366C90ED010A94F8AF2DDFED187AD3ED01
:103F1000000AB0EE491A3B4620EE270A2946204601
:103F2000FFF768FE00EE100A3046B8EEC00ACCE794
:103F30002E4404F55C63D3ED000A366C90ED000A64
:103F400094F8B02DB0EE491A3B46F1EE007AE3E763
:103F50009FED070A1CE700BF182D4454FB210940C0
:103F6000000034420000E03F00000000000020425A
:103F700000000000F8B50B6BB1F906404FF6FF7278
:103F800093420D4624D01BB3002CB8BF6442EBF71C
:103F9000D7F9EB6CAE6BC11AB142A4B205D2AA8EAE
:103FA000A41A4C4394FBF6F414442E6BEA6BB71A34
:103FB000B94208D93AB1E98E3344641A1B1A6343F3
:103FC00093FBF2F3CC18B5F90630002BB8BF64426E
:103FD0002046F8BD000000002DE9F84391F852306A
:103FE000B1F906402DED048B0D4613B1FFF7C2FF6A
:103FF00004466B78013B062B00F2CB81DFE813F01F
:10400000510007003D0079015A00C200230109F068
:104010000DFCE8F741FCE44BB5F908400022E8F755
:10402000DFFDD5ED137AF8EE677A064617EE900AB3
:104030000F46E8F753FC0B46024639463046E8F790
:10404000EDFAE8F79BFFB5F90A301B1B07EE903A33
:1040500006EE900AF8EEE77A66EEA76AD5ED0C7ADE
:10406000F8EEE77A86EEA77A07EE904AF8EEE77A5E
:1040700077EE277AFDEEE77AE2E0EBF761F9B5F942
:104080002C30E96CEA8D5B1A1844931CB0FBF3F2F8
:1040900003FB1200B0EB530FB5F9023038BF644296
:1040A0001C442879FF23604390FBF3F0BDEC048BA4
:1040B000BDE8F883B5F9026009F0B8FBEF8D8046E2
:1040C000B5F92C0007EE907A7843B8EE678AE8F7E6
:1040D000E3FBB1A3D3E90023E8F782FDE8F74EFF45
:1040E00008EE900A4046E8F7D7FBD5ED137AF8EED4
:1040F000677A804617EE900A8946E8F7EFFBAA4BED
:104100000022E8F743FC02460B4640464946E8F7E2
:1041100085FAE8F733FF9FEDA57A07EE900A361B84
:10412000A400E8EE877A4FF47A72574307EE104AFC
:10413000B8EEC77AFCEEE77AC7EE086A17EE903A57
:10414000B3FBF7F107FB1133B3FBF2F307EE903A41
:10415000B6EE007AF8EEE77A28EE077AB4EEE77A60
:10416000F1EE10FA4BBF38EE678A67EEA67A28EEBA
:10417000268AFDEEE77A48BFFDEEC87A17EE904A30
:1041800034448EE7B5F9023008EE103A09F04EFBE0
:10419000EE8D07EE906AF8EE679A07EE904A0746B2
:1041A000B5F92C00F8EEE77AB8EEC88A704377EEDE
:1041B000888A38EE678AE8F76FFB77A3D3E9002394
:1041C000E8F70EFDE8F7DAFE09EE100A3846E8F7E0
:1041D00063FBD5ED137AF8EE677A804617EE900A06
:1041E0008946E8F77BFB704B0022E8F7CFFB0246DD
:1041F0000B4640464946E8F711FAE8F7BFFE9FED47
:104200006B7A07EE900AE9EE077A4FF47A7256431A
:1042100038EEC87AFCEEE77AC7EE296A17EE903AD4
:10422000B3FBF6F106FB1133B3FBF2F307EE903A62
:10423000F8EEE77A79EEE77AA7EEA68AFDEEC87A7D
:1042400017EE904A2DE7B5F9023008EE103A09F062
:10425000EDFAEE8DB5F92C309FED557A07EE906AA8
:10426000B8EE679A07EE904AB8EEC88AF8EEE77A99
:1042700077EE888A38EE678A07EE903AF8EEE77AAA
:1042800067EE897AC7EE879AE8F706FB804689468B
:10429000D5ED137AF8EE677A17EE900AE8F71EFB71
:1042A000414B0022E8F772FB02460B464046494666
:1042B000E8F7B4F9E8F762FE9FED3C7A07EE900A62
:1042C000E9EE877A4FF47A7101FB06F238EEC87A8C
:1042D000FCEEE77AC7EE096A17EE903AB3FBF2F00C
:1042E00002FB1033B3FBF1F307EE903AF8EEE77AF6
:1042F000A2E709F09BFAE8F7CFFA2B4B0022E8F788
:104300006FFCD5ED137AF8EE677A064617EE900A41
:104310000F46E8F7E3FA02460B4630463946E8F71F
:104320007DF9E8F72BFEEB8DDFED215A022B38BF2C
:10433000022307EE903AB5F92C30F8EE677AB7EE23
:10434000007AC7EE276A07EE903AF8EEE77A06EEB3
:10435000100A87EEA57AA6EE267A17EE100AE8F77D
:10436000BDFA0FA3D3E90023E8F710FBE8F706FE38
:1043700000EE100A28F0BEF907EE904AB5F90230B7
:10438000B8EEE77A07EE903AF8EEE77AE0EE077AD1
:1043900070E600208AE600BF00000000E093E140E4
:1043A000182D4454FB21194000408F4000007A44EE
:1043B000009F0C4780F8AC1D7047D0F8A40D012B6E
:1043C00038BF012340085AB1824203D8012A38BFBE
:1043D000012210467F2B28BF7F2308808B707047F7
:1043E0000246F3E7F8B504460E4600F1600500F515
:1043F00058676B78B34204D1236829469B692046ED
:1044000098475435BD42F4D1F8BD13B50122044696
:1044100001A94FF4207009F08BFB68B1BDF80420AE
:1044200004F55861530A2046C2F30802FFF7C5FF9E
:1044300001212046FFF7D6FF012201A940F2812089
:1044400009F076FB68B1BDF8042004F69451530AD4
:104450002046C2F30802FFF7B0FF0B212046FFF70A
:10446000C1FF012201A940F2822009F061FB68B17D
:10447000BDF8042004F69851530A2046C2F30802FE
:10448000FFF79BFF09212046FFF7ACFF012201A99E
:1044900040F2832009F04CFB68B1BDF8042004F61B
:1044A0009C51530A2046C2F30802FFF786FF0A21F7
:1044B0002046FFF797FF002301220DF106014FF47C
:1044C0002170ADF8063009F033FB30B1BDF806308D
:1044D00084F8B03D1A0A84F8AD2D01220DF10601D1
:1044E00040F2852009F024FB18B1BDF80630A4F88D
:1044F000AE3D01220DF1060140F2862009F018FBC5
:1045000038B1BDF8063084F8C43DC3F3012284F805
:10451000A02D02B010BD0139CBB21E2B10B50CD8A6
:104520000A2404FB0104B4F8D43D72B133B90A2360
:1045300003FB01010023C1F8CC3D10BD013B9BB240
:10454000A4F8D43D002BF8D1F1E7012202FA01F1E1
:10455000D0F8C82D0A43C0F8C82D4FF6FF72934219
:104560001CBF0133A4F8D43DE7E70139CBB21E2BC1
:1045700005D822B90A2303FB0100C0F8CC2D7047EF
:10458000012B21D80139C9B20B291DD801EB8101BA
:104590000B4400EB43000D49B0F9CC3D13448B4272
:1045A000B8BF0B4647F6FF718B42A8BF0B46002AE7
:1045B000B8BF5242A0F8CC3DB0F9D03D12B29A42F9
:1045C000B8BF1A46A0F8D02D704700BF0180FFFF8A
:1045D0002DE9F04FD1E9005787B004460E46BD42A1
:1045E00048D194F8C53D002B73D0D6E90037FF1AA7
:1045F0000023CDE90433BF100A20194600FB034213
:1046000001330C2BC2F8CC1DF8D104F160054FF03A
:1046100000094FF0540B0BFB094A9AF86030A3BB1A
:104620009AF86030002B3CD029462046FFF7D4FC96
:104630004FF0000A02905FFA8AF8B8450AF1010AC1
:104640002FDA029ACDF80080334629462046FFF73C
:1046500037FB43460246039069782046FFF790FFF8
:1046600006AB03EB8808039A58F8083C134448F853
:10467000083CE0E728680021F8F71AFD94F8C51D0A
:1046800055F8040BF8F770FAA9E72B6B4FF6FF7299
:104690009342C5D0002BC3D0EAF752FEEB6C984290
:1046A0001AD209F10109B9F1280F05F15405B2D167
:1046B000DFF87480002547F6FF79EBB2BB4205F1C5
:1046C000010520DB782204F6CC5104F64460E7F7BC
:1046D00007FF07B0BDE8F08FEAF732FEEB6CC01AB7
:1046E0002B6B98429CD94FF000088AF860805FFAE3
:1046F00088F3BB4208F1010892DA6978002220466B
:10470000FFF73EFFF3E706AA02EB830252F8081C0C
:1047100032684145B8BF4146494552F82300A8BF19
:104720004946F8F7C5FCC8E70180FFFF00F1080320
:1047300073B5044603600D4611B90E482BF0EEFF29
:104740000846E7F79DFC0F280646019006D9002190
:1047500001A8FFF7C3F9019B2060A36032462946F8
:104760002068F9F789FB019B226863600021D1541E
:1047700002B070BDC31F050810B503490446FFF71A
:10478000D5FF204610BD00BF78230508A1F1080120
:10479000F2E700BFF0B5044689B004F1080504F063
:1047A000B3FD002340F602227C492846FDF79EFC1B
:1047B0007B4902A8FFF7BAFF1423802202A904F163
:1047C000280009F017F902A8F7F714FE754B2360CB
:1047D00003F130028833A260A3624FF452620021D9
:1047E00004F1600023F0A4FDFF204FF6FF710122C9
:1047F00084F86400C4F8901084F8B320234604F6CB
:10480000CC4683F8B800C3F8E41083F8072154338A
:10481000B342F6D1644B04F5586603F120071868DB
:104820005968324603C20833BB421646F7D14FF4EB
:104830007A73C4F8A43D04F6A85300275B4A84F8B1
:10484000A07D1A605A4BC4F8AC3D7F2384F8B03D7C
:1048500004F6B4534FF07E521A604FF083425A6010
:104860004FF081429A604FF08042DA601923A4F839
:10487000C43DC4F8C87D3946782204F6CC5023F0F4
:1048800057FD3946782204F6446023F051FD84F840
:10489000BC7E20460326FFF7B8FD2846FDF7BEFC88
:1048A0003A462846434B44490096FDF74FFC0B27F8
:1048B0002846424B424900960122FDF747FC32460A
:1048C0002846404B40490097FDF740FC28463F4BA7
:1048D0003F4900970422FDF739FC28463D4B3E49ED
:1048E00000970522FDF732FC28463C4B3C490097D7
:1048F0000622FDF72BFC28463A4B3B490097022243
:10490000FDF724FC40F2131300932846374B384937
:104910001022FDF71BFC112200922846354B364928
:10492000FDF714FC2846354B354900960722FDF764
:104930000DFC2846334B344900960822FDF706FC4F
:104940002846324B324900960922FDF7FFFB2846E4
:10495000304B314900960A22FDF7F8FB3A462846CB
:104960002E4B2F490096FDF7F1FB28462D4B2E4983
:1049700000960C22FDF7EAFB28462C4B2C490096AA
:104980000D22FDF7E3FB28462A4B2B4900960E2209
:10499000FDF7DCFB204609B0F0BD00BF96230508FB
:1049A00099230508405A0508000D05080AD7233C3D
:1049B000FFFE4040A0230508C0230508CD230508BD
:1049C000EC230508F6230508BF1C0508022405088A
:1049D0000B1D050810240508E41C05081C24050807
:1049E000331D0508292405088E23050866240508BB
:1049F0008B2405089A240508B6240508C424050854
:104A0000D7240508E0240508F0240508F924050842
:104A10000E250508192505082B2505083625050846
:104A20004A25050854250508652505086F2505084C
:104A3000DD1E0508A7250508CB25050873B5551A01
:104A40000F2D04460E46019506D9002101A8FFF757
:104A500045F8019B2060A3602A4631462068F9F79B
:104A60000BFA019B226863600021D15402B070BD33
:104A70000022C0F8C82D09B1FEF78EBF704701397A
:104A80000B290BD800236130542202FB03F1415C57
:104A900009B9184670470133282BF6D14FF0FF3083
:104AA000704770B504460E461546B44201D12846FB
:104AB00070BD21462846FBF709F8D4E90623C5E96D
:104AC0000623D4E90823C5E9082394F8283085F89B
:104AD00028302046F7F78EFC30343035E5E708B44F
:104AE000F0B50E46114682B00446C81D20F00700FE
:104AF00000AF07F11C03ADEB000D6D4653F8042B1E
:104B00007B602846B04704F10803236000232A187D
:104B1000636020462946FFF791FF20460837BD46CF
:104B2000BDE8F04001B0704713B5044610EE100A1E
:104B3000E7F7D4FE054BCDE900013A2220460449AF
:104B4000FFF7CDFF204602B010BD00BFE4250508E9
:104B50009D7B040838B50568044635B1284602F047
:104B6000BDF82C2128462BF04BFA204638BD00001A
:104B7000124B70B503F13002036088330446826043
:104B8000836200F5586500F16006B54209D0543DD6
:104B900005F14400FFF7DEFF05F14000FFF7DAFF03
:104BA000F3E704F1280008F009FF04F10800FCF71E
:104BB000EBFF204604F040FB204670BD405A05083C
:104BC000A0F10800FFF7D4BFA0F12800FFF7D0BF85
:104BD00010B50446FFF7CCFF20464FF46C612BF074
:104BE0000FFA204610BDA0F12800FFF7F1BFA0F199
:104BF0000800FFF7EDBF2DE9F04104462C201746D1
:104C000098460E462BF07AFA069BD8ED000A93EDF3
:104C1000001A97ED000A3178054602F0ABFB2560DB
:104C20002046BDE8F08110B50468016044B120461B
:104C300002F054F820462C21BDE810402BF0E0B9DA
:104C400010BD2DE9F043272997B0804666D854253A
:104C500005FB01F68419012294F86110FFF75BFC53
:104C60002A46002101A8002523F062FB1822FF2715
:104C700029460DEB02008DF8087023F059FB012343
:104C800008F160088DF8573006F10C03434484F8AE
:104C90006470002206AF2566A4F86650A5661A6007
:104CA0005A600FCF04F1740CACE80F0097E80300D2
:104CB00006F140094FF6FF7E08EB09078CE8030078
:104CC000C4E9235E29463846C4E92555C4F89C50FA
:104CD000CDF834E0FFF7A7FF2946381DFFF7A3FF03
:104CE0004FF08073C4F8B030A4F8A850C4F8AC50AA
:104CF00012A8FFF72FFF11A8FFF72CFF58F8093073
:104D00001BB129463846FFF78EFF443608EB0600F4
:104D100058F8063013B10021FFF785FF17B0BDE842
:104D2000F083000030B503680D6893F8A02D03EB05
:104D300002120C46B2F8881D92F88A2D07EE101A5E
:104D4000D3F8A41D07EE901AB8EEC77AF8EE677A8A
:104D500000EE902A03F6A85387EE270A89B0F8EEF2
:104D6000E00AD3ED007A60EEA70A45B19FED111A73
:104D70000021284609B0BDE8304002F0DFBA002328
:104D8000079307AB05AA00930DF10F0106AB04A82A
:104D90008DED050ACDED060A8DF80F50FFF72BFFBC
:104DA000049904952046FFF73EFF04A8FFF7D2FEC2
:104DB00009B030BD0000000030B503680D6893F8FD
:104DC000A02D03EB02120C46B2F8841D92F8862D3A
:104DD00007EE101AD3F8A41D07EE901AB8EEC77AA2
:104DE000F8EE677A00EE902A03F6A85387EE270ABA
:104DF00089B0F8EEE00AD3ED007A60EEA70A45B17B
:104E00009FED111A0021284609B0BDE8304002F09C
:104E100095BA0023079307AB05AA00930DF10F0184
:104E200006AB04A88DED050ACDED060A8DF80F50EE
:104E3000FFF7E1FE049904952046FFF7F4FE04A86D
:104E4000FFF788FE09B030BD0000000030B50368F0
:104E50000D6893F8A02D03EB02120C46B2F88C1DDE
:104E600092F88E2D07EE101AD3F8A41D07EE901AB3
:104E7000B8EEC77AF8EE677A00EE902A03F6A853E8
:104E800087EE270A89B0F8EEE00AD3ED007A60EEEB
:104E9000A70A45B19FED111A0021284609B0BDE8C7
:104EA000304002F04BBA0023079307AB05AA0093EA
:104EB0000DF10F0106AB04A88DED050ACDED060A34
:104EC0008DF80F50FFF797FE049904952046FFF7E1
:104ED000AAFE04A8FFF73EFE09B030BD00000000A6
:104EE000036830B5B3F8802D0D6807EE102AD3F8AB
:104EF000A42D07EE902A93F8822DF8EE677AB8EE8B
:104F0000C77A00EE902A03F6A85387EE270A89B0E5
:104F10000C46F8EEE00AD3ED007A60EEA70A45B140
:104F20009FED111A0021284609B0BDE8304002F07B
:104F300005BA0023079307AB05AA00930DF10F01F3
:104F400006AB04A88DED050ACDED060A8DF80F50CD
:104F5000FFF751FE049904952046FFF764FE04A86C
:104F6000FFF7F8FD09B030BD0000000013B50B4697
:104F70000246D0E900016C4684E8030093E8030090
:104F800082E8030094E8030083E8030098689168CE
:104F90009060D8689960D168D060D96002B010BDC7
:104FA00010B588B0234A0392234A02924A7800231C
:104FB000013ACDE900330C460A2A14D8DFE802F0A2
:104FC0003213131313131313062C2600CDE9040315
:104FD0001A4B07931A4B069304A86946FFF7C6FFBE
:104FE00004A8F7F7EEFA029B04F1400103B3039B18
:104FF00068469847029B04F14401CBB1039B684685
:1050000098476846F7F7DDFA08B010BDCDE904030C
:105010000C4B07930C4BDEE7CDE904030B4B0793D6
:105020000B4BD8E7CDE904030A4B07930A4BD2E7B1
:105030002BF07EFB15380208753A0208254D020850
:10504000253A0208B94D0208053A02084D4E0208F9
:10505000E5390208E14E0208C53902082DE9F0479A
:10506000D0E901639E420446894607D03046FAF7EC
:1050700097FE636830336360BDE8F087144A01210E
:10508000F6F7A6F827688046FEF7DCFCA6EB070AD1
:10509000054649465044FAF783FE2A4631463846CB
:1050A000FFF7FFFC314600F130023046FFF7F9FC14
:1050B000A168084BC91B0911064659433846FEF73B
:1050C000E5FC3023C4E9005603FB0855A560D3E78F
:1050D000321B0508ABAAAAAA2DE9F047D0E9014383
:1050E0009C420546894614D00A88002304F1080131
:1050F000C4E906232372C4E9001300220023C4E993
:105100000823022384F82830436830334360BDE825
:10511000F0871D4A0121F6F75BF82F688046FEF7FD
:1051200091FCA4EB070A00EB0A030646B9F800104D
:1051300003F10800002246F80A00C3E906125A608B
:105140001A72002000210222C3E9080183F82820F6
:10515000214632463846FFF7A4FC214600F13002D2
:105160002046FFF79EFCA968084BC91B091104469D
:1051700059433846FEF78AFC3023C5E9006403FB37
:105180000866AE60C3E700BF321B0508ABAAAAAA37
:105190002DE9F047D0E901439C420546894614D0E9
:1051A0000A78002304F10801C4E906232372C4E944
:1051B000001300220023C4E90823022384F82830C6
:1051C000436830334360BDE8F0871D4A0121F5F79D
:1051D000FFFF2F688046FEF735FCA4EB070A00EBC3
:1051E0000A03064699F8001003F10800002246F869
:1051F0000A00C3E906125A601A7200200021022236
:10520000C3E9080183F82820214632463846FFF7D3
:1052100048FC214600F130022046FFF742FCA96815
:10522000084BC91B0911044659433846FEF72EFCAA
:105230003023C5E9006403FB0866AE60C3E700BF26
:10524000321B0508ABAAAAAA10B504460846236A71
:10525000022B114601D0202B03D123690B700120B2
:1052600010BD012B01D0102B02D1FFF791FFF6E703
:105270000220F5E7012A30B403D10B78037030BC6B
:105280007047002AFBD030BC22F0B2BF2DE9F74FA7
:10529000D0F804B00C9D594507460E461446984672
:1052A00005D90A46264827495B462BF03DFAABEB69
:1052B000010A524528BF5446A4EB0B0303F10043F7
:1052C000013B9D4202D920482BF02BFAFAF737FC1C
:1052D00005EB0B09A9EB0409814529D83B68434537
:1052E0001E44AAEB040214D85B44984511D8CDE9BA
:1052F000005243462246314638462BF01CFA3B68A2
:10530000C7F804900022384603F8092003B0BDE82E
:10531000F08F2AB1A54203D031197019FFF7AAFF07
:10532000002DECD02A4641463046F8F7A5FDE6E7C9
:1053300000954346224631463846FAF758FDDEE7E7
:10534000F4200508E7250508BD20050873B50446C7
:1053500008460D461646E6F793FE002211460090D9
:105360002B463046FFF792FF01462046FAF7AEFB88
:10537000204602B070BD00002DE9F04798B01E46EF
:1053800007460C46684645491546FFF7CFF9012EFA
:105390000AD942493846FFF7C9F96846F7F72AF8AB
:1053A000384618B0BDE8F087D5B9D4F8C83D0BB978
:1053B0003B49EFE73B4ED4F8C83DEB40DB0704D553
:1053C00056F825106846FCF747F901350C2DF2D147
:1053D000019B009A013B00210193D1540099D9E728
:1053E000DFF8CCA0DFF8CC90DFF8CC8004EB4605EA
:1053F00004F17806B5F9D01D0CA8F7F743F80CAA0C
:10540000514612A8FFF7A2FFDDE912126846FBF72A
:10541000B7FA12A8F6F7EEFF0CA8F6F7EBFFB5F90E
:10542000CC1D0CA8F7F72EF80CAA494612A8FFF7D6
:105430008DFFDDE912126846FBF7A2FA12A8F6F713
:10544000D9FF0CA8F6F7D6FFB4F8D41D06A8F7F7D5
:1054500019F806AA41460CA8FFF778FF12490CA8D4
:10546000FCF7FAF8014612A8FAF730FBDDE9121250
:105470006846FBF785FA12A8F6F7BCFF0CA8F6F70A
:10548000B9FF0A3406A8F6F7B5FFB44205F10A05DC
:10549000A4D006496846FCF7DFF8ABE7E921050828
:1054A00049230508D85A05081A260508FD250508C8
:1054B0000026050808260508122605082DE9F743E9
:1054C00006460846D1F8048057680C461546FAF798
:1054D00036FB08EB0709484514D22846FAF72FFB9C
:1054E00048450FD3CDF80080002223681146284696
:1054F000FFF7CCFE01463046FAF7E8FA304603B033
:10550000BDE8F08329683A462046FBF739FAF1E70F
:105510002DE9F04F0B680446A1B008461546112B43
:1055200000F2BC82DFE813F012002B005100600192
:105530006E01A301C801E401000211022D023E0226
:105540005A027B026B029302C600F1000B6A012B28
:1055500005D104F558612846FFF7BEFD98E0022BFF
:1055600040F0968094F8823D0A6904F5586120461F
:10557000FEF723FF01212046FEF734FF88E00B6A87
:10558000082B14D104F6A85494ED000A14A8FFF7D0
:10559000CBFA14AAC4491AA8FFF7D8FE1AA92846BC
:1055A000FFF75CFD1AA8F6F725FF14A87FE0012B92
:1055B00005D104F682512846FFF7EAFD68E0022B88
:1055C00066D10B7CB4F8802DCFE7096A012954D14C
:1055D000D5E901639E4214D0D4F8C82D002306F10A
:1055E0000801C6E906233372C6E90013002200232E
:1055F000C6E90823022386F828306B6830336B60D5
:1056000046E0AA4A2846F5F7E3FDD5F80080814632
:10561000FEF718FAA6EB080AD4F8C81D074600EBF7
:105620000A0303F10800002247F80A00C3E9061242
:105630005A601A72002000210222C3E9080183F88F
:10564000282031463A464046FFF72BFA314600F112
:1056500030023046FFF725FAA968954BA1EB080107
:105660000911044659434046FEF710FA3023C5E9B4
:10567000007403FB0977AF600AE002290AD1D0E980
:10568000043213430CBF012100212046FFF7F0F93B
:105690000120B4E00829FBD100231A4621461AA8AC
:1056A000FFF76AFE28461AA9FFF7D8FC1AA8F6F7F2
:1056B000A1FEEDE70B6A012B01D0102B02D1037A7A
:1056C0000122EBE7022BE3D1D1E904710029DFDBF2
:1056D00000230A261A4604F6D45C06FB03F02518BC
:1056E00057EA010E03F1010318BFC5F8CC2DC5F828
:1056F000D02D18BF2CF800200C2BEED10023C4F8BD
:10570000C83D2046FEF748F9C2E70B6A102B28D1A6
:105710000F7A022F28BF022704F1780304EB470712
:105720000193D5E901639E421FD0B4F84C1EB7F92E
:10573000442E002306F1080C3372C6E900C3C6E903
:105740000813062386F828306B68D0173033C6E973
:1057500006206B60019B0A34A34207F10A07E0D1DF
:1057600096E7012B94D10027D6E7504A012128461D
:10577000F5F72EFDD5F800908246FEF763F9A6EB0B
:10578000090B00EB0B038046B7F9441EB4F84C0E2E
:1057900003F1080E002248F80BE04FEAE17CC3E970
:1057A00008025A601A720622C3E9061C83F82820F0
:1057B000314642464846FFF774F9314600F130025F
:1057C0003046FFF76EF9A968394BA1EB09010911C1
:1057D000064659434846FEF759F9302303FB0A832E
:1057E000C5E90086AB60B5E70B6A082B02D104F669
:1057F000B854C9E604F6AE522946FFF725FD21B09C
:10580000BDE8F08F0B6A082B2ED104F6B45494ED4A
:10581000000A02A8FFF788F902AA234908A8FFF79F
:1058200095FD244908A8FBF717FF01460EA8FAF7D3
:105830004DF92D2114A8F6F725FE14AA0EA91AA8D1
:10584000FFF73CFE1AA92846FFF708FC1AA8F6F74E
:10585000D1FD14A8F6F7CEFD0EA8F6F7CBFD08A8EB
:10586000F6F7C8FD02A822E704F6AD52C4E70B6ABA
:10587000082B15D104F6BC5494ED000A02A8FFF7DA
:1058800053F902AA084908A8FFF760FD094908A8CA
:10589000FBF7E2FE01460EA8FAF718F92821C9E73E
:1058A00004F6AF52A8E700BF1C260508321B050806
:1058B000ABAAAAAA232605080B6A082B15D104F562
:1058C0005C6494ED000A02A8FFF72EF902AA74495D
:1058D00008A8FFF73BFD734908A8FBF7BDFE01468A
:1058E0000EA8FAF7F3F80421A4E704F55B6283E756
:1058F0000B6A012B06D194F8A01D04EB011101F6EF
:10590000885128E6022B7FF4C3AE94F89A3D0A69C9
:1059100004F698512046FEF750FD94F8A03D012B67
:105920007FF4B6AE092126E60B6A012B06D194F866
:10593000A01D04EB011101F68A513CE6022B7FF415
:10594000A7AE0B7CB4F8982DE2E70B6A012B06D1C9
:1059500094F8A01D04EB011101F68451FBE5022B24
:105960007FF496AE94F8963D0A6904F69451204669
:10597000FEF723FD94F8A03D012B7FF489AE0B21A7
:10598000F9E50B6A012B06D194F8A01D04EB011177
:1059900001F686510FE6022B7FF47AAE0B7CB4F849
:1059A000942DE2E70B6A012B06D194F8A01D04EBBD
:1059B000011101F68C51CEE5022B7FF469AE94F80B
:1059C0009E3D0A6904F69C512046FEF7F6FC94F8C9
:1059D000A03D012B7FF45CAE0A21CCE50B6A012BC4
:1059E00006D194F8A01D04EB011101F68E51E2E5F9
:1059F000022B7FF44DAE0B7CB4F89C2DE2E70B6AD2
:105A0000012B02D104F6C451D5E5022B7FF440AE40
:105A10000B7C642B28BF642384F8C43D38E60B6AF2
:105A2000012B02D104F55A61C5E5022B7FF430AE9B
:105A30000B69012B28BF0123204684F8A03D0A21D1
:105A4000FEF7D0FC09212046FEF7CCFC97E7096A57
:105A5000012917D1D5E901639E4202D094F8BC2EEA
:105A6000BCE5114A2846F5F7B3FBD5F8008081461E
:105A7000FDF7E8FFA6EB080A94F8BC1E074600EB0A
:105A80000A03CEE502297FF403AE037C012B28BF75
:105A9000012303F0010384F8BC3EF9E50020AEE6E3
:105AA0001C26050823260508321B0508A0F108005E
:105AB000FFF72EBD034A034692E8030083E8030084
:105AC00018467047A4000010704700207047806897
:105AD00070470020704703685B691847704710B52E
:105AE0000C2104462AF08CFA204610BD10B503683C
:105AF0002DED028B9B6A04469847A0B1236820468F
:105B0000DB699847236808EE100A9B6A204698478D
:105B100007EE900AB8EEC88AF8EE677A88EE270A90
:105B2000BDEC028B10BD9FED010AF9E700000000FB
:105B300010B503682DED028B9B6A04469847A0B10F
:105B4000236820465B699847236808EE100A9B6A21
:105B50002046984707EE900AB8EEC88AF8EE677AB2
:105B600088EE270ABDEC028B10BD9FED010AF9E714
:105B700000000000024A026000228260704700BFFD
:105B8000285B05087047000008B50368002B02DA9F
:105B90000C482AF0C6FD8B420AD9B3EB410F4FEAFD
:105BA000410205D2002AB6BF6FF0004302600360D5
:105BB0000068013001D52AF0ABFDBDE808402AF0AD
:105BC0009DBA00BF4C1B050852B9EFF310838068E3
:105BD00023B9EFF305830BB9F0F752B8F0F79EB88D
:105BE00070470000F0B50A4605460C46B5B00123E3
:105BF00042F20F7042F21071092A02D9632A34D896
:105C0000013305F108020F2B2A60019306D9002108
:105C100001A8FFF7B9FF019B2860AB60019E26B188
:105C2000012E28682ED1002303702B686E6000229D
:105C30009A55D5E900761E49C92201A8E6F750FC1D
:105C4000BB196421632C22D8092C85BF34AB03EB2C
:105C50004404303414F8CB3C86BF14F8CC4C7B7031
:105C6000E4B228463C7035B0F0BDB2F57A7F01D27F
:105C70000233C6E7824201D80333C2E70433B2FBE2
:105C8000F1F2B9E73246002122F052FBCDE7B4FB36
:105C9000F1F001FB1042044634A800EB420212F876
:105CA000CB0C12F8CC2C03F8010C03F8022DC9E739
:105CB000641B05080346006818B11879003818BF3E
:105CC000012070471E4A30B5042114461379002B79
:105CD00034D092F8243043B902F120031B1B5B112E
:105CE0000460436030BD1A46F0E792F8443013B9BF
:105CF00002F14003F2E792F8643013B902F1600355
:105D0000ECE7013902F18003EDD10E4DE91A40298B
:105D10000AD0602903D020290AD02B46DEE7197962
:105D20000029DBD002F1A0031A79002AD6D0203353
:105D30001979044A002918BF1346CFE71346CDE767
:105D4000A0270120A0290120F8B5D0E90052561B58
:105D500004464FEAA60C0027FBB2634512D255F861
:105D600023608E4205EB830007F10107F4D1011D8A
:105D70008A4204D0521A042A05DD22F039FA6368F7
:105D8000043B6360F8BD04BF426845F82320F6E792
:105D900010B5044B0360044601460348FFF7D4FFE7
:105DA000204610BDA45B0508A029012010B50446BB
:105DB000FFF7EEFF204604212AF022F9204610BD0D
:105DC00010B5064B03601833044640F8043F07F053
:105DD000F5FD2046FFF7DCFF204610BDB85B050847
:105DE000A0F10400ECE700BF10B50446FFF7E8FFA0
:105DF000204640212AF004F9204610BDA0F10400FD
:105E0000F2E72DE9F8430B68036001F108070B790D
:105E10000371054600F1080838460C46F6F7E4FA27
:105E2000064690B147450AD0E2681AB1A168A86851
:105E3000F8F722F8E368AA68EB600021D154A26861
:105E40000023E3601370BDE8F8834046F6F7CCFA10
:105E500010B9AE68D5F81090A368AB60E368EB604A
:105E600023692B611EB1A660C4F81090E7E70837DC
:105E7000A760E4E72DE9F84FD0E9008A93466FF078
:105E80006043AAEB0802B3EBA20F074689464FEA2C
:105E9000A20402D11E482AF044FCC24514BF224687
:105EA0000122A418A1EB08052ED27CB39C4228BF86
:105EB0001C46A0002AF022F90646DBF80030735198
:105EC000002D04DD2A464146304622F091F9AAEB26
:105ED000090A0435BAF1000F354404DD524649463B
:105EE0002846E6F7FDFA5544B8F1000F05D0B96829
:105EF0004046A1EB08012AF083F8C7E9006506EBEC
:105F00008406BE60BDE8F88F1C46D2E72646D4E77B
:105F1000321B050873B5D0E900639A1B01919210FA
:105F20000024E5B2954206D3826893420BD043F831
:105F3000041B436005E056F825508D4204F101042E
:105F4000EFD102B070BD01AA1946FFF793FFF8E741
:105F500010B5044B0360044601460348FFF7DAFF1F
:105F6000204610BDA45B0508A029012030B50446D9
:105F700089B0FFF7EDFF251D01AA0D4902A8F7F72B
:105F800087FF4FF4807202A91323284607F032FDE1
:105F900002A8F6F72FFA074B23601833636001233A
:105FA00084F83C30284607F0D5FC204609B030BDC7
:105FB000A3260508B85B0508F0B53D4C89B0054639
:105FC0001126013E34D13B4E04273046FFF772FEC6
:105FD00000286AD006F120042046FFF76BFE002857
:105FE00055D006F140042046FFF764FE00284ED04D
:105FF00006F160042046FFF75DFE002847D0013F10
:1060000006F1800431D12C4B1B1B402B35D0602B6B
:106010002DD0202B36D0294BD3E90046B4421ED0D8
:1060200054F8040B036800229B6829469847F5E75B
:1060300054F8083C0093214614F8043C8DF80430D1
:1060400002A8F7F77DFF2A68009B9A4202A808D1B0
:106050002A799DF804309A4203D1F6F7CBF909B0BA
:10606000F0BDF6F7C7F92034ABE72646ADE720468A
:10607000FFF720FE58B106F1A0042046FFF71AFEF4
:1060800028B120342046FFF715FE0028C3D10A4B63
:106090009C42C0D02B6823602B79237105F1080145
:1060A00004F10800FCF7C5FCB5E73446EFE700BF94
:1060B000A8270120A0270120A0290120A029012034
:1060C0002DE9F0431C4BDFF87490D3E9006889B0E8
:1060D0000024B04513D104AB18480094CDE9023434
:1060E0008DF804408DF810401124013C00F120058A
:1060F00014D102A8F6F77EF909B0BDE8F08356F88E
:10610000047B002505EB09012035B5F5087FE0D0BB
:106110003B6801229B6838469847F3E7009B45F8A7
:10612000203C9DF8043005F81C3C083002A9FCF71F
:1061300080FC2846D9E700BFA0290120A027012024
:1061400030B591B004460D460AA80968FFF74AFD2C
:1061500027490AA8FBF780FA01462046F9F7B6FC62
:106160000AA8F6F747F92B79022B29D0032B29D05F
:10617000012B29D11F492046FBF76EFAEB682BBB98
:106180001D4903AA04A8F7F783FE00220123114644
:10619000009304A8164BF9F785FE01460AA8F9F703
:1061A00095FC6368C3F1FF43DDE90A1203F5FF03C1
:1061B00003F5FF437F3393420ED210482AF0B1FA21
:1061C0000F49D8E70F49D6E70F49D4E705F1080191
:1061D00004A8F7F7B5FED8E72046F9F73FFE0AA86E
:1061E000F6F708F904A8F6F705F9204611B030BD16
:1061F00018260508AC260508B6260508402005081F
:10620000B1260508B92605083328050810B50B681E
:1062100003600B790371044608310830F9F756FC26
:10622000204610BD2DE9F04F02F1FF3A0AEBDA7A71
:1062300089B005460F46914698464FEA6A0A0C46D1
:106240006FF0784B54454FEA44102EDB19F0010FE4
:1062500010D1A9F1020202EBD272B4EB620F09D1A4
:106260000134660005EB8414A4F120012844FFF7F3
:10627000C8FD741E41466846661EFFF7C7FF06EB61
:10628000D6767610A74205EB441020DA730105EBB1
:106290004611EA58009B9A4219D2FFF7B2FD731ECD
:1062A00003EBD37334465E10ECE7661C7400B30155
:1062B0000BEB46067601EA58AB599A4238BF04F117
:1062C000FF3405EB44112844FFF79BFDBAE769460C
:1062D000FFF797FD02A8F6F78DF809B0BDE8F08F3B
:1062E00070B590B0164604460D4668461146FFF755
:1062F0008DFF21463046FFF784FD694608A8FFF769
:1063000085FF2A1B08AB521100212046FFF78AFFA8
:106310000AA8F6F76FF802A8F6F76CF810B070BD8F
:1063200010B588B0044601466846FFF76FFF204667
:10633000009A50F8203C9A42A4F1200407D3694601
:10634000FFF75FFD02A8F6F755F808B010BD21462B
:10635000FFF757FDEBE700002DE9F041184DA8428B
:1063600088B0064629D108B0BDE8F08127462B68E1
:1063700057F8202B9A421CD221466846FFF746FF69
:10638000641B6411B846002C0ADC28466946FFF7F6
:1063900038FD02A8F6F72EF83C46A642E6D1E2E721
:1063A000A8F14001A8F120084046FFF72AFD013C72
:1063B000E9E72046FFF7B4FFEEE705F12004ECE73C
:1063C000A027012030B589B00C4605460146684635
:1063D000FFF71CFF21462846FFF713FD69462046BC
:1063E000FFF70FFD02A8F6F705F809B030BD2DE95B
:1063F000F043044691B00D4617469846291BB1F567
:10640000007F1EDD4FEA61195FBBA9F1020676101D
:1064100004EB46116846FFF7F9FE694608A8FFF746
:10642000F5FE204608AB4A463146FFF7FBFE0AA8B8
:10643000F5F7E0FF46B902A8F5F7DCFF2B1B202B90
:1064400007DC11B0BDE8F08302A8013EF5F7D2FFEA
:10645000DEE7203D08AB2A4629462046FFF740FFED
:10646000ECE789114B01206AE25855F8203C904234
:1064700004EB411104F12006A5F1200C1ED2934239
:1064800018D92046FFF79EFFA946236832689A4232
:106490001BD359F8202C9342A9F12009F9D34E457A
:1064A00015D3013F294643463A463046FFF79FFF42
:1064B0003546A3E7834203D96146E2E7834201D927
:1064C0003146DEE79342DCD9F6E72036DEE7304698
:1064D0004946FFF777FF2036D7E7000010B5074C95
:1064E0004FF00003A4F5007021460822FFF77FFF5C
:1064F0002046BDE81040FFF72FBF00BFA0290120B4
:1065000000B5114A89B0002310461179032915D12D
:10651000002204A9CDE9021200EB43106946009263
:106520008DF804208DF81020FFF76BFC02A8F5F71A
:1065300061FF09B05DF804EBFFF7D0BF0133102B0A
:1065400002F12002E1D1F4E7A02701208FB5144F1A
:10655000044600263B68D3B194F83C30BBB101A897
:10656000CDE90166039605F091FD396801230A2201
:1065700001A8FCF79DFEFFF7C3FFDDE90158A84520
:1065800009D1019818B10399091A29F039FDA068B9
:10659000EFF76EFEDEE72846F5F72CFF3035EEE725
:1065A000442A0120A0F10400FFF7D0BF70B51B4BB7
:1065B0000168044688B0002218461D688D421ED12D
:1065C0001E792579AE421AD1002304A9CDE9021320
:1065D00000EB4210694600938DF804308DF81030BE
:1065E000FFF70FFC02A8F5F705FF0D4BD3E90056A6
:1065F000AE420AD108B0BDE87040FFF76FBF01326C
:10660000102A03F12003D8D1EFE755F8040B0368F3
:1066100001229B6821469847EAE700BFA027012096
:10662000A02901202DE9F0470025174CDFF85C90E8
:1066300088B007462E462368BB4209D00835802D16
:1066400004F12004F7D108B0BDE8F047FFF746BFDA
:1066500004AB69462046CDE9023600968DF8046009
:106660008DF81060FFF7CDFB02A8F5F7C3FED9E95E
:10667000008AC245E2D058F8040B036801229B68E7
:1066800021469847F5E700BFA0270120A029012057
:10669000074B1021002203F110000139C3E9020267
:1066A0001A601A711A7403F12003F4D1704700BF05
:1066B000A027012038B50A4CA4F50075203C04F150
:1066C0000800F5F797FEAC42F8D1064B186828B1E0
:1066D0009968BDE83840091A29F092BC38BD00BF5E
:1066E000A0290120A029012070470000F8B5134E11
:1066F000134B0360D6E90052511B04464FEAA10C2C
:106700000027FBB29C4512D955F823108C4205EBAB
:10671000830007F10107F4D1011D8A4204D0521A07
:10672000042A06DD21F064FD7368043B7360204693
:10673000F8BD04BF426845F82320F5E7AC290120E5
:10674000005C050810B50446FFF7D0FF2046042181
:1067500029F056FC204610BD2DE9F84FD0E9008AFB
:1067600093466FF06043AAEB0802B3EBA20F074613
:1067700089464FEAA20402D11E4829F0D2FFC24541
:1067800014BF22460122A418A1EB08052ED27CB327
:106790009C4228BF1C46A00029F0B0FC0646DBF84E
:1067A00000307351002D04DD2A464146304621F069
:1067B0001FFDAAEB090A0435BAF1000F354404DDC8
:1067C000524649462846E5F78BFE5544B8F1000F7E
:1067D00005D0B9684046A1EB080129F011FCC7E9D2
:1067E000006506EB8406BE60BDE8F88F1C46D2E764
:1067F0002646D4E7321B0508114B73B50360114BD5
:106800000190D3E900618A1B044692100020C5B2B2
:10681000954206D39A6891420CD041F8044B5960D6
:1068200005E056F82550AC4200F10100EFD12046BA
:1068300002B070BD034801AAFFF78EFFF7E700BF63
:10684000005C0508AC290120034B186818B1996851
:10685000091A29F0D5BB7047AC29012010B5482290
:106860000446002121F064FDFF2384F8283010BD88
:106870002DE9F843134F044600F15C08D7E900699D
:10688000B14505D14FF0FF310120F0F7E5F8F5E70C
:1068900056F8045B2B6828461B6998470028EFD000
:1068A0002B684146DB682846984723682A461B69BF
:1068B000414620469847D4E91732934218BF2366D1
:1068C000DEE700BF9427012007B5EFF31083104ADD
:1068D000126850684BB9EFF3058333B902221946A9
:1068E00003B05DF804EBF0F7EFB801A9F0F768F931
:1068F000019B4BB14FF0E0234FF08052C3F8042DC1
:10690000BFF34F8FBFF36F8F03B05DF804FB00BF81
:10691000B829012010B588B0044601AA134902A87D
:10692000F7F7B6FA02A920234FF42F72204607F09A
:1069300061F802A8F5F75EFD23460D4A43F8402BA7
:10694000A3630023C4E91433C4E91633C4E918333C
:10695000E36384F84030012384F86830054B204617
:106960001C6006F0F7FF204608B010BDBE260508E3
:106970003C5C0508B829012070B5D0E900560446F2
:10698000AE4207D1206818B1A168091A29F038FB76
:10699000204670BD2846F5F72DFD3035F0E70000A4
:1069A000104B70B504460360C06D18B1616E091AD2
:1069B00029F026FBD4E91456AE420ED1206D18B151
:1069C000A16D091A29F01CFB04F13800F5F712FD3E
:1069D000204606F0F3FF204670BD2846FFF7CCFFA7
:1069E0004835E9E73C5C050810B50446FFF7D8FFD9
:1069F00020466C2129F004FB204610BD2DE9F84308
:106A00000546884617464FF000094545384607F1C8
:106A1000480701D1BDE8F8832B6847F8483C2C466D
:106A20006B6847F8443CAB6847F8403CC5E90199BE
:106A300044F8109B0FCCA7F138060FC60FCC0FC639
:106A400094E803002B8F86E8030027F8103CEB6BDB
:106A500047F80C3C95F8403007F8083C2846FFF70B
:106A60008BFF4835D1E700002DE9F047D0E90087DA
:106A7000214BA7EB0804E4105C43204B9C420546E5
:106A80000E4602D11E4829F04CFE474514BF22464F
:106A90000122A418A1EB080A29D254B39C4228BFB2
:106AA0001C464820604329F029FB814609EB0A0077
:106AB000FFF7D4FE31464A464046FFF79FFF39466E
:106AC00000F148023046FFF799FF0646B8F1000F83
:106AD00005D0A9684046A1EB080129F091FA4823A6
:106AE00003FB0493C5E90096AB60BDE8F0871C4644
:106AF000D7E7A146DAE700BF398EE338711CC7013A
:106B0000321B05082DE9F74F4B680E68DFF84CA1E2
:106B1000019304469146019B9E4208D14F4BD3E915
:106B20000045AC4240F08C8003B0BDE8F08FD4E962
:106B3000147804F150034745009307D03D4628469A
:106B40004835FFF719FFA845F9D16765F569316840
:106B50002B68C6F824901B6C002228469847C3680F
:106B600013F03B0F4DD0326A134214BF01270027A8
:106B70002846FAF780FC00283DD0002F3BD0D4E90E
:106B80001571B9423FD038464837FFF767FE676551
:106B9000D4F854802B68A8F1480B9B695A463146BB
:106BA00028469847074658B92B682846DB68984717
:106BB00040B12B685A465B693146284698470746DC
:106BC000032F24D02B6828461B6B9847B64628F81D
:106BD000100CBEE80F00A8F1380CACE80F00BEE8BE
:106BE0000F00ACE80F009EE803008CE8030008F8F3
:106BF000087C48F80C5CD4E914329A420DD128364E
:106C000089E70127B4E70098FFF72EFFC0E7606D22
:106C100048386065FFF7B0FEEDE7DAE90058A845AF
:106C2000EDD055F804BB6427DBF800305846DB692B
:106C3000984758B9013FF2D00120EFF779FAF3E70E
:106C400054F8040B03681B6A98476AE7DBF80030C6
:106C500000995B694A4658469847E0E79427012027
:106C600010B588B001AA114902A8F7F711F9104828
:106C700005230324036002A904710830F7F760F9C3
:106C800002A8F5F7B7FB01AA0A4902A8F7F700F92D
:106C9000094806230360047102A90830F7F750F988
:106CA00002A8F5F7A7FB08B010BD00BFC72605086E
:106CB000DC290120D7260508BC29012008B5034896
:106CC000F5F798FB0248F5F795FB08BDC4290120AC
:106CD000E42901200022826242627047704790EDF1
:106CE000060A7047B0EE407AD0ED017A90ED090ABD
:106CF000D0ED026AA7EE870AD0ED0A7AE6EE877A2F
:106D0000D0ED046AE6EEC07AD0ED036AC0ED097AF0
:106D1000D0ED057A67EEC07AE6EE877AC0ED0A7AA2
:106D200070470000000000002DE9F0472DED088BB2
:106D300090ED089A0024F0EEC97A8246446284629B
:106D400017EE900AE5F7CAFDCF4B0022E5F748FFA2
:106D50009FEDC70B41EC110B25F056FF51EC100BCA
:106D6000E6F70CF908EE900ADAF81800E5F7B6FD38
:106D7000C1A3D3E90023E5F709FE41EC100B25F090
:106D8000BBFF51EC100BE6F7F9F89AF8003008EE6B
:106D9000100A062B00F2D680DFE813F0070030005F
:106DA00055006C009500EB00E001DAED077A88EE03
:106DB000276AF7EE007A28EE088A36EE277A37EE51
:106DC000087AC7EE876A28EE267A77EE075A8AEDA8
:106DD000017A8AED037A38EE677A77EEC67A37EE73
:106DE000077A77EE887A27EE267ACAED025A8AED7C
:106DF000047A67EEA67ACAED057AA3E0DAED077A9F
:106E000088EE276AF7EE007A36EE277AA8EE087A3F
:106E1000C7EE876AB8EE007A26EE877ACAED016A75
:106E20008AED027ACAED036ABFEE007AA8EE087A0C
:106E300077EEC67A37EE077AE8EE087A27EE267AFA
:106E40008AED047AD5E7DAED077ACAF8084088EEC9
:106E5000276AF7EE007A36EE277AA8EE087AC7EEB0
:106E6000876A26EE267A8AED017AB1EE477A8AEDB4
:106E7000037AD9E7DAED077AC8EE275AF7EE007AF7
:106E800035EEA77AF0EE676AA8EE087AE8EE086AAF
:106E900087EE876ABFEE007AA8EE087A77EEE57A89
:106EA00037EE077AE8EE087A66EE866A27EE067A0B
:106EB00067EE867ACAED016A8AED027ACAED036A44
:106EC0008AED047A97E79AED076AB7EE007AC8EE82
:106ED000867AC7EE066AF0EE474AB0EE476AE8EEF9
:106EE000274AA8EE676AB0EE475AF0EE475AFFEE1F
:106EF000007AA8EE265AE8EE665AE8EE087AB5EE71
:106F0000C09AF1EE10FAE8EE084AA8EE085AE8EE48
:106F1000085AA8EE086A77EEA77A17DBC7EE056A6B
:106F200066EEA77A66EEA44A26EE866A66EEA56A43
:106F3000CAED014ACAED027A8AED036ACAED047A03
:106F4000CAED056ABDEC088BBDE8F087C7EE246A80
:106F500066EEA77A26EE855A66EEA55A8AED015AA4
:106F600066EE866ACAED027ACAED035ACAED047A61
:106F7000E6E7B5EEC09AF1EE10FA78EEA8AA28EE90
:106F8000089A68EE888AF7EE009ABFEE00BAB1EE72
:106F900048AA7DDBE5F7A2FC39A3D3E90023E5F796
:106FA000F5FC064619EE100A0F46E5F797FC374B3D
:106FB00004460D46002230463946E5F731FB2246AD
:106FC0002B46E5F72DFB02460B4600202F49E5F73F
:106FD00007FEE5F7D3FFB0EE6A0A0BEE900A25F044
:106FE00067FBF0EE697AE8EE007AB0EE6A0AE8EE46
:106FF000887A67EEAB7ACAED017AF0EE4B7AE8EE6A
:10700000887A77EEA77A67EEAB7ACAED027A25F036
:107010004FFBF0EE697AEAEE007A32463B4639EEF3
:10702000697AE8EE887A194937EE077A67EEAB7A23
:1070300027EE2B7ACAED037A8AED047A0020E5F771
:10704000EDFA22462B46E5F7EBFA04461BEE900AD2
:107050000D46E5F743FC02460B4620462946E5F778
:1070600095FCE5F78BFFCAF814006BE7AFF30080DF
:107070000000000000002440182D4454FB2109406A
:10708000CD3B7F669EA0F63F000034400000F03FFD
:10709000B0EE6A0A25F00CFBF0EE697AE8EE007AB1
:1070A00018EE100AE8EE887AC9EEA7BAE5F716FCE2
:1070B00091A3D3E90023E5F769FC8046894619EEE0
:1070C000100AE5F70BFC06461BEE900A0F46E5F7A3
:1070D00005FC8B4B04460D46002240464946E5F729
:1070E0009FFA32463B46E5F79BFA22462B46E5F7E8
:1070F0004DFCE5F743FF39EE697ACAF8040037EE34
:10710000077A424627EE2B7A4B468AED027A7C4973
:107110000020E5F783FA32463B46E5F781FA22463E
:107120002B46E5F733FCE5F729FFF0EE4B7AE8EE66
:10713000887ACAF80C00B0EE6A0A77EEA77A67EE92
:10714000AB7ACAED047A25F0B3FAF0EE697AEAEE8A
:10715000007AE8EE887A67EEAB7A4CE6B5EEC09A34
:10716000F1EE10FA38EEA8BA28EE089AF7EE009A77
:10717000B1EE48AA5BDBE5F7B1FB5FA3D3E90023DF
:10718000E5F704FC064619EE100A0F46E5F7A6FBE4
:107190005B4B04460D46002230463946E5F740FA7F
:1071A00022462B46E5F73CFA02460B46002054499E
:1071B000E5F716FDE5F7E2FEB0EE4B0A0AEE900A9F
:1071C00025F076FAF0EE687AE8EE007AB0EE4B0A37
:1071D00079EE277A67EEAA7ACAED017A79EE687AB3
:1071E00077EEA77A67EEAA7ACAED027A25F060FAFE
:1071F000EAEE008A32463B46414979EE287A002081
:1072000067EEAA7ACAED037A79EE697A77EEA77A01
:1072100067EEAA7ACAED047AE5F700FA22462B4611
:10722000E5F7FEF904460D461AEE900A11E7B0EEB6
:107230004B0A25F03DFAF0EE687AE8EE007A18EE97
:10724000100A77EE897AC9EEA7AAE5F747FB2AA3C9
:10725000D3E90023E5F79AFB8046894619EE100A28
:10726000E5F73CFB06461AEE900A0F46E5F736FBBB
:10727000234B04460D46002240464946E5F7D0F927
:1072800032463B46E5F7CCF922462B46E5F77EFB36
:10729000E5F774FE79EE697ACAF8040077EEA77A0A
:1072A000424667EEAA7A4B46CAED027A144900209C
:1072B000E5F7B4F932463B46E5F7B2F922462B46EC
:1072C000E5F764FBE5F75AFE79EE687ACAF80C0038
:1072D00077EEA77AB0EE4B0A67EEAA7ACAED047A87
:1072E00025F0E6F9EAEE008A79EE288A68EEAA8AA5
:1072F000CAED058A26E600BFCD3B7F669EA0F63F1D
:107300000000F03FF6EE007AB4EEE70AF1EE10FA74
:107310000ADCB5EEC00AF1EE10FA01D59FED040AC1
:1073200080ED060AFFF700BDB0EE670AF8E700BF80
:107330000000000080ED070AFFF7F6BCF6EE007AC9
:10734000B4EEE70AF1EE10FA0FDCB5EEC00AF1EE8A
:1073500010FA01D59FED060A0170C0ED070A80ED15
:10736000060A80ED081AFFF7DFBCB0EE670AF3E704
:107370000000000010B50446FFF7E0FF204610BDF6
:10738000D0E913239B1A044AC06D5343984294BF1B
:1073900000200120704700BF295C8FC20023022219
:1073A0001946EFF791BBD0E91320101A18BF01203E
:1073B00070470A46002119230846F0F70FBF70B541
:1073C00004464FF0FF310120EFF746FBD4E9135696
:1073D000B54208D1D4E913329342F2D02365F0E7E5
:1073E0000120EEF7A5FE0020F0F7DEFE0028F7D022
:1073F00029462046FFF7DDFF1935E9E7A0F108002F
:10740000FFF7DDBF10B50446006818B1A168091A7E
:1074100028F0F6FD204610BD30B5044689B0FBF7D4
:10742000E1FC04F1080501AA134902A8F6F730FDB2
:1074300002A912238022284606F0DCFA02A8F4F7FB
:10744000D9FF0E4B23603033A3600023C4E910330F
:10745000C4E91233C4E91433012384F858303222CA
:107460000A23C4E91723064B28461C6006F072FA6B
:10747000204609B030BD00BFF5260508905C050820
:10748000FC29012013B5044901AA0446F6F700FDC2
:10749000204602B010BD00BF1947050810B50446CC
:1074A000006818B1A168091A28F0AAFD204610BD8D
:1074B0000D4B10B503603033836004460B4BC06C3A
:1074C00000221A6018B1616D091A28F099FD04F1C3
:1074D0004000FFF7E3FF04F1080006F06FFA2046D2
:1074E000FAF7B6FF204610BD905C0508FC29012084
:1074F000A0F10800FFF7DCBF10B50446FFF7D8FF86
:107500002046642128F07CFD204610BDA0F1080033
:10751000FFF7F2BF7FB504460D46006CAB680393DE
:10752000D1E900122860606C68600026A06CA86039
:10753000C4E91066A66401A8CDE90112FFF7AEFF09
:10754000D4E91032934218BF6364D5E90003C01A2E
:1075500018BF0120267104B070BD00002DE9F84F5E
:10756000D0E90079374BA9EB07045C43364B9C42CA
:1075700006468846924602D1344829F0D2F8B945E9
:1075800014BF22460122A418A1EB070B37D2C4B3C3
:107590009C4228BF1C461920604328F0AFFD0546D9
:1075A000524605EB0B030AF1180152F8040B43F89D
:1075B000040B8A42F9D112781A7029463B46984545
:1075C00001F119011FD103F11902D21B2A449E4671
:1075D00010464B4500F1190024D1A3EB0E0302EB3A
:1075E000030827B1B1683846C91B28F009FD1923E3
:1075F000C6E9005803FB0455B560BDE8F88F1C468A
:10760000C9E72546CCE71A46A1F1190003F1180C89
:1076100052F804EB40F804EB6245F9D1127802709D
:107620001933CCE71946A0F1190C03F1180851F8E9
:1076300004AB4CF804AB4145F9D109788CF8001043
:107640001933C6E7295C8FC251B81E05321B0508E5
:1076500038B50A46D0E90114A14203460DD00846C8
:1076600002F1180452F8045B40F8045BA242F9D11D
:10767000127802701931596038BDFFF76FFFFBE7D0
:107680002DE9F041234B88B001AD07460C469046EA
:1076900003F1180C2E46186859682A4603C20833AD
:1076A00063451546F7D1D8F81C001B7813700368A2
:1076B0005B6B9847236ACDF81530636ACDF81930B3
:1076C0008388ADF80630D8F80030CDF80930A369CA
:1076D000CDF80D30E369CDF8113083798DF808309D
:1076E00094F82830013B062B0DD8DFE803F0041195
:1076F0000C110F0F07000A238DF80530314607F1F2
:107700004C00FFF7A5FF08B0BDE8F0810423F3E7C4
:107710000123F1E7200D05082DE9F04F2DED028B37
:10772000D1E900489FED448B8DB0DFF814910546F8
:10773000174610340DF1080AA4F1100398450BD137
:10774000D5E913239A426FD0E8680DB0BDEC028BE7
:10775000BDE8F04FFFF722BE94F83010032961D046
:10776000BD4202D095F858302BB9012954E90423C1
:1077700028D19A4228D1D5E913239B1A2A6E09FBF6
:1077800003F39A424ED300238DF80830019301236E
:107790008DF82830236ACDF800A0022B8DED068BE2
:1077A0008DED088B1FD18DF82830D4E90423CDE965
:1077B0000623284622466946FFF762FF6846F4F72B
:1077C00019FE01E00229D4D054E9046B5E4529D0AA
:1077D00096F82830032B04D0224631462846FFF77E
:1077E0004FFF3036F2E7202B0BD106238DF82830DF
:1077F000D4E90423CDE90623D4E90223CDE9082303
:10780000D7E7102B01D0012B03D154E904239A426E
:10781000F2D0022903D107238DF82830C9E7684642
:10782000F4F7E8FD483487E70DB0BDEC028BBDE806
:10783000F08F00BFAFF300800000000000000000E8
:10784000295C8FC22DE9F04100238EB0CDE90B33C6
:107850000D930C46D1F80570097904978DF828101E
:10786000D4F80920D4F80D30CDE90823D4F8153028
:10787000D4F81120CDE9062363780546042B06D8F9
:10788000DFE803F0031A1C1E200002230C93FF29DB
:1078900060883CD0F9F7B1FD06460B90A0B90D23E6
:1078A00005F14C0063702146FFF7D2FEE8680EB088
:1078B000BDE8F041FFF772BD0123E7E70823E5E7E4
:1078C0002023E3E71023E1E703684FF48072D3F845
:1078D000388039460023C0470028E0D033684FF491
:1078E00080729C6B394600233046A04720B104A922
:1078F00005F14000F9F72CF8D5E910239A4220D081
:1079000001232B710EB0BDE8F041FEF7DDBF01464B
:1079100001A8FAF740FBDDE90132934214D01B685D
:1079200013B100231B68FFDE0D236370214605F1B0
:107930004C00FFF78DFEE868FFF730FD01A8FFF768
:1079400061FD0EB0BDE8F08101A8FFF75BFDD3E754
:1079500090F838007047122903D0132906D0002070
:107960007047D0F839201A6004207047D0F83D20C5
:10797000F9E7036801211B6A1847A0F10400FFF72B
:10798000F8BF036800211B6A1847A0F10400FFF745
:10799000F8BF806AFCF7FBB8A0F10400FFF7F9BF5D
:1079A00038B504460025A9B2A06A0135FDF749F9AA
:1079B000282DF8D10A2384F842300123E38638BD0C
:1079C000A0F10400FFF7ECBF38B50E4BC46A0360AA
:1079D0003433054643607CB16368013B63605BB947
:1079E000236820469B689847A368013BA3601BB9A6
:1079F00023682046DB689847284605F0E3FD2846C3
:107A000038BD00BF005D050810B50446FFF7DCFF78
:107A10002046442128F0F4FA204610BD08B503465C
:107A2000806A28B9054B064A0648C22120F060FC4E
:107A300083F83810BDE80840FCF795B8FC26050827
:107A40001427050837270508A0F10400FFF7E6BF53
:107A5000806A08B528B9054B054A0648C82120F0B8
:107A600047FCBDE80840FCF7A5BC00BFFC260508A4
:107A70004E27050837270508A0F10400FFF7E8BFE7
:107A800090F834007047B0F9022003460AB1C2886A
:107A90003AB9B3F9040028B11889003818BF012099
:107AA000704701207047000070B504460E46154629
:107AB00005F094FD00230522C4E90323C4E906234D
:107AC000C4E90833144B72682360343300216360C7
:107AD0003368A1606161A362E26212B15168013151
:107AE0005160603323630123AB4084F834300023BA
:107AF0000A4AE3860A4B84F84350C4E90E2340F255
:107B00000123A4F840300A23204684F8423005F0CF
:107B10006BFD204670BD00BF005D0508000101201F
:107B20000D200D2880F8341070470B4600210246C6
:107B30000846F0F753BB90F83830002B0CBF0923F0
:107B40001A2380F8423002214130FFF7EEBF0000D7
:107B5000806A10B528B9054B054A0648CD2120F0AA
:107B6000C7FB0368BDE810409B691847FC26050861
:107B70007527050837270508CB0770B504460D465D
:107B800002D503689B699847AE0703D52368204652
:107B9000DB699847680703D523682046DB69984767
:107BA000290707D523682046DB69984723682046C4
:107BB0005B699847EA0603D523682046DB69984746
:107BC000AB0605D5236820469B69BDE87040184781
:107BD00070BD38B54B78013B272B05460C460ED8B7
:107BE000436804301B6A984762782B6B013A542132
:107BF00001FB0233A278E17842EA0122DA8038BD43
:107C00002DE9F041044696B0806A0D460978FCF7EC
:107C100036FF431C074605D1022384F83A3016B0DC
:107C2000BDE8F0814FF054084246002101A820F041
:107C30007FFBFF238DF808304FF6FF732978A06A89
:107C40000D93002201238DF857308DF80510FCF7B5
:107C500062FC01A92046FFF77BFF266B9DF80430EC
:107C600008FB07FC06EB0C0506F80C309DF8053008
:107C70006B70BDF906306B809DF808302B71BDF933
:107C80000A30EB80BDF90C302B81BDF90E306B81D1
:107C90000CF10C033344049A1A60059A5A600DF1F2
:107CA0001808B8E80F0005F1140EAEE80F0098E8C8
:107CB00003008EE80300BDF93030AB85BDF83230EB
:107CC000EB850D9B2B63BDF83830AB86BDF83A30A1
:107CD000EB860F9BAB63109BEB630CF1400C002217
:107CE000119B119256F80C5046F80C3006EB0C081C
:107CF00035B12846FEF7F2FF2C21284628F080F9FE
:107D00000022129B1292D8F80450C8F8043035B102
:107D10002846FEF7E3FF2C21284628F071F954226B
:107D200002FB0766BDF84C30A6F84830149BF3649C
:107D3000BDF85430A6F850309DF8563086F85230D1
:107D40009DF8573086F85330E38E01339BB2E386BB
:107D5000C3F1280303EB4303C3EBC3039B00791C6C
:107D6000A4F83B30C9B2012384F8391084F83A30C2
:107D70002046FFF7E0FE129C34B12046FEF7AEFF2E
:107D80002C21204628F03CF9119C002C3FF447AFF1
:107D90002046FEF7A3FF2C21204628F031F93EE7CC
:107DA0002DE9F04F2DED028B4B785F1EFAB2272A9A
:107DB00083B006460C4600F2BB80056B4FF05408BA
:107DC00008FB07F903FB08588B7818F8532C9A42E4
:107DD00005D005EB09010023CB64FFF7B9FEE37A78
:107DE00008F8503CA37808F8533CE279217A4FF028
:107DF000540B0BFB075B42EA0122ABF8502094F8CE
:107E00000DA096F834809BF853200AEA0808BAB906
:107E1000083B032B14D809F114002844FFF733FE64
:107E2000034618B14FF07E52CBF80C2009F120091F
:107E300005EB09000193FFF726FE90BB019BB3BB46
:107E4000E389DFED417A08EE103AB8EEC88AC8EE51
:107E5000277A17EE900AE4F741FD39A3D3E900230E
:107E6000E4F794FDE5F78AF808EE900AB8F1000F00
:107E70003ED0B0EE680A24F03DFC542303FB0753C8
:107E800083ED030AB8F1000F3ED0B0EE680A24F08B
:107E90006BFEB1EE400A542303FB075383ED040A43
:107EA00005E0542303FB07534FF07E521A61B4F8E8
:107EB00003304FF6FF72002B08BF1346542202FB1B
:107EC00007552B63637AA27A43EA0223A5F8483068
:107ED00096F838301BB9336830469B69984761780B
:107EE000304603B0BDEC028BBDE8F04FFFF723BE78
:107EF0001AF0010F17BFDFED157A9FED150A38EE66
:107F0000678A88EE270AB8E71AF0020F1BBF238A98
:107F10009FED0E7A9FED0E0A07EE903A1FBFF8EE26
:107F2000E77A77EEC77AF1EE677A87EE870AB2E7EB
:107F300003B0BDEC028BBDE8F08F00BFAFF3008053
:107F4000182D4454FB21194000A00C4700A08C467A
:107F500000000000F8B54E78013EF3B2272B39D867
:107F600090F843508B78046BCA7808799D424FF0A3
:107F7000540728BF1D4677430C2303FB0573234496
:107F800042EA00229A82087ACA7942EA00221A83D7
:107F900088794A7942EA0022DA82087BCA7A42EA80
:107FA00000229A834A7A887A42EA00225A834A7BDC
:107FB000897B012D42EA0122DA8310D107F12000EA
:107FC0002044FFF760FD30B9542303FB064393F8C8
:107FD000533063B9F8BDE319002283F853200C2015
:107FE00010FB057014302044FFF74DFD78B11523C8
:107FF00003FB065304EB8304D4ED037AF5EE407AD9
:10800000F1EE10FAE6D14FF07E53E360E2E7002D87
:10801000E0D0D9E770B54C78013CE4B2272C054696
:1080200036D88A78036B032A0FD154226243002189
:108030009954542314FB03F42B6BA86A1A5D191985
:10804000BDE870404978FCF790BA022A17D0542155
:1080500001FB04F29A5C012A04D004FB013128469A
:10806000FFF776FDE7F76CF9296B54236343CE18CD
:10807000B6F848200244F2640122CA54D9E71A46ED
:1080800003F5526100208A42E1D002F8540BFAE76E
:1080900070BD4A78013AD3B2272B16D8036B54200F
:1080A00000FB0233C8788A7842EA00229A86D1F827
:1080B00006209A630A79487942EA0022DA86D1F8E2
:1080C0000A20DA63012283F8522070474A78013A85
:1080D000D3B2272B10D8036B542000FB023347F692
:1080E000FF72DA808A78C87842EA00221A810A7917
:1080F000497942EA01225A81704770B54D786B1E6A
:10810000DAB2272A21D8026B886801284FF054047C
:1081100038BF012047F6FF7604FB0323B04228BF97
:108120003046D885887805FB0422CC7840EA0420C4
:1081300022F84E0C08794C7940EA042022F8520CBF
:108140008A79C97942EA01229A8570BDF0B51D4647
:10815000436887B00E465B6ABDF830700446043051
:108160009847711E10292AD8DFE801F0103A4148DB
:108170004F562929295D642B3229292909002946CE
:10818000204607B0BDE8F040FFF73ABD11220021BC
:108190000DF1050020F0CCF80123122F8DF80430EA
:1081A0003A464FF0FF03294628BF122201A88DF856
:1081B0000F30E4F795F901A92046FFF7F1FD07B06C
:1081C000F0BD6978204607B0BDE8F040FFF7D4BCA9
:1081D000236869785B6A204607B0BDE8F04018471D
:1081E0002946204607B0BDE8F040FFF752BF2946B8
:1081F000204607B0BDE8F040FFF7ACBE2946204658
:1082000007B0BDE8F040FFF778BF2946204607B029
:10821000BDE8F040FFF7DDBC2946204607B0BDE8C9
:10822000F040FFF753BF2946204607B0BDE8F040B5
:10823000FFF7F0BE6978A06A013989B207B0BDE8DE
:10824000F040FCF7FEBC0000034A034692E803003E
:1082500083E8030018467047AC000010A1F1040148
:10826000F2E700BF092070470920704710B50446A7
:10827000806B78B1636B0A681B689A420AD1036805
:108280002146DB689847A06B036821461B69984725
:108290000023A36310BD10B50446806B78B1636BF7
:1082A0000A681B689A420AD103682146DB6898472E
:1082B000A06B036821465B6998470023A36310BD48
:1082C0007047704710B50421044627F099FE2046F8
:1082D00010BD00000B4B10B503F130020360883372
:1082E0000446426043622C30F6F7B4FF04F12400E8
:1082F00000F0A2FF201DF9F747FC204600F000FC2B
:10830000204610BDB05D0508A0F10400FFF7E2BFF4
:10831000A0F12400FFF7DEBF10B50446FFF7DAFF37
:108320002046682127F06CFE204610BDA0F12400F5
:10833000FFF7F2BFA0F10400FFF7EEBF436810B5EE
:108340005B6B044604309847837943B994F8401036
:10835000C220BDE8104001F0030105F0BBBB10BD19
:10836000A0F12400FFF7EABF08B5034678B1084A38
:10837000904206D9074A904201D928F0CCF928F05A
:10838000C7F930205843BDE8084027F0B7BE08BD04
:10839000AAAAAA025555550508B50368002B02DAAA
:1083A0000C4828F0BEF98B420AD9B3EB410F4FEAD3
:1083B000410205D2002AB6BF6FF00043026003609D
:1083C0000068013001D528F0A3F9BDE8084027F086
:1083D00095BE00BF4C1B050890F840007047000098
:1083E00013B5041D2046F9F719FF0B230093044928
:1083F000044B00222046F9F7A9FE02B010BD00BFD1
:10840000883305089B270508F8B504461F460E4625
:10841000154600F067FB3B46124940F6024204F164
:108420002407201DF9F762FE384600F06DFF0E4B61
:10843000236003F13002883362600121636204F13A
:108440002C0005F057FA0023C4E90E3384F84030BD
:1084500038466663656600F0A5FE2046FFF7C0FF5C
:108460002046F8BDAC270508B05D0508F0B4064607
:108470000C46B9B100F144050FCC0FC594E80F00CC
:1084800085E80F0006F144040FCCD6F834C00CF197
:1084900004070FC795E80F0087E80F00F0BC60469F
:1084A000E8F7D6BBF0BC7047426E137A994228BFFA
:1084B000194670B48B4280F84010546828BF0B46B0
:1084C00003EBC30304EB830406460FCC8BB001AD72
:1084D0000FC50FCC0FC523682B6001AD0FCD06F182
:1084E00044040FC495E80F0084E80F00F36B06F115
:1084F000440123B130460BB070BCFFF7B7BF0BB0DF
:1085000070BC7047436813B55B6B044604309847F2
:1085100083796BB901220DF10601C22005F008FB39
:1085200030B1BDF80610204601F00301FFF7BCFF93
:1085300002B010BDA0F12400FFF7E4BFC36B5A1CCA
:1085400070B40646C2637BB9446B043400F1440541
:108550000FCC0FC594E80F0085E80F00304696F861
:10856000401070BCFFF7A0BF70BC7047F8B506465E
:108570001D460B689DF81C70B16308469B68314628
:1085800014469847706B0FB16400A4B2BDF8183060
:108590002A462146E8F73EFCB0FA80F04009F8BDD3
:1085A000F7B505461E460B689DF82C70A963084672
:1085B0009B68294614469847686B0FB16400A4B2C3
:1085C000BDF828300193099B00933246BDF8203056
:1085D0002146E8F7FFFCB0FA80F0400903B0F0BD97
:1085E000F7B505461E460B689DF82C70A963084632
:1085F0009B68294614469847686B0FB16400A4B283
:10860000BDF828300193099B00933246BDF8203015
:108610002146E8F76DFCB0FA80F0400903B0F0BDE8
:10862000436B93F83D00203818BF0120704707B511
:10863000EFF310832C304BB9EFF3058333B94FF0D0
:10864000FF3103B05DF804EB05F02EB9002301A95A
:10865000019305F031F9019B4BB14FF0E0234FF04E
:108660008052C3F8042DBFF34F8FBFF36F8F03B059
:108670005DF804FB0846FFF7DABF07B5EFF3108398
:108680002C303BB9EFF3058323B903B05DF804EB5D
:1086900005F01CB9002301A9019305F022F9019B03
:1086A0004BB14FF0E0234FF08052C3F8042DBFF3DD
:1086B0004F8FBFF36F8F03B05DF804FB10B500F16F
:1086C00044010446FFF7D2FE2046BDE81040FFF704
:1086D000D4BF836B01461BB11A68184692691047D4
:1086E000FFF7ECBF0846FFF7E9BFC36B002BC8BF1D
:1086F00003F1FF3310B5C8BFC363836B8B420446DD
:1087000003D100238363FFF7B8FFE36B23B9606BEA
:10871000BDE81040E8F764BB10BD0846FFF7ADBFE9
:10872000014B0360704700BF505E050870B50446FA
:108730000E461546B44201D1284670BD2146284652
:10874000F7F7C4F9D4E90623C5E90623D4E90823D9
:10875000C5E9082394F8283085F828302046F3F737
:1087600049FE30343035E5E72DE9F04F0D689BB018
:1087700007460B461446002D40F01081096A012976
:1087800055D1D2E901639E4216D090F8403035723F
:1087900006F10802C6E90025C6E9063500220023D5
:1087A000C6E90823022386F8283063683033636003
:1087B00001201BB0BDE8F08F794A2046F2F708FD92
:1087C000D4F800908246FFF7CFFDA6EB090B00EB33
:1087D0000B0397F8402003F1080140F80B10804686
:1087E000C3E90625002000210222C3E908015D60DB
:1087F0001D7283F82820314642464846FFF796FF0F
:10880000314600F130023046FFF790FF0546B9F1DE
:10881000000F05D0A1684846A1EB090127F0F0FB45
:10882000302303FB0A83C4E90085A360C0E7022963
:1088300007D1426E1278002ABAD0197CFFF734FEB5
:10884000B6E70829B4D17B6E9A685FFA85F842458D
:10885000AED95B68242202FB08331E6A10AB0E936C
:1088600016B9504827F05AFF3046E3F709FC0F28A5
:108870008146149006D9002114A8FFF78DFD149BA2
:108880000E9010934A4631460E98F5F7F5FA149B70
:108890000E9A0F930026D6540F9B434ADA4202D118
:1088A000424827F03EFF012241490EA8F7F7D6FAC9
:1088B000014608A8F7F70AF9414614A8F3F7E2FDC4
:1088C00008A8F7F73CF9DDF824A0DDF854900AEB8E
:1088D0000908804529D914A8F7F731F9804524D82B
:1088E000089BCDF800A03246314614A8F7F7DAFA13
:1088F000014602A8F7F7EAF8D4E90183984520D0A9
:1089000002A94046F7F74CFA63683033636002A867
:10891000F3F770FD14A8F3F76DFD08A8F3F76AFDEF
:108920000EA8F3F767FD01358DE76FF00043A3EB69
:108930000A0399451499B3D84A4608A8F7F78EFA5E
:10894000D6E7174A01212046F2F742FCD4F800B0DE
:108950008146FFF709FDA8EB0B0A064602A9504421
:10896000F7F71EFA414632465846FFF7DFFE41460A
:1089700000F130024046FFF7D9FE8046BBF1000F00
:1089800005D0A1685846A1EB0B0127F039FB302335
:10899000C4E9006803FB0966A660B8E7002008E7A1
:1089A000321B0508C31F0508010000804020050890
:1089B00018260508A0F10400FFF7D6BE7047000096
:1089C000034B186818B19968091A27F019BB70474A
:1089D000042A012010B5094C2368BFF35B8FDB0725
:1089E00009D42046E6F710FC28B105481FF078FDB1
:1089F0002046E6F76FFC034810BD00BF002A0120A7
:108A0000C1890208042A01202DE9F84FD0E9008A23
:108A100093466FF06043AAEB0802B3EBA20F074640
:108A200089464FEAA20402D11E4827F07AFEC245C9
:108A300014BF22460122A418A1EB08052ED27CB354
:108A40009C4228BF1C46A00027F058FB0646DBF8D6
:108A500000307351002D04DD2A46414630461FF098
:108A6000C7FBAAEB090A0435BAF1000F354404DD4F
:108A7000524649462846E3F733FD5544B8F1000F06
:108A800005D0B9684046A1EB080127F0B9FAC7E95B
:108A9000006506EB8406BE60BDE8F88F1C46D2E791
:108AA0002646D4E7321B050873B5D0E900639A1B4C
:108AB000019192100024E5B2954206D38268934258
:108AC0000BD043F8041B436005E056F825508D4257
:108AD00004F10104EFD102B070BD01AA1946FFF7FD
:108AE00093FFF8E710B5054B03600446FFF772FFEC
:108AF0002146FFF7D9FF204610BD00BF8C5E050858
:108B000010B5054B03600446FFF764FF2146FFF7ED
:108B1000CBFF204610BD00BF8C5E050810B5044693
:108B2000FFF7EEFF2046042127F06AFA204610BD29
:108B30007047704770477047704773B5154601908E
:108B400005F082FC6C78AA78EB780198F72C0CD0B1
:108B5000F82C0CD0F02C10D10123037103685B6A50
:108B6000294602B0BDE8704018470023F5E70368C6
:108B70001B6A02B0BDE87040184704F00F0104F012
:108B8000F004C02C25D00CD8902C06681BD0B02C3B
:108B90001DD0802CE2D13469A44602B0BDE87040FB
:108BA0006047D02C1BD0E02CD8D1DB0103F47E53DE
:108BB00002F07F021A430368DB69A2F5005202B09B
:108BC000BDE870401847002BE5D0F468E4E774690D
:108BD000E2E703689B6902B0BDE87040184702B045
:108BE00070BD0000034A026000220271024A106058
:108BF000704700BFC05E0508D02A0120014B00224B
:108C00001A607047D02A0120034A034692E8030005
:108C100083E8030018467047AC010010A1F11C0165
:108C2000F2E7A1F11001EFE7024B187880F00100A4
:108C3000704700BF242E012001207047002070479C
:108C4000034A034692E8030083E80300184670478E
:108C5000B400001070477047036800211B69184773
:108C600080687047094B10B503F15C020360026134
:108C700003F19002E833C363054BC261044600224E
:108C80001A700FF0ABFD204610BD00BFC85F05088D
:108C9000242E0120A0F11C00E4E7A0F11000E1E780
:108CA000A0F13C00DEE700BF10B50446FFF7DAFF95
:108CB00020464FF4B87127F0A3F9204610BDA0F16B
:108CC0003C00F1E7A0F11C00EEE7A0F11000EBE79B
:108CD000036809B19B6918475B69FCE71AB1012A6F
:108CE00004D000207047024B0360FAE70160F8E708
:108CF000805F050810B54FF4B87027F0FFF9012127
:108D0000044610F061FB074B236003F15C02226113
:108D100003F19002E833E363034BE26101221A702E
:108D2000204610BDC85F0508242E0120044B10B555
:108D300004460360C06808B1F3F71EFC204610BD6E
:108D4000905F050810B50446FFF7F0FF204610219C
:108D500027F056F9204610BD70B5FAB002AC0025D8
:108D60000126BD4BADF8045001A88DF806602360C4
:108D7000F3F755FC0388A38004A8CDE904550695B4
:108D8000F4F7F1FBB54BB649636108A8B54B236115
:108D9000F4F7EEFBB44BADF8046001A88DF8066063
:108DA000A362F3F73CFC0388A3850EA8CDE90E551A
:108DB0001095F4F7D8FBAD4BAD49E36312A8AD4B6A
:108DC000A363F4F7D5FB0223ADF8043001A8AA4B46
:108DD0008DF806602365F3F722FC0388A4F854306D
:108DE00018A8CDE918551A95F4F7BDFBA34BA44973
:108DF00063661CA8A34B2366F4F7BAFB0423ADF803
:108E0000043001A8A04B8DF80660A367F3F707FCB8
:108E10000388A4F87C3022A8CDE922552495F4F7E4
:108E2000A2FB9A4B9A49C4F88C3026A8994BC4F8F7
:108E30008830F4F79DFB0523ADF8043001A8964B6C
:108E40008DF80660C4F8A030F3F7E9FB0388A4F8B6
:108E5000A4302CA8CDE92C552E95F4F784FB8F4B2C
:108E60008F49C4F8B43030A88E4BC4F8B030F4F752
:108E70007FFB0623ADF8043001A88B4B8DF806600C
:108E8000C4F8C830F3F7CBFB0388A4F8CC3036A87D
:108E9000CDE936553895F4F766FB844B8449C4F820
:108EA000DC303AA8834BC4F8D830F4F761FB0723D1
:108EB000ADF8043001A8804B8DF80660C4F8F0309E
:108EC000F3F7ADFB0388A4F8F43040A8CDE9405592
:108ED0004295F4F748FB794B7949C4F8043144A82A
:108EE000784BC4F80031F4F743FB0823ADF80430A5
:108EF00001A8754B8DF80660C4F81831F3F78FFBA5
:108F00000388A4F81C314AA8CDE94A554C95F4F7DA
:108F10002AFB6E4B6E49C4F82C314EA86D4BC4F839
:108F20002831F4F725FB0923ADF8043001A86A4B7A
:108F30008DF80660C4F84031F3F771FB0388A4F89C
:108F4000443154A8CDE954555695F4F70CFB634BC6
:108F50006349C4F8543158A8624BC4F85031F4F74F
:108F600007FB0A23ADF8043001A85F4B8DF80660BB
:108F7000C4F86831F3F753FB0388A4F86C315EA89A
:108F8000CDE95E556095F4F7EEFA584B5849C4F8B0
:108F90007C3162A8574BC4F87831F4F7E9FA0B2317
:108FA000ADF8043001A8544B8DF80660C4F8903138
:108FB000F3F735FB0388A4F8943168A8CDE9685528
:108FC0006A95F4F7D0FA4D4B4D49C4F8A4316CA81A
:108FD0004C4BC4F8A031F4F7CBFA0C23ADF80430B5
:108FE00001A8494B8DF80660C4F8B831F3F717FBB8
:108FF0000388A4F8BC3172A8CDE972557495F4F7D2
:10900000B2FA424B424E4349C4F8CC3176A8424BA7
:10901000C4F8C831F4F7ACFA4FF4F070C6E9005563
:10902000B56027F06BF87AA900F5F073024630605E
:109030002046B360F5F74EFE7AAD7060283D05F12D
:109040001800F3F7BEFA05F10800F3F7BAFAA542E3
:10905000F4D17AB070BD00BFB40000100DC6010895
:10906000C7BB0108C5C001080C02001079C3010884
:1090700091E6030889C0010804020010EDC101084F
:10908000B1E60308F9BF0108A401001065C3010897
:10909000957C030871C00108CC01001021C30108B0
:1090A0006DA8030859C00108C4010010A9C1010836
:1090B0007DA80308E1BF01082C020010D9C20108F5
:1090C000C145040841C001082402001061C1010823
:1090D000D1450408C9BF0108B4010010A1C20108AC
:1090E0004DBC010829C00108AC010010F58C020834
:1090F000298C0208DD8C0208E40100105DC2010821
:1091000065BF030811C00108DC0100101DC1010882
:10911000142A012075BF0308B1BF0108FFF71CBE68
:1091200070B50C4DD5E90046A64207D1286878B144
:10913000A968BDE87040091A26F062BF04F1180062
:10914000F3F73FFA04F10800F3F73BFA2834EBE7B2
:1091500070BD00BF142A012070470000034B18683F
:1091600018B19968091A26F04BBF7047282A0120C8
:1091700010B5094C2368BFF35B8FDB0709D4204689
:10918000E6F742F828B105481FF0AAF92046E6F7AD
:10919000A1F8034810BD00BF242A01205D910208F8
:1091A000282A0120044A127812B10368DB681847A4
:1091B00001220271704700BF202A0120F8B50B4B35
:1091C00001221A70FFF7D4FFD0E900560027AE4203
:1091D00000D1F8BD55F8044B2379002BF7D0236854
:1091E0002046DB6898472771F1E700BF202A01205D
:1091F000F8B5D0E90052561B04464FEAA60C0027EA
:10920000FBB2634512D255F823608E4205EB830012
:1092100007F10107F4D1011D8A4204D0521A042A31
:1092200005DD1EF0E5FF6368043B6360F8BD04BF25
:10923000426845F82320F6E710B5054B0360044665
:10924000FFF796FF2146FFF7D3FF204610BD00BF72
:10925000E860050810B50446FFF7EEFF2046082138
:1092600026F0CEFE204610BD2DE9F84FD0E9008A49
:1092700093466FF06043AAEB0802B3EBA20F0746D8
:1092800089464FEAA20402D11E4827F04AFAC24595
:1092900014BF22460122A418A1EB08052ED27CB3EC
:1092A0009C4228BF1C46A00026F028FF0646DBF89B
:1092B00000307351002D04DD2A46414630461EF031
:1092C00097FFAAEB090A0435BAF1000F354404DD13
:1092D000524649462846E3F703F95544B8F1000FD2
:1092E00005D0B9684046A1EB080126F089FEC7E920
:1092F000006506EB8406BE60BDE8F88F1C46D2E729
:109300002646D4E7321B050873B5124B03600025CF
:1093100005710446FFF72CFFD0E900618A1B019418
:1093200092102B46DDB2954206D3836899420CD049
:1093300041F8044B416005E056F82550AC4203F17A
:109340000103EFD1204602B070BD01AAFFF78CFFE8
:10935000F8E700BFE860050810B50446806878B1FA
:1093600063680A681B689A420AD1036821461B6A2F
:109370009847A06803682146DB6898470023A360EC
:1093800010BD10B50446806878B163680A681B6830
:109390009A420AD1036821461B6A9847A06803686D
:1093A00021461B6998470023A36010BD10B50446F1
:1093B000806878B163680A681B689A420AD10368BA
:1093C00021461B6A9847A068036821465B69984755
:1093D0000023A36010BD10B50446806878B16368AF
:1093E0000A681B689A420AD1036821461B6A98479B
:1093F000A068036821469B6998470023A36010BDBD
:10940000B0F1805F08B506D3B0F1005F01D327F05B
:1094100082F927F07DF9BDE80840C00026F06EBE55
:109420000A6803689A4205D182888B889B1A584241
:1094300058417047002070478142F8B504460E46F7
:109440001BD0D1E900750068A368ED1B1B1AAB4265
:109450001BD2E81001D0FFF7D3FF064600239D4240
:109460000CD1206818B1A168091A26F0C9FD266040
:109470002E44A66023682B446360F8BDF91803C925
:10948000F21882E803000833E9E76268121A95428D
:109490000CD8082D04DD2A4639461EF0A9FEE9E75E
:1094A000E8D13B680360BB888380E3E7082A14DDCA
:1094B00039461EF09DFED4E9003732687668FB1A03
:1094C0001A44B61A00239E42D4D0D11803C907EB20
:1094D000030C8CE803000833F5E701BF3B68036029
:1094E000BB888380E7E70000F8B5044616460D46C2
:1094F0001F4601F00DFF134BC4E900350025C4E9F8
:109500000255C4E90455C4E906552562012104F158
:10951000240004F0EFF99DF8183084F82C3031461F
:1095200004F10C0084F82D5084F82E50A560FFF74C
:1095300083FF04F118003146FFF77EFF27632046C2
:10954000F8BD00BF2C610508183070470C3070471B
:10955000D0E90332D21AB1EBE20F34BF03EBC10002
:109560000020704770B50C4699B14668351D2C2215
:1095700028461EF00FFE60B10FCC0FC50FCC0FC5F3
:1095800094E8070085E807003046BDE87040E9F739
:1095900049B970BD406870472DE9F041069D984675
:1095A0002B680446DB690E46014628461746984755
:1095B00094F82E305BB994F82C3043B12B682846D0
:1095C0005B6A984700F10C012046FFF7CBFF60680B
:1095D000A56043463A463146BDE8F041E9F7A0BBF5
:1095E000F8B51D461B680446DB690E460146284651
:1095F0001746984794F82E305BB994F82C3043B155
:109600002B6828465B6A984700F10C012046FFF75B
:10961000A9FF6068A5603A463146BDE8F840E9F721
:109620000BBCF8B51D461B680446DB690E460146B7
:1096300028461746984794F82E30A5605BB994F8F1
:109640002C3043B12B6828465B6A984700F10C0127
:109650002046FFF787FF60683A463146BDE8F8408C
:10966000E9F712BB2DE9F0411C461B68BDF81880D4
:10967000DB6905460E46014620461746984795F891
:109680002E305BB995F82C3043B1236820465B6AD5
:10969000984700F10C012846FFF764FF4346314626
:1096A00068683A46E9F720F92368294620461B6A8C
:1096B000BDE8F04118472DE9F7430A9DBDF82C900D
:1096C00098462B680446DB690E4601462846174635
:1096D000984794F82E305BB994F82C3043B12B683E
:1096E00028465B6A984700F10C012046FFF73AFFD5
:1096F000CDF800904346314660683A46E9F7C2F932
:109700002B681B6A2146284603B0BDE8F043184782
:1097100013B50446EFF3108324305BB9EFF30583F0
:1097200043B94FF0FF3104F0BFF8012384F82D3026
:1097300002B010BD002301A9019304F0BDF8019B04
:10974000002BF2D04FF0E0234FF08052C3F8042DED
:10975000BFF34F8FBFF36F8FE7E707B50346EFF314
:10976000108224304AB9EFF3058232B983F82D20F4
:1097700003B05DF804EB04F0A9B8002283F82D20B3
:1097800001A9019204F0ADF8019B4BB14FF0E02329
:109790004FF08052C3F8042DBFF34F8FBFF36F8F8C
:1097A00003B05DF804FB90F82D00704780F82E1090
:1097B000704790F82E302BB9D0E90330181A18BF33
:1097C0000120704700207047006B7047027C818940
:1097D000806882F00102E7F721BA10B50446084616
:1097E000FFF796FF2046BDE81040FFF7EFBF027C71
:1097F00081898068E7F712BA10B50C46FFF7F7FFCA
:109800002046BDE81040FFF7A8BF10B50446006829
:1098100018B1A168091A26F0F3FB204610BD00001C
:1098200010B5094B044640F8243BF5F713FD04F14D
:109830001800FFF7EAFF04F10C00FFF7E6FF2046EF
:1098400001F0FEFC204610BD2C61050810B5044651
:10985000FFF7E6FF2046342126F0D2FB204610BD5C
:109860002DE9F041A1EB000805460F4616464FEAE8
:109870006818B8F1000F2C4608DC7B1B102B29D090
:10988000182B21D0082B2BD03C462FE02946304600
:10989000FFF7C6FD50BB05F1080421463046FFF72F
:1098A000BFFD18BB05F1100421463046FFF7B8FD97
:1098B000E0B905F1180421463046FFF7B1FD203527
:1098C000A0B908F1FF38D4E729463046FFF7A8FDD4
:1098D00060B9083421463046FFF7A2FD30B908349C
:1098E00021463046FFF79CFD0028CDD02046BDE83C
:1098F000F08113B5C46980696B4683E806001A4697
:109900002146FFF7ADFF201A18BF012002B010BD9D
:1099100037B5C4696B4683E8060005461A46806978
:109920002146FFF79DFFA04214D000F108018C42B0
:1099300004D0621A082A07DD1EF05AFCEB69083BC6
:10994000EB61012003B030BD01BF826802608A88EC
:109950008280F3E70020F5E7F0B50F46144985B0A3
:10996000C0E900176C4602A984E80C0081E80C00ED
:10997000064600F1080C8CE80C000123337403C97F
:10998000A3887C68B0600434ACF804300FCC06F1D6
:1099900014050FC50FCC0FC594E8070085E8070034
:1099A0009CE806003846FFF7B3FF304605B0F0BD2F
:1099B000586105082DE9F84FD0E9008693466FF00D
:1099C0007043A6EB0802B3EBE20F074689464FEA65
:1099D000E20402D1264826F0A4FE464514BF2246E2
:1099E0000122A418A1EB080A31D294B39C4228BFEB
:1099F0001C462046FFF704FD05469BE8030005EBE7
:109A00000A0383E80300AC46434699450CF1080C71
:109A100003F108021FD1A2EB08022A449E46944695
:109A2000B3420CF1080C1CD1A3EB0E03D618B8F10D
:109A3000000F05D0B9684046A1EB080126F0E0FA16
:109A4000C7E9005605EBC405BD60BDE8F88F1C46AC
:109A5000CFE72546D1E793E8030013460CE903005E
:109A6000D3E793E8030008330CE90300D8E700BF0D
:109A7000321B050873B506696D4685E80600044685
:109A80002A46C0683146FFF7EBFE864202D100202D
:109A900002B070BDE669A0692A463146FFF7E0FED4
:109AA000B0420346F3D1226A904207D095E8030002
:109AB00083E803000833E3610120E9E701462A4611
:109AC00004F11800FFF776FFF6E70000034610B533
:109AD000054A43F8082B044693E806004068FFF760
:109AE000C9FF204610BD00BF5861050810B50446E7
:109AF000FFF7ECFF2046402126F082FA204610BDF9
:109B0000F8B50A6883689A4205460C4603D18A88EC
:109B100083899A421CD06F6894E806003846FFF7A4
:109B2000E8FE08B90020F8BD05F1080696E8060031
:109B30003846FFF79FFF0028F4D02368AB60A38866
:109B4000B38094E806006868BDE8F840FFF7E0BE1F
:109B50000120E8E72DE9F84FD0E9008693466FF041
:109B60007043A6EB0802B3EBE20F074689464FEAC3
:109B7000E20402D1264826F0D4FD464514BF224611
:109B80000122A418A1EB080A31D294B39C4228BF49
:109B90001C462046FFF734FC05469BE8030005EB16
:109BA0000A0383E80300AC46434699450CF1080CD0
:109BB00003F108021FD1A2EB08022A449E469446F4
:109BC000B3420CF1080C1CD1A3EB0E03D618B8F16C
:109BD000000F05D0B9684046A1EB080126F010FA45
:109BE000C7E9005605EBC405BD60BDE8F88F1C460B
:109BF000CFE72546D1E793E8030013460CE90300BD
:109C0000D3E793E8030008330CE90300D8E700BF6B
:109C1000321B05080A46D0E901318B4210B50446D3
:109C200006D092E8030083E803000833636010BDA8
:109C30001946FFF78FFFFAE7F0B52DED048B87B0DB
:109C400000250646086B0595B0EE408AF0EE608A66
:109C5000B0EE419A0C46CDE90355E2F71DFE5A4B92
:109C60000022E2F793FE0195E3F788F901A902903B
:109C700003A8FFF7CFFF206BE2F70EFE0022534B45
:109C8000E2F784FE08230193E3F778F901A9029033
:109C900003A8FFF7BFFF206BE2F7FEFD00224FF0A5
:109CA0007F53E2F773FE10230193E3F767F901A9ED
:109CB000029003A8FFF7AEFF206BE2F7EDFD002254
:109CC000434BE2F763FE18230193E3F757F901A929
:109CD000029003A8FFF79EFF206BE2F7DDFD002254
:109CE0003C4BE2F753FE20230193E3F747F901A928
:109CF000029003A8FFF78EFF206BE2F7CDFD002254
:109D0000354BE2F743FE28230193E3F737F901A926
:109D1000029003A8FFF77EFF206BE2F7BDFD002253
:109D20004FF07E53E2F732FE30230193E3F726F93A
:109D300001A9029003A8FFF76DFF206BE2F7ACFDCD
:109D40000022264BE2F722FE38230193E3F716F9AF
:109D500001A9029003A8FFF75DFF039BDFED206AD6
:109D600093E8030086E8030004991A468A420DD15D
:109D700015B13760C6ED019A05991846C91A26F043
:109D80003FF9304607B0BDEC048BF0BD92ED017A8F
:109D900078EE477AF0EEE77AF4EEE76AF1EE10FA41
:109DA0000FDDB4EEE87AF1EE10FA0ADDB4EEC97A0E
:109DB000F1EE10FA41BF1768F0EE479AF0EE676ACD
:109DC00001250832D2E700BF0000E03F0000D03F8D
:109DD0000000B03F0000A03F0000903F0000703F37
:109DE0000000807F2DE9F043D0E90167B74285B0DC
:109DF0000D464FF0000426D04FF000084FF0000948
:109E000056F8040B036802A91B69CDE9028998473B
:109E1000029A039BA4F1200CC4F12001A34002FA92
:109E20000CFC22FA01F143EA0C030B43696801912F
:109E30002968A2400A43019920441943B742C5E961
:109E40000021C4B2DCD1204605B0BDE8F083B0F1FA
:109E5000005F08B506D3B0F1804F01D326F05BFC5C
:109E600026F056FCBDE80840800026F047B9000007
:109E7000F8B50025184B03600F4604461646C0E9A6
:109E80000155C0E90355C0E9055501211C3003F017
:109E900031FD3B6863633368A363C4E90955C4E9D2
:109EA0000B55202026F02AF9D4E90A62921B002AD9
:109EB000054608DD31461EF09BF9216B3046891BB3
:109EC00026F09EF801E0002EF7D1C4E90A552035AE
:109ED00025632046F8BD00BFA861050810B50446FB
:109EE000006810B103685B689847204610BDF8B55C
:109EF000D0E90167BE42044607D0354628460435FE
:109F0000FFF7ECFFAF42F9D1A660F8BD10B50446EB
:109F1000006810B103685B689847204610BD0000D8
:109F2000F8B5D0E90467214B0360BE42044607D070
:109F3000354628460435FFF7E9FFAF42F9D166619F
:109F4000D4E90167BE4207D0354628460435FFF7FD
:109F5000C5FFAF42F9D1A660A06A18B1216B091AFA
:109F600026F04EF804F11C00F5F774F9D4E9045614
:109F7000AE4211D1206918B1A169091A26F040F842
:109F8000D4E90156AE420CD1606818B1E168091AF3
:109F900026F036F82046F8BD2846FFF7B7FF04350F
:109FA000E6E72846FFF79AFF0435EBE7A8610508C6
:109FB00010B50446FFF7B4FF20463C2126F020F8F8
:109FC000204610BDF8B5D0E90467BE42044607D06C
:109FD000354628460435FFF799FFAF42F9D166614F
:109FE000F8BDF8B5D0E900470E460025A74201D1DB
:109FF0002846F8BDA388B3420ED104F11800F3F748
:10A00000CBFA48B123690BB926F092FB636904F1DE
:10A0100008009847054686802834E7E7F8B5D0E978
:10A0200000470E460025A74201D12846F8BDA38867
:10A03000B3420ED104F11800F3F7AEFA48B1236928
:10A040000BB926F075FB636904F1080098470546D3
:10A0500086802834E7E700002DE9F84FD0E9008634
:10A0600092466FF06043A6EB0802B3EBA20F0746DF
:10A0700089464FEAA20402D1234826F052FB464506
:10A0800014BF22460122A418A1EB080B2DD274B3F1
:10A090009C4228BF1C462046FFF7D9FE0546DAF849
:10A0A000003045F80B300023CAF8003029464346FB
:10A0B000994503F104021CD1A2EB08022A44184678
:10A0C0001146B3421AD11B1AD618B8F1000F05D0A9
:10A0D000B9684046A1EB080125F092FFC7E9005698
:10A0E00005EB8405BD60BDE8F88F1C46D3E7254627
:10A0F000D5E71B6841F8043B1346D9E753F804CB76
:10A1000041F804CBDDE700BF321B050810B50A4655
:10A11000D0E90114A142034606D0106841F8040BAF
:10A1200000201060596010BDFFF796FFFBE7F7B500
:10A13000D0E9016704460D46B7420DD1606B294650
:10A14000FFF76CFF90B100906946201DFFF7DEFF1E
:10A150006846FFF7C3FE09E056F8041B0B68684623
:10A160009B689847BDF80430AB42E5D103B0F0BD21
:10A170002DE9F341044600F11C070E4638464FF026
:10A18000FF3103F091FB2368A6841B6920469847A2
:10A19000002504F1040846FA05F3DB070CD5606BD3
:10A1A000A9B2FFF73BFF38B1019001A94046FFF784
:10A1B000ADFF01A8FFF792FE0135102DEBD1384617
:10A1C00002B0BDE8F04103F081BB00002DE9F84F7B
:10A1D000D0E9008692466FF06043A6EB0802B3EB2D
:10A1E000A20F074689464FEAA20402D1234826F06F
:10A1F00098FA464514BF22460122A418A1EB080B89
:10A200002DD274B39C4228BF1C462046FFF71FFE88
:10A210000546DAF8003045F80B300023CAF8003064
:10A2200029464346994503F104021CD1A2EB0802DA
:10A230002A4418461146B3421AD11B1AD618B8F14F
:10A24000000F05D0B9684046A1EB080125F0D8FE03
:10A25000C7E9005605EB8405BD60BDE8F88F1C46D4
:10A26000D3E72546D5E71B6841F8043B1346D9E7F9
:10A2700053F804CB41F804CBDDE700BF321B0508DF
:10A2800010B50A46D0E90114A142034606D0106871
:10A2900041F8040B00201060596010BDFFF796FFD5
:10A2A000FBE7F7B5D0E9046704460D46B7420ED187
:10A2B000A06B2946FFF795FE98B10090694604F11E
:10A2C0001000FFF7DDFF6846FFF720FE09E056F8B3
:10A2D000041B0B6868469B689847BDF80430AB4286
:10A2E000E4D103B0F0BD2DE9F341044600F11C07B1
:10A2F0000E4638464FF0FF3103F0D6FA2368E68465
:10A30000DB6920469847002504F1100846FA05F35A
:10A31000DB070CD5A06BA9B2FFF763FE38B1019043
:10A3200001A94046FFF7ACFF01A8FFF7EFFD01359B
:10A33000102DEBD1384602B0BDE8F04103F0C6BAAB
:10A3400010B50C1A042C134607DD014622461846A8
:10A350001DF04EFF0346181910BD04BF02681A60B5
:10A36000F9E710B50C1A042C134607DD0146224606
:10A3700018461DF03DFF0346181910BD04BF0268C2
:10A380001A60F9E72DE9F04F00F11C0385B004468F
:10A390004FF0FF311846019303F086FA04F12803C9
:10A3A0000393D4E90A32934218BFE362D4F810A0B1
:10A3B00063690293029B534506D1019803F086FA24
:10A3C000039805B0BDE8F08F5AF8040B03681B69C9
:10A3D0009847D0E9009BCB45E76AD4F82880E9D0BC
:10A3E000226BABEB0906D21BB24211D33A46594657
:10A3F0004846FFF7A5FFE26A3244E2623946384632
:10A40000FFF7AFFF3A4649464846FFF799FFD1E7C5
:10A41000A7EB08016FF06043A3EBA100B0EBA60F20
:10A420004FEAA6024FEAA10502D21B4826F079F9AD
:10A430008E4298BF2A46AD1828D255B36FF06042BD
:10A44000954228BF15462846FFF701FD06463946C6
:10A4500032464046FFF785FF594602464846FFF719
:10A460006FFF394602463846FFF77BFF0746B8F1D3
:10A47000000F05D0216B4046A1EB080125F0C0FD7F
:10A48000C4E90A6706EB8506266393E76FF060452B
:10A49000D9E72E46DBE700BF60230508034A0346E1
:10A4A00092E8030083E8030018467047BC000010E0
:10A4B000406CF9F755BBA0F12000FFF7F9BF70B56C
:10A4C00004460025A9B2606C0135FAF7BAFB282DC5
:10A4D000F8D1236820469B6D0021984723682046C9
:10A4E000DB6DBDE87040FF211847A0F12000FFF7A9
:10A4F000E6BF406CF9F737BBA0F12000FFF7F9BFCA
:10A50000406CF9F757BFA0F12000FFF7F9BF406C8E
:10A51000F9F73DBBA0F12000FFF7F9BF38B50F4BAD
:10A52000036005466C330362FFF7C9FFAC6C7CB176
:10A530006368013B63605BB9236820469B6898476A
:10A54000A368013BA3601BB923682046DB689847DA
:10A550002846F7F719FB284638BD00BF04620508F6
:10A5600010B50446FFF7DAFF2046502125F048FDDC
:10A57000204610BD18B13023594325F041BD704726
:10A5800008B5034678B1084A904206D9074A904276
:10A5900001D926F0C0F826F0BBF830205843BDE8BA
:10A5A000084025F0ABBD08BDAAAAAA02555555051D
:10A5B0002DE9F04104460F4602F108054FF000086E
:10A5C000BC42A5F1080001D1BDE8F081264645F85E
:10A5D000085C56F8083BB3421ED16268314601322E
:10A5E0002846E1F77DFF636845F8043CD4E906237B
:10A5F000C4E9006884F80880C5E90423D4E9082385
:10A60000C5E9062394F8283085F820302046F1F774
:10A61000F1FE30343035D3E745F8083CA3682B60B1
:10A62000E1E7000073B513460D4640F603224149A9
:10A630000446F7F75BFD00230522C4E90A23C4E9B9
:10A640000D23C4E90F333C4B6A6823606C3300214F
:10A6500023622B68616221636364A26412B1516852
:10A66000013151606033E36420460325F7F7D6FDDE
:10A6700000952046314B32490022F7F767FD102341
:10A6800000932A4620462F4B2F49F7F75FFD1123F1
:10A69000009320460A262D4B2D4901223025F7F73D
:10A6A00055FD20462B4B2C4900960222F7F74EFD14
:10A6B00020462A4B2A4900950422F7F747FD2046F9
:10A6C000284B294900950522F7F740FD2046274BE6
:10A6D000274900950622F7F739FD2046254B2649E4
:10A6E00000950722F7F732FD2046244B24490095B8
:10A6F0000822F7F72BFD2046224B2349009509221B
:10A70000F7F724FD32462046204B21490095F7F704
:10A710001DFD20461F4B204900950B22F7F716FD23
:10A7200020461E4B1E4900950C22F7F70FFD2046D0
:10A7300002B070BDB927050804620508BD270508E9
:10A74000C8270508D127050894360508DD27050820
:10A7500060240508FD270508372805083B2805085B
:10A760006128050865280508FE4505087F280508B5
:10A77000942805089B280508B2280508BB28050869
:10A7800063380508D6280508F3280508FC280508BD
:10A790001B2905081F2905083F2905084529050823
:10A7A000672905082DE9F0410446406C8846FAF710
:10A7B00066F9061E30DBE76C542575437B194FF6AE
:10A7C000FF721A6383F8018023682046DB6A98478A
:10A7D0001523022806FB03F328BF022053FA80F05A
:10A7E000E16C07EB80074FF07E53FB600C4F4B1979
:10A7F0000022143583F8532048193B684B517B687D
:10A8000039684360C160BB687968016183604361F6
:10A810004146606CF9F77FFE3046BDE8F08100BF2D
:10A820009C620508282910B5044615D8C36C54202D
:10A8300001FB00314B78CA80012B03D104F12000C9
:10A84000F9F76CF923682046DB6A984723682046AD
:10A85000DB6ABDE81040184710BD272938B505460A
:10A860000C460FD852B1E4F76BFDEB6C542202FB9F
:10A870000433B3F848200244DA6401225421EB6C1B
:10A880004C431A5538BD00002DE9F047D0E901438B
:10A890009C420546894616D0B1F9003004F1080201
:10A8A000D917226000222272C4E9063162600023B7
:10A8B0000022C4E90823022384F828304368303397
:10A8C0004360BDE8F0871D4A0121F0F781FC2F6845
:10A8D0008046FFF755FEA4EB070A00EB0A03064685
:10A8E000B9F9002003F1080146F80A10D017002139
:10A8F000C3E9062059601972002000210222C3E931
:10A90000080183F82820214632463846FFF750FEDA
:10A91000214600F130022046FFF74AFEA968084BA5
:10A92000C91B0911044659433846FFF723FE30235B
:10A93000C5E9006403FB0866AE60C2E7321B050888
:10A94000ABAAAAAA10B504460846236A022B1146F0
:10A9500001D0202B03D123690B80012010BD012BD6
:10A9600001D0102B02D1FFF78FFFF6E70220F5E7A9
:10A97000036A022B2DE9F0470C46914601D0202BAB
:10A9800005D10369C9F800300120BDE8F087012B2B
:10A9900001D0102B53D1D4E901539D4214D0D9F8E2
:10A9A0000020002305F10801C5E906232B72C5E943
:10A9B000001300220023C5E90823022385F828306C
:10A9C000636830336360DFE71E4A01212046F0F7F9
:10A9D000FFFB27688046FFF7D3FDA5EB070A00EBD6
:10A9E0000A030646D9F8001003F10800002246F8D1
:10A9F0000A00C3E906125A601A72002000210222DE
:10AA0000C3E9080183F82820294632463846FFF773
:10AA1000CFFD294600F130022846FFF7C9FDA168A5
:10AA2000094BC91B0911054659433846FFF7A2FDDA
:10AA30003023C4E9006503FB0866A660A4E7022092
:10AA4000A3E700BF321B0508ABAAAAAA036A022B20
:10AA50002DE9F0470C46914601D0202B05D1036922
:10AA6000A9F800300120BDE8F087012B01D0102BA0
:10AA700053D1D4E901539D4214D0B9F800200023EA
:10AA800005F10801C5E906232B72C5E90013002270
:10AA90000023C5E90823022385F828306368303392
:10AAA0006360DFE71E4A01212046F0F791FB27682B
:10AAB0008046FFF765FDA5EB070A00EB0A03064693
:10AAC000B9F8001003F10800002246F80A00C3E9B3
:10AAD00006125A601A72002000210222C3E90801FE
:10AAE00083F82820294632463846FFF761FD29467B
:10AAF00000F130022846FFF75BFDA168094BC91B36
:10AB00000911054659433846FFF734FD3023C4E99F
:10AB1000006503FB0866A660A4E70220A3E700BF68
:10AB2000321B0508ABAAAAAA70B586B002AB0446D0
:10AB300008460E460093E1F7A3FA0F28054604D90C
:10AB4000013025F0DBFA029500902A463146009844
:10AB5000F3F792F9009B019500225A55DDE9006553
:10AB600004F108030F2D23600CD9954202DA114835
:10AB700025F0D7FD681C01D525F0CAFD25F0BEFAE9
:10AB8000A560206020682A463146F3F775F92368EE
:10AB9000656000225A5500220023C4E90623C4E957
:10ABA0000823032384F828306846F1F723FC06B015
:10ABB00070BD00BF4C1B05082DE9F04F2DED028B39
:10ABC0000D4683B0064620301446F8F765FF2B6823
:10ABD0000C2B00F2E382DFE813F00D007400840018
:10ABE0008202FB00180181019201A301D1015702E9
:10ABF000B702E7012B6A022B01D0202B10D1D5E937
:10AC000004321343336818BF01219B6D08BF002134
:10AC100030469847012003B0BDEC028BBDE8F08FB1
:10AC2000012B02D0102B40F0BB82336830461B6DE5
:10AC30009847D4E901539D42814608D005F10803A5
:10AC40002B6000236B602B72A861EB61D7E1C74AD0
:10AC500001212046F0F7BCFA27688046FFF790FCF8
:10AC6000A5EB070A00EB0A0303F1080240F80A20EB
:10AC7000002206465A601A72C3F81890002000217C
:10AC8000C3E90801DA61022283F828203246294606
:10AC90003846FFF78DFC294600F130022846FFF7C1
:10ACA00087FCA168B24BC91B0911054659433846B8
:10ACB000FFF760FC3023C4E9006503FB0866A6606B
:10ACC000A8E72B6A012B04D1336830465B6D9847A7
:10ACD000A0E7102B40F064822989706CF9F7B1FF6E
:10ACE00098E7D5F82090B9F1020F39D1297C304688
:10ACF000FFF758FDD4E901539D4282464FEAE07BBD
:10AD000011D005F108032B6000236B602B72002229
:10AD10000023C5E9060BC5E9082385F82890636878
:10AD20003033636076E70121904A2046F0F750FA0D
:10AD30002768EA1B01928046FFF722FC019A8318DC
:10AD400003F1080181500646002200200021C3E9DA
:10AD500006ABC3E908015A601A7283F8289095E798
:10AD6000B9F1080F40F01C82D4E901639E4204D07F
:10AD700080493046FFF7D8FED1E77C4A01212046C2
:10AD8000F0F726FA27688046FFF7FAFBA6EB0709DB
:10AD9000054678494844FFF7C7FE2A4631463846FB
:10ADA000FFF706FC314600F130023046FFF700FCA9
:10ADB000A1686F4BC91B0911064659433846FFF776
:10ADC000D9FB3023C4E9005603FB0855A56021E7F1
:10ADD0002B6A202B06D1B5F91020297A3046FFF7CF
:10ADE00021FD17E7102B40F0DB81D5E9021328295C
:10ADF00073F1000380F2D48154235943F36C06317C
:10AE000019442046FFF740FD04E7D5E90273282FD7
:10AE100073F1000380F2C4812B6A202B0AD1D5E99B
:10AE20000432134314BF01220022F9B23046FFF767
:10AE300014FDEFE6102B40F0B381D4E901539D429D
:10AE4000D6F84CA00BD054237B431AF8032005F10D
:10AE500008032B6000236B602B72AA61F5E6434A5E
:10AE600001212046F0F7B4F9D4F800808146FFF7BD
:10AE700087FB5422A5EB080B02FB07F100EB0B0349
:10AE80001AF8011003F1080240F80B200022C3E970
:10AE90000612064600210020C3E908015A601A7212
:10AEA000022283F82820324629464046FFF780FBDD
:10AEB000294600F130022846FFF77AFBA1682C4BA7
:10AEC000A1EB08010911054659434046FFF752FB23
:10AED0003023C4E9006503FB0966F0E6D5E90223E7
:10AEE000282A73F1000380F25B8154235A43F36CE8
:10AEF0002E321A4421462846FFF7A8FD8BE6D5E9F5
:10AF00000223282A73F1000380F24A8154235A4312
:10AF1000F36C30321A4421462846FFF729FD7AE6C1
:10AF2000D5E90273282F73F1000380F23981336869
:10AF3000D6F84C90DB6A304698474FF0540808FB2F
:10AF400007F70C23143713FB007009EB00022146AE
:10AF50002846FFF7F7FCAA68F36C08FB02F20232FE
:10AF60001A4421462846FFF7EDFC54E6321B05083B
:10AF7000ABAAAAAA7029050800FF7F47D5E902738A
:10AF8000282F73F1000380F20B813368D6F84C80D0
:10AF9000DB6A3046984754235F431E370C2313FB6C
:10AFA000007008EB0002A5E7D5E90273282F73F1C2
:10AFB000000380F2F5802B6A102B4BD13368F56CBF
:10AFC000DB6A30469847152303FB070005EB800535
:10AFD000D5ED037A1FED187AD4E9015367EE877A2D
:10AFE0009D4217EE90AA12D005F108032B600023B2
:10AFF0006B602B72504625F07FFCC5E906010023EB
:10B000000022C5E90823022385F8283087E6654A2F
:10B0100001212046F0F7DCF8D4F800808146FFF7E4
:10B02000AFFAA5EB080B00EB0B0707F1080340F89C
:10B030000B3000237B603B720646504625F05CFCDB
:10B0400000230022C7E908230223C7E9060187F885
:10B05000283028E7202B7FF4DDADD5E90401E2F7A5
:10B06000ADF8DFED517A3368F46CDB6A07EE100A55
:10B0700087EE278A30469847152303FB070004EB29
:10B08000800484ED038AC5E5D5E90273282F73F1A6
:10B09000000380F285803368D6F84CA0DB6A304626
:10B0A00098474FF0540909FB07F71C374FF00C087D
:10B0B00018FB00700AEB000221462846FFF7C6FC89
:10B0C0003368AF68DB6AD6F84CA03046984709FB76
:10B0D00007F71A3718FB00780AEB08020AE7D5E9E8
:10B0E0000293B9F1280F73F1000359DA2B6A102B80
:10B0F00056D1D4E901539D42D6F84CA008D0542330
:10B1000003FB09A305F108015A7829600023A2E690
:10B11000244A01212046F0F75BF827688046FFF7B4
:10B120002FFA5422A5EB070B02FB09AA00EB0B0335
:10B1300006469AF80110002203F1080046F80B00B9
:10B140005A601A72996199E5D5E90273282F73F153
:10B15000000325DA3368D6F84CA0DB6A30469847FE
:10B160004FF0540909FB07F718374FF00C0818FB8C
:10B1700000700AEB000221462846FFF7E3FB336824
:10B18000AF68DB6AD6F84CA03046984709FB07F752
:10B19000163718FB00780AEB0802E2E600203AE5D1
:10B1A000022038E5321B050800FF7F47704700008A
:10B1B000034B186818B19968091A24F021BF704729
:10B1C000382A012010B5094C2368BFF35B8FDB07D9
:10B1D00009D42046E4F718F828B105481DF080F995
:10B1E0002046E4F777F8034810BD00BF342A012059
:10B1F000B1B10208382A0120F8B5D0E90052561B37
:10B2000004464FEAA60C0027FBB2634512D255F85C
:10B2100023608E4205EB830007F10107F4D1011D85
:10B220008A4204D0521A042A05DD1CF0E1FF63684B
:10B23000043B6360F8BD04BF426845F82320F6E78D
:10B2400010B5054B03600446FFF7BCFF2146FFF72E
:10B25000D3FF204610BD00BFC862050810B50446E4
:10B26000FFF7EEFF2046042124F0CAFE204610BD61
:10B270002DE9F84FD0E9008A93466FF06043AAEBBE
:10B280000802B3EBA20F074689464FEAA20402D197
:10B290001E4825F046FAC24514BF22460122A418D2
:10B2A000A1EB08052ED27CB39C4228BF1C46A0000F
:10B2B00024F024FF0646DBF800307351002D04DD36
:10B2C0002A46414630461CF093FFAAEB090A043592
:10B2D000BAF1000F354404DD524649462846E1F7ED
:10B2E000FFF85544B8F1000F05D0B9684046A1EB0E
:10B2F000080124F085FEC7E9006506EB8406BE6000
:10B30000BDE8F88F1C46D2E72646D4E7321B050875
:10B31000114B73B503600446FFF754FFD0E9006199
:10B320008B1B01949B100022D5B29D4206D38368EB
:10B3300099420CD041F8044B416005E056F8255085
:10B34000AC4202F10102EFD1204602B070BD01AA69
:10B35000FFF78EFFF8E700BFC862050802207047BC
:10B36000BFF34F8F0549064BCA6802F4E0621343EE
:10B37000CB60BFF34F8F00BFFDE700BF00ED00E0E3
:10B380000400FA05034A034692E8030083E8030039
:10B3900018467047C400001010B5054B0360054BFC
:10B3A000044600221A60F6F7EFFB204610BD00BFEE
:10B3B00014630508442A012010B50446FFF7ECFF8A
:10B3C0002046202124F01CFE204610BD18B1302359
:10B3D000594324F015BE704708B5034678B1084AB2
:10B3E000904206D9074A904201D925F094F925F0F8
:10B3F0008FF930205843BDE8084024F07FBE08BDD7
:10B40000AAAAAA025555550508B50368002B02DA09
:10B410000C4825F086F98B420AD9B3EB410F4FEA6D
:10B42000410205D2002AB6BF6FF0004302600360FC
:10B430000068013001D525F06BF9BDE8084024F023
:10B440005DBE00BF4C1B050873B54FF48073044606
:10B45000012500936249634B0022F6F777FE2A46E6
:10B460002046614B61490095F6F770FE2046604B1F
:10B47000604900950222F6F769FE20465E4B5F495F
:10B4800000950322F6F762FE20465D4B5D4900956C
:10B490000622F6F75BFE20465B4B5C4900950822CE
:10B4A000F6F754FE20465A4B5A4900950E22F6F7FD
:10B4B0004DFE03262046584B584900950F22F6F7BB
:10B4C00045FE00962046564B56490722F6F73EFEAB
:10B4D0002046554B554900950422F6F737FE204685
:10B4E000534B544900950522F6F730FE3023009364
:10B4F0002046514B51490D22F6F728FE2046504B6D
:10B50000504900950C22F6F721FE20464E4B4F493C
:10B5100000950A22F6F71AFE20464D4B4D4900953C
:10B520000B22F6F713FE20464B4B4C490095112297
:10B53000F6F70CFE20464A4B4A4900951222F6F7D0
:10B5400005FE022300932046474B48490922F6F79F
:10B55000FDFD00962046464B46491322F6F7F6FDC0
:10B560002046454B454900951422F6F7EFFD40F281
:10B57000011300932046424B424A4349F6F7E6FD49
:10B580001023009320461926404B414A4149F6F7C3
:10B59000DDFD2046404B414900961522F6F7D6FDC9
:10B5A00020463F4B3F4900951622F6F7CFFDB023CA
:10B5B000009320463C4B3D491722F6F7C7FD39233F
:10B5C000009320463A4B3B491822F6F7BFFD3A4B11
:10B5D0003A49009532462046F6F7B8FD02B070BDF4
:10B5E000012A0508F4290508062A0508222A050863
:10B5F000272A0508322A0508392A0508542A050889
:10B60000582A0508732A05087A2A0508B02A050869
:10B61000B92A0508CE2A0508D32A0508E82A05080C
:10B62000ED2A0508752A0508072B0508182B0508BB
:10B630001E2B05082C2B0508332B0508502B05085D
:10B64000592B05087C2B0508862B05089E2B050821
:10B65000982B0508A52B0508AF2B0508BB2B050863
:10B66000C42B0508CF2B0508D92B0508012C05088C
:10B67000082C0508292C05082F2C05084A2C05083C
:10B68000F62105080200008004220508682205084A
:10B69000070000809A220508502C05083B22050867
:10B6A000712C0508872C05088C2C05089E2C050894
:10B6B000A22C0508DD2C0508E72C0508F12C05084F
:10B6C000002310B51A4604460549F6F70FFD054B51
:10B6D00023602046FFF7B8FE034B20461C6010BDD8
:10B6E0002B21050814630508442A012000F10803F2
:10B6F00073B5044603600D4611B90E4825F00EF8E7
:10B700000846E0F7BDFC0F280646019006D9002147
:10B7100001A8FFF779FE019B2060A360324629460D
:10B720002068F2F7A9FB019B226863600021D154D5
:10B7300002B070BDC31F0508F8B5054608460C46A3
:10B74000F0F752FE064688B1AC420AD062681AB1E0
:10B7500021682868F2F790FB63682A686B60002113
:10B76000D1542268002363601370F8BD2846F0F7B7
:10B770003BFE08B92E68AF6823682B6063686B6076
:10B78000A368AB6016B12660A760EAE704F108037E
:10B790002360E6E730B501FB01F404FB01F5034645
:10B7A00005FB01F20120994202D8A34201D20130E7
:10B7B00030BDAB4201D20230FAE7934201D20330EE
:10B7C000F6E70430B3FBF2F3EDE7000070B5B4B078
:10B7D00006460D4614461549C92201A8E0F780FE29
:10B7E00071196422632C0FD8092C85BF34AB03EB8D
:10B7F0004404303414F8CB3C86BF14F8CC4C73703E
:10B80000E4B2347034B070BDB4FBF2F002FB10430C
:10B81000044634A800EB430313F8CB0C13F8CC3CDC
:10B8200001F8010C01F8023DDCE700BF641B0508CC
:10B8300070B504460E461546B44201D1284670BD87
:10B8400021462846F4F742F9D4E90623C5E9062340
:10B85000D4E90823C5E9082394F8283085F828306E
:10B860002046F0F7C7FD30343035E5E770B51546B2
:10B8700086B004466846FFF739FF2D6869462046C2
:10B88000F2F75EFB00220023C4E90823EE1704232D
:10B89000C4E9065684F828306846F0F7ABFD06B0D8
:10B8A00070BD00002DE9F047D0E901639E420446D7
:10B8B000894607D03046F4F773FA63683033636023
:10B8C000BDE8F087144A0121EFF782FC2768804623
:10B8D000FFF782FDA6EB070A054649465044F4F7F8
:10B8E0005FFA2A4631463846FFF7A2FF314600F19B
:10B8F00030023046FFF79CFFA168084BC91B0911B5
:10B90000064659433846FFF761FD3023C4E9005627
:10B9100003FB0855A560D3E7321B0508ABAAAAAA0A
:10B920002DE9F047D0E901439C420546894614D0F1
:10B930000A88002304F10801C4E906232372C4E93C
:10B94000001300220023C4E90823022384F82830CE
:10B95000436830334360BDE8F0871D4A0121EFF7AB
:10B9600037FC2F688046FFF737FDA4EB070A00EB92
:10B970000A030646B9F8001003F10800002246F851
:10B980000A00C3E906125A601A720020002102223E
:10B99000C3E9080183F82820214632463846FFF7DC
:10B9A00047FF214600F130022046FFF741FFA9681A
:10B9B000084BC91B0911044659433846FFF706FDD9
:10B9C0003023C5E9006403FB0866AE60C3E700BF2F
:10B9D000321B0508ABAAAAAA2DE9F84FD0E90163EA
:10B9E0009E4204468946924607D03046FFF73EFF06
:10B9F000636830336360BDE8F88F154A0121EFF7C3
:10BA0000E7FB27688046FFF7E7FCA6EB070B054638
:10BA1000524649465844FFF729FF2A4631463846E0
:10BA2000FFF706FF314600F130023046FFF700FF16
:10BA3000A168084BC91B0911064659433846FFF750
:10BA4000C5FC3023C4E9005603FB0855A560D2E7C6
:10BA5000321B0508ABAAAAAA2DE9F84FD0E9014389
:10BA60009C4205468A46914613D009681268002315
:10BA700004F108002372C4E90003C4E90613C4E911
:10BA80000823062384F828306B6830336B60BDE8E8
:10BA9000F88F1D4A0121EFF79BFB2F688046FFF7C7
:10BAA0009BFCA4EB070B00EB0B030646D9F8002028
:10BAB000DAF80000002103F1080C46F80BC0C3E9D6
:10BAC00008210622C3E906015960197283F828206B
:10BAD000214632463846FFF7ABFE214600F13002E0
:10BAE0002046FFF7A5FEA968084BC91B09110446AB
:10BAF00059433846FFF76AFC3023C5E9006403FB6D
:10BB00000866AE60C3E700BF321B0508ABAAAAAA4D
:10BB10002DE9F84FD0E901439C4205468A469146FB
:10BB200013D009681268002304F108002372C4E9E5
:10BB30000003C4E90613C4E90823062384F8283067
:10BB40006B6830336B60BDE8F88F1D4A0121EFF759
:10BB50003FFB2F688046FFF73FFCA4EB070B00EB91
:10BB60000B030646D9F80020DAF80000002103F1A3
:10BB7000080C46F80BC0C3E908210622C3E90601F8
:10BB80005960197283F82820214632463846FFF75B
:10BB90004FFE214600F130022046FFF749FEA9681A
:10BBA000084BC91B0911044659433846FFF70EFCE0
:10BBB0003023C5E9006403FB0866AE60C3E700BF3D
:10BBC000321B0508ABAAAAAA2DE9F84FD0E9014318
:10BBD0009C4205468A46914614D01268002304F11F
:10BBE0000806D1E900012372C4E90063C4E908230F
:10BBF000062384F828306B683033C4E906016B6093
:10BC0000BDE8F88F1C4A0121EFF7E2FA2F68804661
:10BC1000FFF7E2FBA4EB070B00EB0B0306469AEDE4
:10BC2000007BD9F8001003F10800002246F80B0051
:10BC3000C3E908125A601A72062283ED067B83F864
:10BC40002820214632463846FFF7F2FD214600F112
:10BC500030022046FFF7ECFDA968084BC91B09110B
:10BC6000044659433846FFF7B1FB3023C5E9006469
:10BC700003FB0866AE60C3E7321B0508ABAAAAAA9D
:10BC80002DE9F047D0E901439C420546894614D08E
:10BC90000A68002304F10801C4E906232372C4E9F9
:10BCA000001300220023C4E90823022384F828306B
:10BCB000436830334360BDE8F0871D4A0121EFF748
:10BCC00087FA2F688046FFF787FBA4EB070A00EB93
:10BCD0000A030646D9F8001003F10800002246F8CE
:10BCE0000A00C3E906125A601A72002000210222DB
:10BCF000C3E9080183F82820214632463846FFF779
:10BD000097FD214600F130022046FFF791FDA9681A
:10BD1000084BC91B0911044659433846FFF756FB27
:10BD20003023C5E9006403FB0866AE60C3E700BFCB
:10BD3000321B0508ABAAAAAA2DE9F047D0E90143B6
:10BD40009C420546894615D00B6804F10802D917B4
:10BD5000226000222272C4E90631626000230022C0
:10BD6000C4E90823022384F8283043683033436051
:10BD7000BDE8F0871D4A0121EFF72AFA2F688046B7
:10BD8000FFF72AFBA4EB070A00EB0A030646D9F8E3
:10BD9000002003F1080146F80A10D0170021C3E97A
:10BDA000062059601972002000210222C3E908010F
:10BDB00083F82820214632463846FFF739FD2146D0
:10BDC00000F130022046FFF733FDA968084BC91B7C
:10BDD0000911044659433846FFF7F8FA3023C5E9FC
:10BDE000006403FB0866AE60C2E700BF321B0508B3
:10BDF000ABAAAAAA2DE9F041002490B0064621463C
:10BE000001A8CDE90144039401F06EFFDDE901577B
:10BE10000DF11808AF4208D1019818B10399091A19
:10BE200024F0EEF810B0BDE8F0812B886A888DF818
:10BE30001840CDE90A3404A906233046CDE90C2484
:10BE40008DF83830CDE90484F2F7AEFA04A8F0F7A3
:10BE5000D1FA0435DEE700002DE9F047D0E90163AF
:10BE60009E420446894607D03046F3F799FF63683F
:10BE700030336360BDE8F087144A0121EFF7A8F979
:10BE800027688046FFF7A8FAA6EB070A0546494649
:10BE90005044F3F785FF2A4631463846FFF7C8FC81
:10BEA000314600F130023046FFF7C2FCA168084B72
:10BEB000C91B0911064659433846FFF787FA302354
:10BEC000C4E9005603FB0855A560D3E7321B0508FB
:10BED000ABAAAAAA2DE9F84FD0E901439C42054636
:10BEE0008A46914614D01278002304F10806D1E95D
:10BEF00000012372C4E90063C4E90823062384F81F
:10BF000028306B683033C4E906016B60BDE8F88FF8
:10BF10001C4A0121EFF75CF92F688046FFF75CFAB5
:10BF2000A4EB070B00EB0B0306469AED007B99F898
:10BF3000001003F10800002246F80B00C3E90812C4
:10BF40005A601A72062283ED067B83F82820214668
:10BF500032463846FFF76CFC214600F1300220469D
:10BF6000FFF766FCA968084BC91B09110446594331
:10BF70003846FFF72BFA3023C5E9006403FB086657
:10BF8000AE60C3E7321B0508ABAAAAAA2DE9F84F99
:10BF9000D0E901539D4204468A46914615D005F1E9
:10BFA0000803D1E90067D2E900012B6000232B725E
:10BFB0006B60062385F8283063683033C5E906676F
:10BFC000C5E908016360BDE8F88F1D4A0121EFF75C
:10BFD000FFF827688046FFF7FFF9A5EB070B00EB9A
:10BFE0000B03064603F108029AED007BD9E9000134
:10BFF00046F80B2000225A601A720622C3E9080193
:10C0000083ED067B83F82820294632463846FFF721
:10C010000FFC294600F130022846FFF709FCA16811
:10C02000084BC91B0911054659433846FFF7CEF99D
:10C030003023C4E9006503FB0866A660C3E700BFC0
:10C04000321B0508ABAAAAAA2DE9F0410446104606
:10C05000D1E900871546E0F713F804F108032360DF
:10C06000002363602372391806462046F5F7BBFAB1
:10C070003A4641462046F4F783FC3246294620469C
:10C08000F4F77EFC2046BDE8F08100002DE9F04782
:10C09000A2B081466846F9F715FE019BF3B918AACC
:10C0A000CDE916238DF8603000220023CDE91C2352
:10C0B000CDE91E233249012316A88DF88030F5F70B
:10C0C000CBFA042316A948468DF88030F2F76CF9B4
:10C0D00016A8F0F78FF922B0BDE8F087009CDFF8D2
:10C0E000A4A004EB4318002608340027A4F1080399
:10C0F000984504D122B0BDE8F047FAF701BA54F8E8
:10C10000083C0E93214614F8043C8DF83C3010A8EE
:10C11000F1F716FF18AB002516930EA9012302A80C
:10C120008DF88030CDE91C67CDE91E6717958DF835
:10C130006050FAF705F8514602A8F5F78DFA014666
:10C1400008A8F3F7C3FC08A916A8F5F77FFA08A812
:10C15000F0F750F902A8F0F74DF90E9B16A9CDE9BA
:10C160001C35484604238DF88030F2F71DF916A8D7
:10C17000F0F740F910A8F0F73DF92034B6E700BF1A
:10C1800049230508D72105080B46012B10B4114699
:10C19000044603D122705DF8044B7047002BFAD09F
:10C1A0005DF8044B1A461CF0C3B838B50D4604467A
:10C1B0000A212846FFF7EEFA04F10803014623603E
:10C1C00020460022F6F79CF9D4E900012A46FFF741
:10C1D000FDFA204638BD00002DE9F04FD0E90048B7
:10C1E000394FDFF8F09093B00E46154618344FF0F3
:10C1F000000A4FF0000BA4F11803984502D113B0C8
:10C20000BDE8F08F54F8183C9B79022B04D0012B29
:10C2100006D12E4B1B781BB934F8143C9D424BD1F0
:10C2200008AB069300238DF8203034F8141C0793D4
:10C23000684601238DF84030CDE90CABCDE90EAB5B
:10C24000F0F720F9694606A8F5F700FA6846F0F716
:10C25000D1F8394606A8F5F7FFF92046F1F79CF921
:10C2600060BB34F8142C1A49954208BF494606A809
:10C27000F5F7F2F9394606A8F5F7EEF954F8183C47
:10C2800006A81968F5F7E8F92046F1F785F9B8B17D
:10C2900005238DF8403034F8143C0022CDE90E32ED
:10C2A00054F8183C9B88CDE90C32304606A9F2F7C9
:10C2B0007BF806A8F0F79EF828349CE74946D6E7B5
:10C2C00003238DF84030F0E718260508482A01209E
:10C2D000AE3E0508E746050873B505461046144608
:10C2E0000E46DFF7CDFE2346009000223146284659
:10C2F000F8F7CCFF02B070BD2DE9F34146688E42DD
:10C3000005460C4690461ED26FF000438F1B9B1BC8
:10C310009F4202D90E4824F004FAF3F710FC84423D
:10C3200006D9002300971A4631462846F3F75FFDE9
:10C330002868424639463044FFF726FF2B686C6078
:10C3400000221A5500E0F9D802B0BDE8F08100BF24
:10C35000FA2C05082DE9F04DADF5896D07460D461F
:10C360001646F5F775FC0446002840F0CB802B6894
:10C37000192B00F2C780DFE813F01A00B000C000EC
:10C38000C2006901C501CA00EE008B0233031D0122
:10C39000570122012701D500E500DB011B0228021D
:10C3A000DE00CE014803B203BD03F50353022B6A3E
:10C3B000082B0DD13B689B6A39462DA898472DA9BB
:10C3C0003046FFF749FD2DA8F0F714F8012499E055
:10C3D000974902A8FFF78AF9696A91B10B689B68CF
:10C3E00039A89847934A39A933A8FFF72DFE33A9F6
:10C3F00002A8FFF7A1F933A8EFF7FCFF39A8EFF780
:10C40000F9FF8D4A02A90CA8FFF71EFEF4F75AFFA8
:10C410000568D0F80480A8453BD0DFF82CB2DFF8DF
:10C4200014A255F8040B03685B6B98470446016837
:10C4300051A8FFF75BF9594651A8F5F70DF90146E8
:10C440004BA8F3F743FBA17957A8F0F71BF857AABD
:10C450004BA945A8F9F732F8514645A8F5F7FCF87D
:10C4600001463FA8F3F732FB3FA90CA8F5F7EEF819
:10C470003FA8EFF7BFFF45A8EFF7BCFF57A8EFF7BE
:10C48000B9FF4BA8EFF7B6FF51A8EFF7B3FFA845E8
:10C49000C7D13B685B6A394663A89847654A002163
:10C4A00063A8FFF719FF01465DA8F3F70FFB5DA92D
:10C4B0000CA8F5F7CBF85DA8EFF79CFF63A8EFF7A2
:10C4C00099FF0CA93046FFF7EDF90CA8EFF792FFA2
:10C4D00002A8EFF78FFF012414E0FCF749FE04687F
:10C4E0004568A54200F0AB8354F8040B03689B68D1
:10C4F0009847A542F8D1012404E0FEF731FFE1F7A7
:10C500004FFF012420460DF5896DBDE8F08D4B4BA2
:10C510001B68B3F904203146494B1868FFF75CFEED
:10C520000124EFE702F09AF8699069A93046FFF715
:10C5300003FC0124E6E7434A31462846EEF768FE4D
:10C540000446DFE702F09EF86A906AA93046FFF7DA
:10C55000F3FB0124D6E72B6A012B03D0022B16D064
:10C560000124CFE7354B19680B689B686BA8984787
:10C57000BDF8B031ADF8303001220CA90A2001F02D
:10C58000D7FA0CA93046FFF7CBF90124BAE7298A7C
:10C590002B4B1A6813685068834200F052839A88C4
:10C5A0008A4200F0548328339842F8D10124A9E745
:10C5B000FEF7D6FE3046FFF769FD0124A2E73046BC
:10C5C000FFF718FC01249DE72B6A202B03D0102BCA
:10C5D00007D0012496E7298A288901F07BFA0124F3
:10C5E00090E70EAB0C9300230D938DF838300022AA
:10C5F0000023CDE91223CDE9142302238DF858300E
:10C60000012202A9288901F093FA20B1BDF808306F
:10C610001293002313930CA93046F1F7C5FE0CA822
:10C62000EFF7E8FE01246DE7F9F74AFD012469E719
:10C6300028100508D72105086C0F05082C090010E3
:10C64000B02A0120482A0120A00F05080EAB0C9348
:10C6500000230D938DF8383000220023CDE91223FA
:10C66000CDE9142304238DF85830012187A8EFF772
:10C6700009FF814C214687A8F4F7EEFF014681A807
:10C68000F3F724FA10218DA8EFF7FCFE8DAA81A9FB
:10C690007BA8F8F713FF21467BA8F4F7DDFF0146DE
:10C6A00075A8F3F713FA072193A8EFF7EBFE93AA07
:10C6B00075A96FA8F8F702FF6FA90CA8F4F7C6FFD9
:10C6C0006FA8EFF797FE93A8EFF794FE75A8EFF722
:10C6D00091FE7BA8EFF78EFE8DA8EFF78BFE81A869
:10C6E000EFF788FE87A8EFF785FE644A0023CDE9BF
:10C6F00012230CA93046F1F757FE0CA8EFF77AFE8B
:10C700000124FFE60223999399AA5D493046FFF779
:10C7100063F90124F6E6E2F731FE9A90E2F728FE8B
:10C720009B909BAA9AA93046FFF796F90124E9E667
:10C730000EAB0C9300250D958DF838500022002388
:10C74000CDE91223CDE9142301248DF8584002A825
:10C750001BF0CCFE099F1497159512971395494924
:10C760000CA8F4F779FF39469CA8FFF71EFD9CA999
:10C770000CA8F4F76BFF9CA8EFF73CFE42490CA80D
:10C78000F4F76AFF0299A2A8FFF70FFDA2A90CA86F
:10C79000F4F75CFFA2A8EFF72DFE05238DF85830C3
:10C7A0000CA93046F1F700FE0CA8EFF723FEA9E62E
:10C7B000EAF728FFA890EAF72BFFA990A9AAA8A951
:10C7C0003046FFF7A5F901249CE60EAB0C9300243C
:10C7D0000D948DF83840E9F75BFB224681010CA8E7
:10C7E000FFF78AFD0C98EAF7C7F8224621460CA805
:10C7F000F3F795FF014622460CA8FFF77DFD0CAA32
:10C800002249AAA8F6F744F8AAA93046FFF724FB64
:10C81000AAA8EFF7EFFD0CA8EFF7ECFD012471E6F5
:10C820000EAB0C9300240D948DF83840E9F730FBE3
:10C83000224681010CA8FFF75FFD0C98EAF744F847
:10C84000224621460CA8F3F76AFF014622460CA8AF
:10C85000FFF752FD0CAA0D49B0A8F6F719F8B0A9D8
:10C860003046FFF7F9FAB0A8EFF7C4FD0CA8EFF7D0
:10C87000C1FD012446E600BFA00F05080710010016
:10C88000A40F0508AC0F0508B40F0508D72105084B
:10C89000F4F718FD0768D0F80480B84500F0D3819C
:10C8A0004FF0000A4FF0000BAC4D57F8044B2368D3
:10C8B000DB69214602A8984723685B6B20469847AE
:10C8C00004460EAB0C9300230D938DF83830CDE960
:10C8D00012ABCDE914AB05228DF858208279149261
:10C8E00015938288129213930299E6A8FEF7FEFE32
:10C8F0002946E6A8F4F7B0FE0146E0A8F3F7E6F80B
:10C900002168E0A8F4F7A8FE0146DAA8F3F7DEF8FC
:10C910002946DAA8F4F7A0FE0146D4A8F3F7D6F822
:10C92000A179ECA8EFF7AEFDECAAD4A9CEA8F8F750
:10C93000C5FD2946CEA8F4F78FFE0146C8A8F3F737
:10C94000C5F8BDF80C10F2A8EFF79CFDF2AAC8A933
:10C95000C2A8F8F7B3FD2946C2A8F4F77DFE014648
:10C96000BCA8F3F7B3F82189F8A8EFF78BFDF8AA74
:10C97000BCA9B6A8F8F7A2FDB6A90CA8F4F766FE04
:10C98000B6A8EFF737FDF8A8EFF734FDBCA8EFF72E
:10C9900031FDC2A8EFF72EFDF2A8EFF72BFDC8A8D6
:10C9A000EFF728FDCEA8EFF725FDECA8EFF722FD65
:10C9B000D4A8EFF71FFDDAA8EFF71CFDE0A8EFF70A
:10C9C00019FDE6A8EFF716FD0CA93046F1F7ECFCCF
:10C9D0000CA8EFF70FFDB8457FF467AF012491E590
:10C9E0002B6A022B01D001248CE52B696A69013B7B
:10C9F000134301D0012485E501F044F808B902246D
:10CA000080E501F007F901247CE52B6A012B05D0B4
:10CA1000102B16D0082B42D0012473E5E2F7B6FCA8
:10CA20000446E2F7B9FCFE94FF90E2F7BBFCCDF8B8
:10CA300004040DF20442FEA93046FFF7C5F80124B4
:10CA400060E5AB68EA6853EA020107D0591E11435A
:10CA50000FD0023B134317D0012453E5E2F796FCB5
:10CA6000CDF808040DF581613046FFF709F901247E
:10CA700048E5E2F791FCCDF80C040DF20C4130468C
:10CA8000FFF7FEF801243DE5E2F78CFCCDF8100439
:10CA90000DF582613046FFF7F3F8012432E5E2F745
:10CAA00081FC0446E2F778FC0546E2F76FFC019052
:10CAB000009523462A4A20210CA81CF001FE0CA94F
:10CAC0000DF21440FEF712FE0DF214413046FFF74E
:10CAD000C3F90DF21440EFF78DFC012412E501F0CB
:10CAE0003FFECDF82C040DF22C413046FFF724F91F
:10CAF000012407E52B6A202B03D0102B0AD0012438
:10CB000000E5D5E90423288901F03EF8C0F10204CC
:10CB1000E4B2F7E40EAB0C9300230D938DF838309C
:10CB200000220023CDE91223CDE9142302238DF83E
:10CB3000583002A9288901F05BF860B1DDE90223D1
:10CB4000CDE9122301240CA93046F1F72DFC0CA8E5
:10CB5000EFF750FCD6E40224F5E700BF18260508DD
:10CB6000BC0F05082B6A013B1F2B6ED8DFE803F0D2
:10CB7000366D6D6D6D6D6D106D6D6D6D6D6D6D4A9C
:10CB80006D6D6D6D6D6D6D6D6D6D6D6D6D6D6D5EE4
:10CB90000CAD0024DFF8E480112702A9A0B201F057
:10CBA00027F8DDE90223CDE900234246394628462D
:10CBB0001CF086FD01341035082CEED10CA90DF5C2
:10CBC0008660FEF793FD0DF586613046FFF744F968
:10CBD0000DF58660EFF70EFC012493E400248DF838
:10CBE00008400CA9A0B201F003F802AA0CA9304633
:10CBF000FFF770F9631C8DF808301C46082BF0D144
:10CC000001247FE4A868EB68082873F1000301D3CE
:10CC1000022477E40CA980B200F0EAFF05F10802D3
:10CC20000CA93046FFF7B2F901246BE4D5E90423DF
:10CC3000288900F0A9FFC0F10204E4B262E40124F3
:10CC400060E401245EE401245CE402245AE40A2046
:10CC500000F040FF2E696C69074B19680B689B68F0
:10CC60006DA89847BDF8B831002C08BF9E427FF4EC
:10CC70009FAC012446E400BF2C090010D00F05082A
:10CC800070470000F8B5134E134B0360D6E900520D
:10CC9000511B04464FEAA10C0027FBB29C4512D958
:10CCA00055F823108C4205EB830007F10107F4D1FE
:10CCB000011D8A4204D0521A042A06DD1BF098FA9C
:10CCC0007368043B73602046F8BD04BF426845F8B2
:10CCD0002320F5E74C2A01208463050810B504469B
:10CCE000FFF7D0FF2046042123F08AF9204610BD2B
:10CCF0002DE9F84FD0E9008A93466FF06043AAEB24
:10CD00000802B3EBA20F074689464FEAA20402D1FC
:10CD10001E4823F006FDC24514BF22460122A41876
:10CD2000A1EB08052ED27CB39C4228BF1C46A00074
:10CD300023F0E4F90646DBF800307351002D04DDE2
:10CD40002A46414630461BF053FAAAEB090A04353D
:10CD5000BAF1000F354404DD524649462846DFF754
:10CD6000BFFB5544B8F1000F05D0B9684046A1EBB0
:10CD7000080123F045F9C7E9006506EB8406BE60AB
:10CD8000BDE8F88F1C46D2E72646D4E7321B0508DB
:10CD9000114B73B50360114B0190D3E900618A1BFD
:10CDA000044692100020C5B2954206D39A6891427B
:10CDB0000CD041F8044B596005E056F82550AC42C0
:10CDC00000F10100EFD1204602B070BD034801AA76
:10CDD000FFF78EFFF7E700BF846305084C2A0120A8
:10CDE000034B186818B19968091A23F009B97047FC
:10CDF0004C2A012070474368DA69904204BF002240
:10CE0000DA61704710B504460821FFF7F4FF2046A9
:10CE100023F0F6F8204610BD10B5074B044640F845
:10CE20000C3BF2F717FA201DF2F714FA204600F037
:10CE30003BFB204610BD00BFC863050810B5044683
:10CE4000FFF7EAFF2046282123F0DAF8204610BD3C
:10CE500083698B4210B5044612D1C06980B1237D2D
:10CE6000002284F821201BB1036821461B699847E2
:10CE7000E069616A03689B6819B19847002363629F
:10CE800010BD04F12001BDE81040184782698A42B4
:10CE900010B4034609D1C06938B102681469194653
:10CEA000012223465DF8044B18475DF8044B704798
:10CEB00038B504460D4600F05FFB20460B4B40F8AA
:10CEC000043B012100F016FD012104F10C0000F0EB
:10CED00011FD002384F82030C4E90653237584F83B
:10CEE000213063846362204638BD00BFC8630508F3
:10CEF00070B585690B686A689A420C4617D1AA69B1
:10CF00004B699A4213D16A690B699A420FD1EA6957
:10CF10008B699A420BD12A69CB689A4207D1EA6899
:10CF20008B689A4203D1AA684B689A420DD00FCC05
:10CF30002E1D0FC694E8070086E807002846E7F78D
:10CF400019F9B0FA80F0400970BD0020FCE7806953
:10CF500004307047012208B500F1200180F821203B
:10CF60008069E7F755F9B0FA80F0400908BD70B55F
:10CF70000446C0690D46164620B103680122DB68ED
:10CF800021469847A06932462946E7F725F9B0FAC5
:10CF900080F0400970BDC3690BB18B4202D1C16101
:10CFA000012070470020704713B50446D1B104300A
:10CFB000EFF31083C3B9EFF30583ABB911460193C7
:10CFC00000F072FC01232375019B4BB14FF0E0236D
:10CFD0004FF08052C3F8042DBFF34F8FBFF36F8F14
:10CFE00002B010BD0C30E3E7002301A9019300F06B
:10CFF00063FCE7E7084611464FF0FF32FFF7D4BF66
:10D0000013B50446C9B10430EFF31083BBB9EFF395
:10D010000583A3B9019300F059FC00232375019BFC
:10D020004BB14FF0E0234FF08052C3F8042DBFF313
:10D030004F8FBFF36F8F02B010BD0C30E4E70023B9
:10D0400001A9019300F04DFCE7E708461146FFF700
:10D05000D7BF007D70478369586C704708B5054A93
:10D060000346C3E9002108461946FFF794FF084626
:10D0700008BD00BFE0630508806B7047C06B704758
:10D0800010B5034B0360044600F098FC204610BD29
:10D090001464050810B50446FFF7F2FF2046482146
:10D0A00022F0AEFF204610BD014B186000F052BCCC
:10D0B000D42A0120002108B50846EAF707FD00211F
:10D0C0004FF0FF30EBF7E2FFF9E7000008B5036827
:10D0D000002B02DA0C4823F024FB8B420AD9B3EB75
:10D0E000410F4FEA410205D2002AB6BF6FF000435C
:10D0F000026003600068013001D523F009FBBDE840
:10D10000084022F0FBBF00BF4C1B050873B5551A41
:10D110000F2D04460E46019506D9002101A8FFF700
:10D12000D5FF019B2060A3602A4631462068F0F7B6
:10D13000A3FE019B226863600021D15402B070BD40
:10D14000F0B51646104A87B004460F461D46D11E5C
:10D1500002AB68460093FFF7D9FF28234FF4A5726E
:10D160006946204600F046FC6846EFF743F9074B56
:10D1700023609DF8303025642046C4E90E7684F89B
:10D18000443007B0F0BD00BF2A2D0508146405081F
:10D1900070B58AB00446E2F705F90546E2F7FCF8F7
:10D1A0000646E2F7F3F80B4ACDE900602B46192159
:10D1B00003A81CF085FA04F10803236003A8DEF736
:10D1C0005FFF03AB1A1819462046FFF79FFF204662
:10D1D0000AB070BD2B2D05082DE9F74347680E46B0
:10D1E00007EB020804461546F2F7A9FC8045014604
:10D1F0000FD82DB120682A4631463844F0F73CFE5E
:10D200002368C4F80480002203F8082003B0BDE8B6
:10D21000F08301A8CDF80480FFF758FF81469FB145
:10D2200021683A46F0F728FE36B12DB12A4631463C
:10D2300009EB0700F0F720FE2046EFF7DBF8019B33
:10D24000C4F80090A360DBE7002EF5D0EEE7000005
:10D2500038B5044608460D46DEF712FF6368C3F191
:10D26000FF4303F5FF0303F5FF437F339842024674
:10D2700002D9044823F055FA29462046BDE8384033
:10D28000FFF7AABF4020050870B5044692B059B90F
:10D29000036C1A885A4B01245A80013458486400A0
:10D2A00044F44074048096E002AB009300230193A1
:10D2B0008DF80830836B1A7C8A423CD103680146A2
:10D2C0001B6A0CA898470CA8EFF78EF80D9D044632
:10D2D000F8B125B10C9900982A46F0F7CDFD0D9BC9
:10D2E000009A01930021D1540C9A00230D930CA8AD
:10D2F0001370EFF77FF89DF80440009B404A1F2C05
:10D3000028BF1F24E118994275D16846EFF772F8DB
:10D31000C3E76846EFF768F808B9009C029E0C9BCB
:10D32000CDE900350E9B029314B10C940E96DBE709
:10D330000EAB0C93D8E7DA7B8A4205D1016C1C3125
:10D340006846F5F776FBD6E79B7B8B4202D1016CF2
:10D350000431F5E703293AD9036C2A4D586B9B6BCE
:10D360001B1ADB10CA1E6B439A4230DC18230439A7
:10D3700003FB01016846F5F75CFB94F84430002B91
:10D38000B9D021496846FFF763FFE1F7FFFF014687
:10D3900006A8F8F727FC0EAB0C93DDE9061394F80A
:10D3A00044200CA89A4294BF8A18CA18FFF7AEFE10
:10D3B000019BC3F1FF43DDE90C1203F5FF0303F505
:10D3C000FF437F339A4208D9104823F0AAF96846F0
:10D3D000EFF710F8002012B070BD6846FFF7FCFEB2
:10D3E0000CA8EFF707F806A8EFF704F80849684615
:10D3F000FFF72EFF7FE713F8010B22F8020F82E7F9
:10D40000582A0120ABAAAAAADA210508402005085B
:10D41000951A050870470000034B186818B1996801
:10D42000091A22F0EDBD70479C2A012010B5094C65
:10D430002368BFF35B8FDB0709D42046E1F7E4FEE6
:10D4400028B105481BF04CF82046E1F743FF03489C
:10D4500010BD00BF982A012019D402089C2A01207F
:10D46000F8B5D0E90052561B04464FEAA60C002737
:10D47000FBB2634512D255F823608E4205EB830060
:10D4800007F10107F4D1011D8A4204D0521A042A7F
:10D4900005DD1AF0ADFE6368043B6360F8BD04BFB0
:10D4A000426845F82320F6E710B5054B03600446B3
:10D4B000FFF7BCFF2146FFF7D3FF204610BD00BF9A
:10D4C0005864050810B50446FFF7EEFF2046042116
:10D4D00022F096FD204610BD2DE9F84FD0E9008AD4
:10D4E00093466FF06043AAEB0802B3EBA20F074626
:10D4F00089464FEAA20402D11E4823F012F9C24520
:10D5000014BF22460122A418A1EB08052ED27CB339
:10D510009C4228BF1C46A00022F0F0FD0646DBF826
:10D5200000307351002D04DD2A46414630461AF082
:10D530005FFEAAEB090A0435BAF1000F354404DD99
:10D54000524649462846DEF7CBFF5544B8F1000F56
:10D5500005D0B9684046A1EB080122F051FDC7E9AA
:10D56000006506EB8406BE60BDE8F88F1C46D2E776
:10D570002646D4E7321B0508114B73B503600446F9
:10D58000FFF754FFD0E900618B1B01949B10002230
:10D59000D5B29D4206D3836899420CD041F8044B22
:10D5A000416005E056F82550AC4202F10102EFD18E
:10D5B000204602B070BD01AAFFF78EFFF8E700BF5A
:10D5C00058640508704700207047704710B5042163
:10D5D000044622F015FD204610BD0000014B0360FB
:10D5E000704700BF88640508014B1860704700BF92
:10D5F000A82A0120014B1860704700BFAC2A012007
:10D60000014B1868704700BFAC2A012008B540687C
:10D61000E7F7C8FE431E5842584108BD08B500232D
:10D620001A4619464068E7F735FC431E58425841F0
:10D6300008BD4FF0500383F31188BFF36F8FBFF322
:10D640004F8FFEE710B5044B036004464068E7F7D0
:10D65000F1FF204610BD00BFEC64050810B5034B78
:10D6600003600446FFF7EEFF204610BD0465050881
:10D6700010B50446FFF7F2FF2046082122F0C0FC57
:10D68000204610BD064B10B5044603600120E7F7A5
:10D69000F9FC606008B9FFF7CCFF204610BD00BF61
:10D6A0000465050810B50B6804461B682160084630
:10D6B0004FF0FF319847204610BD10B50446006872
:10D6C00003685B689847204610BDF8B5D0E900476D
:10D6D0000E460025A74201D12846F8BDA388B342D3
:10D6E00011D1236A0BB923F023F8636A04F11800FF
:10D6F000984740B12369002BF5D0636904F1080015
:10D700009847054686802834E4E700000148E4F79E
:10D7100031BC00BF640B0120F7B5E1F72FFE40F2EA
:10D720001343984202D0E0F74FFEFCE700F0B6F951
:10D7300008B9E0F749FE364B1B781BB100F0A2F99F
:10D7400000F068FA002301220DF106010420ADF873
:10D75000063000F0EDF9044628B900F05BFA2146E6
:10D76000042000F0B7F901220DF10601042000F0B9
:10D77000DFF9BDF806303BB100F084F900F04AFA59
:10D780000021042000F0A6F900F02AFE2148224CD6
:10D790000421E3F73DFA012820D1002323801F4D07
:10D7A000FBF70CFD218828681D4CFFF78EFF014612
:10D7B000206018B92868FFF788FF2060194B20689F
:10D7C000194D01221A7003681B6998474FF0E02633
:10D7D0004FF080572B785BB903B0F0BD0122214692
:10D7E0000A2000F0ADF90028D9D1E0F7EDFDD6E729
:10D7F000206803685B69984700F080FEFFF786FFAA
:10D80000C6F8047DBFF34F8FBFF36F8FE2E700BF11
:10D81000B62A012000040240B42A0120B02A0120C7
:10D820002C090010B72A0120CC00001008B5E1F740
:10D8300087FD044B1B685B6A4FF47A7202FB003071
:10D8400008BD00BF3C0D0120E9F706BEE9F79ABE0E
:10D85000FFF7ECBF08B5E4F7B3FE044BB0FBF3F001
:10D86000034B044A1860044B1A6008BDA0860100EF
:10D87000B82A0120482E0120B02A012010B5044BFF
:10D88000036004464068E7F7D5FE204610BD00BFA0
:10D890004065050810B50446FFF7F0FF2046082153
:10D8A00022F0AEFB204610BD08B54068E7F77AFDD0
:10D8B000431E5842584108BD08B50A464068002139
:10D8C000E7F74AFE431E5842584108BD08B50023F9
:10D8D0001A4619464068E7F7DDFA431E5842584198
:10D8E00008BD08B54068E7F74DFC431E5842584153
:10D8F00008BD000038B50E4B036004460D460322F8
:10D9000000210120E7F79EFA606040B94FF0500314
:10D9100083F31188BFF36F8FBFF34F8FFEE725B1FD
:10D9200000231A461946E7F7B5FA204638BD00BF6E
:10D93000685305087047036810B504469B6898470C
:10D9400023682046DB6898476068BDE81040E8F728
:10D95000E9B800001FB5164B1B78044603B3154900
:10D9600003A8FFF79FFE94F828302BB103A8FFF718
:10D97000A4FE002004B010BD012384F8283003A8C1
:10D98000FFF79BFE231D0193636A0093228CA1681D
:10D9900009482346E8F796F8431E58425841E9E7FC
:10D9A00090F82830002BE4D1012380F82830E9E7F3
:10D9B000C42A0120BC2A012037D902080C4B10B51B
:10D9C000044603604068E8F7ADF84FF0FF3363604A
:10D9D00004F13000F1F73EFC234653F8080F0833FA
:10D9E000984203D02169013122F00AFB204610BD84
:10D9F000706505082DE9F0411F46184B044640F8B4
:10DA0000083B0830A060D1E900650F2D90460CD985
:10DA1000002D02DA124822F084FE681C01D522F0A3
:10DA200077FE22F06BFB2561A060A0682A46314694
:10DA3000F0F722FAA368E56000265E553146A4F8A7
:10DA40002080676284F8286004F13000FFF752FFFD
:10DA500084F829602046BDE8F08100BF70650508A4
:10DA60004C1B05080148FFF70DBE00BFBC2A012072
:10DA70000248034B0360FFF7E5BD00BFBC2A01204D
:10DA80000465050810B5E2F78DFDE9F799FE044637
:10DA9000E2F79CFDB4FA84F0400910BD10B5E2F73E
:10DAA00081FD0B4B0122DA600222DA601022DA607B
:10DAB0002022DA604022DA608022DA60E9F7AAFEEA
:10DAC0000446E2F783FDB4FA84F0400910BD00BFBC
:10DAD000003C024073B50D460DF106010646E9F71C
:10DAE000DFFD0128044604D0F0B9BDF80630AB4292
:10DAF00017D0E2F757FD0D4B0122DA600222DA60FF
:10DB00001022DA602022DA604022DA608022DA60B5
:10DB100029463046E9F7F2FDB0FA80F46409E2F7ED
:10DB200055FD204602B070BD0024FAE7003C0240DB
:10DB300008B5E9F7B5FDB0FA80F0400908BD00006E
:10DB4000F8B506460F461546E9F7AAFD0124B0B11F
:10DB50003D80E2F727FD0B4B0222DC60DA601022E9
:10DB6000DA602022DA604022DA608022DA60294618
:10DB70003046E9F7C3FDE2F729FD0020F8BD204655
:10DB8000FCE700BF003C0240F8B500F180601F4692
:10DB9000164BA0F58850B3EBC00F14464FEAC006F1
:10DBA00002D200242046F8BDD6E90023B3F1FF3F9E
:10DBB00008BFB2F1FF3FF4D1E2F7F4FC05460028BC
:10DBC000EFD12246034631460220E2F737FD3A46BE
:10DBD00004462B46311D0220E2F730FD0443E4B237
:10DBE000B4FA84F46409E2F7F1FCDBE70F7AFF1F73
:10DBF000074A00F18060A0F58850C300B2EBC00F67
:10DC000023BFD3E900230120C1E90023002070478E
:10DC10000F7AFF1F704700002DE9F84FD0E900860A
:10DC200092466FF06043A6EB0802B3EBA20F0746E3
:10DC300089464FEAA20402D12A4822F072FD4645E5
:10DC400014BF22460122A418A1EB080B33D2A4B3BF
:10DC50009C4228BF1C46A00022F050FA0546BAF8A4
:10DC6000002025F80B2005EB0B03BAF802205A80A0
:10DC700029464346994501F1040103F104021ED1EE
:10DC8000A2EB08022A4418461146B34201F10401EE
:10DC90001DD11B1AD618B8F1000F05D0B96840463F
:10DCA000A1EB080122F0ACF9C7E9005605EB8405A9
:10DCB000BD60BDE8F88F1C46CDE72546CFE7188844
:10DCC0005B8821F8023C21F8040C1346D2E7B3F834
:10DCD00000C021F804CCB3F802C021F802CC043310
:10DCE000D3E700BF321B0508164B00292DE9F3418D
:10DCF000154E044616BF1E464FF095084FF0A40877
:10DD0000002536F815700DF102013846E9F7C8FC18
:10DD100068B9D4E90112BDF80230ADF8043091427F
:10DD2000ADF8067009D00B804F8004316160013579
:10DD3000A845E6D802B0BDE8F08101AA2046FFF769
:10DD40006BFFF4E794130508681205080148FFF714
:10DD500099BC00BFC82A01200248034B0360FFF7AB
:10DD600071BC00BFC82A012004650508704710B5C2
:10DD70001C21044622F044F9204610BD074B70B523
:10DD8000D3E900460546B44200D170BD54F8040BF7
:10DD9000036829469B689847F5E700BF4C2A012095
:10DDA000074B70B5D3E900460546B44200D170BDBB
:10DDB00054F8040B036829469B689847F5E700BFB1
:10DDC000AC29012070B50546FFF730FBD0E90046CD
:10DDD000B44200D170BD54F8040B036829469B6817
:10DDE0009847F5E770B50546FFF720FBD0E90046F8
:10DDF000B44200D170BD54F8040B03682946DB68B7
:10DE00009847F5E707490022C0E90022C0E902125D
:10DE1000C0E906220261828280F8202080F8242056
:10DE2000704700BFA46505082DE9F04393B005468F
:10DE3000F1F714FB00240646274600212846E1F7A7
:10DE400081FFE3B2984202D813B0BDE8F08308A87E
:10DE5000FFF7D8FF08AB01AA00212846E1F7EEFE44
:10DE600008B10134E9E7DDE90213019A8DF8407049
:10DE7000002B08BF1146049A0B91901E4242A3F159
:10DE8000040C4241DCF1000343EB0C038DF8343009
:10DE9000079B05990E93069B0C918DF835200F93E7
:10DEA0008DF84470F2F7E0FAD0E90089C845D8D07F
:10DEB00058F8040B036808AA9B6831469847F5E7B1
:10DEC0002DE9F04393B00446F1F7C8FA0025064661
:10DED000012701212046E1F735FFEBB2984202D835
:10DEE00013B0BDE8F08308A8FFF78CFF08AB01AAC8
:10DEF00001212046E1F7A2FE08B10135E9E7DDE99D
:10DF00000213019A8DF84000002B08BF1146049AB5
:10DF10000B91A2F1020CDCF10002A3F1040E42EB22
:10DF20000C02DEF1000343EB0E038DF83430079B47
:10DF300005990E93069B0C918DF835200F938DF863
:10DF40004470F2F791FAD0E90089C845D5D058F865
:10DF5000040B036808AA9B6831469847F5E72DE94A
:10DF6000F0410546F2F780FAD0E90047BC4201D102
:10DF7000BDE8F08154F8046B33682846D3F810806C
:10DF8000F1F76CFA002201463046C047EEE72DE972
:10DF9000F0410546F2F768FAD0E90047BC4201D1EA
:10DFA000BDE8F08154F8046B33682846D3F810803C
:10DFB000F1F754FA012201463046C047EEE72DE959
:10DFC000F0410546F2F750FAD0E90047BC4201D1D2
:10DFD000BDE8F08154F8046B33682846D3F8148008
:10DFE000F1F73CFA002201463046C047EEE72DE942
:10DFF000F0410546F2F738FAD0E90047BC4201D1BA
:10E00000BDE8F08154F8046B33682846D3F81480D7
:10E01000F1F724FA012201463046C047EEE72DE928
:10E02000F0410546F2F720FAD0E90047BC4201D1A1
:10E03000BDE8F08154F8046B33682846D3F81480A7
:10E04000F1F70CFA022201463046C047EEE72DE90F
:10E05000F0410546F2F708FAD0E90047BC4201D189
:10E06000BDE8F08154F8046B33682846D3F8188073
:10E07000F1F7F4F9002201463046C047EEE72DE9FA
:10E08000F0410546F2F7F0F9D0E90047BC4201D172
:10E09000BDE8F08154F8046B33682846D3F8188043
:10E0A000F1F7DCF9012201463046C047EEE72DE9E1
:10E0B000F0410546F2F7D8F9D0E90047BC4201D15A
:10E0C000BDE8F08154F8046B33682846D3F8188013
:10E0D000F1F7C4F9022201463046C047EEE72DE9C8
:10E0E000F0410446F2F7C0F9D0E90057BD4203D130
:10E0F00000236362BDE8F08155F8046B3368204665
:10E10000D3F80C80F1F7AAF9626A01463046C0479D
:10E11000ECE770B50546FDF755F8D0E90046B44286
:10E1200000D170BD54F8040B036829469B689847DA
:10E13000F5E770B50546FDF745F8D0E90046B4426D
:10E1400000D170BD54F8040B03682946DB6898477A
:10E15000F5E770B50546FDF735F8D0E90046B4425D
:10E1600000D170BD54F8040B036829461B69984719
:10E17000F5E770B50546FDF725F8D0E90046B4424D
:10E1800000D170BD54F8040B036829469B69984779
:10E19000F5E770B50546FDF715F8D0E90046B4423D
:10E1A00000D170BD54F8040B03682946DB69984719
:10E1B000F5E770B50546FDF705F8D0E90046B4422D
:10E1C00000D170BD54F8040B036829461B6A9847B8
:10E1D000F5E770B50546FAF7FDFBD0E90046B44215
:10E1E00000D170BD54F8040B036829469B6898471A
:10E1F000F5E770B50546FAF7EDFBD0E90046B44205
:10E2000000D170BD54F8040B03682946DB689847B9
:10E21000F5E7FFF7DEBFFFF7ECBF70B50546FAF78D
:10E22000D9FBD0E90046B44200D170BD54F8040BCC
:10E23000036829461B699847F5E70000024B1868F8
:10E2400003685B69184700BFD42A0120024B0146CE
:10E250001868026892691047D42A0120054B1B6890
:10E260000A46196810B4CC690146184623465DF881
:10E27000044B1847D42A0120FFF7C2B910B5044651
:10E2800000F0E2F8044B186828B103682146DB6906
:10E29000BDE81040184710BD2C090010F2F750B827
:10E2A00073B50C461D4622F0020323430C4BBDF808
:10E2B0001810186808BF2C7828B1036800919E6870
:10E2C00021462B46B047A12C08D1064B186828B12F
:10E2D000294602B0BDE87040F9F7B4BA02B070BD8B
:10E2E000A82A0120FC29012030B40648BDF80850B6
:10E2F000006828B104680295E468A44630BC604711
:10E3000030BC7047A82A012070B5094E3368044616
:10E310002BB1084D29462046EAF780F900B970BDB7
:10E32000306803682A469B6821469847F2E700BF99
:10E33000D02A0120102A0120024B186803681B6AAA
:10E34000184700BF2C090010024B186803685B6A6D
:10E35000184700BF2C090010FFF7F6BF074B984283
:10E3600003D1082306480B707047064B984203BF41
:10E37000022305480B700020704700BFF40C0120F9
:10E38000E02A0120AC0C0120D82A0120124B98422F
:10E390002DE9F341044601D100F088F900230DF185
:10E3A000070120468DF80730FFF7D8FF054620B15A
:10E3B0000A4BD3E90067BE4202D102B0BDE8F0814A
:10E3C00056F8040B9DF8072003682946D3F8088007
:10E3D0002346C047EFE700BFAC0C01201027012007
:10E3E00008B5064906480822E1F78EF8BDE808405E
:10E3F000044905480222E1F787B800BFE02A01205E
:10E40000F40C0120D82A0120AC0C012051EA0203AF
:10E4100010B504460BD1827C8360003A838018BF1C
:10E420000122218AE068BDE81040E2F7F7BB520004
:10E43000013A82608180E0F783FFA27C2060B2FA1B
:10E4400082F25209EDE70000034883881BB90122DC
:10E450001921FFF7DBBF7047F800001003488388DD
:10E460001BB90122FA21FFF7D1BF7047E400001069
:10E47000034883881BB901226421FFF7C7BF704797
:10E48000D00000100A4601460148FFF7BFBF00BF99
:10E49000D00000100A1E817418BF0122018AC068D2
:10E4A000E2F7BCBB01460148FFF7F4BFD000001003
:10E4B00038B583880446BBB1E0F742FFA3882268E1
:10E4C0001344984210D9A5687DB9A27C218AE068DE
:10E4D000003A18BF0122E2F7A1FBA580A368002B38
:10E4E000C4BF03F1FF33A36038BDE0F729FF218AE1
:10E4F0002060E068E2F796FBF0E7000008B5054809
:10E50000FFF7D6FF0448FFF7D3FFBDE808400348F4
:10E51000FFF7CEBFD0000010E4000010F80000109C
:10E52000044B10B504460360006908B121F06AFD90
:10E53000204610BDD065050810B50446FFF7F0FF72
:10E540002046182121F05CFD204610BD0F4B70B510
:10E5500003600023044603750D46A9B14B1E0B4210
:10E5600012D1084621F0DBFD2A4601460646201D51
:10E57000E9F740FA051E14BF01230023237503D1D8
:10E58000304621F03FFD2561204670BDD06505086D
:10E590000430E9F73BBA0430E9F742BA70B5051D1B
:10E5A000284614460E46E9F73BFA844228BF044643
:10E5B000224628463146E9F73DFA204670BD70B53F
:10E5C000051D284614460E46E9F720FA844228BF66
:10E5D000044624B1224631462846E9F74FFA204640
:10E5E00070BD38B5051D28460C46E9F70FFA844280
:10E5F00028BF04461CB121462846E9F75DFA2046AB
:10E6000038BD0430E9F75EBA014B83ED000A70476C
:10E61000100100100E49CB69B3B10E4B5A8D40F674
:10E62000E4435A43CB699A420ED3CB6913B1CB6909
:10E63000B2FBF3F3434340F6FF72B3FBF2F307EE92
:10E64000903AB8EEE70A70479FED030A704700BFA3
:10E65000E02A0120007AFF1F0000000008B5074BE8
:10E660005868FFF7D7FF064BD3ED007A20EE270A54
:10E67000FDEEC07A17EE900A08BD00BFD82A01202F
:10E680001001001008B5074B1868FFF7C3FF064BD1
:10E69000D3ED007A20EE270AFDEEC07A17EE900A3D
:10E6A00008BD00BFD82A012010010010244B2DE91D
:10E6B000F041D3F80080B8F1000F3ED0214F3B78F5
:10E6C000002B3AD1FFF7CAFF0446FFF7DBFF1E4BD2
:10E6D0001B68A34201DD83422FDC1C4B1C4D1B68D1
:10E6E0002A781C4E0344A3420CDBA0450ADB7AB116
:10E6F000194B1B680344A3420ADB00232B703360D1
:10E700002A7813E001232B7012B9E0F719FE30606C
:10E710003368002BF4D0E0F713FE3368C01A41F2DF
:10E7200088339842ECD901233B700022BDE8F041C8
:10E730000A484FF48061E2F771BABDE8F08100BF8A
:10E740001C010010302B01200C01001018010010DA
:10E75000312B01202C2B012014010010001002404D
:10E76000194B986910B558B3D86948B3174C618DE7
:10E7700040F6E4425143DA69914222D39869DA695A
:10E7800012B1DA69B1FBF2F2A18D504340F6E443D5
:10E79000B0FBF3F05023401A5843E38D5B1A90FB13
:10E7A000F3F00B4BD3E901128A42BCBF01329A60ED
:10E7B0001A6899681E30801A90FBF1F010441860B6
:10E7C00010BD0020FCE700BFE02A0120007AFF1FF7
:10E7D000002B01202DE9F04387B002AB18200093F5
:10E7E00021F08CFC1725154C1549009006462A4649
:10E7F00000270295EFF740FB02234FF00309237136
:10E80000F77504F110031820A3600195C4F8009077
:10E8100021F074FC80462A463146A0602561EFF75E
:10E820002BFB88F817706846E560EDF7E3FD054BB4
:10E83000C3E900799F6007B0BDE8F0830C2B01208D
:10E840003B2D0508002B012008B50248EDF7D2FD4D
:10E8500008BD00BF142B0120F7B502AB03E9060089
:10E860000023C0E900338360D50013460B4AB2EBA6
:10E87000C30F04460F4602D2094821F052FF284632
:10E880000DB121F03BFC46192060A6602A463946AE
:10E89000DDF726FE2046666003B0F0BDF8FFFF7F7F
:10E8A000661A05082DE9F04F91B04FF48053DFF858
:10E8B00080A1ADF82C304FF480730DF128080327A8
:10E8C00006ADADF834304FF40073404CDFF864B15E
:10E8D000ADF83C3001262B463A4641465046CDF82D
:10E8E00028B009970C940E94CDF82080FFF7B4FF60
:10E8F0005246374B374900963748FAF7F5FDCDE9D0
:10E9000006874FF01009CDF830B0CDF838B0334B52
:10E91000DFF824B10A930DEB090A022395E80600FB
:10E92000ADF83C30002553465846ADF82C90ADF874
:10E930003460FFF791FF5A46294B2A4900952A482F
:10E94000FAF7D2FD254B0A93CDE904874FF4004333
:10E95000264FADF82C300423ADF8343008239AE864
:10E960000600ADF83C30384603AB0C940E94FFF72C
:10E9700073FF3A46164B1E4900961E48FAF7B4FD3F
:10E980001D491E48FEF794FA1D491E48FEF790FAED
:10E990002B461D4A1D491E48F9F736FD1D4B1E4AE0
:10E9A0001A604FF480529A801C4B1D4A1C60A3F8D9
:10E9B00004901C4900951C48F1F742F81B4B40227B
:10E9C0001C609A8011B0BDE8F08F00BF000C0240BF
:10E9D00080DE8002B40A01200C2D012000000240DC
:10E9E00000BD01050C0B0120CC2C0120C02C012006
:10E9F0005C0A01208C2C012004050120642C0120DC
:10EA00004C0501203C2C012044660508700B0120B8
:10EA1000D42B0120CC2B012000100240C42B01205C
:10EA200020010010C40B01203C2B0120342B0120BD
:10EA3000402D012000040240002D012008B50F48A0
:10EA4000F0F772FF0E48F9F745FC0E48FEF7E4F9BF
:10EA50000D48FEF7E1F90D48FAF7E2FE0C48FAF727
:10EA6000D4FE0C48FAF7DCFE0B48FAF7CEFE0B4852
:10EA7000FAF7D6FE0A48FAF7C8FE08BD3C2B01207B
:10EA8000D42B01203C2C0120642C01208C2C012053
:10EA9000C02C0120CC2C0120002D01200C2D0120A8
:10EAA000402D012005207047052070470520704744
:10EAB00070470000034A034692E8030083E803001E
:10EAC000184670472C010010A1F13801FFF7F2BF82
:10EAD000A1F11C01FFF7EEBF10B5064B0360044621
:10EAE00001464068F9F701FE2046F9F7E9FB2046A8
:10EAF00010BD00BF0C67050810B50446FFF7ECFF1A
:10EB000020461C2121F07CFA204610BD0846F9F76A
:10EB1000B4BD012280F8F8200846F9F7CFBD000007
:10EB20002DE9F04190F85C40054600F1580604B329
:10EB300095F8E04095F8E83004F0070444EA4324EF
:10EB4000AB7ADB0003F038031C436B7A9B0103F4C0
:10EB5000E07330461C43ECF7BDF9ECF7D1F924B271
:10EB600044EA802189B2BDE8F0414FF42470FEF7F9
:10EB7000B1BF90F8A0301B07DAD50D4F2B6E042BD8
:10EB800028BF04239C4207F10407D1D26B6F37F8EA
:10EB9000040C33F83410FEF79DFF6B6F37F8020C4E
:10EBA0004FEAC408434401349988FEF793FFE5E730
:10EBB00020680508A0F12400FFF7B2BF08B503469E
:10EBC00078B1084A904206D9074A904201D921F00B
:10EBD000A2FD21F09DFD30205843BDE8084021F002
:10EBE0008DBA08BDAAAAAA025555550507B501A9AF
:10EBF000E7F7E6FF019B4BB14FF0E0234FF0805267
:10EC0000C3F8042DBFF34F8FBFF36F8F03B05DF8D0
:10EC100004FB43688B4239D190F8F830012B35D092
:10EC200090F8F830022B0DD1B0F8DE305BBAA0F8C6
:10EC3000DE301B0402D5042380F8F830D0F8A80099
:10EC4000FFF7D4BF90F8F830052BF7D190F8E82003
:10EC5000B0F9DC305BBA1BB2A0F8DC303AB923EA79
:10EC6000E3735B00A3F5FF437F3BA0F8DC3090F833
:10EC7000E120D0F8EC30B0F9DC1043F8221090F825
:10EC8000E130013380F8E1300323D5E77047436872
:10EC90008B420ED190F8F830012B0AD090F8F83062
:10ECA000032B04BF022380F8F830D0F8A800FFF748
:10ECB0009DBF7047174B03F1440210B5C26103F1C9
:10ECC0006002426203F178020360826303F1D002C2
:10ECD000E03304468265C0F8A430D0F8EC0020B1DF
:10ECE000D4F8F410091A21F08BF904F1A400FEF70E
:10ECF00065FE04F15800ECF7ADF804F13800F2F7C6
:10ED000043FF04F11C00ECF71BFD2046FFF7E4FE77
:10ED1000204610BD30670508A0F15800FFF7CABFB4
:10ED2000A0F13800FFF7C6BFA0F12400FFF7C2BF73
:10ED3000A0F11C00FFF7BEBFA0F1A400FFF7BABF0F
:10ED400010B50446FFF7B6FF2046FC2121F058F924
:10ED5000204610BDA0F1A400FFF7F2BFA0F15800BB
:10ED6000FFF7EEBFA0F13800FFF7EABFA0F12400E3
:10ED7000FFF7E6BFA0F11C00FFF7E2BF2DE9F0416D
:10ED800004460F4602F108054FF00008BC42A5F109
:10ED9000080001D1BDE8F081264645F8085C56F828
:10EDA000083BB3421ED16268314601322846DDF786
:10EDB00097FB636845F8043CD4E90623C4E900687E
:10EDC00084F80880C5E90423D4E90823C5E90623AB
:10EDD00094F8283085F820302046EDF70BFB3034CE
:10EDE0003035D3E745F8083CA3682B60E1E7000025
:10EDF00070B504460D461646F9F792FC0A4B0B4ACD
:10EE00002672C4E90035042363720223A37200232F
:10EE1000C4E9033347F6FF732846C4E905232146B6
:10EE2000F9F78CFB204670BD0C67050883850080D0
:10EE30007FB5044640680D461646F9F7F8FB0123F6
:10EE40000222CDE90223CDE900362146227A60680C
:10EE50002B46F9F7A5FB04B070BD30B552BA85B0AA
:10EE60000446428340680D46F9F7E1FB0123022284
:10EE7000CDE9022304F11A02CDE900322146227ABB
:10EE800060682B46F9F7ACFB05B030BD4B1EDBB21A
:10EE90009AB1022B18D80F4A32F81320837A417A9C
:10EEA0005B0243EA41131A4342F4014242F0030277
:10EEB00092B282820121FFF7D0BF022B06D80A034B
:10EEC00002F5804292B2E9E70022E7E74FF4804280
:10EED000E4E700BF9866050810B50446E0F730FA8D
:10EEE000C4F8E4006068F9F7E9FB002384F8E13036
:10EEF000012384F8F83010BD08B50446012500262A
:10EF000094F8F83013B92046FFF7E6FF4FF0FF31D1
:10EF10000120E7F7A1FD94F8E11094F8E0308B426E
:10EF200022D994F8F830032B05D194F8E820204634
:10EF3000FFF7ACFFE4E794F8F830022B09D1012089
:10EF4000E7F7F6F804F1DE0201212046FFF770FF33
:10EF5000D6E794F8F830042BD2D1052384F8F830A2
:10EF600004F1DC020021F0E784F8E160E0F7E8F961
:10EF700084F8F850C4F8E400C2E7A0F1A400FFF759
:10EF8000BBBF00002DE9F047D0E901439C42054694
:10EF9000884614D00A78002304F10801C4E9062346
:10EFA0002372C4E9001300220023C4E908230223CA
:10EFB00084F82830436830334360BDE8F0871C4A4A
:10EFC0000121ECF705F92F688146FFF7F7FDA4EB67
:10EFD000070A00EB0A0398F800100646002203F126
:10EFE000080046F80A00C3E906125A601A720020A7
:10EFF00000210222C3E9080183F828202146324675
:10F000003846FFF7BBFE214600F130022046FFF7ED
:10F01000B5FE044627B1A9683846C91B20F0F0FFA9
:10F020003023C5E9006403FB0966AE60C5E700BF95
:10F03000321B050813B5044901AA0446EEF728FF60
:10F04000204602B010BD00BF7D2D0508A1F138019A
:10F05000F0E700BF10B588B0044601AA02A8EEF799
:10F0600017FF02A92046EEF76BFF00220023C4E938
:10F070000623C4E90823032384F8283002A8EDF707
:10F08000B9F908B010BD10B588B0044601AA02A8AD
:10F09000EEF7FEFE02A92046EEF752FF0022002303
:10F0A000C4E90623C4E90823032384F8283002A80E
:10F0B000EDF7A0F908B010BD2DE9F84390F8F8304D
:10F0C000012B04460FD14068F9F7AAFA034650B95C
:10F0D000032284F8E10084F8F82001460222D4F8E3
:10F0E000A800E7F7F1FCE0F72BF9D4F8E430C01AF8
:10F0F000B0F57A6F08D90023D4F8A80084F8F83066
:10F1000002221946E7F7E0FCD4E93B79E06A636B39
:10F11000A9EB07061B1AB34204F12C0821D2234B9A
:10F120009E4201D921F0F7FA304620F0E7FF494628
:10F13000024605463846ECF7E9F9E06A18B1616B1A
:10F14000091A20F05DFFE56235446563E36A3344E4
:10F1500004F1580023634146ECF7EAF94046BDE864
:10F16000F883226B121A964205D802464946384661
:10F17000ECF7CCF9EAE7042A10DD394619F038F843
:10F18000D4E90B30D4F8EC50D4F8F020C31AE918C5
:10F19000521A042A06DD19F02BF8D7E704BF3B68A2
:10F1A0000360EDE704BFEB580360CFE7FCFFFF7F90
:10F1B000A0F11C00FFF780BF2DE9F74F06468846F7
:10F1C0000D4614462AB3D0E90172D21BB4EBA20F4C
:10F1D00044D8A7EB010AB4EBAA0FD3F800904FEA8A
:10F1E000AA0222D24FEA840AA7EB84043A4639469F
:10F1F0002046FBF7B6F87368A4EB08025344042AD0
:10F20000736009DD4146B81A18F0F2FFC244AA45FE
:10F2100008D103B0BDE8F08F04BFD8F8003047F83C
:10F22000043CF3E745F8049BF1E7A21A14D007EB7E
:10F2300082023B469A420CD1726039464046FBF747
:10F2400090F8736853447360AF42E2D045F8049B72
:10F25000FAE743F8049BEDE73A46EDE7D0F800A063
:10F260006FF06041A7EB0A029010A1EBA20294425A
:10F2700002D9204821F055FA8442254638BF054678
:10F280002D18A8EB0A0B2DD275B38D4228BF0D4661
:10F29000A800019320F032FF019B814609EB0B028D
:10F2A0001B684FEA840B02EB840494421ED14A4649
:10F2B00041465046FBF755F8394600EB0B024046F5
:10F2C000FBF74FF80446BAF1000F05D0B16850467D
:10F2D000A1EB0A0120F094FE09EB8505C6E9009434
:10F2E000B56096E70D46D3E7A946D7E742F8043B59
:10F2F000DBE700BF972D0508F8B50E46D0E90051B1
:10F300004F1BBF10BE42134603D9F21BFFF754FF39
:10F31000F8BDFDD205EB86058D4218BF4560F7E7C5
:10F3200037B5002A0CBF04230223012938BF01216D
:10F33000994228BF1946044680F8E82080F8E0107A
:10F34000002501AA2C300195FFF7D6FF94F8E010B4
:10F35000019501AA04F1EC00FFF7CEFF03B030BD28
:10F3600090F8A0301B0773B5044607D5284E00253A
:10F37000236E042B28BF04239D422FD301220DF1BD
:10F3800002014FF42470FEF7D3FB28B3BDF802103E
:10F390002046C1F3402201F00701FFF7C1FFBDF88D
:10F3A0000200C0F3C203052B28BF0523A372C0F3DC
:10F3B00082136372800AEBF795FD8DF80400C0F3A9
:10F3C0000723C0F307408DF806008DF8053001993A
:10F3D00004F15800EBF780FD02B070BD30880122C7
:10F3E0000DF10201FEF7A4FB78B17088012201A99A
:10F3F000FEF79EFB48B1636FBDF9021043F835106C
:10F4000003EBC502BDF90430536001350436AFE7A4
:10F4100020680508A0F12400FFF7A2BF2DE9F04302
:10F4200004468DB004F11C053F49482204F138061A
:10F43000FFF7DEFC2846ECF76DF901273B49002376
:10F4400043223046F2F752FE33462A46CDE9027790
:10F45000CDE90077042104F15800EBF7BDFD04F17C
:10F46000A40905AA324906A8EEF712FD06A9192338
:10F4700040224846FEF7BEFA06A8ECF7BBFF2D4B2C
:10F48000236003F14402E26103F16002626203F16E
:10F4900078020025A26303F1D002E033C4F8A4305F
:10F4A000C4E93B55A265A4F8DE50C4F8E45084F8E2
:10F4B000E850C4F8F45084F8F8503046A4F8E070EE
:10F4C000F2F7ACFE4FF0030894F8E82094F8E0104F
:10F4D0002046FFF725FF2A463046174B1749CDF83F
:10F4E0000080F2F733FE0B253A463046144B15499F
:10F4F000CDF80080F2F72AFE3046134B13490095F1
:10F500000222F2F723FE124B124900954246304682
:10F51000F2F71CFE2046FFF723FF4846FEF71AFAD3
:10F5200020460DB0BDE8F083D42B0120AE2D050898
:10F53000B82D050830670508C02D0508EE2D050813
:10F54000F52D05081F2E0508242E0508242405087E
:10F55000342E0508B03305080B682DE9F047054641
:10F560001446032B00F2E980DFE803F0025B14BCD1
:10F570000B6A022B06D190F8E820097C2846FFF799
:10F58000CFFE0FE0012B0DD100F1E0012046FFF787
:10F59000F9FC07E00B6A022B07D10B8A052B28BF69
:10F5A000052383720120BDE8F087012B02D100F111
:10F5B0000A01EBE7082BF5D1D4E901739F4207D08C
:10F5C00061493846FFF75FFD636830336360E9E700
:10F5D00001215E4A2046EBF7FBFD26688046FFF7D7
:10F5E000EDFAA7EB0609054657494844FFF74BFDDE
:10F5F00039462A463046FFF7C1FB394600F1300252
:10F600003846FFF7BBFB074626B1A1683046891B89
:10F6100020F0F6FC3023C4E9005703FB0855A56031
:10F62000C0E70B6A022B08D1D1E90432134390F8EA
:10F63000E01014BF01220022A0E7012BB2D1D4E9CF
:10F640000162964211D090F8E820002306F10801EB
:10F65000C6E90623C6E90013337200220023C6E977
:10F660000823022386F82830AEE71946374A204699
:10F67000EBF7AEFDD4F800808146FFF79FFAA6EBCA
:10F68000080A00EB0A0395F8E8100746002203F188
:10F69000080047F80A00C3E906125A601A720020EF
:10F6A00000210222C3E9080183F8282031463A46A6
:10F6B0004046FFF763FB314600F130023046FFF76A
:10F6C0005DFB0546B8F1000F05D0A1684046A1EBEF
:10F6D000080120F095FC3023C4E9007503FB09778D
:10F6E000A7605FE70B6A022B05D10B8A072B28BFA7
:10F6F0000723437256E7012B02D100F1090145E7C8
:10F70000082B7FF44FAFD4E901739F4204D0104916
:10F710003846FFF79FFC57E70C4A01212046EBF7DC
:10F7200057FD26688046FFF749FAA7EB060905460C
:10F7300007494844FFF78EFC5AE722465830BDE897
:10F74000F047EBF72DBE00BF442E0508321B05081D
:10F750007A2E0508A0F13800FFF7FEBE01207047A1
:10F76000012070470120704710B5074B036003F17B
:10F770003002826003F148026C330446C2610362C6
:10F7800000F04AFB204610BD6C690508A0F1080096
:10F79000EAE7A0F11C00E7E7A0F12000E4E700BFE2
:10F7A00010B50446FFF7E0FF2046502120F028FC6A
:10F7B000204610BDA0F10800F2E7A0F11C00EFE721
:10F7C000A0F12000ECE700001AB1012A04D00020CB
:10F7D0007047024B0360FAE70160F8E75C690508CF
:10F7E0001AB1012A04D000207047024B0360FAE7E7
:10F7F0000160F8E7FC6805081AB1012A04D000206E
:10F800007047024B0360FAE70160F8E7A06805085B
:10F8100010B5FC2020F072FC0446FFF7FFFD04F158
:10F820001C0010BD10B5502020F068FC08210446D3
:10F8300000F002FC054B236003F13002A26003F1EB
:10F8400048026C33E2612362204610BD6C690508F2
:10F8500010B58C2020F052FC044606F053FF2046E1
:10F8600010BD000038B500F10803044603601A20FB
:10F8700020F044FC1923A360094B2060024603F1E9
:10F88000180153F8045B42F8045B8B42F9D11B78F2
:10F8900013701923636000234376204638BD00BFF0
:10F8A000D12E0508A1F12001DCE700BF2DE9F843C6
:10F8B000894602F1180400F118050026A5F1180385
:10F8C0009945A4F1180802D14046BDE8F88355F8DF
:10F8D000183C44F8183CA4F1100735F8143C24F8FF
:10F8E000143C44E9046644F8086C3846EDF73BFEE6
:10F8F00055F8083C44F8046C63B10222A5F11001EC
:10F900003846984755F8043C44F8043C55F8083C00
:10F9100044F8083CC8E90666C8F820602046EDF7C0
:10F9200022FEAB68E6603BB102222946204698479A
:10F93000EB68E360AB68A36028342835BEE70000BD
:10F9400070B59EB000242C4B009302A8CDE9024470
:10F95000ADF804400494EDF706FE284B28490593C2
:10F9600006A8284B0493EDF703FE274B0A930CA837
:10F970000123CDE90C44ADF82C300E94EDF7F3FDE6
:10F98000224B23490F9310A8224B0E93EDF7F0FD65
:10F99000214B149316A80223CDE91644ADF8543038
:10F9A0001894EDF7E0FD1D4B1D4D1E4919931AA843
:10F9B0001D4B1893EDF7DCFD7820C5E90044AC60E1
:10F9C00020F09CFB6E4600F17803024628601EA9D9
:10F9D0003046AB60FFF76AFF1EAC6860283C04F15C
:10F9E0001800ECF7EEFD04F10800ECF7EAFDB44274
:10F9F000F4D11EB070BD00BF8C01001051F8020898
:10FA000061F70208F9F702083401001025F802082E
:10FA10005DF70208E1F702082C01001011F8020856
:10FA20004C2D012065F70208C9F7020870B50C4D8E
:10FA3000D5E90046A64207D1286878B1A968BDE893
:10FA40007040091A20F0DCBA04F11800ECF7B9FD97
:10FA500004F10800ECF7B5FD2834EBE770BD00BFFA
:10FA60004C2D012001207047012070470120704774
:10FA7000012070471AB1012A04D000207047024BC0
:10FA80000360FAE70160F8E7E46B05081AB1012AA0
:10FA900004D000207047024B0360FAE70160F8E7EA
:10FAA0008C6B05081AB1012A04D000207047024B64
:10FAB0000360FAE70160F8E7306B05081AB1012A24
:10FAC00004D000207047024B0360FAE70160F8E7BA
:10FAD000D46A05081AB1012A04D000207047024BED
:10FAE0000360FAE70160F8E7786A050810B5582066
:10FAF00020F004FB044601F001FD204610BD10B5C6
:10FB0000A02020F0FBFA04460BF030FF04F12C009B
:10FB100010BD10B5AC2020F0F1FA04460EF0F2F959
:10FB2000204610BD10B5902020F0E8FA40F20622E1
:10FB300040F2012104460DF0B5FA084B236003F1B1
:10FB40003402A26003F14C02A43304F110002261DC
:10FB500023630021F1F74FFC204610BD08900508F3
:10FB600010B5502020F0CAFA044607F0A7F8204646
:10FB700010BD2DE9F843894602F1180400F118057B
:10FB80000026A5F118039945A4F1180802D14046B2
:10FB9000BDE8F88355F8183C44F8183CA4F1100768
:10FBA00035F8143C24F8143C44E9046644F8086C25
:10FBB0003846EDF7D8FC55F8083C44F8046C63B1BE
:10FBC0000222A5F110013846984755F8043C44F844
:10FBD000043C55F8083C44F8083CC8E90666C8F8F7
:10FBE00020602046EDF7BFFCAB68E6603BB1022227
:10FBF000294620469847EB68E360AB68A360283449
:10FC00002835BEE770B5B2B000243F4B009302A880
:10FC1000CDE90244ADF804400494EDF7A4FC3B4B5D
:10FC20003B49059306A83B4B0493EDF7A1FC3A4BE7
:10FC30000A930CA80123CDE90C44ADF82C300E94A6
:10FC4000EDF791FC354B36490F9310A8354B0E93C9
:10FC5000EDF78EFC344B149316A80323CDE916441C
:10FC6000ADF854301894EDF77EFC304B30491993C1
:10FC70001AA8304B1893EDF77BFC2F4B1E9320A84E
:10FC80000423CDE92044ADF87C302294EDF76BFCE1
:10FC90002A4B2B49239324A82A4B2293EDF768FC87
:10FCA000294B28932AA80523CDE92A44ADF8A4308E
:10FCB0002C94EDF758FC254B254D26492D932EA865
:10FCC000254B2C93EDF754FCC820C5E90044AC60EB
:10FCD00020F014FA6E4600F1C8030246286032A9EB
:10FCE0003046AB60FFF745FF32AC6860283C04F15A
:10FCF0001800ECF766FC04F10800ECF762FCB44273
:10FD0000F4D132B070BD00BF9401001061FB020855
:10FD100069FA0208D5FA0208EC01001025FB020876
:10FD2000A9CD0308BDFA0208F401001013FB020874
:10FD30006DFA0208A5FA0208D4010010FFFA0208C1
:10FD400071FA02088DFA020844010010EDFA020867
:10FD5000582D012065FA020875FA020870B50C4D9D
:10FD6000D5E90046A64207D1286878B1A968BDE860
:10FD70007040091A20F044B904F11800ECF721FC96
:10FD800004F10800ECF71DFC2834EBE770BD00BF60
:10FD9000582D0120034A034692E8030083E803003C
:10FDA0001846704734010010A1F12001FFF7F2BF9F
:10FDB000537D2DE9F0434BB9D76890F84EC0C7F397
:10FDC0000A0702F1FF3ED9B28C4501D8BDE8F083A5
:10FDD000016C1944B94201D00133F4E790F84C802A
:10FDE0009E000121B045F7DD14698C42F4D91EF85C
:10FDF000014012F80190056944EA0924023124B255
:10FE0000092945F8264006F10106EBD1E4E7A0F107
:10FE10001C00FFF7CDBF0000104B416C03F1300216
:10FE200010B50360826003F148026C3303624B1C1F
:10FE30000446C26104D0806C0368C9B29B6A9847CB
:10FE400004F12000F1F7A0FE04F11C00F0F74AFBDA
:10FE50002046EBF775FC204610BD00BF2C6C050852
:10FE6000A0F11C00FFF7D8BFA0F10800FFF7D4BF36
:10FE7000A0F12000FFF7D0BF10B50446FFF7CCFF7C
:10FE80002046502120F0BCF8204610BDA0F12000F3
:10FE9000FFF7F2BFA0F11C00FFF7EEBFA0F10800D2
:10FEA000FFF7EABF90F84C30016CDB02C1F30A01A6
:10FEB00003F4F04319434FF41C70FDF70BBEA0F19F
:10FEC0000800FFF7EFBF000008B5034678B1084A05
:10FED000904206D9074A904201D920F01CFC20F03C
:10FEE00017FC30205843BDE8084020F007B908BD92
:10FEF000AAAAAA0255555505F8B506460F46154655
:10FF000002F108030446BC4209D1174BA41B240983
:10FF10005C4324F07044302000FB0450F8BD2246BE
:10FF200043F8083C52F8081B914217D16268184602
:10FF30000132DCF7D5FA0346D4E90601626843F8DA
:10FF4000042CC3E90401D4E9080194F8282083F8BB
:10FF50002020C3E9060130343033D4E7A26843F8E7
:10FF6000081C1A60E8E700BFABAAAA0A30B5416CCA
:10FF70004B1C87B0044604D0806C0368C9B29B6AEE
:10FF80009847226CA06C0292002304930123ADF8E1
:10FF90001430D3185340DB4303930568059B00934B
:10FFA00002AB0ECB6D6AA8476064A06C03681B6946
:10FFB00007B0BDE83040184713B590F84D208A428D
:10FFC00028BF0A46531E48BF931C9B10013380F87C
:10FFD0004E3000230193D0E90431CC1AA410A24280
:10FFE00080F84C2006D901AB121B1030FFF7E4F863
:10FFF00002B010BDFCD203EB8203994218BF4361EB
:020000040803EF
:10000000F6E713B5012204460DF106014FF41C700A
:10001000FDF78EFD48B1BDF80610C1F30A03236455
:10002000C1F3C3212046FFF7C7FF02B010BDA0F106
:100030000800FFF7E6BF0000F7B5044604F120050D
:100040000F46EBF767FB04F11C00F0F7B3FA234906
:10005000002342222846F2F749F8214B236003F19E
:100060003002A26003F148026C33E26123626E2227
:100070004FF0FF33C4E910231A4B84F84D7001266A
:100080001B68A3642846032784F84C6084F84E60FC
:10009000F2F7C4F82846144B144900970022F2F7EF
:1000A00055F832462846124B12490097F2F74EF89F
:1000B000114B1249009602222846F2F747F82046D3
:1000C000FFF79FFF2046FFF751FF204694F84C10A2
:1000D000FFF772FF204603B0F0BD00BFEB2E05080E
:1000E0002C6C0508F8650508F52E0508AA450508D5
:1000F000242F05085C2F05083A2F0508592F0508FD
:100100002DE9F84F0E68012E07460B46144607D01E
:10011000022E61D0002E00F0B3800020BDE8F88FE1
:10012000096A012952D1D2E901539D4211D090F8B8
:100130004C20002305F10801C5E90013C5E9062399
:100140002B7200230022C5E90823022385F82830FA
:1001500056E06C4A2046EBF73BF8D4F80080814625
:10016000FFF7B2FEA5EB080A00EB0A0397F84C1064
:100170000646002203F1080046F80A00C3E9061209
:100180005A601A72002000210222C3E9080183F894
:100190002820294632464046FFF7AEFE294600F1A8
:1001A00030022846FFF7A8FE0546B8F1000F05D03B
:1001B000A1684046A1EB08011FF022FF3023C4E9EB
:1001C000006503FB0966A6600120A7E70229FBD1B1
:1001D000197CFFF7F1FEF7E7D2E901539D4213D0F6
:1001E00090F84D2085F82860002305F10801C5E945
:1001F0000623C5E900132B7200220023C5E908235A
:10020000636830336360DFE73E4A01212046EAF746
:10021000DFFFD4F800908246FFF756FEA5EB090BEE
:1002200000EB0B0397F84D108046002203F1080005
:1002300048F80B00C3E9061200200021C3E90801B9
:100240005A601A7283F82860294642464846FFF7EA
:1002500053FE294600F130022846FFF74DFE0546C1
:10026000B9F1000F05D0A1684846A1EB09011FF0C4
:10027000C7FE302303FB0A83C4E90085A360A3E71C
:10028000096A01292BD1D2E901539D4208D0036CA0
:100290002E7205F10802C5E90026C5E9063650E7C9
:1002A000184A2046EAF794FFD4F800908246FFF7F8
:1002B0000BFEA5EB090B00EB0B033A6C03F10801F5
:1002C00040F80B108046C3E90626002000210222D8
:1002D000C3E908015E601E7283F82820B4E7022992
:1002E0007FF472AF1A6990F84C309B08C3F5FF6336
:1002F000C2F30A0207339A4294BF02640364FFF711
:1003000035FE61E7321B0508A0F12000FFF7F8BEBB
:100310000120704701207047034A034692E803001A
:1003200083E80300184670473C010010A1F1080162
:10033000FFF7F2BFD0F8A0308B4201D1FEF78EB8A4
:100340007047A0F19800FFF7F5BF000008B503461D
:1003500078B1084A904206D9074A904201D920F064
:10036000DAF920F0D5F930205843BDE808401FF0F5
:10037000C5BE08BDAAAAAA025555550513460A1AB4
:10038000012A03DD0146981A17F032BF04BF027834
:1003900003F8012C7047000008B50368002B02DA4F
:1003A0000C4820F0BEF98B420AD9B3EB410F4FEA5B
:1003B000410205D2002AB6BF6FF00043026003601D
:1003C0000068013001D520F0A3F9BDE808401FF016
:1003D00095BE00BF4C1B050838B592F82410D0F824
:1003E000F8309942044628D100F1B003511EB830CC
:1003F00011F8015F03F8015B9842F9D1D368C4F8A2
:10040000BC301369C4F8C030137D84F8C430537D08
:1004100084F8C5309369C4F8C830D369C4F8CC30C7
:1004200092F8203084F8D03092F8243084F8D43018
:10043000FEF70AF8012384F89C3038BDA0F198003B
:10044000FFF7CABF002808B506D001DA20F060F92E
:10045000BDE808401FF052BE08BD0346006818B151
:100460009968091A1FF0CCBD70470000154B10B5F4
:1004700003F140020360983304468260C0F898306C
:10048000D0F8A00094F8D81003689B6A9847D4F875
:10049000A00003689B6C984704F58C70FFF7DDFFA4
:1004A000D4F8A40020B1D4F8AC10091A1FF0A8FDAC
:1004B00004F19800F0F716F8204605F099FF204661
:1004C00010BD00BF206D0508A0F10800FFF7CEBFEA
:1004D000A0F19800FFF7CABF10B50446FFF7C6FFAA
:1004E00020464FF492711FF08BFD204610BDA0F105
:1004F0009800FFF7F1BFA0F10800FFF7EDBF2DE96D
:10050000F04104460F4602F108054FF00008BC42D6
:10051000A5F1080001D1BDE8F081264645F8085C48
:1005200056F8083BB3421ED1626831460132284674
:10053000DBF7D6FF636845F8043CD4E90623C4E939
:10054000006884F80880C5E90423D4E90823C5E9D4
:10055000062394F8283085F820302046EBF74AFF30
:1005600030343035D3E745F8083CA3682B60E1E729
:1005700038B504469DF8140084F8E9000029D4F841
:10058000A000C4F8F030C4F8EC20B4BF012300236D
:100590009DF81050B4BF84F8E83084F8E830036860
:1005A000C4E93815BCBF21F00041C4F8E010DD6992
:1005B00004F1EC0204F1F40304F1E001A84718B9D6
:1005C000BDE83840FDF74ABF38BD000003460A4683
:1005D000D1E9000183E803000A499960D2E90301E7
:1005E000C3E90301918A998291699961D169D961BD
:1005F00092F8201083F8201092F8242083F8242009
:1006000018467047A4650508F7B500F108030446CD
:1006100003603E27002101A80197FFF7BDFE019E60
:1006200020600649A6603A460546EDF725FC002302
:100630002046AB55666003B0F0BD00BF6E2F0508C5
:10064000A1F10801E0E700BF2DE9F341D0F80480F3
:10065000044608EB02070E461546EFF770FA87428C
:100660000DD82DB120682A4631464044EDF704FCF0
:10067000236867600022DA5502B0BDE8F08100957A
:100680003346002241462046EFF7B1FBF0E7000079
:1006900008B54368C3F1FF43D1E9001203F5FF0336
:1006A00003F5FF437F339A4202D9034820F039F81B
:1006B000BDE80840FFF7C8BF402005082DE9F04F0E
:1006C00000F108060024BDB00660446004720746CD
:1006D0001546EFF734FA032853D979498E424BD1A6
:1006E000042300930194334622463146384620F0D5
:1006F00022F804237B603B6800221A71EC68012118
:10070000234642F20F7042F21072092B02D9632B7A
:1007100040D80131002203A805AE0396F1F7F0FEA0
:10072000DDE9039A0DF124086649C9224046DBF74A
:10073000D7FE09EB0A036421632C38D8092C85BF46
:100740003CAB03EB4404303414F8CB3C86BF14F8C4
:10075000CC4C89F80130E4B203A9384689F800404E
:10076000FFF796FF03A8EBF745FE7A68564BD34296
:100770002ED156481FF0D5FF04223046EDF77CFB02
:10078000B7E70423009322464D4B21463846EFF746
:100790002EFBAEE7B3F57A7F01D20231BAE783428E
:1007A00001D80331B6E70431B3FBF2F3ADE7B4FB94
:1007B000F1F001FB104204463CA800EB420212F8A3
:1007C000CB0C12F8CC2C03F8010C03F8022DB3E784
:1007D0003F4901223846FFF737FFD5E90045002D94
:1007E0004FEAD57902DA644265EB45052046294691
:1007F0004FF0010A42F2107B0A2871F1000305D381
:10080000642871F100032ED20AF1010A09EB0A01F2
:100810002D2203A80396F1F773FE039E2949C922EE
:100820004046DBF75DFE06EB090BDA44642C75F1FC
:1008300000032FD20A2C75F100053ED32419631C46
:1008400018F8044018F803308BF8013003A9384633
:1008500006F80940FFF71CFF03A8EBF7CBFD38466D
:100860003DB0BDE8F08FB0F57A7F71F1000302D2A0
:100870000AF1020ACAE7584571F1000302D20AF1EF
:10088000030AC3E742F210720023DCF725FD0AF1E8
:10089000040AB1E72046294664220023DCF71CFD48
:1008A0005200531C0D4618F803300AF8013C18F8A2
:1008B00002300AF8023D0446B8E73034E4B2C5E736
:1008C000AD2F0508641B05080100008040200508C5
:1008D0001826050810B504461046D4E900236FF029
:1008E00000449B1AE21A8A4201D21FF01AFF994271
:1008F00038BF19465B1804D2A34228BF23461846C6
:1009000010BD2046FCE700002DE9F843D0E9014383
:100910009C420546894606D00B7823704368013314
:100920004360BDE8F883104A0121FFF7D3FF2F6829
:100930008046FFF787FDE41B99F800300355002C33
:10094000064603DD2246394617F052FC0134344492
:1009500027B1A9683846C91B1FF052FBC5E90064DE
:100960004644AE60DDE700BF321B05082DE9F84FB5
:10097000D0E901439C4205468946904614D012684E
:10098000002304F10806D1E900012372C4E90063E1
:10099000C4E90823062384F828306B683033C4E99F
:1009A00006016B60BDE8F88F1B4A0121EAF710FCD5
:1009B0002F688246FFF7CAFCA4EB070B00EB0B0382
:1009C00099ED007BD8F800100646002203F10800DC
:1009D00046F80B00C3E908125A601A72062283F81F
:1009E0002820214683ED067B32463846FFF787FDF7
:1009F000214600F130022046FFF781FD044627B171
:100A0000A9683846C91B1FF0FBFA3023C5E900640A
:100A100003FB0A66AE60C5E7321B05082DE9F74FF8
:100A20000F68012F034614461DD0022F27D0002F38
:100A300040F087800A6A012A0AD103F1BC0203F15F
:100A4000B0012046FFF792FF012003B0BDE8F08F10
:100A5000202A78D1082301970093D1E904238968DB
:100A6000FFF786FDF0E70A6A012AE6D0022A6AD17A
:100A7000082300930197096900220023F0E70E6A1A
:100A8000012E55D1D0F8A00003685B6B9847D4E9DC
:100A900001539D42814611D005F108032B600023CC
:100AA0002B72C5E906036B6000220023C5E9082309
:100AB000636885F8287030336360C5E73146234AA0
:100AC0002046EAF785FBD4F800808246FFF73EFC1B
:100AD000A5EB080B00EB0B0303F1080240F80B2019
:100AE0000646002200200021C3E90801C3E906925E
:100AF0005A601A72294683F8287032464046FFF73A
:100B0000FEFC294600F130022846FFF7F8FC0546B6
:100B1000B8F1000F05D0A1684046A1EB08011FF015
:100B20006FFA3023C4E9006503FB0A66A6608BE711
:100B3000022E89D1D0F8A00009690368DB6A9847C2
:100B400082E7002081E702207FE700BF321B050813
:100B5000A0F10800FFF762BF10B50C1A012C134674
:100B600007DD01462246184617F042FB03461819D6
:100B700010BD04BF02781A70F9E710B50C1A012CE9
:100B8000134607DD01462246184617F031FB03469F
:100B9000181910BD04BF02781A70F9E7F7B502AB57
:100BA00003E9060000239A42C0E9003304460E46DA
:100BB0008360154601EB020702DA09481FF0B1FD18
:100BC0001046FFF73FFC054402462060A560394609
:100BD0003046FFF7D2FF6060204603B0F0BD00BF93
:100BE000661A05082DE9F041044688B005F08CFB33
:100BF00004F19800EFF7DEFC454B236003F140025F
:100C00009833C4F89830434BA2601F68424B434965
:100C10000025C4E92E354FF0FF330126C4F8D83043
:100C20003F4BC4F80031C4E92875C4E92A55C4E92A
:100C30002C55C4E93255C4E93855C4E93B5584F80C
:100C40009C50C4F8C050A4F8C45084F8D05084F824
:100C5000D45084F8DC60A4F8E85084F8EA50C4F872
:100C6000F85084F8FC5084F8045184F80851C4F812
:100C70000C312A4B02930DF110080423039384F8DE
:100C80001051434684F81451042204F58C70FFF788
:100C900085FFADF81C60CDE904553868079BC4F8A2
:100CA000A0700695009398E80E00D0F8248038468E
:100CB000C04704F108072123C4F8D80084F8046170
:100CC0002A46009338464FF00308164B1649F1F7B1
:100CD0003DFA32463846154B1549CDF80080F1F7FC
:100CE00035FA02223846134B1349CDF80080F1F74C
:100CF0002DFAD4F8A00003682946DB6B9847D4F896
:100D0000A00003685B6C9847204608B0BDE8F081FE
:100D1000206D0508F8650508A4650508E86C050858
:100D200020A10700B22F0508B9200508DA2F050811
:100D3000EB2F0508EF2F0508E23305082DE9F041F8
:100D400090F89C309EB00446002B50D000F1B001CA
:100D50000AA8FFF73BFC94F8147104AD002F54D09F
:100D60009DF83C30119A0D98BDF844100E9EADF8D8
:100D700012105B4203F000430343110C120E8DF876
:100D80001520ADF816301A0C1B0E8DF8193006F030
:100D90000F03F1208DF81A300B23ADF810008DF8F9
:100DA00014108DF8182003930B2201AB294614A8C8
:100DB0000295FFF7F3FE0027FBB2B34207F10107EC
:100DC00018D30026294614A88DF81060FFF79CFD63
:100DD000DDE914123046521AE6F7F4FF3046E6F722
:100DE000ADFF14A8FFF739FB002384F89C301EB038
:100DF000BDE8F08178336B44294613F8503C8DF8F8
:100E0000103014A8FFF780FDD6E70AA914A8FFF751
:100E1000DDFB14AA21462846FFF750FCDDE90486D5
:100E200016AB0F2E1493029606D9394602A8FFF787
:100E3000B3FA029B14901693149832464146EDF78C
:100E40001BF8029B149A15930021D15414A8F0F7B3
:100E50001FFC14A8EBF7CEFA2846EBF7CBFAC3E752
:100E600010B50C1A012C134607DD01462246184620
:100E700017F0BEF90346181910BD04BF02781A70A6
:100E8000F9E700002DE9F74FD0F800A0934204469F
:100E90000D4617469946A1EB0A0B1ED0A3EB02089C
:100EA000D0E90162921B904534D8A6EB010AD045E7
:100EB00018D2A6EB080A324631465046FFF7D0FF5B
:100EC000636843443246514663602846FFF756FA4A
:100ED0002A4649463846FFF73FFE2068584403B08B
:100EE000BDE8F08F07EB0A031846324649460193E6
:100EF000FFF732FE6268A8EB0A084244626031469E
:100F00002846FFF7ADFF6268019B524462601946B4
:100F10002A46DFE74146134AFFF7DCFC0190FFF762
:100F200091FA2946024680465046FFF799FF494606
:100F300002463846FFF710FE314602462846FFF7C4
:100F40008FFF0546BAF1000F05D0A1685046A1EB0E
:100F50000A011FF055F8019B4344C4E90085A360D2
:100F6000BBE700BF602305082DE9F04F0B78E72BA6
:100F70009BB004460F46914618D1012380F81431E6
:100F80003B78E72B01D0F12B14D1D9F800200025B4
:100F9000531B9D42294604D27B5C0135F12BEDB2F7
:100FA000F6D10023CDE91033129353E090F81431B9
:100FB000002BE5D14A46394620461BB0BDE8F04F2C
:100FC00005F067B905F1010C002117F805E007EB02
:100FD0000C03461B0A469A5CF12A03D04A1CD2B283
:100FE000B24216D3023551FA85F5119EEDB2BEF12B
:100FF0000C0F2FD8DFE81EF00F0041002E002E004E
:101000002E0064007D00B5002E00C1002E002E00D1
:101010000A011146DFE707281CD993F804A057F806
:101020000C805E7900200021CDE91601BAF1000F95
:1010300010D1082E324603F10601A8BF082216A8D7
:10104000DBF74EFACDE9006ADDE91623414620467A
:10105000FFF78EFAD9F80000A842B3D8DDE91012E4
:101060000020521AE6F7AEFE0020E6F767FE10A851
:10107000FFF7F3F91BB0BDE8F08FDEF761F94FF42D
:101080007A73584340F2F113ADF84C30030C8DF8ED
:10109000503013AB0893ADF84E000623000E0899AC
:1010A00009938DF8510007AB062216A8FFF776FDCD
:1010B000DDE91623314610A8FFF7E4FE16A84DE03F
:1010C000DA7893F90330D4F8A00057F80C10002B0D
:1010D000BCBFC2F3801384F804310368B8BFC2F305
:1010E0004012DB6AB8BF84F8FC2021F060419847C9
:1010F000B0E740F2F16394F8FC20ADF8583094F872
:10110000043143EA02138DF85A30D4F800318DF8D7
:101110005B301A0A8DF85C201A0C1B0E8DF85D20CE
:101120008DF85E3094F8082194F8103143EA0213E8
:101130008DF85F30D4F80C31189316AB0A930C235A
:101140000A990B930C2207AB13A8FFF727FDDDE9E3
:101150001323314610A8FFF795FE13A8FFF77DF97A
:1011600078E7324A0123CDE9132313AB0C9308230C
:101170000D930C9907AB082297E7D4E946A39A454B
:101180003FF468AF129A0392A3EB0A08921B9045B2
:10119000DDF840B011D8194632465046FFF7EDFC55
:1011A00006EB0802314630461192FFF759FE3246EF
:1011B00051465046FFF7E1FC4CE741461C4A059377
:1011C00010A8FFF787FB0490FFF73CF93146024671
:1011D00080465846FFF744FE059B02461946504696
:1011E000FFF7CBFC314602463046FFF739FE064694
:1011F000BBF1000F05D0039B5846A3EB0B011EF07B
:10120000FFFE049BCDE910864344CDE640F6F14352
:10121000ADF84C3094F8DC308DF84E3013AB0E93B3
:1012200003230F930E9907AB03223EE7F107010159
:1012300060230508034A034692E8030083E803009D
:101240001846704744010010A1F11401FFF7F2BFE6
:1012500090F8343030B56BB1D0E91445E243EB433C
:10126000C1E90023D0E9125415401C40C1E90054E3
:10127000807B30BDD0E91423F2E70000104BC16B36
:1012800003F1300210B50360826003F148026C3351
:1012900043614B1C0446026104D0006C0368C9B270
:1012A0009B6A984704F11400F0F76EFC04F11000FB
:1012B000EFF718F92046EDF7B5FF204610BD00BF47
:1012C000146E0508A0F11000FFF7D8BFA0F10800C8
:1012D000FFF7D4BFA0F11400FFF7D0BF10B504464C
:1012E000FFF7CCFF204658211EF08AFE204610BD95
:1012F000A0F11400FFF7F2BFA0F11000FFF7EEBF5E
:10130000A0F10800FFF7EABFC38990F8341010B5C8
:10131000013B044603F03F0343EA81114FF4187088
:10132000FCF7D8FBA16B40F26120BDE81040C1F38F
:101330000A01FCF7CFBBA0F10800FFF7E5BFD368B7
:10134000816BC3F30A03994208D1537D33B9136902
:10135000082B04BFD2E90023C0E914237047A0F191
:101360001000FFF7ECBF000008B5034678B1084A4B
:10137000904206D9074A904201D91FF0CCF91FF0DC
:10138000C7F930205843BDE808401EF0B7BE08BD7D
:10139000AAAAAA0255555505F8B506460F461546A0
:1013A00002F108030446BC4209D1174BA41B2409CF
:1013B0005C4324F07044302000FB0450F8BD22460A
:1013C00043F8083C52F8081B914217D1626818464E
:1013D0000132DBF785F80346D4E90601626843F879
:1013E000042CC3E90401D4E9080194F8282083F807
:1013F0002020C3E9060130343033D4E7A26843F833
:10140000081C1A60E8E700BFABAAAA0A30B5C16B96
:101410000446481C87B004D0206C0368C9B29B6A9C
:101420009847A36B02934FF6FF720023CDE9032385
:10143000206C0123ADF81430059B0568009302ABC6
:101440000ECB6D6AA847E063206C03681B6907B088
:10145000BDE8304018470000402910B5044607D9C0
:101460004023C3814FF0FF300146C4E9120110BD93
:101470000129084638BF01204029E081F2D0DBF77E
:101480000BFA9FED070B41EC110B1BF0BDFB51EC70
:10149000100B1FF065FA013861F10001E5E700BFAC
:1014A000000000000000004037B5044601220DF1A5
:1014B00006014FF41870FCF73BFB58B1BDF806501D
:1014C00005F03F0101312046C5F38015FFF7C4FF49
:1014D00084F8345001220DF1060140F26120FCF73E
:1014E00027FB20B1BDF80630C3F30A03A36303B0A2
:1014F00030BDA0F10800FFF7D7BF0000F7B50446E4
:1015000004F11405EDF77AFE04F11000EFF752F83C
:101510002349002325222846F0F7E8FD214B2360CC
:1015200003F13002A26003F148026C33226163616F
:1015300064224FF0FF33C4E90E231B4B1B68236466
:10154000FF220023C4E91223002700220023C4E95C
:101550001423284684F83470F0F760FE0326202315
:10156000E3813A462846114B11490096F0F7EEFD0B
:101570002846104B104900960122F0F7E7FD0F4B6B
:101580000F49009602222846F0F7E0FD2046FFF7BB
:101590008BFF2046FFF73AFF204603B0F0BD00BFA7
:1015A00019300508146E0508F8650508203005088F
:1015B00032300508393005089F1C050848300508F9
:1015C000AA4505082DE9F84F0E68012E07460B467F
:1015D000144661D0022E00F0BE80002E40F0FB8049
:1015E000096A012950D1D2E901539D4212D0C38921
:1015F0002E7205F10802C5E90026C5E9063600236A
:101600000022C5E90823022385F8283063683033B7
:1016100063603EE0724A2046E9F7DAFDD4F80090B4
:101620008246FFF7A1FEA5EB090B00EB0B0303F1CC
:10163000080140F80B10FA895E6080460021002006
:10164000C3E90801C3E9062602221E7283F8282096
:10165000294642464846FFF79FFE294600F13002E0
:101660002846FFF799FE0546B9F1000F05D0A1689D
:101670004846A1EB09011EF0C3FC302303FB0A839B
:10168000C4E90085A36004E0022902D1197CFFF7B8
:10169000E3FE0120BDE8F88F0A6A022A01D0202A61
:1016A00008D1D3E904231A4314BF0123002387F888
:1016B0003430EEE7012A02D0102A40F08E80D4E9BF
:1016C00001539D420AD097F83420002305F1080108
:1016D000C5E90013C5E906232B7290E7404A0121B2
:1016E0002046E9F775FDD4F800808146FFF73CFEFF
:1016F000A5EB080A00EB0A0397F83410064600220F
:1017000003F1080046F80A00C3E906125A601A728B
:10171000002000210222C3E9080183F8282029467D
:1017200032464046FFF738FE294600F1300228468F
:10173000FFF732FE0546B8F1000F05D0A16840461C
:10174000A1EB08011EF05CFC3023C4E9006503FB3B
:101750000966A6609DE7096A012932D1D2E90153E1
:101760009D420FD0826B85F82860002305F10801A7
:10177000C5E90623C5E900132B7200220023C5E941
:10178000082343E7164A2046E9F722FDD4F80090E3
:101790008246FFF7E9FDA5EB090B00EB0B03B96BE4
:1017A0008046002203F1080048F80B00C3E9061246
:1017B00000200021C3E908015A601A7283F82860EA
:1017C00046E702297FF465AF1B69C3F30A0383630D
:1017D000FFF71CFE5DE700205CE702205AE700BF30
:1017E000321B0508A0F11400FFF7ECBE034A0346C4
:1017F00092E8030083E80300184670474C0100108C
:10180000A1F10801FFF7F2BF10B50446B0F8C4100B
:1018100040F20110FCF75EF9B4F8C6104FF4817085
:10182000FCF758F994F83C31D4F83411DB0203F496
:101830006053C1F30A0119434FF49070FCF74AF961
:10184000D4F8381140F22110BDE81040C1F30A016C
:10185000FCF740B9A0F19800FFF7D6BF18B13023CC
:1018600059431EF0CDBB704708B5034678B1084A0E
:10187000904206D9074A904201D91EF04CFF1EF053
:1018800047FF30205843BDE808401EF037BC08BD74
:10189000AAAAAA025555550508B570B1B0F1005F66
:1018A00006D3B0F1804F01D31EF035FF1EF030FF9C
:1018B000BDE8084080001EF021BC08BD08B50368E3
:1018C000002B02DA0C481EF02CFF8B420AD9B3EB36
:1018D000410F4FEA410205D2002AB6BF6FF0004324
:1018E000026003600068013001D51EF011FFBDE801
:1018F00008401EF003BC00BF4C1B050837B504466A
:1019000048201EF0FBFB042300930B4A0B4B0C49B1
:101910000546FBF715FCD4F89400C4F8945010B1B8
:1019200003685B689847D4F8940003681B6903B0A8
:10193000BDE83040184700BF959E050834020010EE
:10194000E09E0508072928BF072180F83C110144C3
:1019500091F83D31C0F81831704737B5044601227F
:1019600000F1C40140F20110FCF7E2F8D4F8A03015
:10197000B4F8C4109B6804F1A005284698470122DA
:1019800004F1C6014FF48170FCF7D2F8D4F8A0300E
:10199000B4F8C6105B692846984701220DF106018C
:1019A0004FF49070FCF7C4F850B1BDF80610C1F3C5
:1019B0000A03C4F83431C1F3C2212046FFF7C2FF45
:1019C00001220DF1060140F22110FCF7B1F828B117
:1019D000BDF80630C3F30A03C4F8383103B030BD94
:1019E000A0F19800FFF7B9BF00F1080373B50446F2
:1019F00003600D4611B90E481EF090FE0846DAF756
:101A00003FFB0F280646019006D9002101A8FFF7E9
:101A100055FF019B2060A360324629462068ECF701
:101A20002BFA019B226863600021D15402B070BD83
:101A3000C31F050810B503490446FFF7D5FF20462C
:101A400010BD00BF61300508A1F10801F2E700BF39
:101A5000F7B500F10804032500952046284B2949D5
:101A60000022F0F773FB00952046274B27490122FF
:101A7000F0F76CFB022600952046254B25490222F3
:101A8000F0F764FB40F201172046234B23490096F0
:101A90000422F0F75BFB2A462046214B21490097A0
:101AA000F0F754FB009520461F4B20490522F0F724
:101AB0004DFB20461E4B1F4900970622F0F746FBC0
:101AC00020461D4B1D4900960722F0F73FFB0B23D4
:101AD0000093204601251A4B1A490822F0F736FBDD
:101AE0002046194B194900950922F0F72FFB184B96
:101AF000184900950A222046F0F728FB03B0F0BDF4
:101B00008230050897300508A0300508BB3005086D
:101B1000C4300508DB300508E4300508F930050855
:101B2000003105081D310508233105083A31050843
:101B30004331050860310508663105087B31050829
:101B400082310508B033050894310508AC31050829
:101B5000B2310508C93105082DE9F041044688B0C5
:101B60000D4604F0D1FB04F19800F7F7CDFB3D4B97
:101B7000019302AA3C4B029301A904F1A000F8F7DB
:101B800077F904F1DC07394902A8FFF72DFF1E237E
:101B90004FF4807202A93846FBF72CFF02A8EAF73F
:101BA00029FC334B236003F14402A26003F19C0241
:101BB000C4F8982003F1B402E433C4F8A020C4F8B8
:101BC000DC3001220023C4E94532C4E94733C4F8BC
:101BD000243184F83C31274BC4F8305164216E2203
:101BE000C4E94D121A68C4F83D219A889B79A4F87B
:101BF000412184F843312046FFF7AFFE2046FFF72E
:101C000027FFD4F81C21D4F824319B1A1C2B22D88E
:101C1000D4F820612020B61A1EF070FAD4E9478269
:101C2000A2EB0802002A05460ADD414616F0E0FA5A
:101C3000D4F824114046A1EB08011EF0E1F902E0BE
:101C4000B8F1000FF4D12E44C4F81C512035C4F86B
:101C50002061C4F824513846FBF77CFE204608B0CA
:101C6000BDE8F081582D01204C2D0120CF31050811
:101C7000186F05083C0D050810B5034B044619689C
:101C8000FFF76AFF204610BDF865050870B50446E9
:101C90000E461546B44201D1284670BD214628465D
:101CA000EDF714FFD4E90623C5E90623D4E9082398
:101CB000C5E9082394F8283085F828302046EAF74B
:101CC00099FB30343035E5E710B50446006818B1AB
:101CD000A168091A1EF094F9204610BD134B03F1B8
:101CE000440210B5826003F19C020360C0F89820A2
:101CF00003F1B402E4330446C0F8A020C0F8DC309D
:101D000000F58E70FFF7E0FF04F1DC00FBF756FEF4
:101D100004F1A000F8F704F904F19800F7F78CFA41
:101D2000204604F065FB204610BD00BF186F050873
:101D3000A0F1A000FFF7D2BFA0F19800FFF7CEBF3F
:101D4000A0F10800FFF7CABFA0F1DC00FFF7C6BF93
:101D500010B50446FFF7C2FF20464FF4A4711EF0F1
:101D60004FF9204610BDA0F1DC00FFF7F1BFA0F154
:101D7000A000FFF7EDBFA0F19800FFF7E9BFA0F1C9
:101D80000800FFF7E5BF0000F0B50368164682685B
:101D9000D21AB1EBA20F85B005460C461FD9B1F19E
:101DA000005F02D31F481EF0BCFC0846FFF774FD1D
:101DB000326800EB840403469C420DD12B680193EA
:101DC0006B680293C5E90004AB68AC6001A803939B
:101DD000FFF77AFF05B0F0BD43F8042BECE741684C
:101DE0003068CF1AB4EBA70F4FEAA7020AD81CB18C
:101DF00003EB84049C4212D1994218BF6B60E9E75F
:101E000043F8040B9942FBD1A21A316803EB82021A
:101E10009A4201D16A60DDE743F8041BF8E743F812
:101E2000040BE7E7661A050808B5EFF715FC08BDCF
:101E3000036A022B2DE9F0470C46914601D0202B76
:101E400004D10369C9F80030BDE8F087012B01D047
:101E5000102BF9D1D4E901539D4214D0D9F80020B8
:101E6000002305F10801C5E906232B72C5E900131B
:101E700000220023C5E90823022385F8283063687F
:101E800030336360E0E71D4A01212046E9F7A0F9FD
:101E900027688046FFF7E8FCA5EB070A00EB0A037A
:101EA0000646D9F8001003F10800002246F80A009F
:101EB000C3E906125A601A72002000210222C3E907
:101EC000080183F82820294632463846FFF7DEFE0F
:101ED000294600F130022846FFF7D8FEA168084BDA
:101EE000C91B0911054659433846FFF7B7FC302393
:101EF000C4E9006503FB0866A660A5E7321B050878
:101F0000ABAAAAAA2DE9F047D0E901439C420546B5
:101F1000894614D00A88002304F10801C4E9062385
:101F20002372C4E9001300220023C4E9082302231A
:101F300084F82830436830334360BDE8F0871D4A99
:101F40000121E9F745F92F688046FFF78DFCA4EBE6
:101F5000070A00EB0A030646B9F8001003F108006F
:101F6000002246F80A00C3E906125A601A720020DD
:101F700000210222C3E9080183F8282021463246C5
:101F80003846FFF783FE214600F130022046FFF776
:101F90007DFEA968084BC91B091104465943384600
:101FA000FFF75CFC3023C5E9006403FB0866AE6004
:101FB000C3E700BF321B0508ABAAAAAA2DE9F04F60
:101FC0000C469BB02E49DFF8BCB0DFF8BCA006463B
:101FD000FFF70AFD04F59E74002514F8013F02A8DE
:101FE0004FF47A71B1FBF3F1EAF74CFA594602A8C3
:101FF000EFF732FB014608A8EDF768FD29460EA869
:10200000EAF740FA08A8EDF79AFDDDF824800F9F63
:1020100008EB0709814529D90EA8EDF790FD814508
:1020200024D80022089BCDF8008011460EA8EDF7B9
:1020300039FF014614A8EDF749FDDDE914123046D9
:10204000EEF79EFC14A8EAF7D5F90EA8EAF7D2F944
:1020500008A8EAF7CFF9013502A8EAF7CBF9072D6E
:102060000AD051463046FFF7DFFEB6E70E993A46F2
:1020700008A8EEF785FCDCE730461BB0BDE8F08F22
:10208000E9210508DF3205085E4205082DE9F04F19
:102090000B68054697B0084614460A2B00F2918259
:1020A000DFE813F00B00140017002A009C00A400C6
:1020B000B10024012C01ED01240205F59A7221469C
:1020C000FFF7B6FE012017B0BDE8F08F05F59C7252
:1020D000F5E70B6A012B05D105F1C4012046FFF796
:1020E00011FFEFE7022BEDD1D5F8A0309B68018AF4
:1020F00005F1A0009847E5E7D5F8D430BE4EBF4FB4
:10210000D3E900584FF0000A18354FF0000BA5F145
:1021100018039845D6D055F8183C9B79022B04D06B
:10212000012B06D1B64B1B781BB935F8143CFF2B9D
:102130004CD10CAB0A9300238DF8303035F8141CC9
:102140000B9304A801238DF85030CDE910ABCDE9F5
:1021500012ABEAF797F9DDE904120AA8EEF710FCD2
:1021600004A8EAF747F90AA83146FFF75DFE2846BA
:10217000EBF712FA60BB35F8143CA249FF2B08BFFD
:1021800039460AA8FFF750FE31460AA8FFF74CFE71
:1021900055F8183C0AA81968FFF746FE2846EBF7E1
:1021A000FBF9B8B105238DF8503035F8143C002206
:1021B000CDE9123255F8183C9B88CDE91032204603
:1021C0000AA9ECF7F1F80AA8EAF714F928359EE70E
:1021D0003946D6E703238DF85030F0E70B6A022B1F
:1021E0007FF470AFD5F8A030DB6880E70B6A012B75
:1021F00002D105F1C60171E7022B7FF463AFD5F878
:10220000A0305B6973E7D5F8D8307B4E7B4FD3E9BC
:1022100000584FF0000A18354FF0000BA5F11803D5
:1022200098453FF44FAF55F8183C9B79022B04D0EA
:10223000012B06D1724B1B781BB935F8143CFF2BD0
:102240004CD10CAB0A9300238DF8303035F8141CB8
:102250000B9304A801238DF85030CDE910ABCDE9E4
:1022600012ABEAF70FF9DDE904120AA8EEF788FBD2
:1022700004A8EAF7BFF80AA83146FFF7D5FD2846BB
:10228000EBF78AF960BB35F8143C5E49FF2B08BFB9
:1022900039460AA8FFF7C8FD31460AA8FFF7C4FD72
:1022A00055F8183C0AA81968FFF7BEFD2846EBF759
:1022B00073F9B8B105238DF8503035F8143C00227D
:1022C000CDE9123255F8183C9B88CDE910322046F2
:1022D0000AA9ECF769F80AA8EAF78CF828359DE70F
:1022E0003946D6E703238DF85030F0E70B6A022B0E
:1022F0007FF4E8AED5F8A0309B69F8E6096A0129B9
:1023000054D1D4E901639E4214D095F83C210023B6
:1023100006F10801C6E90623C6E90013337200225C
:102320000023C6E90823022386F828306368303387
:102330006360C7E6344A2046E8F74AFFD4F80080D5
:102340008146FFF791FAA6EB080A00EB0A0395F81D
:102350003C110746002203F1080047F80A00C3E9D0
:10236000061200200021C3E908015A601A720222F5
:1023700083F8282031463A464046FFF787FC31462D
:1023800000F130023046FFF781FCA1681F4BA1EB42
:1023900008010911054659434046FFF75FFA30230B
:1023A000C4E9007503FB0977A7608BE6022904D115
:1023B000017C2846FFF7C6FA84E608297FF482AE3E
:1023C00029460AA8FFF7FAFDD4E901539D421FD020
:1023D0000AA92846EBF7B4FD00230022C5E906232D
:1023E000C5E90823032385F8283063683033636028
:1023F0000AA8E9F7FFFF65E618260508E74605087D
:10240000482A0120AE3E0508321B0508ABAAAAAA3D
:102410006D4A01212046E8F7DBFED4F800808146B2
:10242000FFF722FAA5EB0807074406460AA9384633
:10243000EBF786FD00220023C7E90623C7E908233E
:10244000032387F82830324629464046FFF71EFC12
:10245000294600F130022846FFF718FCA1685B4BC3
:10246000A1EB08010911054659434046FFF7F6F96B
:102470003023C4E9006503FB0966A660B8E7096A72
:1024800001297FF41FAED4E901639E420FD0D5E944
:102490004A0106F10803336000237360337200229F
:1024A0000023C6E90823C6E9060106233CE7464A9D
:1024B0002046E8F78DFED4F800808146FFF7D4F976
:1024C000A6EB080A00EB0A030746D5E94A0103F127
:1024D000080247F80A200022C3E906010020002173
:1024E0005A601A72C3E90801062241E70B6A012B00
:1024F0007FF4E8AD4FF0000AD04618E0D4E901625D
:1025000096421DD053F8293086F80880DA17C6E9BC
:102510000632062386F82830636806F10801303356
:10252000C6E90018C6E9089863600AF1010AD5E90E
:1025300047325FFA8AF9D21AB9EBA20FDED3C1E5AE
:10254000214A039301212046E8F742FED4F800B067
:102550000190A6EB0B010291FFF786F9039B02990C
:1025600053F829304218074602F1080CD81747F8EB
:1025700001C0C2E90630062382F828303146C2E99C
:102580000898C2F8048082F8088058463A46FFF757
:102590007DFB314600F130023046FFF777FBA16842
:1025A0000A4BA1EB0B010911064659435846FFF7A8
:1025B00055F9019A3023C4E9007603FB0277A7603E
:1025C000B3E700207FE500BF321B0508ABAAAAAA2B
:1025D000A0F10800FFF75ABD2DE9F04700220023C3
:1025E00000F1A008D0E94A650446C0E94A2300F595
:1025F000947186B04046F7F7F5FBD4E94AC7AF427D
:1026000008BFB44523D0664E0FCE01AD0FC5336869
:102610002B60D4F8343103930823049301AD0023D5
:10262000C3F12000A3F120012CFA03F207FA00F015
:10263000024327FA01F108330A43402B05F8012B26
:10264000EED1D4F83001036801A99B699847404650
:10265000F7F798FED0E90031C91AD4E947239B1A4D
:102660008B42054607D0002301AA891004F58E701D
:102670000193FFF789FB4A4F0FCF01AE0FC63B68AE
:1026800033604FF008090026D5E9008AAAEB080755
:10269000B6EBA70F4FEAA70027D304F58E739D4230
:1026A00020D0D4F81C31D4F82421D21ABA4251D205
:1026B000FFF7F2F85146024605464046E8F726FF86
:1026C000D4F81C0120B1D4F82411091A1DF098FC8B
:1026D000C4F81C513D44C4F82451D4F81C313B4487
:1026E000C4F8203106B0BDE8F087D4F8383103EBE8
:1026F0009603CDE90339002201AF9446D5E90001E4
:10270000B318DBB2091AB3EBA10F12D21BB201321C
:1027100050F82310D4F81C0150F8233039708B4244
:1027200018BF4FF0010C0912042A797007F1020753
:10273000E4D1BCF1000F0AD0D4F83001036801A93C
:102740009B6998471422002101A815F0F1FD043679
:10275000F6B299E7D4F82021D21A974205D81A4642
:1027600051464046E8F7D2FEB7E7042A0FDD41465E
:10277000184615F03DFDD4E947302E686A68C31A43
:10278000F118521A042A07DD15F032FDA5E704BF3F
:10279000D8F800201A60EEE704BFF35803609CE706
:1027A000440D0508D0F81421D0F8181101328A42DE
:1027B000C0F8142104D30022C0F81421FFF70CBF85
:1027C000704708B504460120E3F7B2FC2046FFF746
:1027D000E9FFF8E7A0F1DC00FFF7F3BF034A034687
:1027E00092E8030083E80300184670475401001084
:1027F000A1F14C01FFF7F2BF0320704790F8B5300C
:1028000070B504460D4603B14D422368D4F8BC6050
:102810009B6A204698472368761B9B6AB5FBF0F5B8
:102820002046C4F8CC509847B6FBF0F303FB106683
:10283000C4F8C06070BDD0F8AC300120984070473B
:1028400090F8B43070B5044673B9E830FBF73EF841
:10285000DCF776FDD4F8B830C01A022804D902217A
:1028600004F1F000FBF720F82368D4F8BC509B6A11
:10287000D4F8CC602046984794F8B53000FB065059
:1028800003B1404270BD13B50122044601A94FF4C3
:102890008260FBF74DF978B1BDF8043003F01F02F8
:1028A0000132C4F8AC20C3F341120132C3F3C013A8
:1028B000C4F8B02084F8B53001220DF1060140F2D1
:1028C0001140FBF735F9034608B1BDF80630D4F8DE
:1028D000AC20103A22EAE2729340C4F8C03002B051
:1028E00010BDA0F1A400FFF7CEBFD0F8B030D0F8F3
:1028F000AC1090F8B520013B01395B0121EAE17190
:1029000003F0600310B543EAC213044601F01F014F
:1029100019434FF48260FBF7DDF8D4F8AC30D4F8FB
:10292000C010103B23EAE3731941BDE8104089B29F
:1029300040F21140FBF7CEB8A0F1A400FFF7D5BFDD
:102940001A4B03F1500210B5C26003F18402036018
:10295000C26403F1DC02F4330446C266C0F8A4305A
:102960000021FFF74BFF124B206900211970F6F789
:102970001DFF04F1F000ECF76DFC04F1E800ECF74A
:1029800069FC04F1A400F6F757FC04F16C00FBF7B6
:1029900015F804F14C00EFF7F7F804F10C00F7F725
:1029A00095F82046F3F790F8204610BD5C700508B6
:1029B000642D0120A0F16C00FFF7C2BFA0F14C0014
:1029C000FFF7BEBFA0F10C00FFF7BABFA0F1A40053
:1029D000FFF7B6BF10B50446FFF7B2FF2046F82157
:1029E0001DF00EFB204610BDA0F1A400FFF7F2BFC2
:1029F000A0F16C00FFF7EEBFA0F14C00FFF7EABFBB
:102A0000A0F10C00FFF7E6BF0C30F6F7DFBEA0F137
:102A10000C00FFF7F9BF0C30F6F7E9BEA0F10C008F
:102A2000FFF7F9BF036890F8B520DB6910B50446DD
:102A300022B19847D4F8C030184410BD9847D4F854
:102A4000C030C01AF9E7000008B5034678B1084A5B
:102A5000904206D9074A904201D91DF05CFE1DF054
:102A600057FE30205843BDE808401DF047BB08BD65
:102A7000AAAAAA025555550507B5D0F8D030C0F816
:102A8000D830D0F8D430C0F8DC3001A9006FE4F7BA
:102A900097F8019B4BB14FF0E0234FF08052C3F801
:102AA000042DBFF34F8FBFF36F8F03B05DF804FBAE
:102AB000A0F10C00FFF7E0BF2DE9F04104460F46FE
:102AC00002F108054FF00008BC42A5F1080001D151
:102AD000BDE8F081264645F8085C56F8083BB3424D
:102AE0001ED16268314601322846D9F7F9FC636885
:102AF00045F8043CD4E90623C4E9006884F808805A
:102B0000C5E90423D4E90823C5E9062394F828304D
:102B100085F820302046E9F76DFC30343035D3E7B6
:102B200045F8083CA3682B60E1E700002DE9F0437D
:102B3000D0F8B03001699FED221ADFED220A022B96
:102B40008FB0804635D0032B36D0012B34D19FED8A
:102B50001E0A0CA8F7F770F8D8F80C300C9C5B6ACA
:102B600008F10C094846984701230221C0E90613E1
:102B7000002244628262426100F10C050372064643
:102B80000FCD6C46D8F80C700FC40FCD0FC495E86C
:102B9000070084E80700484696E80E00BC6AA04794
:102BA000D8F8100006F10C010FB0BDE8F043F6F7BD
:102BB000D9BC9FED060ACCE79FED050AC9E700BF27
:102BC0000000807F00000000007C124900B19E4997
:102BD00000B11E4A034B1B7813B90348F6F7E9BD51
:102BE00000207047642D01208C2C0120D0E9361282
:102BF00010B40BBA12BA00295ED0B3FA83F1A1F176
:102C000020048B4002FA04F42343C1F1200422FA89
:102C100004F4234333F0404C02FA01F208BFB2FA45
:102C200082F1D0F8AC4014BFBCFA8CF12031C1F174
:102C3000400104F109038B420FDA04F10A03C91AB7
:102C4000C1F120030CFA03F3CA401A43A1F1200397
:102C50002CFA03F31A432CFA01FCA31C012101FAFC
:102C600003F3A140940944EA8C64013B23400139F9
:102C700001EA9301C0F8C810C3F30560104980EA67
:102C80009370C3F38544085C6040C3F30534085C6B
:102C90004440C3F385100C5D604003F03F03085CC3
:102CA0005DF8044B4340CB5C5340DB4313F03F0FD4
:102CB0000CBF012000207047B2FA82F120319EE75C
:102CC000300900102DE9F04104464FF0010800F1F1
:102CD000E80700264FF0FF3101253846FAF7E4FDFA
:102CE000206984F8B45004F10C03082204F1D001E7
:102CF000F6F776FC4FF0FF312846E3F7ADFE2046AD
:102D0000FFF774FF70B3D4F8AC30013B9D40D4F8AA
:102D1000C830C4F8BC30B8F1000F03D0D4F8C020DC
:102D2000C4F8C420D4F8C420991AA94213DDD4F8F9
:102D3000CC20013AC4F8CC20C4F8C4304FF00008CD
:102D400084F8B460DCF7FCFAC4F8B80004F1F000D1
:102D5000FAF7BCFDBEE7D21AAA42EDDDD4F8CC20CA
:102D60000132E7E7D4F8E4300133C4F8E430E7E7B0
:102D7000A0F16C00FFF7A6BF37B500F14C040325A6
:102D80002046EFF74BFA20460E4B0F4900950022E4
:102D9000EFF7DCF920460D4B0D4900950222EFF7C5
:102DA000D5F9012300932A4620460A4B0A49EFF73A
:102DB000CDF90A4B0A49009504222046EFF7C6F9DF
:102DC00003B030BDF13105080432050809320508A9
:102DD000883305081E3205089E2B05082E3205088B
:102DE000763E0508F0B587B00446F2F7C3FE4548C5
:102DF000F6F7ACFB036843490CCB04F10C00F6F783
:102E0000ABFD41490023632204F14C00EFF76EF95A
:102E10003E4A02AB10689188009392790290072392
:102E200004F16C060025ADF80C108DF80E206946F3
:102E30004022019330462A238DF80F50FAF7DAFD2D
:102E40006846E9F7D7FA04F1A400F6F75DFA304BCB
:102E5000236003F15002E26003F18402E26403F1B3
:102E6000DC02F433E266C4F8A43016220323C4E97A
:102E70002B234FF48073A4F8B430432384F8E0305C
:102E80002946C4E92E55C4E93055C4E93255C4E990
:102E90003455C4E93655C4F8E45004F1E800FAF7B3
:102EA00029FD294604F1F000FAF724FD194B94F8A6
:102EB000E000194901221A70EBB2062203F0200744
:102EC0005B00DBB207B14340013A12F0FF02F5D1DB
:102ED0000135ADB2402D01F8013BEDD12046FFF7A1
:102EE000D2FC01212069F6F761FC2046FFF71EFEA7
:102EF0002046FFF741FF3046FAF72CFD204607B089
:102F0000F0BD00BF8C2C01203F3205084732050878
:102F10005C700508642D012030090010036A022B43
:102F20002DE9F0470C46904601D0202B04D10369CF
:102F3000C8F80030BDE8F087012B01D0102BF9D183
:102F4000D4E901539D4215D0D8F8003005F10802AC
:102F5000D9172A6000222A72C5E906316A60002367
:102F60000022C5E90823022385F82830636830333E
:102F70006360DFE71C4A01212046E8F729F927684A
:102F80008146FFF761FDA5EB070A00EB0A03D8F8BD
:102F90000020064603F1080146F80A10D017002168
:102FA000C3E9062059601972002000210222C3E9FA
:102FB000080183F82820294632463846FFF77CFD71
:102FC000294600F130022846FFF776FD054627B175
:102FD000A1683846C91B1DF013F83023C4E9006509
:102FE00003FB0966A660A5E7321B05080B682DE9FF
:102FF000F04705460E461446042B00F2C580DFE874
:1030000003F003C36F17860000F1AC02214630467F
:10301000FFF784FFD5F8AC30182B06DDD5F8B030BB
:10302000022B02DD0223C5F8B0300120BDE8F08795
:10303000D4E901639E4215D0D0F8E430D91706F1E7
:103040000802C6E906313260002272603272002343
:103050000022C6E90823022386F82830636830334B
:103060006360E2E7494A01212046E8F7B1F8D4F865
:1030700000808146FFF7E8FCA6EB080AD5F8E420BB
:1030800000EB0A03074603F10801D01747F80A10BE
:10309000C3E9062000215960197200200021022294
:1030A000C3E9080183F8282031463A464046FFF735
:1030B00003FD314600F130023046FFF7FDFC0546C6
:1030C000B8F1000F05D0A1684046A1EB08011CF043
:1030D00097FF3023C4E9007503FB0977A760A4E7D5
:1030E00000F1B00221463046FFF718FFD5F8B030A6
:1030F000012BB8BF0123032BA8BF0323C5F8B030B1
:10310000336A022B91D12846FFF710FD8DE70B6A39
:10311000022B01D0202B08D1D6E90432134314BF6F
:103120000123002385F8B5307FE7012B02D0102B57
:103130007FF47BAFD4E901639E420AD095F8B520B5
:10314000002306F10801C6E90013C6E9062333721D
:103150007DE70E4A01212046E8F73AF8D4F80080CE
:103160008146FFF771FCA6EB080A00EB0A0307464D
:1031700095F8B510002203F1080047F80A00C3E9EA
:1031800006125A601A7288E700204FE7321B0508C2
:10319000A0F14C00FFF72ABF034A034692E8030060
:1031A00083E80300184670475C010010A1F1140188
:1031B000FFF7F2BF0120704781607047144B03F1A5
:1031C0004C0210B5C26003F16002026103F17402A7
:1031D00003604261CC330F4A436300231370C26B18
:1031E0001268044613603430F6F726F804F1140030
:1031F000EEF7CAFC04F11000F9F744FD04F10C00ED
:10320000F3F774FA2046F2F75FFC204610BD00BFCA
:10321000B0710508652D0120A0F11400FFF7CEBFA5
:10322000A0F11000FFF7CABFA0F10C00FFF7C6BF66
:10323000A0F13400FFF7C2BF10B50446FFF7BEFF90
:10324000204650211CF0DCFE204610BDA0F13400C9
:10325000FFF7F2BFA0F11400FFF7EEBFA0F11000DE
:10326000FFF7EABFA0F10C00FFF7E6BF036810B557
:103270009B6A0446984781B24FF40470FAF72AFC1F
:1032800094F84D1009B1B4F84010BDE8104040F278
:103290001120FAF71FBCA0F13400FFF7E7BF37B5E4
:1032A00004460025012201A94FF40470ADF8045032
:1032B000FAF73EFC10B1BDF80430A36001220DF115
:1032C000060140F21120ADF80650FAF731FC40B18A
:1032D000BDF80630A4F84030003B18BF012384F845
:1032E0004D3003B030BDA0F13400FFF7D8BF00006F
:1032F000B1F5004F10B504461AD10E48DDF788FC31
:10330000B0B994F84D3063B194F84C304BB9FBF739
:103310009BF8E36B1B6847F6FF725A62B4F94030C2
:103320006364E36B1B685B6AA364012384F84C301D
:1033300010BD00BF000C0240A0F10C00FFF7D8BF89
:1033400008B5034678B1084A904206D9074A904228
:1033500001D91DF0E0F91DF0DBF930205843BDE83C
:1033600008401CF0CBBE08BDAAAAAA0255555505B7
:1033700038B500F108030446036013201CF0BEFEBC
:103380001223A360094B2060024603F1100153F899
:10339000045B42F8045B8B42F9D11B881380122333
:1033A000636000238374204638BD00BF5632050891
:1033B000A1F11401DCE700BFF8B506460F4615463B
:1033C00002F108030446BC4209D1174BA41B24098F
:1033D0005C4324F07044302000FB0450F8BD2246CA
:1033E00043F8083C52F8081B914217D1626818460E
:1033F0000132D9F775F80346D4E90601626843F84B
:10340000042CC3E90401D4E9080194F8282083F8C6
:103410002020C3E9060130343033D4E7A26843F8F2
:10342000081C1A60E8E700BFABAAAA0A37B500F18A
:10343000140420460325EEF7F1FE2046074B084909
:1034400000950022EEF782FE064B07490095012207
:103450002046EEF77BFE03B030BD00BF69320508A1
:10346000691F0508783205080E3F0508C36B1B6805
:10347000586AA0F5FF407F38704708B50246FFF74D
:10348000F5FF536C184408BD08B50246FFF7EEFF80
:103490000B1A536492F84D307BB192F84C3063B103
:1034A000936CA3F5FF437F3B1B1A591A9368B1FB3A
:1034B000F3F003FB1011A2F8401008BD70B50446EC
:1034C000F2F758FB04F10C00F3F796F904F1100041
:1034D000F9F75EFC1D490023612204F11400EEF7A8
:1034E00005FE04F13400F5F70FFF194B236003F1DB
:1034F0004C02E26003F16002226103F17402CC33FA
:1035000000256363134B626101262046C4E911550F
:10351000A4F84050A4F84C501E70FFF7C0FE0E48AF
:10352000E063DFF791FFE36B94F84D101B6847F6FB
:10353000FF725A6265641E6011B92046FFF7A4FF4E
:103540002046FFF773FF204670BD00BF8932050893
:10355000B0710508652D012044070120C36B1A686E
:10356000436C516A10B5D46AD26AB1EB540F8BBF69
:1035700003F1FF3301339B1A9B18436410BDC36BE7
:103580008B4201D1FFF7EABF7047A0F11000FFF7AF
:10359000F6BF00000B682DE9F0470746144623B13B
:1035A000012B64D00020BDE8F0870B6A022B01D00C
:1035B000202B05D109693846FFF7FEFD0120F2E70F
:1035C000012B01D0102BF9D13B6838469B6A9847F4
:1035D000D4E901539D42804612D005F108032B60C7
:1035E00000236B602B72A861EB6100220023C5E908
:1035F0000823022385F82830636830336360DDE7F1
:10360000464A01212046E7F7E3FD27688146FFF798
:1036100097FEA5EB070A00EB0A0303F1080240F846
:103620000A200022C3E906825A601A720646002167
:1036300000200222C3E9080183F8282029463246E7
:103640003846FFF7B9FE294600F130022846FFF759
:10365000B3FE054627B1A1683846C91B1CF0D0FC53
:103660003023C4E9006503FB0966A660A6E70B6A80
:10367000022B01D0202B08D1D1E90432134314BF0F
:103680000123002387F84D3098E7012B01D0102B40
:1036900042D1D4E901539D4209D097F84D20AA6147
:1036A000002305F10801C5E900132B729CE71B4AB2
:1036B00001212046E7F78CFDD4F800808146FFF712
:1036C0003FFEA5EB080A00EB0A0397F84D100646EB
:1036D000002203F1080046F80A00C3E906125A6006
:1036E0001A72002000210222C3E9080183F8282071
:1036F000294632464046FFF75FFE294600F1300278
:103700002846FFF759FE0546B8F1000FA8D0A1687A
:103710004046A1EB0801A1E7022044E7321B05085F
:10372000A0F11400FFF736BF034A034692E80300F6
:1037300083E803001846704764010010A1F14C01B2
:10374000FFF7F2BF90F88020416FF0B5D0F88840C5
:10375000C0F890400025C0F89450002A3FD0012ABC
:103760002CD190F89C6090F89D20330203F47C5398
:103770001343C1F10E0222EAE2721341C0F8943001
:10378000B6092A4643FA02F5023205F003050E2A6D
:10379000374686EA0506F5D1AF420CD0012505FA79
:1037A00001F2013A13404A1E9540C0F894305B1B69
:1037B000C0F8883002E0C36F0133C367D0F88820B7
:1037C000013901238B40111B994219DDD0F8983043
:1037D000013BC0F89830002380F8A530F0BD00F11F
:1037E0009B0300F1A30513F8016F9D4242EA0622F4
:1037F000F9D101238B40013B1340C0F89430D7E747
:10380000A41AA342E7DAD0F898300133E1E7A0F137
:103810000C00FFF797BF03207047036810B5DB6902
:1038200004469847D4F88C30C01A10BDD0F88830C0
:103830005B1AC0F88C307047436F01209840704786
:10384000134B03F1500210B50360C26003F1840210
:10385000DC33C366D0F88830C0F88C300D4BC264BE
:103860000446002100691970F5F7A0FF04F16C000F
:10387000F5F7E2FC04F14C00EEF786F904F10C00D8
:10388000F6F724F92046F2F71FF9204610BD00BFD5
:10389000D4720508662D0120A0F14C00FFF7D0BFBF
:1038A000A0F10C00FFF7CCBFA0F16C00FFF7C8BF80
:1038B00010B50446FFF7C4FF2046A8211CF0A0FB6A
:1038C000204610BDA0F16C00FFF7F2BFA0F14C0044
:1038D000FFF7EEBFA0F10C00FFF7EABF416F836F67
:1038E00090F8802001395B01120202F4706221EA33
:1038F000E17103F0600310B51343044601F01F01AA
:10390000194340F21340FAF7E5F8636FD4F88C10CE
:10391000103B23EAE3731941BDE8104089B240F23D
:103920001440FAF7D7B8A0F16C00FFF7D7BF012316
:1039300080F8A5300C30F5F749BFA0F10C00FFF777
:10394000F6BF0C30F5F753BFA0F10C00FFF7F9BF3D
:1039500090F8A53070B5044643B990F8A42000F162
:103960000C0300F19C010069F5F73AFE2368D4F8D6
:1039700088509B6AD4F898602046984700FB065010
:1039800070BD000008B5034678B1084A904206D9D8
:10399000074A904201D91CF0BEFE1CF0B9FE30204F
:1039A0005843BDE808401CF0A9BB08BDAAAAAA025A
:1039B000555555052DE9F043836F012B8DB0804699
:1039C0002ED0022B0CBF10242024D8F80C3008F184
:1039D0000C095B6A4846984700230122C0E9063279
:1039E00044628362436100F10C05027206460FCD0A
:1039F0006C46D8F80C700FC40FCD0FC495E80700C3
:103A000084E80700484696E80E00BC6AA047D8F84C
:103A1000100006F10C010DB0BDE8F043F5F7A2BDB2
:103A20001824D2E7034B1B7813B90348F5F7C1BE3E
:103A300000207047662D01208C2C012073B500F109
:103A40004C0420460326EEF7E9FB0B2520460F4BDE
:103A50000F4900960022EEF779FB20460D4B0E49E8
:103A600000950222EEF772FB0123009332462046B6
:103A70000A4B0B49EEF76AFB0A4B0B4900950422EF
:103A80002046EEF763FB02B070BD00BFF1310508C0
:103A9000043205089C32050888330508B132050850
:103AA0009E2B0508BD320508C132050801290BD03F
:103AB000426F531E48BF931DDB100133DBB280F809
:103AC000A43080F8801070470223F8E713B5012274
:103AD000044601A940F21340FAF72AF868B1BDF88C
:103AE000041001F01F0301336367C1F34113A3679F
:103AF000C1F303212046FFF7D9FF01220DF1060192
:103B000040F21440FAF714F8034608B1BDF8063045
:103B1000626F103A22EAE2729340C4F88C3002B02D
:103B200010BDA0F16C00FFF7D1BF000038B5224DE9
:103B30000446F2F71FF82846F5F708FD0368294602
:103B40000CCB04F10C00F5F707FF1C49002364229D
:103B500004F14C00EEF7CAFA04F16C00F5F7D4FB5F
:103B6000174B236003F15002E26003F18402DC335F
:103B7000E264E36616220023C4E91D23C4E921336D
:103B8000C4E92333C4E92533C4E92733E3670823B1
:103B9000A4F8A4300B4B012520461D70FFF796FFBB
:103BA00029462069F5F702FE2046FFF703FF20466D
:103BB000FFF744FF204638BD8C2C0120C632050893
:103BC000D4720508662D012070B504460E461546D0
:103BD000B44201D1284670BD21462846EBF776FF56
:103BE000D4E90623C5E90623D4E90823C5E9082357
:103BF00094F8283085F828302046E8F7FBFB30346D
:103C00003035E5E7036A022B2DE9F0470C46904674
:103C100001D0202B04D10369C8F80030BDE8F0873B
:103C2000012B01D0102BF9D1D4E901539D4215D0BD
:103C3000D8F8003005F10802D9172A6000222A724C
:103C4000C5E906316A6000230022C5E90823022382
:103C500085F82830636830336360DFE71C4A012150
:103C60002046E7F7B5FA27688146FFF78BFEA5EBFC
:103C7000070A00EB0A03D8F80020064603F1080102
:103C800046F80A10D0170021C3E9062059601972BE
:103C9000002000210222C3E9080183F828202946D8
:103CA00032463846FFF790FF294600F13002284699
:103CB000FFF78AFF054627B1A1683846C91B1CF0EB
:103CC0009FF93023C4E9006503FB0966A660A5E7F8
:103CD000321B050813B5044901AA0446EAF7D8F8CF
:103CE000204602B010BD00BFCD320508A1F14C0145
:103CF000F0E700BF2DE9F047D0E901739F42044689
:103D0000894607D03846ECF74BF863683033636078
:103D1000BDE8F087134A0121E7F75AFA2668804682
:103D2000FFF730FEA7EB060A054649465044ECF77C
:103D300037F839462A463046FFF746FF394600F144
:103D400030023846FFF740FF074626B1A1683046EB
:103D5000891B1CF055F93023C4E9005703FB0855B3
:103D6000A560D5E7321B05082DE9F04F00F10803E7
:103D70000025DFF82C910360CDB006460F46456064
:103D8000057242F20F783869F5F71EFDC5F105029C
:103D90004FF47A7393400121B0FBF3F442F21072B6
:103DA0002346092B02D9632B57D8013103AB0022DC
:103DB00001A80193EEF7A4FBDDE901AB4946C92256
:103DC00019A8D8F78DFB0AEB0B036421632C51D89B
:103DD000092C85BF4CAB03EB4404303414F8CB3CC6
:103DE00084BF8AF8013014F8CC4C2B4998BFE4B258
:103DF0008AF8004001A8EDF72FFC014607A8EBF771
:103E000065FE29460DA8E8F73DFB0DAA07A913A8F2
:103E1000F1F754FB214913A8EDF71EFC014619A840
:103E2000EBF754FEDDE919123046ECF7A9FD19A8AD
:103E3000E8F7E0FA13A8E8F7DDFA0DA8E8F7DAFAF0
:103E400007A8E8F7D7FA013501A8E8F7D3FA032D58
:103E500099D130464DB0BDE8F08FB3F57A7F01D2ED
:103E60000231A3E7434501D803319FE70431B3FB97
:103E7000F2F396E7B4FBF1F001FB104204464CA8C4
:103E800000EB420212F8CB0C03F8010C12F8CC2C18
:103E900003F8022D9AE700BFDE320508D721050896
:103EA000641B05082DE9F04F0B68A7B005460E46C8
:103EB0001446042B00F23781DFE813F005003501CA
:103EC00076002200990000F174073A4621463046F8
:103ED000FFF798FE95F88030012B0DD10C231A9333
:103EE0006B6F0B2BD8BF1AAF0E2320933B680E2BA2
:103EF000C8BF20AF3B686B67012027B0BDE8F08FDB
:103F0000D4E901639E4213D0C26F002306F1080179
:103F1000C6E90013C6E90623337200230022C6E96E
:103F20000823022386F82830636830336360E3E7B0
:103F30007F4A01212046E7F74BF9D4F800808146FB
:103F4000FFF720FDA6EB080A00EB0A03E96F07461E
:103F5000002203F1080047F80A00C3E906125A607C
:103F60001A72002000210222C3E9080183F82820E8
:103F700031463A464046FFF727FE314600F130020F
:103F80003046FFF721FE0546B8F1000F05D0A168C5
:103F90004046A1EB08011CF033F83023C4E900755A
:103FA00003FB0977A760A7E70B6A082B0BD1014633
:103FB00020A8FFF7D9FE204620A9FFF79BFE20A8E6
:103FC000E8F718FA98E700F1780221463046FFF743
:103FD00019FEAB6F23EAE373022BA8BF0223AB6782
:103FE000336A022B88D12846FFF7E4FC84E7096A8C
:103FF000022905D1317C01F00F01FFF757FD7BE766
:10400000012948D16668A36890F880A09E424FF0CD
:10401000000707D006F10803C6E90037C6E906A77E
:1040200037727AE7424A2046E7F7D2F8D4F80080A0
:104030008146FFF7A7FCA6EB080B00EB0B0303F18F
:10404000080240F80B200546002100200222C3E9A7
:10405000080183F828203146C3E906A75F601F7274
:104060002A464046FFF7B0FD314600F130023046A7
:10407000FFF7AAFD0646B8F1000F05D0A16840463B
:10408000A1EB08011BF0BCFF3023C4E9005603FB81
:104090000955A56030E7082947D1002504AB254E16
:1040A000DFF89880244F029303958DF8105001AAF1
:1040B00056F8041B1AA8E9F7EBFE41461AA8EDF7DB
:1040C000CBFA014614A8EBF701FD294620A8E8F732
:1040D000D9F920AA14A90EA8F1F7F0F939460EA8CB
:1040E000EDF7BAFA014608A8EBF7F0FCDDE9081293
:1040F00002A8ECF745FC08A8E8F77CF90EA8E8F759
:1041000079F920A8E8F776F914A8E8F773F91AA85E
:10411000E8F770F92DB1204602A9FFF7EBFD02A8E0
:104120004EE70125C3E70020E7E60220E5E600BFF1
:10413000321B0508C0730508D72105081826050895
:10414000A0F14C00FFF7AEBE024B187880F00100E2
:10415000704700BF652D012008B50648F5F7F4F952
:10416000D0E900329A421BBF034B1878002080F040
:10417000010008BD8C2C0120272E01201AB1012A34
:1041800004D000207047024B0360FAE70160F8E7B3
:10419000547505081AB1012A04D000207047024B5B
:1041A0000360FAE70160F8E7047505081AB1012A0F
:1041B00004D000207047024B0360FAE70160F8E783
:1041C000B07405081AB1012A04D000207047024BD0
:1041D0000360FAE70160F8E75C7405081AB1012A88
:1041E00004D000207047024B0360FAE70160F8E753
:1041F0000874050810B5A8201BF080FF0446FFF7DF
:1042000095FC204610BD10B5F8201BF077FF044642
:10421000FEF7E8FD204610BD10B54FF480701BF08E
:104220006DFF044605F0C8FD204610BD10B55020B6
:104230001BF064FF0446FFF741F9204610BD10B59E
:104240000C201BF05BFF0446F1F794FC204610BDE8
:104250002DE9F843894602F1180400F118050026FB
:10426000A5F118039945A4F1180802D14046BDE80C
:10427000F88355F8183C44F8183CA4F1100735F8B9
:10428000143C24F8143C44E9046644F8086C3846AD
:10429000E9F769F955F8083C44F8046C63B1022267
:1042A000A5F110013846984755F8043C44F8043C01
:1042B00055F8083C44F8083CC8E90666C8F8206090
:1042C0002046E9F750F9AB68E6603BB10222294687
:1042D00020469847EB68E360AB68A3602834283534
:1042E000BEE7000070B5B2B000243F4B009302A8B7
:1042F000CDE90244ADF804400494E9F734F93B4BAE
:104300003B49059306A83B4B0493E9F731F93A4B37
:104310000A930CA80223CDE90C44ADF82C300E947E
:10432000E9F721F9354B36490F9310A8354B0E9319
:10433000E9F71EF9344B149316A80423CDE916446B
:10434000ADF854301894E9F70EF9304B3049199311
:104350001AA8304B1893E9F70BF92F4B1E9320A89E
:104360000523CDE92044ADF87C302294E9F7FBF831
:104370002A4B2B49239324A82A4B2293E9F7F8F8D8
:10438000294B28932AA80623CDE92A44ADF8A43066
:104390002C94E9F7E8F8254B254D26492D932EA8B6
:1043A000254B2C93E9F7E4F8C820C5E90044AC603C
:1043B0001BF0A4FE6E4600F1C8030246286032A935
:1043C0003046AB60FFF744FF32AC6860283C04F134
:1043D0001800E8F7F6F804F10800E8F7F2F8B4423C
:1043E000F4D132B070BD00BFA40000103F420308FA
:1043F000C7BB0108DD4103085C0100102D42030822
:1044000049410308C5410308BC01001019420308D3
:1044100059410308AD410308540100100742030845
:10442000D52B03089541030864010010F5410308EA
:10443000682D0120253A03087D41030870B50C4D15
:10444000D5E90046A64207D1286878B1A968BDE839
:104450007040091A1BF0D4BD04F11800E8F7B1F858
:1044600004F10800E8F7ADF82834EBE770BD00BFB1
:10447000682D0120034A034692E8030083E8030005
:10448000184670476C010010A1F10801FFF7F2BF58
:1044900070477047C3680C305B681847C3680C30BE
:1044A0001B681847074B10B59942044604F10C04E9
:1044B000084605D004491BF0F3FE002808BF00247D
:1044C000204610BDA85205087C480508074B10B5CA
:1044D0009942044604F10C04084605D004491BF037
:1044E000DFFE002808BF0024204610BDA8520508A2
:1044F0007C48050810B540F6CC6104461BF080FDF1
:10450000204610BD10B55C2104461BF079FD204605
:1045100010BD5C211BF074BD40F6CC611BF070BD7A
:1045200038B500F108030446036023201BF0E6FDC4
:104530002223A360094B2060024603F1200153F8B7
:10454000045B42F8045B8B42F9D11B881380222361
:104550006360002380F82230204638BDF132050820
:10456000A1F10801DCE700BF37B5044648201BF085
:10457000C5FD042300930C4A0C4B0D490546F8F782
:10458000DFFDD4F89400C4F8945010B103685B6860
:1045900098470848F9F72EF8D4F8940003681B6987
:1045A00003B0BDE830401847BF9D05083402001035
:1045B000E09E05089C190508194B03F1500210B53F
:1045C000826003F1A802C0F8982003F1C002C0F88D
:1045D000D02003F1D802C0F8D82003F1EC02C0F8D3
:1045E000DC2003F582720360C0F8E02003F58C72D2
:1045F00003F5A4730446C0F8E420C0F8203100F5A8
:10460000D270E8F753FF04F5CE70E8F74FFF04F5DA
:10461000CA70E8F74BFF204600F052FD204610BD5F
:1046200034760508A0F1E400FFF7C6BFA0F1E00072
:10463000FFF7C2BFA0F1DC00FFF7BEBFA0F1D800BA
:10464000FFF7BABFA0F1D000FFF7B6BFA0F1980006
:10465000FFF7B2BFA0F10800FFF7AEBFA0F5907062
:10466000FFF7AABF10B50446FFF7A6FF20464FF498
:10467000D4711BF0C5FC204610BDA0F59070FFF76B
:10468000F1BFA0F1E400FFF7EDBFA0F1E000FFF7FC
:10469000E9BFA0F1DC00FFF7E5BFA0F1D800FFF70C
:1046A000E1BFA0F1D000FFF7DDBFA0F19800FFF758
:1046B000D9BFA0F10800FFF7D5BF0B68036013B1A5
:1046C0005A6801325A60704700232DE9F3410546CC
:1046D00003605C2090460C461BF010FD012307464A
:1046E000C0E9013321460C4B47F80C3B064651F814
:1046F000043B009301A8FFF7E0FF98F8002069460B
:104700003846F5F78FFF01A8E8F7D0FE2846C5E93F
:10471000007602B0BDE8F081AC770508F0B5022163
:1047200087B00022044600F045FB3E4B236003F1B6
:104730005002A26003F1A802C4F8982003F1C0025D
:10474000C4F8D02003F1D802C4F8D82003F1EC0259
:10475000C4F8DC2003F58272C4F8E020002603F5DB
:104760008C7203F5A473C4F8E420C4F82031C4F8B3
:10477000906140F6CC601BF0C1FC01230746C0E904
:104780000133294B47F80C3B05463846F0F702F851
:10479000C4E9647504F5C8756A46294604A80096FC
:1047A000FFF792FF049B03B12033C4F89831059BB7
:1047B000C4F89C3105A805960496E8F777FE012316
:1047C00001AA294604A80193FFF77EFF049B03B1C9
:1047D0002033059AC4F8A421C4F8A03105A8002309
:1047E00005930493E8F762FED4F89831029304F538
:1047F000CE7103A8FFF761FFD4F89031049304F55C
:10480000CA7105A8FFF759FF04AA02A9204600F0C3
:10481000E5FC05A8E8F74AFE03A8E8F747FE2046AE
:1048200007B0F0BD3476050890770508072924D82D
:10483000DFE801F004080C1014181C20836BA3F8A7
:1048400009207047836BA3F80B207047836BA3F894
:104850000D207047836BA3F80F207047836BA3F87C
:1048600011207047836BA3F813207047836BA3F864
:1048700015207047836BA3F817207047806B704733
:1048800019207047836BD3F80100D3F805107047E7
:10489000816BC1F80120C1F805307047826B031DA0
:1048A0009A4208BF00F11D0383637047072924D88B
:1048B000DFE801F004080C1014181C20036CC3F886
:1048C00009207047036CC3F80D207047036CA3F8F0
:1048D00011207047036CA3F813207047036CA3F8F2
:1048E00015207047036CA3F817207047036CA3F8DA
:1048F00019207047036CA3F81B207047006C7047A9
:104900001D207047036CD3F80100D3F805107047E1
:10491000016CC1F80120C1F805307047026C031D1D
:104920009A4208BF00F121030364704700F121019E
:1049300008B51D22043013F02DFC003818BF0120EB
:1049400008BD00F11D0108B51922043013F022FC46
:10495000003818BF012008BD10B50446B0F8081192
:1049600040F20110F9F7B6F8B4F80A114FF481706B
:10497000F9F7B0F894F85D1140F20310BDE810406B
:1049800001F00701F9F7A6B8A0F1D000FFF7E4BFE6
:1049900090F8363110B5044693B9012380F83631CA
:1049A000D0F8240103685B689847D4F824010368B1
:1049B000DB689847D4F86001BDE81040E6F79BBF7C
:1049C00010BD000008B50368002B02DA0C481BF08C
:1049D000A8FE8B420AD9B3EB410F4FEA410205D240
:1049E000002AB6BF6FF00043026003600068013028
:1049F00001D51BF08DFEBDE808401BF07FBB00BF5A
:104A00004C1B05080B4B8B4207B510D1D0F89C000E
:104A100001A9E2F7D5F8019B4BB14FF0E0234FF02D
:104A20008052C3F8042DBFF34F8FBFF36F8F03B0D5
:104A30005DF804FB94050120A0F59070FFF7E2BF3C
:104A400038B50546006888420C4607D011B14B685E
:104A500001334B6008B1E7F78FFD2C6038BDD0F80B
:104A6000240103685B691847D0F8240103689B6937
:104A700018472DE9F74304460020E3F795FB00288B
:104A80005DD094F880315A1C84F8802194F85C2120
:104A9000B3EB420F4DDB04F1E4080022002369462A
:104AA0004046CDE90023F5F79DF9D4F87C01036871
:104AB0001969DDE900238847D4F86001E6F7A8FE0C
:104AC000D0E900690027B145FDB23BD14046F5F77A
:104AD00059FCD0E90068B04594F8813140D194F890
:104AE0008131D4F87C01AB4202684DD894F8801132
:104AF00094F85C516423B3FBF5F399424BDDD4F891
:104B00007C0103685B6898470546D4F87C0103681C
:104B10009B689847002183B22A460846E3F75EFB6C
:104B2000D4F87C0103689B699847002384F880319E
:104B300005E0D4F88401F2F736FC0028ABD003B0CE
:104B4000BDE8F08394F85E3156F8042B03B91214D3
:104B5000D4F87C01036829461B6898470137B2E7FF
:104B60009D4256F8042BBAD2012D03D894F85E3139
:104B700003B11204D4F87C0103686F1C29461B683A
:104B8000FFB298473D46A6E7136829460022013543
:104B90009847EDB2A3E7536998470028AFD1CEE715
:104BA00090F8383110B504462BB1012380F8373125
:104BB000002380F8383194F8373103F0FF024BBB03
:104BC00094F839312BB1D4F8600184F83921E6F733
:104BD000A8FED4F86001E6F7FBFD94F85F3194F885
:104BE0005C210133DBB29A4284F85F3105D800239F
:104BF00084F85F312046FFF73CFF94F835312BB93C
:104C0000D4F86001BDE81040E6F7F6BDBDE81040FD
:104C1000F9F72EBC10BD000090F85D21064B03EBA8
:104C200042031A7A4FF47A73B3FBF2F300EE103AB0
:104C3000B8EEC00A704700BF307A050838B52DEDD0
:104C4000028B04460D46E4F783F908B1E4F77AF9DC
:104C5000042D174A174B294628BF042102EB4102B5
:104C6000186884F85D11137A13494B434FF47A7135
:104C7000B3FBF1F3C362537A84F85C312046FFF74B
:104C8000CBFFD4F82401B0EE408A10B103689B6AD0
:104C90009847D4F8600138B1B0EE480ABDEC028BF9
:104CA000BDE83840E6F749BEBDEC028B38BD00BF19
:104CB000307A05089405012040420F0037B50446BC
:104CC000012200F5847140F20110F8F731FFD4F8A9
:104CD000E430B4F808119B6804F1E40528469847CD
:104CE000012204F585714FF48170F8F721FFD4F8A3
:104CF000E430B4F80A115B69284698470023012282
:104D00000DF1060140F20310ADF80630F8F710FF80
:104D100030B1BDF80610204601F00301FFF78EFF09
:104D200003B030BDA0F1D000FFF7C8BF90F8353117
:104D300010B504463BB10B482021DBF769FF10B1E9
:104D4000002384F83531204694F85D11FFF776FF93
:104D50000023D4F8600184F83631BDE81040E6F74E
:104D6000D5BD00BF000C024000F1080373B5044636
:104D700003600D4611B90E481BF0D0FC0846D7F76A
:104D80007FF90F280646019006D9002101A8FFF7F8
:104D900019FE019B2060A360324629462068E9F78E
:104DA0006BF8019B226863600021D15402B070BD92
:104DB000C31F05082DE9F04389B00446884616460E
:104DC00001F0A2FA714902A8FFF7CEFF1E234FF4AB
:104DD000807202A904F19800F8F70CFE04F1D007E4
:104DE00002A8E7F707FB3846F4F78EFA04F1D8007B
:104DF000F1F702FD04F1DC00F8F7F0FB04F1E0004C
:104E0000F1F7A6F8624B019302AA624B029301A943
:104E100004F1E400F5F72CF804F59070F7F7B8FF0B
:104E20005D4B236003F15002A26003F1A802C4F8B5
:104E3000982003F1C002C4F8D02003F1D802C4F8CE
:104E4000D82003F1EC02C4F8DC2003F58272C4F828
:104E5000E02003F58C7203F5A473C4F8203140F20E
:104E600001130025A4F83631012384F8348184F835
:104E70003A31C4E94955C4E94B554849C4F8E420DE
:104E800084F83551A4F8385102A8FFF76DFFDDE929
:104E900002980223C4F83C3184F84031B8F10F0F76
:104EA00004F5A673C4F84431CDF8048008D9294626
:104EB00001A8FFF787FD019BC4F84401C4F84C31F9
:104EC00049464246D4F84401E8F7D6FF019BD4F89E
:104ED0004421C4F848310025D55402A8E7F78AFADE
:104EE0004FF001084FF40063A4F88031C4E958552D
:104EF000C4E95A55C4E95C55C4E95E55A4F85C811F
:104F000084F85E6184F85F5164201BF0F7F88146F5
:104F1000F2F782FAC4E96195C4F88C510EB34420CB
:104F20001BF0ECF844220646294613F001FA1C4B0C
:104F30003360331DD4F87C0186F8048086F8218024
:104F40003364C4F87C6110B104211BF059F8384671
:104F5000F4F728F9204600F087FA204609B0BDE8AA
:104F6000F0833C201BF0CAF83C220546314613F082
:104F7000DFF90C4B2B602B1DD4F87C0185F80480E5
:104F800085F81D80AB63C4F87C51DCE7CF310508A0
:104F9000582D01204C2D0120947805082A3305084E
:104FA000F0790508147A050881F0010380F835319D
:104FB000D0F86001E6F792BC042938B5044607D161
:104FC0001648DBF725FE10B1012384F8393138BDCE
:104FD0002029FCD11248DBF71BFE0546DAF7B0F9B1
:104FE000D4F88C31C01AB0F57A7FF0D994F8352115
:104FF000B5FA85F35B099342E9D0DAF7A1F9C4F871
:105000008C012DB929462046BDE83840FFF7CCBFBA
:1050100094F83A31002BDAD00121F4E70004024081
:10502000000C0240A0F1D800FFF7C6BF0B79022B9D
:1050300070B506460D46144603D112B90121FFF79B
:10504000B3FF2B68022B03D121463046FFF7ACFF9C
:105050001CB9BDE87040F9F701BA70BDA0F1E000DD
:10506000FFF7E4BF10B5202104460C48DBF7D0FD64
:10507000014630B92046FFF797FFDAF761F9C4F827
:105080008C010748DEF7E0F94FF0FF310120E1F72E
:10509000E3FC2046FFF784FDF6E700BF000C02406A
:1050A00094050120A0F19800FFF7DCBF10B504467D
:1050B000006810B103685B689847204610BD000087
:1050C000F8B5454B036003F15002826003F1A8027A
:1050D000C0F8982003F1C002C0F8D02003F1D80234
:1050E000C0F8D82003F1EC02C0F8DC2003F582728E
:1050F000C0F8E020044603F58C7200F1E40603F5E5
:10510000A473C0F8E420C0F820313046F4F7EFFE75
:10511000D4F8840110B103685B689847D4F87C0127
:1051200010B104211AF06CFFD4E95C57AF4243D1AF
:10513000D4F8700120B1D4F87811091A1AF060FF80
:10514000D4E95957AF423FD1D4F8640120B1D4F823
:105150006C11091A1AF054FF04F5B070FFF7A6FF9E
:1051600004F5A270E7F746F904F59870E8F79EF9A0
:1051700004F59470E8F79AF904F59070F7F782FD5A
:105180003046F4F7CDFE04F1E000F0F701FE04F143
:10519000DC00F8F717FA04F1D800F1F7A7FA04F1E8
:1051A000D000F4F749F804F19800F8F707FC20461E
:1051B00001F01EF92046F8BD55F8040B0028B5D0C3
:1051C00003685B689847B1E755F8040B0028B9D02D
:1051D00003685B689847B5E794780508F7B50B68EE
:1051E000C0F8243115460446496800F59470FFF76D
:1051F00027FC2B68C4F82C31696804F59870FFF718
:105200001FFC2C201AF07AFF2B6800936B68019327
:1052100004F23517064613B15A6801325A606A46DD
:1052200039463046E6F7B2FA01A8E8F73FF9D4F874
:105230006001C4F860610023009310B103685B68EB
:1052400098476846FFF732FF94F93411D4F86001AB
:10525000E6F736FC04F1980003B0BDE8F040F8F73B
:1052600079BB00002DE9F0473D49B2B00546FFF794
:105270007BFDE3F76DFE08B1E3F764FE394E3A4F6C
:10528000DFF8EC80DFF8EC903024337A96F809A050
:1052900002A84FF47A71B1FBF3F1B1FBFAFAF0F71F
:1052A000A1FC002204231146009302A83B46EFF71D
:1052B000EDFF014608A8EAF709FC414608A8ECF70B
:1052C000CBF901460EA8EAF701FC514614A8F0F705
:1052D00089FC14AA0EA91AA8F0F7F0F849461AA8F2
:1052E000ECF7BAF9014620A8EAF7F0FB28AB2D222B
:1052F000012126A82693EDF703F9269B26AA1C7008
:1053000020A92CA8F0F7DAF8DDE92C122846EBF7F3
:1053100037FB2CA8E7F76EF826A8E7F76BF820A86C
:10532000E7F768F81AA8E7F765F814A8E7F762F84E
:105330000EA8E7F75FF8013408A8E7F75BF8E4B2D6
:1053400002A8E7F757F8342C05D00849284602365A
:10535000ECF782F999E7284632B0BDE8F08700BF44
:10536000E9210508307A05084A3305085E42050838
:105370004F330508DF32050818B1302359431AF0BE
:105380003FBE704708B5034678B1084A904206D937
:10539000074A904201D91BF0BEF91BF0B9F9302041
:1053A0005843BDE808401AF0A9BE08BDAAAAAA023F
:1053B0005555550508B50368002B02DA0C481BF05B
:1053C000B0F98B420AD9B3EB410F4FEA410205D243
:1053D000002AB6BF6FF0004302600360006801302E
:1053E00001D51BF095F9BDE808401AF087BE00BF53
:1053F0004C1B05082DE9F04104460E4602F1080554
:105400000027B442A5F1080001D1BDE8F08145F8BC
:10541000085C2046E6F7E8FF04F10808F0B162688E
:10542000013203D041462846D7F75AF8636845F859
:10543000043CD4E90623C4E900872772C5E90423A4
:10544000D4E90823C5E9062394F8283085F82030EC
:105450002046E6F7CFFF30343035D2E7236845F8F1
:10546000083CA3682B60E1E72DE9F34100F1080453
:105470000126032520462A4B2A4900960022ECF7F4
:1054800065FE02272046284B284900950222ECF7AA
:105490005DFE40F201182046254B26490097042264
:1054A000ECF754FE2A462046234B2449CDF80080D1
:1054B000ECF74CFE2046224B224900950522ECF7E2
:1054C00045FE2046204B2149CDF800800622ECF70E
:1054D0003DFE20461E4B1F4900970722ECF736FE83
:1054E00020461D4B1D4900960822ECF72FFE204652
:1054F0001B4B1C4900960B22ECF728FE0B23009354
:105500002046194B19490922ECF720FE184B19497E
:1055100000950A222046ECF719FE02B0BDE8F081A2
:105520005733050862330508C4300508DB30050829
:10553000E4300508F9300508003105081D3105087B
:10554000233105083A310508433105086031050863
:10555000663105087B3105086C3305088E33050874
:1055600096330508B5330508BC330508DB33050859
:10557000E6330508F53305082DE9F047D0E9014386
:105580009C420546894614D00A88002304F108018C
:10559000C4E906232372C4E9001300220023C4E9EE
:1055A0000823022384F82830436830334360BDE881
:1055B000F0871D4A0121E5F70BFE2F688046FFF7B3
:1055C000E1FEA4EB070A00EB0A030646B9F8001057
:1055D00003F10800002246F80A00C3E906125A60E7
:1055E0001A72002000210222C3E9080183F8282052
:1055F000214632463846FFF7FDFE214600F13002D3
:105600002046FFF7F7FEA968084BC91B091104469D
:1056100059433846FFF7B0FE3023C5E9006403FB69
:105620000866AE60C3E700BF321B0508ABAAAAAA92
:105630002DE9F047D0E901439C420546894614D044
:105640000A68002304F10801C4E906232372C4E9AF
:10565000001300220023C4E90823022384F8283021
:10566000436830334360BDE8F0871D4A0121E5F708
:10567000AFFD2F688046FFF785FEA4EB070A00EB1D
:105680000A030646D9F8001003F10800002246F884
:105690000A00C3E906125A601A7200200021022291
:1056A000C3E9080183F82820214632463846FFF72F
:1056B000A1FE214600F130022046FFF79BFEA968BB
:1056C000084BC91B0911044659433846FFF754FEDD
:1056D0003023C5E9006403FB0866AE60C3E700BF82
:1056E000321B0508ABAAAAAA2DE9F743476804466E
:1056F0000E46154607EB0208E6F776FE90B9A1685C
:10570000884511D82DB120682A4631463844E8F73B
:10571000B3FB2368C4F80480002203F8082003B018
:10572000BDE8F0830F21EBE701A8CDF80480FFF777
:1057300041FE81469FB121683A46E8F79DFB36B1AC
:105740002DB12A46314609EB0700E8F795FB2046C4
:10575000E6F750FE019BC4F80090A360D9E7002E45
:10576000F5D0EEE738B5044608460D46D6F788FC76
:105770006368C3F1FF4303F5FF0303F5FF437F3382
:105780009842024602D904481AF0CBFF2946204627
:10579000BDE83840FFF7A8BF402005082DE9F04FCD
:1057A00014460A68A5B005460B460B2A00F2A382F0
:1057B000DFE812F06F00A102D000E30062016A018D
:1057C000860103020B0221020C001702196A01294B
:1057D00051D1D4E901639E4211D006F1080390F83B
:1057E000352133600023C6E906237360337200223B
:1057F0000023C6E90823022386F8283068E0A94A76
:105800002046E5F7E5FCD4F800808146FFF7BAFDB5
:10581000A6EB080A00EB0A0303F1080295F835111C
:1058200040F80A2007460022C3E906125A601A729D
:10583000002000210222C3E9080183F82820314614
:105840003A464046FFF7D6FD314600F13002304679
:10585000FFF7D0FDA168944BA1EB080109110546A3
:1058600059434046FFF788FD3023C4E9007503FB28
:105870000977A76009E0022907D1D3E904231A4375
:105880000CBF01210021FFF78FFB012025B0BDE8EF
:10589000F08F1B6A012B40F03082FFF7E5F895F896
:1058A0003531CBB947B26568A3689D424FEAE77AC4
:1058B00015D005F108032B6000236B602B720022CA
:1058C0000023C5E9067AC5E90823022385F82830B4
:1058D000636830336360D8E74FF0FF37E3E7714A1E
:1058E00001212046E5F774FCD4F800808146FFF7DB
:1058F00049FDA5EB080B00EB0B0303F1080240F890
:105900000B20002206465A601A7200200021022253
:10591000C3E9080183F82820C3E9067A32462946FC
:105920004046FFF767FD294600F130022846FFF7A1
:1059300061FDA1685C4BA1EB0801091105465943C3
:105940004046FFF719FD3023C4E9006503FB0966F3
:10595000A6609AE71A6A012A05D100F584712046EB
:10596000FFF70AFE91E7022A8FD1D0F8E42092686F
:10597000198A05F1E400904787E7D0F81831D3E998
:1059800000564FF0000818354FF00009A5F1180334
:105990009E423FF47AAF55F8183C9B79022B04D015
:1059A000012B06D1414B1B781BB935F8143CFF2B5A
:1059B0005AD10EAB0C9300238DF8383035F8141CF7
:1059C0000D93684601238DF85830CDE91289CDE951
:1059D0001489E6F757FD0D9BC3F1FF43DDE9001283
:1059E00003F5FF0303F5FF437F339A4202D93048A2
:1059F0001AF097FE0CA8FFF777FE6846E6F7FAFC68
:105A00000CA82C49FFF7AEFE2846E7F7C5FD68BB9A
:105A100035F8142C2849294BFF2A18BF19460CA821
:105A2000FFF7A0FE23490CA8FFF79CFE55F8183C91
:105A30000CA81968FFF796FE2846E7F7ADFDB8B148
:105A400035F8142C05238DF858300023CDE91423A4
:105A500055F8182C9288CDE9122320460CA9E8F7B6
:105A6000A3FC0CA8E6F7C6FC28358FE71249D6E759
:105A700003238DF85830F0E71A6A022A7FF405AF45
:105A8000D0F8E420D26873E71A6A012A02D100F53F
:105A9000857164E7022A7FF4F8AED0F8E4205269F9
:105AA00066E700BF321B0508ABAAAAAA482A012054
:105AB0004020050818260508E7460508AE3E0508FB
:105AC000D0F81C31D3E900564FF0000818354FF0DC
:105AD0000009A5F118039E423FF4D7AE55F8183CD3
:105AE0009B79022B04D0012B06D1854B1B781BB967
:105AF00035F8143CFF2B58D11AAB189300238DF8BE
:105B0000683035F8141C199306A801238DF88830E5
:105B1000CDE91E89CDE92089E6F7B4FC199BC3F1D4
:105B2000FF43DDE9061203F5FF0303F5FF437F336F
:105B30009A423FF65CAF18A8FFF7D6FD06A8E6F735
:105B400059FC18A86F49FFF70DFE2846E7F724FD1A
:105B500068BB35F8142C6C496C4BFF2A18BF1946EA
:105B600018A8FFF7FFFD674918A8FFF7FBFD55F8D8
:105B7000183C18A81968FFF7F5FD2846E7F70CFD53
:105B8000B8B135F8142C05238DF888300023CDE901
:105B9000202355F8182C9288CDE91E23204618A9F9
:105BA000E8F702FC18A8E6F725FC283591E75649E6
:105BB000D6E703238DF88830F0E71A6A022A7FF4CB
:105BC00064AED0F8E4209269D2E61B6A012B40F063
:105BD0009480FEF744FF189018A92046FFF728FD8F
:105BE00053E61B6A012B40F08880D0F8240103683B
:105BF0001B699847EFE7196A012920D1D4E90163AD
:105C00009E4206D006F1080190F85D213160002324
:105C1000E9E53F4A2046E5F7DBFAD4F80080814603
:105C2000FFF7B0FBA6EB080A074600EB0A0303F1F7
:105C3000080095F85D1147F80A000022F4E50229F2
:105C400003D1197CFEF7FAFF1FE608297FF41DAE89
:105C5000014618A8FFF706FBD4E901539D4213D073
:105C600018A92846E8F76CF900230022C5E90623A5
:105C7000C5E90823032385F828306368303363605F
:105C800018A8E6F7B7FB00E6214A01212046E5F710
:105C90009FFAD4F800808146FFF774FBA5EB080754
:105CA0000744064618A93846E8F74AF900220023B7
:105CB000C7E90623C7E90823032387F828303246BB
:105CC00029464046FFF796FB294600F13002284658
:105CD000FFF790FBA1680F4BA1EB080109110546E6
:105CE00059434046FFF748FB3023C4E9006503FBF6
:105CF0000966A660C4E70020C8E50220C6E500BF2B
:105D0000482A012018260508E7460508AE3E050882
:105D1000321B0508ABAAAAAAA0F10800FFF73EBDF6
:105D2000034A034692E8030083E8030018467047DD
:105D300074010010A1F10801FFF7F2BF7047C368BA
:105D40000C301B6818470000074B10B599420446F9
:105D500004F10C04084605D004491AF0A1FA002801
:105D600008BF0024204610BDA85205087C4805083D
:105D700010B5502104461AF043F9204610BD5021B9
:105D80001AF03EB937B5044648201AF0B7F9042393
:105D900000930C4A0C4B0D490546F7F7D1F9D4F89E
:105DA0009400C4F8945010B103685B6898470848A1
:105DB000F7F720FCD4F8940003681B6903B0BDE832
:105DC000304018472A9E050834020010E09E05085E
:105DD000DC140508174B03F1500210B5826003F183
:105DE000A802C0F8982003F1C002C0F8D02003F147
:105DF000D802C0F8D82003F1EC02C0F8DC2003F58B
:105E000082720360C0F8E02003F58C7203F5A4737E
:105E10000446C0F8E420C0F8203100F5CE70E7F762
:105E200045FB04F5CA70E7F741FB2046FFF748F948
:105E3000204610BDB87A0508A0F1E400FFF7CABFFC
:105E4000A0F1E000FFF7C6BFA0F1DC00FFF7C2BF82
:105E5000A0F1D800FFF7BEBFA0F1D000FFF7BABF96
:105E6000A0F19800FFF7B6BFA0F10800FFF7B2BF9E
:105E7000A0F59070FFF7AEBF10B50446FFF7AAFF7C
:105E800020464FF4D0711AF0BBF8204610BDA0F5A3
:105E90009070FFF7F1BFA0F1E400FFF7EDBFA0F1B4
:105EA000E000FFF7E9BFA0F1DC00FFF7E5BFA0F1DC
:105EB000D800FFF7E1BFA0F1D000FFF7DDBFA0F1F0
:105EC0009800FFF7D9BFA0F10800FFF7D5BF000089
:105ED0002DE9FF41022100220446FEF76BFF3E4BF5
:105EE000236003F15002A26003F1A802C4F89820D5
:105EF00003F1C002C4F8D02003F1D802C4F8D820BE
:105F000003F1EC02C4F8DC2003F582724FF00008C4
:105F1000C4F8E02003F58C7203F5A473C4F8E42000
:105F2000C4F82031C4F8908140F6CC601AF0E6F84D
:105F300007462A4B0126C0E9016647F80C3B054697
:105F40003846EEF727FCC4E9647550201AF0D6F8FD
:105F5000C0E901660646224B46F80C3B04F5CA77B9
:105F6000D4F8903102930546394603A8FEF7A5FB05
:105F7000022202A93046F1F797FD03A8E7F796FA47
:105F800005F11003C4F89831C4F89C5103A8CDF86A
:105F90000C80CDF80880E7F789FAD4F8983100939F
:105FA00004F5CE7101A8FEF788FBD4F89031029376
:105FB000394603A8FEF781FB02AA69462046FFF78F
:105FC0000DF903A8E7F772FA01A8E7F76FFA204680
:105FD00004B0BDE8F08100BFB87A050890770508E5
:105FE000147C0508034A034692E8030083E8030093
:105FF000184670477C010010A1F10801FFF7F2BFBD
:1060000037B5044648201AF079F804230093104A63
:10601000104B11490546F7F793F8D4F89400C4F8EB
:10602000945010B103685B6898470C48F7F7E2FAA0
:10603000D4F8980100B104380421F1F773FDD4F8C5
:10604000940003681B6903B0BDE83040184700BFE7
:106050002A9E050834020010E09E0508DC1405089D
:10606000174B03F1500210B5826003F1A802C0F88B
:10607000982003F1C002C0F8D02003F1D802C0F884
:10608000D82003F1EC02C0F8DC2003F58272036033
:10609000C0F8E02003F58C7203F5A4730446C0F841
:1060A000E420C0F8203100F5CE70E7F7FFF904F5E1
:1060B000CA70E7F7FBF92046FFF702F8204610BD4B
:1060C000487C0508A0F1E400FFF7CABFA0F1E0009A
:1060D000FFF7C6BFA0F1DC00FFF7C2BFA0F1D800F8
:1060E000FFF7BEBFA0F1D000FFF7BABFA0F1980044
:1060F000FFF7B6BFA0F10800FFF7B2BFA0F59070A0
:10610000FFF7AEBF10B50446FFF7AAFF20464FF4D5
:10611000D07119F075FF204610BDA0F59070FFF703
:10612000F1BFA0F1E400FFF7EDBFA0F1E000FFF741
:10613000E9BFA0F1DC00FFF7E5BFA0F1D800FFF751
:10614000E1BFA0F1D000FFF7DDBFA0F19800FFF79D
:10615000D9BFA0F10800FFF7D5BF00002DE9F0433B
:10616000012185B000220446FEF724FE3D4B23604A
:1061700003F15002A26003F1A802C4F8982003F1D1
:10618000C002C4F8D02003F1D802C4F8D82003F12B
:10619000EC02C4F8DC2003F582724FF00008C4F86A
:1061A000E02003F58C7203F5A473C4F8E420C4F86E
:1061B0002031C4F8908140F6CC6019F09FFF07466B
:1061C000294B0126C0E9016647F80C3B05463846D5
:1061D000EEF7E0FAC4E96475502019F08FFF074626
:1061E000224BC0E9016604F5CA7947F80C3B054625
:1061F000D4F890310293494603A8FEF75EFA32467E
:1062000002A93846F1F750FC03A8E7F74FF905F16A
:106210001003C4F89831C4F89C5103A8CDF80C8041
:10622000CDF80880E7F742F9D4F89831009304F5E7
:10623000CE7101A8FEF741FAD4F890310293494695
:1062400003A8FEF73AFA02AA69462046FEF7C6FFFF
:1062500003A8E7F72BF901A8E7F728F9204605B0CE
:10626000BDE8F083487C050890770508147C050894
:10627000034A034692E8030083E803001846704788
:1062800084010010A1F10801FFF7F2BF0020704760
:106290007047C06AECF708B973B50446C06A0A4E85
:1062A0000D46ECF71BF940280246314628BF402234
:1062B0002846E1F729FD236801909B6901AA314630
:1062C0002046984702B070BD742D012000F10803EC
:1062D00070B5044603605C2019F010FF5B2605468C
:1062E00005492060A6603246D6F7FAF8002385F803
:1062F0005B306660204670BD24340508A1F10801BA
:10630000FFF7E4BF0020704770B505461B4B45F80A
:10631000083B044601221A4900232846EBF7E6FE13
:10632000184B23603833A3606C2019F0E7FE214638
:106330000646F0F7EFFAA662A42019F0DFFE064643
:10634000ECF778FDE66204F13000EFF70FFE04F1A0
:106350007000F5F7B5F9C82019F0D0FE4FF4E1311F
:106360000646ECF7B3FD00232846C4F89060C4F855
:106370009430EBF753FF204670BD00BFB0470508CF
:10638000752A0508D47D050810B50446006810B1CB
:1063900003685B689847204610BD000030B504468E
:1063A00085B0482019F0AAFE042300930D4A0E4B35
:1063B0000E490546F6F7C4FED4F89400C4F894508C
:1063C0000023039310B103685B68984703A8FFF7A5
:1063D000DBFFD4F8940003681B6905B0BDE83040CA
:1063E000184700BF959E050834020010E09E05087E
:1063F000134B10B503600446383383609430FFF7C5
:10640000C3FFD4F8900010B103685B68984704F1AB
:106410007000F4F7C1FF04F13000EFF7D1FCE06A3F
:1064200010B103685B689847A06A10B103685B68A5
:10643000984704F10800EBF7A7FB204610BD00BF0A
:10644000D47D0508A0F10800FFF7D2BF10B50446BF
:10645000FFF7CEFF2046982119F0D2FD204610BD4F
:10646000A0F10800FFF7F2BF052070470520704734
:10647000034A034692E8030083E803001846704786
:106480008C010010A1F11C01FFF7F2BF0B4B10B5FE
:1064900003F12C020360826003F144029C33044642
:1064A000C26140F83C3FE4F7D5FC04F11C00EBF777
:1064B0006BFB2046E5F744F9204610BD9C7E05089D
:1064C000A0F11C00FFF7E2BFA0F10800FFF7DEBF5C
:1064D000A0F13C00FFF7DABF10B50446FFF7D6FF86
:1064E00020468C2119F08CFD204610BDA0F13C0007
:1064F000FFF7F2BFA0F11C00FFF7EEBFA0F108000C
:10650000FFF7EABF7FB5044601220DF106014FF403
:106510000C70F7F70DFBB8B1BDF80600000AE4F700
:10652000E1FCC0F307238DF80C00C0F307408DF8A1
:106530000D308DF80E00039904F13C00E4F7CCFC1B
:10654000BDF8063084F88A3094F884301B0707D5EC
:10655000114E0025636C082B28BF08239D4201D3F0
:1065600004B070BD3088012202A9F7F7E1FA80B1CA
:10657000708801220DF10A01F7F7DAFA48B1A36D2C
:10658000BDF9081043F8351003EBC502BDF90A3018
:10659000536001350436DDE7407F0508A0F10800AF
:1065A000FFF7B0BFF8B504463C30E4F793FCE4F7DE
:1065B000A7FC94F88A1041EA002189B24FF40C70CC
:1065C000F7F788FA94F8405065B994F884301B07BF
:1065D00008D50D4E636C082B28BF08239D4206F199
:1065E000040600D3F8BDA36D36F8040C33F835105B
:1065F000F7F770FAA36D36F8020CEF003B44013553
:106600009988F7F767FAE5E7407F0508A0F10800E9
:10661000FFF7C8BF08B5034678B1084A904206D9CB
:10662000074A904201D91AF076F81AF071F8302032
:106630005843BDE8084019F061BD08BDAAAAAA02E6
:106640005555550538B500F108030446036014207C
:1066500019F054FD1323A3600A4B2060024603F196
:10666000100153F8045B42F8045B8B42F9D119889E
:106670009B7893701323118063600023C3742046BA
:1066800038BD00BF91340508A1F11C01DAE700BF55
:10669000F8B506460F46154602F108030446BC420B
:1066A00009D1174BA41B24095C4324F0704430200B
:1066B00000FB0450F8BD224643F8083C52F8081B82
:1066C000914217D1626818460132D5F709FF034697
:1066D000D4E90601626843F8042CC3E90401D4E953
:1066E000080194F8282083F82020C3E906013034FB
:1066F0003033D4E7A26843F8081C1A60E8E700BF0B
:10670000ABAAAA0AF0B5044685B004F11C06E5F769
:1067100001F801252549002341223046EBF7E6FC2C
:106720000621CDE90255CDE900553346224604F154
:106730003C00E4F751FC1E4B236003F12C02A260E5
:1067400003F144029C33E363062384F88530002779
:106750004FF6FF73E261A4F8883084F88A3084F839
:1067600086701448E4F7F2FA8540C0F11000013D4C
:1067700020EAE070A4F8885084F886002046FFF7ED
:10678000C1FE03253046EBF749FD3A4630460A4B39
:106790000A490095EBF7DAFC3046094B09490095A8
:1067A0000222EBF7D3FC204605B0F0BDA534050866
:1067B0009C7E0508F40C0120AA3405081B35050849
:1067C000B7340508B23405082DE9F84FD0E9008A3E
:1067D00093466FF06043AAEB0802B3EBA20F0746A3
:1067E00089464FEAA20402D11E4819F09AFFC24519
:1067F00014BF22460122A418A1EB08052ED27CB3B7
:106800009C4228BF1C46A00019F078FC0646DBF825
:1068100000307351002D04DD2A464146304611F008
:10682000E7FCAAEB090A0435BAF1000F354404DD90
:10683000524649462846D5F753FE5544B8F1000F55
:1068400005D0B9684046A1EB080119F0D9FBC7E9AA
:10685000006506EB8406BE60BDE8F88F1C46D2E7F3
:106860002646D4E7321B05082DE9F34100238DF8B5
:106870000330D0E904320446934218BF436100F16B
:1068800010060DF103011C48F7F768FD9DF8037031
:1068900094F885309F42804628BF1F460025EBB202
:1068A0009F4208D804F13C003146E4F741FE3046EF
:1068B00002B0BDE8F08158F82520B4F888301340C4
:1068C00094F88620934094F88A20A3F5FF432A4148
:1068D0007F3BD207019301D40135E0E7D4E90512EB
:1068E000914203D041F8043B6161F5E701AA3046CB
:1068F000FFF76AFFF0E700BFF40C01202DE9F84F25
:106900000E6880460B46144636B1022E66D0BDE8AE
:10691000F84F3C30E4F744BD0A6A022A01D0202A2D
:1069200005D11B6988F88A300120BDE8F88F012A5B
:1069300002D0102A40F0A580D4E901539D4214D022
:1069400098F88A20002305F10801C5E90623C5E966
:1069500000132B7200220023C5E90823022385F8C7
:106960002830636830336360DEE7484A01212046FF
:10697000E4F72EFC27688146FFF74CFEA5EB070ADB
:1069800000EB0A0398F88A100646002203F108007B
:1069900046F80A00C3E906125A601A720020002164
:1069A0000222C3E9080183F82820294632463846E6
:1069B000FFF76EFE294600F130022846FFF768FE19
:1069C000054627B1A1683846C91B19F019FB3023C9
:1069D000C4E9006503FB0966A660A5E7096A012909
:1069E00051D1D2E901539D4210D090F8852085F80D
:1069F0002860002305F10801C5E90623C5E9001355
:106A00002B7200220023C5E90823AAE71F4A20466B
:106A1000E4F7DEFBD4F800908246FFF7FBFDA5EB20
:106A2000090B00EB0B0398F885100746002203F1D1
:106A3000080047F80B00C3E9061200200021C3E953
:106A400008015A601A72294683F828603A46484677
:106A5000FFF71EFE294600F130022846FFF718FE18
:106A60000546B9F1000F05D0A1684846A1EB090120
:106A700019F0C6FA3023C4E9007503FB0A77A76052
:106A800052E7022051E730464FE700BF321B0508AE
:106A9000A0F11C00FFF732BF0420704704207047AC
:106AA000034A034692E8030083E803001846704750
:106AB00094010010A1F11001FFF7F2BF10B5084BCF
:106AC000036003F1300248330446826040F8103F0F
:106AD000EBF75AF82046E8F7A5FB204610BD00BFAB
:106AE000987F0508A0F10800FFF7E8BFA0F11000AB
:106AF000FFF7E4BF10B50446FFF7E0FF2046502142
:106B000019F07EFA204610BDA0F11000FFF7F2BF89
:106B1000A0F10800FFF7EEBF10B50446018E40F269
:106B20000320F6F7D7FF94F83C104FF40170F6F706
:106B3000D1FFA18E4FF40270BDE81040F6F7CABF36
:106B4000A0F10800FFF7E8BF08B5034678B1084A8E
:106B5000904206D9074A904201D919F0DCFD19F09C
:106B6000D7FD30205843BDE8084019F0C7BA08BD2A
:106B7000AAAAAA025555550538B500F108030446DE
:106B800003601A2019F0BAFA1923A360094B206098
:106B9000024603F1180153F8045B42F8045B8B4290
:106BA000F9D11B78137019236360002343762046C4
:106BB00038BD00BFCF340508A1F11001DCE700BFEC
:106BC000F8B506460F46154602F108030446BC42D6
:106BD00009D1174BA41B24095C4324F070443020D6
:106BE00000FB0450F8BD224643F8083C52F8081B4D
:106BF000914217D1626818460132D5F771FC0346FD
:106C0000D4E90601626843F8042CC3E90401D4E91D
:106C1000080194F8282083F82020C3E906013034C5
:106C20003033D4E7A26843F8081C1A60E8E700BFD5
:106C3000ABAAAA0A002310B50163C381012404FA98
:106C400003F20A4218BFC28903F101031CBF0132DB
:106C5000C281082BF3D110BD13B5002304460122D5
:106C60000DF1060140F20320ADF80630F6F760FFA3
:106C700020B1BDF806102046FFF7DCFF01220DF120
:106C800006014FF40170F6F753FF28B19DF8063066
:106C900003F0010384F83C3001220DF106014FF4AA
:106CA0000270F6F745FF10B1BDF80630636302B01D
:106CB00010BDA0F10800FFF7CFBF0000F7B50446F4
:106CC00004F11005E8F79AFA244900232122284606
:106CD000EBF70CFA224B236003F130024833002714
:106CE000A260236100220023C4E91023C4E9122317
:106CF000FF212046C4E90D7784F83C70FFF79AFF26
:106D00000326FFF7A9FF2846EBF788FA3A462846FC
:106D1000144B15490096EBF719FA2846134B144902
:106D200000960122EBF712FA2846124B1249009600
:106D30000222EBF70BFA01230093324628460F4B51
:106D40000F49EBF703FA28460E4B0F490096042231
:106D5000EBF7FCF9204603B0F0BD00BFE9340508AD
:106D6000987F0508AA3405081B350508EE34050888
:106D7000F2340508B7340508B2340508FB340508B9
:106D8000FA2B050806350508203505082DE9F047DA
:106D90000026DFF85C8007460D46914634464FF0EA
:106DA000010A3A6B0AFA06F3134215D0B8F8041038
:106DB000D8F80000D9F72CFFD5E90012B9F1000F7F
:106DC00012D0031E18BF0123A340194342EAE37304
:106DD000C5E900130134E4B20136082E08F10808B1
:106DE000DFD1B87BBDE8F087B0FA80F35B09EBE751
:106DF000B42D0120F7B5002304460022CDE900237D
:106E00000E4690F83C206946FFF7C0FF636B009F79
:106E100013B3A56C7D401D40D8F792FAA36BC01A3E
:106E2000322815D8A5B9656B236C1D40336872688C
:106E30001D43636B27EA03032B43C6E90032C4E911
:106E40001032DDE90023A07BC4E9122303B0F0BDBA
:106E5000D8F776FAA063E9E7D6E9002301993A4327
:106E60000B43C6E90023ECE72DE9F047D0E90143E5
:106E70009C420546884614D00A68002304F10801A4
:106E8000C4E906232372C4E9001300220023C4E9E5
:106E90000823022384F82830436830334360BDE878
:106EA000F0871C4A0121E4F793F92F688146FFF728
:106EB0004BFEA4EB070A00EB0A03D8F800100646C5
:106EC000002203F1080046F80A00C3E906125A60DE
:106ED0001A72002000210222C3E9080183F8282049
:106EE000214632463846FFF76BFE214600F130025C
:106EF0002046FFF765FE044627B1A9683846C91B3E
:106F000019F07EF83023C5E9006403FB0966AE6022
:106F1000C5E700BF321B05082DE9F74F14460A6884
:106F20000B46042A00F20C81DFE812F0050018007D
:106F30007A00C400FF001A6A022A06D11969FFF715
:106F400079FE012003B0BDE8F08F012A40F0FA80FD
:106F500000F130012046FFF787FFF2E7196A0229A6
:106F600008D1D3E904231A4314BF0123002380F876
:106F70003C30E6E7012940F0E5806568A36890F8B9
:106F80003CA09D424FF0000711D005F10803C5E970
:106F90000037C5E906A72F7200220023C5E90823A0
:106FA000022385F82830636830336360C9E7664A96
:106FB0002046E4F70DF9D4F800808146FFF7C4FDC0
:106FC000A5EB080B00EB0B0303F1080240F80B20C4
:106FD0000646002100200222C3E9080183F8282088
:106FE0002946C3E906A75F601F7232464046FFF795
:106FF000E7FD294600F130022846FFF7E1FD05468E
:10700000B8F1000F05D0A1684046A1EB080118F0C7
:10701000F7FF3023C4E9006503FB0966A66090E72B
:10702000196A012940F08E80D4E901539D420AD0AB
:1070300005F108032B6000236B602B7208220023EC
:10704000C5E90623A8E7404A2046E4F7C1F82768C7
:107050008046FFF779FDA5EB070900EB090303F173
:10706000080240F80920002106460820C3E906016D
:1070700000200021C3E9080100225A601A7202228E
:1070800083F82820294632463846FFF799FD2946DD
:1070900000F130022846FFF793FD054627B1A168AD
:1070A0003846C91B18F0ACFF3023C4E9006503FB68
:1070B0000866B3E71E6A012E44D190F83C204FF0D9
:1070C000000A4FF0000B6946CDE900ABFFF75EFE0A
:1070D000D4E901539D420CD005F108032B60002335
:1070E0006B602B72DDE90023C5E908ABC5E9062317
:1070F00056E73146144A2046E4F76AF82768804686
:10710000FFF722FDA5EB070900EB090303F10802D5
:1071100040F809200646DDE900010022C3E9060126
:10712000C3E908AB5A601A72A9E71A6A022A02D1A7
:107130001B69436305E7012A04D100F1340109E723
:107140000020FFE60220FDE6321B0508A0F110003A
:10715000FFF7E2BE104B114A1A604FF400419980CC
:107160004FF480419A6099811A6140214FF4005296
:107170009A82998302F18042202102F5F8329984A3
:1071800010219A611A629A6299851A6308219A639A
:10719000042299869A877047B42D01200008024086
:1071A000034A034692E8030083E803001846704749
:1071B0009C010010A1F10801FFF7F2BF00EE902A38
:1071C00038B5FAEEE90AB0EE000A04460D4615F0AD
:1071D00011FA0C234FF42D7213FB052163185A6822
:1071E00063589A4200D138BD83ED020A0C33F8E7A8
:1071F000A0F19800FFF7E2BF10B504464FF4FA7013
:10720000DDF790FCD4F8A80007F0AEFA50B1D4F83E
:10721000A80007F0BFFA28B9D4F8A800BDE81040CC
:107220000AF002BB10BD70B50C230E464FF42D7151
:1072300013FB0613C118C3584C6805469C4214D072
:10724000194611F80C0B904215D18C4205D0621AE8
:107250000C2A0BDD184610F0CBFF0C2303FB065362
:10726000D3F8B8220C3AC3F8B82270BD04BF07C9DE
:1072700083E80700F1E70B46E0E7A0F19800FFF78D
:10728000D2BFA2F17803012B01D97B2A08D10C23AC
:1072900003FB0100D0E9AD32934218BFC0F8B83209
:1072A0007047A0F19800FFF7ECBF0000174B03F107
:1072B0004C0270B50360826003F1A402D43304462B
:1072C000C0F89820C0F8A03000F55D7500F52D7667
:1072D000B54208D055F80C0D0028F9D0A968091A54
:1072E00018F08EFEF4E7D4F8A80010B103685B68CC
:1072F000984704F1A000F5F7C5FC04F19800F1F7F8
:107300007DFC2046FFF774F8204670BD6C800508B0
:10731000A0F19800FFF7CABFA0F10800FFF7C6BFB1
:10732000A0F1A000FFF7C2BF10B50446FFF7BEFFF3
:1073300020464FF4647118F063FE204610BDA0F1A2
:10734000A000FFF7F1BFA0F19800FFF7EDBFA0F19B
:107350000800FFF7E9BF0000F8B506460F461546DE
:1073600002F108030446BC4209D1174BA41B2409AF
:107370005C4324F07044302000FB0450F8BD2246EA
:1073800043F8083C52F8081B914217D1626818462E
:107390000132D5F7A5F80346D4E90601626843F83F
:1073A000042CC3E90401D4E9080194F8282083F8E7
:1073B0002020C3E9060130343033D4E7A26843F813
:1073C000081C1A60E8E700BFABAAAA0A37B5044652
:1073D000482018F093FE042300930B4A0B4B0C49F2
:1073E0000546F5F7ADFED4F89400C4F8945010B1FA
:1073F00003685B689847D4F8940003681B6903B07E
:10740000BDE83040184700BF189D05083402001041
:10741000E09E0508000000002DE9F0472DED028BED
:1074200004468AB0FEF770FF04F19800F1F7DAFB2A
:1074300004F1A000F5F7ACFC7D4B236003F14C0296
:10744000A26003F1A402D4330026C4F8A03004F1F2
:10745000B40543F6FF73C4E92A633146C4F89820A3
:1074600084F8B0604FF40072284610F061FF314696
:10747000C02204F52D7010F05BFF3146102204F598
:107480005D7010F055FF40F6C413C4F884339FEDCF
:10749000668B6423A4F88833DFF8C891654B664F88
:1074A000C4F88C336FF0440A4FF0000800265046B1
:1074B000D5F702FA42464B46D5F792FBB0EE480AA2
:1074C000F0EE680A41EC110B15F09EFB324651ECD0
:1074D000100B3B46D5F75AFAD5F750FD0AF1010AD1
:1074E000BAF13B0F45F8040BE1D1544BC4F8A4307A
:1074F0001A6853496423D362524B01261B68B3FBBD
:10750000F1F3013B93624FF44A70166018F0F6FDF8
:10751000002105464C48F2F71BF8009690E80C0055
:10752000494928460AF0E0FC484BD4F8A8002B60F3
:1075300003F174022A6103F18C02AA6103F1C00213
:107540006A6203F58C726A6403F5A672C5F884203A
:1075500003F5B072C5F8882003F5BC7203F5C67355
:10756000C5F8C020C5F8C430C4F8A85010B10368ED
:107570005B689847364E0FCE04AD0FC596E8030002
:1075800085E803000AAB13E907008DE8070004ABA8
:107590000ECBD4F8A80007F0C3FCD4F8A800002153
:1075A0000AF076F8D4F8A83093F808310BB9F6F75A
:1075B00055FFD4F8A800012107F0EAFB0022D4F817
:1075C000A800114607F0FBFBD4F8A800002380F8C0
:1075D000E63109F089FB08B9F6F740FFD4F8A800B6
:1075E000012107F0D5FB04F10805D4F8A800032613
:1075F0000122082107F0CDFE2846164B16490096B9
:107600000022EAF7A3FD154B1549009601222846F2
:10761000EAF79CFDD4F8A400DBF716FF20460AB079
:10762000BDEC028BBDE8F0870000000000000040C8
:107630006C80050817B7D13800807B40DC0501203D
:1076400040420F0000000010CC2C01209C4D05088A
:10765000580D05082D350508441C05083735050863
:107660004D3505080000284038B5D0E9AD319942C4
:1076700090F8742304460BD1002A53D0002280F8DE
:107680007423BDE83840D0F8A800114607F097BB36
:1076900042B9B0F98413D0F8A80007F090FB012399
:1076A00084F87433D4F8B852D4EDE36A15ED016A66
:1076B00055ED027A15F80C3CE6EE267A04EB8303CE
:1076C00093ED2D7A45ED027A67EE877A17EE900AF0
:1076D000D5F704F915A3D3E90023D5F757F9D5F762
:1076E0004DFC00EE100A15F005F815F80B3CDFED27
:1076F0000E6AD4F8A80007EE103AB8EEC77AC7EEC3
:10770000267A94ED2B7A67EE807AB8EE477A67EEA8
:10771000877AFDEEE77A17EE903A19B2BDE8384065
:1077200007F05EBA38BD00BF0000FE42182D445479
:10773000FB210940D0F8A4308B4201D1FFF794BF60
:107740007047A0F1A000FFF7F5BF000013B5044992
:1077500001AA0446E6F79CFB204602B010BD00BF1C
:1077600053350508A1F10801F0E700BF2DE9F84FF6
:10777000D0E90068344BA8EB0604A4105C43334BFB
:107780009C4205468946924602D1314818F0C9FF0D
:10779000B04514BF22460122A418A1EB060B42D229
:1077A000002C42D09C4228BF1C460C20604318F09D
:1077B000A5FC07469AE8070007EB0B0383E80700E0
:1077C000BC46334699450CF10C0C30D1DFF884E00F
:1077D0004FEA9B0B0EFB0BFB2BF0404B4FF00C0CBE
:1077E0000CFB0B6A0BFB0CCCBC44E14653464345F7
:1077F00009F10C0921D1A3EB0A039B080EFB03F34B
:1078000023F040430C2202FB03C826B1A96830468E
:10781000891B18F0F5FB0C23C5E9007803FB0477FE
:10782000AF60BDE8F88F1C46BFE72746C2E793E884
:1078300007000C330CE90700C4E793E807000C339A
:1078400009E90700D3E700BFABAAAAAAAAAAAA0A15
:10785000321B0508ABAAAA2A2DE9FF4107687F6BF6
:107860001E460D4690460446B84700230C2102935D
:107870008DF805604FF07E5301FB05460393D6E972
:10788000AE3293428DF8048001AA08D007CA83E87B
:1078900007000C33C6F8B83204B0BDE8F08101FB34
:1078A000054000F52D701946FFF760FFF4E7A0F1E1
:1078B0009800FFF7D1BF00002DE9F84FD0E900870D
:1078C000294BA7EB080424115C43284B9C42054636
:1078D0000E46924602D1264818F023FF474514BFB2
:1078E00022460122A418A1EB080B39D2D4B39C4242
:1078F00028BF1C463020604318F000FC814609EB8D
:107900000B03DAF80010002203F1080049F80B001D
:10791000C3E906125A601A72002000210222C3E94C
:10792000080183F8282031464A464046FFF714FDF7
:10793000394600F130023046FFF70EFD0646B8F139
:10794000000F05D0A9684046A1EB080118F058FBCC
:10795000302303FB0493C5E90096AB60BDE8F88FC4
:107960001C46C7E7A146CAE7ABAAAAAAAAAAAA02C6
:10797000321B050810B504460846236A022B01D0C5
:10798000202B02D12369136010BD012B01D0102BD5
:10799000FAD1D0E90113994213D01268002301F102
:1079A0000804C1E906230B72C1E900430022002349
:1079B000C1E90823022381F828304368303343604B
:1079C000E2E7FFF779FFDFE708B50346084611460F
:1079D00002681AB1012A07D0002008BD03F56172C0
:1079E000FFF7C8FF0120F8E703F1AC02F8E7A0F1C8
:1079F0000800FFF7E9BF0000034A034692E80300CE
:107A000083E8030018467047A4010010A1F110019B
:107A1000FFF7F2BF036801221B6980F847200021AD
:107A2000184710B5036804461B69002198470023D6
:107A300084F8473010BD90F8461090F8443001F0BB
:107A4000070141EAC33190F845301B0103F0700390
:107A5000194389B24FF40870F6F73CB8A0F1300032
:107A6000FFF7E9BF08B5034678B1084A904206D946
:107A7000074A904201D918F04EFE18F049FE302016
:107A80005843BDE8084018F039BB08BDAAAAAA02AD
:107A90005555550508B50368002B02DA0C4818F057
:107AA00040FE8B420AD9B3EB410F4FEA410205D2A7
:107AB000002AB6BF6FF00043026003600068013027
:107AC00001D518F025FEBDE8084018F017BB00BF2F
:107AD0004C1B050808B5034678B1084A904206D900
:107AE000074A904201D918F016FE18F011FE18202E
:107AF0005843BDE8084018F001BB08BD5555550571
:107B0000AAAAAA0A70B5D0E900560446AE4207D127
:107B1000206850B1A168BDE87040091A18F070BA29
:107B20002846E4F767FC1835F0E770BD184B70B5D0
:107B30000646184D036003F14802A033026146F87F
:107B4000303F154B296800220446A8691A70DBF7FC
:107B50008BFD6968A869DBF787FDA968A869DBF771
:107B600083FDE968A869DBF77FFDA869DBF7A6FC60
:107B70003046F1F761FB04F11000EAF705F8E06820
:107B8000064B236008B1E4F7F7FC204670BD00BF48
:107B900088810508D8650508FC2D0120905F05083F
:107BA000A0F11000FFF7C2BFA0F13000FFF7BEBF89
:107BB00010B50446FFF7BAFF2046482118F020FA16
:107BC000204610BDA0F13000FFF7F2BFA0F1100079
:107BD000FFF7EEBF00F1080373B5044603600D46DE
:107BE00011B90E4818F09AFD0846D4F749FA0F2843
:107BF0000646019006D9002101A8FFF74BFF019B23
:107C00002060A360324629462068E6F735F9019BDB
:107C1000226863600021D15402B070BDC31F050803
:107C200010B503490446FFF7D5FF204610BD00BF3D
:107C300075350508A1F11001F2E700BF00232DE919
:107C4000F041C0E9003317468360531A0F4A93424C
:107C500004460E464FEAA30802D90D4818F061FD0C
:107C60004046FFF737FF182303FB08030546206053
:107C7000A360B74202D16560BDE8F081284656F89E
:107C8000041BFFF7A7FF1835F3E700BF5455551540
:107C9000661A0508024B187880F00100704700BF93
:107CA000FC2D01200A4B4FF6FF72DB69B3FBF0F0AD
:107CB000B0FBF2F2531CB0FBF3F300209BB263F372
:107CC0000F0092B282B062F31F4002B0704700BF53
:107CD000D8650508013A032A16D8DFE802F0020742
:107CE0000C110A4B9B691B6859637047074B9B69D2
:107CF0001B6899637047054B9B691B68D963704784
:107D0000024B9B691B681964704700BFD865050862
:107D1000F8B590F847300C46002B00F0878090F8BB
:107D200044300BB14C4224B290F84630032B7DD83E
:107D3000DFE803F00254345E4FF47A73D0ED0E6A3C
:107D40009FED3B7A14FB03F347F6FF7293FBF2F3CC
:107D500007EE903A26EE877AF8EEE77AA7EEE67A13
:107D6000DFED347A66EEA77AB4EEE77AF1EE10FA38
:107D70000ADCDFED317A66EEA77AB4EEE77AF1EE4F
:107D800010FA58BFF0EE477A2C4BFCEEE77A1A7DDA
:107D900017EE901ABDE8F840FFF79CBF274D002C66
:107DA000AF7C6E7C14DA32460021FFF793FF3A462F
:107DB0004FF6FF71FFF78EFF002CC36B2A7CB8BF14
:107DC0006442A4B25C4347F6FF7194FBF1F1E1E732
:107DD0003A460021FFF77EFF3246E9E7C36B04F520
:107DE000FF447F345C43154B4FF6FF71DA7CECE7C0
:107DF00084EAE475114BC26B9F7D5E7DA5EBE47553
:107E0000ADB2002C02FB05F547F6FF7295FBF2F5CB
:107E100006DA32460021FFF75DFF3A462946B9E708
:107E20003A460021FFF756FF3246F7E7F8BD00BF9C
:107E30000080BB440000FA4400007A44D86505087D
:107E400070B50D460168114ECA6288B0044618220A
:107E50008B6202A8002110F06BFA60234FF0FF3113
:107E600030460193F5F7D2FB29462046DBF7FCFBB1
:107E70002A4601A92046DBF749FF29462046DBF7C1
:107E8000F1FB3046F5F7CAFB08B070BDF42D0120B8
:107E900037B50446032971D8DFE801F0024F5A656F
:107EA000374B90F84620DB69002A3DD149F6404225
:107EB000E263344AB3FBF2F32364314D236CEA6985
:107EC00084F845103049B2FBF1F207EE902A5A1CB3
:107ED00007EE102AF8EEE77AB8EEC77AE26B296867
:107EE000A869C7EE876AC4ED0E6AFFF7A9FFD4E957
:107EF0000F236968A869FFF7A3FFD4E90F23A968D6
:107F0000A869FFF79DFFD4E90F23E968A869FFF787
:107F100097FFA869D6F788FE23681B6900212046D1
:107F200003B0BDE83040184740F6B830FFF7BAFE5E
:107F30000190030C80B2E063BEE7114B90F846203D
:107F4000DB6912B947F23052B2E742F22830EDE76E
:107F50000B4B90F84620DB6912B944F62062A7E784
:107F600044F26820E2E7064B90F84620DB6912B93C
:107F700042F210729CE745F6C050D7E703B030BD1F
:107F8000D865050880841E0040420F0080F8461026
:107F900090F84510FFF77CBF13B50023044601227B
:107FA0000DF106014FF40870ADF80630F5F7C0FD8D
:107FB00090B1BDF80610204601F00F01FFF7E6FF73
:107FC000BDF806102046C1F30211FFF761FFBDF8AE
:107FD0000630DB0B84F8443002B010BDA0F1300055
:107FE000FFF7DABF2DE9F3412E4B0360002704466B
:107FF0008760182018F082F8804601262A4BC0E9D5
:10800000016648F80C3B05464046EDF7B3FDC4E970
:10801000028504F1100525493B4684222846EAF7EB
:1080200065F804F13000F1F76FF9214B236003F19B
:108030004802A03323634FF07E532261A36344F6CA
:1080400020625F23C4E90F234FF480336364194B2C
:1080500020461E70FFF7A0FF94F845102046FFF75A
:1080600017FF4FF00B082846EAF7D8F832462846A3
:10807000114B1249CDF80080EAF768F83A462846D5
:108080000F4B1049CDF80080EAF760F80323009306
:1080900028460D4B0D490222EAF758F8204602B057
:1080A000BDE8F081905F0508785205088D35050818
:1080B00088810508FC2D0120943505084525050813
:1080C000A9350508C13205082E320508763E050897
:1080D00070B504460E461546B44201D1284670BD1F
:1080E00021462846E7F7F2FCD4E90623C5E9062332
:1080F000D4E90823C5E9082394F8283085F8283006
:108100002046E4F777F930343035E5E72DE9F047DC
:10811000D0E901439C420546884614D00A780023E2
:1081200004F10801C4E906232372C4E90013002204
:108130000023C4E90823022384F82830436830333D
:108140004360BDE8F0871C4A0121E3F741F82F683E
:108150008146FFF787FCA4EB070A00EB0A0398F8B7
:1081600000100646002203F1080046F80A00C3E9A1
:1081700006125A601A72002000210222C3E9080187
:1081800083F82820214632463846FFF7A1FF2146D2
:1081900000F130022046FFF79BFF044627B1A96893
:1081A0003846C91B17F02CFF3023C5E9006403FBD8
:1081B0000966AE60C5E700BF321B05082DE9F04730
:1081C000D0E901639E4204468A4610D03046E5F766
:1081D000B7FE00230022C6E90623C6E908230323CD
:1081E00086F82830636830336360BDE8F0871B4A47
:1081F0000121E2F7EDFFD4F800808146FFF732FC61
:10820000A6EB08070744054651463846E5F798FEB1
:1082100000220023C7E90623C7E9082303233146C8
:1082200087F828302A464046FFF752FF314600F1D2
:1082300030023046FFF74CFF0646B8F1000F05D07C
:10824000A1684046A1EB080117F0DAFE3023C4E92B
:10825000005603FB0955A560C7E700BF321B0508A0
:1082600070B50E4605461446B54201D1204670BD94
:1082700029462046E5F764FE18341835F4E7000077
:1082800081422DE9F84F04468A4627D0D1E9008B78
:10829000D0F800908368354AABEB0807A3EB0903DD
:1082A000FE10BB4202FB06F61FD23046FFF712FC5F
:1082B0005946024605464046FFF7D2FFD4E900681A
:1082C000B0450DD1206818B1A168091A17F098FEC1
:1082D00025603D44A56023683B446360BDE8F88F9A
:1082E0003046E4F787F81836EAE74568A5EB090554
:1082F000AF422DD9ED105543002D2CDCD4E90036CA
:10830000DAF80050DAF80480F31A1D44A845E2D0E8
:1083100029463046E5F714FE18351836F6E741468B
:108320005046EAF786FB08F118080AF1180A013DE1
:10833000002DF4DC26EAE6751823D4F8048003FB4C
:108340000595A845C7D02846E4F754F81835F8E74E
:108350003546CA46ECE741464846EAF76AFB08F16B
:10836000180809F11809013DC6E700BFABAAAAAA7F
:108370002DE9F0470D68012D9CB00746144608D042
:10838000022D00F0BC80002D71D000201CB0BDE893
:10839000F0870B6A022B04D1097CFFF779FD0120DD
:1083A000F4E7012B08D190F845308DF8583016A924
:1083B0002046FFF7ABFEF2E7082BF0D1854E86484A
:1083C000D6E90035ED1AEB105843FFF783FB024660
:1083D00001900544D6E900010395FFF741FF97F8A6
:1083E00046300290C3B97D49DFF8EC917C4FDFF84D
:1083F000F88101A8FFF744FF00260199029B5B1A50
:10840000DB10F5B209FB03F3AB4206F1010605D818
:1084100001A8FFF777FBC2E73146E5E7182303FB26
:1084200005113A4604A8F3F70FFE29460AA8E4F717
:1084300029F80AAA04A910A8EDF740F8414610A8A7
:10844000E9F70AF9014616A8E7F740FB16A9204606
:10845000FFF7B4FE16A8E3F7CDFF10A8E3F7CAFFB5
:108460000AA8E3F7C7FF04A8E3F7C4FFC5E70B6A50
:10847000022B03D1097CFFF789FD90E7012B02D184
:1084800090F8463091E7082B89D1564FDFF8489194
:10849000DFF84C8139687B685B1ADB10EEB209FBB0
:1084A00003F39E4205F10105BFF479AF182303FBE6
:1084B0000611424604A8F3F7C7FD31460AA8E3F7C0
:1084C000E1FF0AAA04A910A8ECF7F8FF464910A892
:1084D000E9F7C2F8014616A8E7F7F8FA16A9204608
:1084E000FFF76CFE16A8E3F785FF10A8E3F782FFFD
:1084F0000AA8E3F77FFF04A8E3F77CFFCAE70B6A4B
:10850000022B01D0202B08D1D1E90432134314BF30
:108510000123002387F8443041E7012B01D0102BC1
:1085200055D1D4E901539D4214D097F8442000233B
:1085300005F10801C5E906232B72C5E900130022E5
:108540000023C5E90823022385F828306368303307
:10855000636024E7254A01212046E2F739FED4F87A
:1085600000808146FFF77EFAA5EB080A00EB0A03BC
:1085700097F844100646002203F1080046F80A0066
:10858000C3E906125A601A72002000210222C3E9D0
:10859000080183F82820294632464046FFF798FD17
:1085A000294600F130022846FFF792FD0546B8F152
:1085B000000F05D0A1684046A1EB080117F020FD8F
:1085C0003023C4E9006503FB0966A660E7E6284698
:1085D000DCE600BF0C2E0120ABAAAAAA182E0120AF
:1085E00018260508002E0120D7210508321B050892
:1085F000A0F11000FFF7BCBE30B5134D95E80F0099
:1086000085B06C4684E80F0004AA21460F48FFF7A6
:1086100015FB05F110030FCB203584E80F0004AAE9
:1086200021460B48FFF70AFB95E80F0084E80F008E
:10863000084804AA2146FFF701FB074805B0BDE83A
:108640003040F5F71FB800BF700D0508182E012047
:108650000C2E0120002E0120F42D012008B5084821
:10866000084B0360F4F7EEFF0748FFF74BFA0748A3
:10867000FFF748FABDE808400548FFF743BA00BFD6
:10868000F42D012004650508002E01200C2E012088
:10869000182E012010307047D0F824315B1AC0F832
:1086A00028317047A0F11000FFF7F6BF034690F89D
:1086B000490118B193F84A0180F001007047032086
:1086C000704710B50446D6F73BFED4F81431C01AF3
:1086D000642805D92368B4F910111B69204698470E
:1086E000D4E94903C01A10BDA0F11000FFF7E9BF9B
:1086F00008B5034678B1084A904206D9074A904225
:1087000001D918F008F818F003F830205843BDE8F4
:10871000084017F0F3BC08BDAAAAAA025555550592
:10872000032070470346084611462AB15B6C0022BD
:1087300099881868D8F772BAF4F762BCA0F13C00C7
:10874000FFF7F0BF0346084611462AB15B6C0122D1
:1087500099881868D8F762BA4FF0FF32F4F724BC52
:10876000A0F13C00FFF7EEBF2DE9F04104460F46B3
:1087700002F108054FF00008BC42A5F1080001D144
:10878000BDE8F081264645F8085C56F8083BB34240
:108790001ED16268314601322846D3F7A1FE6368D4
:1087A00045F8043CD4E90623C4E9006884F808804D
:1087B000C5E90423D4E90823C5E9062394F8283041
:1087C00085F820302046E3F715FE30343035D3E706
:1087D00045F8083CA3682B60E1E70000114B03F16A
:1087E0005C0210B50360026103F19002E8330446B5
:1087F000C363C26100F5AA70E3F7FCFD04F13C001D
:10880000F4F7F9FA04F11C00E9F7BEF904F11000DD
:10881000EDF75AF9E068044B236008B1E3F7ACFECA
:10882000204610BD84820508905F050801F5FF41D0
:10883000B0F82C217F3189B28A1A82EAE273A3EB65
:10884000E273B3F5004F10B5044608DBD0F83031C1
:10885000002AB4BF013303F1FF33C0F83031D4F83C
:108860003031A4F82C11C3EB03430B44A3F5FF43B1
:108870007F3BC4F82431D6F763FDC4F8140110BD62
:1088800038B5A0F81E1105460C46D6F759FDC4F3BD
:10889000401314F48054C5F8400185F84A3108BFEC
:1088A00085F8494138BD02F0030030B5C0F104003D
:1088B0009201C0B201F80129421E23F04043D200C8
:1088C00011F8014F23FA02F5083A2C4312F1080F70
:1088D0000C70F5D130BD10B500210446202248307F
:1088E0000FF026FD002384F86830206C84F82F31C7
:1088F000012184F82E3184F84831BDE81040F4F7A6
:108900007FBB10B50446D6F71BFDD4F84431C01A1E
:108910000A2805D994F8483113B12046FFF7DBFF48
:10892000206C0A22BDE810400121F4F73DBB000095
:10893000F8B504460F4615461E46FFF7E2FF00282D
:1089400038D024232A46394684F8693084F86A509E
:1089500004F1690784F86B6004F16C00D3F7C0FD83
:10896000EA1C002339461448E7F75EFD6319020A42
:1089700083F86C2083F86D006A1D206C3946F4F78B
:10898000F6FA054660B15EB1D6F7DAFC0123C4F809
:108990003C01206C84F82F31F4F7DCFA2846F8BD4E
:1089A0002368216C1B6D204601229847206C012111
:1089B000F4F726FB0025F1E7700900102DE9F341DB
:1089C000002790461E4602220B46694604468DF853
:1089D0000070CDF801708DF80570FFF764FF434615
:1089E00005460DEB00013A462046FFF75CFF2A18CA
:1089F00094F81C31D2B269462046FFF799FF05462C
:108A0000D8B1D6F79DFC0746D6F79AFCC01B0928BB
:108A100005D894F82F3113B1F4F778FEF4E794F801
:108A20002F317BB1012384F84831D4F81831013358
:108A3000C4F81831002384F82F310025284602B0ED
:108A4000BDE8F081002EF9D0D4F890303360F5E71E
:108A5000002380F84A31022240F22A21FFF7AEBFFC
:108A60000023012240F6E511FFF7A8BF10B5036807
:108A700000211B6904469847002320461A46BDE89A
:108A8000104040F6E511FFF799BF0000F8B5044625
:108A9000006C0E46F4F7DFFA0546D6F751FCC4F831
:108AA000440194F868301F2B00F2A480002D40F0A0
:108AB000A18094F8683031785A1C2344D2B284F8EB
:108AC000682083F8481094F8483094F82E21DBB2DF
:108AD00032B1112B04D194F868100629CAB207D01C
:108AE00094F82F215ABB206CBDE8F840F4F732BA55
:108AF000454884F82E51522304F14801E7F776FCEB
:108B000060B1012384F84831D4F80C310133C4F842
:108B10000C312046BDE8F840FFF7DDBEB4F84960EF
:108B2000B4F84B502046FFF7D6FE31462046FFF7FB
:108B30007DFE29462046BDE8F840FFF7A1BE252B63
:108B4000D1D194F86830052BCDD994F8493094F8F8
:108B50004A2094F86810DDB204338B42D2B2C2DAF4
:108B600094F81C319342D4D194F86820274800230C
:108B700004F14801E7F758FC40B1D4F80C31013357
:108B8000C4F80C31012384F84831C2E784F8890025
:108B900085421AD8002384F82F31BAE716F8017FEE
:108BA000103907FA01F10A436146B1F1080CF5D119
:108BB00094F889104E1C223104EB8101F6B2034473
:108BC00084F88960D8B24A60E2E794F889301F2BB4
:108BD000E0D8231800F14B0693F84B209309C3F11A
:108BE0000403DBB2591EC90002F03F028A4026444A
:108BF000D900DAE7D4F818310133C4F81831012369
:108C000084F84831F8BD00BF700B001070090010E7
:108C1000A0F13C00FFF73ABF37B500F11C04012575
:108C20002046E9F7FBFA20461C4B1D49009500221F
:108C3000E9F78CFA2A4620461A4B1B490095E9F7BA
:108C400085FA2046194B1A4900950222E9F77EFA67
:108C50002046184B184900950322E9F777FA204679
:108C6000164B174900950422E9F770FA2046154B78
:108C7000154900950522E9F769FAB02300932046CB
:108C8000124B13490622E9F761FA124B124900957B
:108C900007222046E9F75AFA03B030BD1E32050814
:108CA00012360508193605082A3605083236050831
:108CB00009420508403605085E4605084D36050898
:108CC000FE4505085A360508693605087136050857
:108CD000893605088D360508993605082DE9F84FBF
:108CE000FF2B92461ABF03F00302C2F10B020522CA
:108CF0009846D31D23F0070300AFADEB030D0446E8
:108D000068460025894600F8015B013A2946BE6A9B
:108D10000FF00EFBB8F1FF0FEB461FFA89F90FD0E9
:108D20000A23022269462046FFF7BDFD4346054659
:108D30000DEB000101222046FFF7B5FD0544EDB221
:108D40000BEB0501092302222046FFF7ACFD291891
:108D5000CDB24B4601225BFA81F12046FFF7A3FD1D
:108D60002A1894F81C31D2B259462046FFF7E0FD8C
:108D7000054620B9012384F84831002521E0D6F7C3
:108D8000DFFA8146D6F7DCFAA0EB0900B04205D243
:108D900094F82F3113B1F4F7B9FCF3E794F82F31BD
:108DA0009BB1012384F84831D4F818310133C4F859
:108DB0001831002384F82F31DFE7D4F89830CAF84F
:108DC00000302846BD46BDE8F88FB8F1FF0FF4D15A
:108DD000D4F89030F3E713B50A240094FFF77EFF30
:108DE00002B010BD07B5FF2301AA4FF46171FFF770
:108DF000F2FF20B1019800EB8000400000B203B008
:108E00005DF804FB07B5FF2301AA40F28531FFF7A7
:108E1000E2FF48B101984FF47A7310FB03F04FF46E
:108E20000C7390FBF3F000B203B05DF804FB70B577
:108E3000044686B0D6F784FAD4F83C31C01A952897
:108E400003D80025284606B070BD002301AA41F2D0
:108E500084712046FFF7BFFF054610B1019BA4F8BF
:108E6000203100231A464FF40A712046FFF7A6FD71
:108E7000012302AA40F229212046FFF7ACFF029B02
:108E8000064610B1A4F81E312E46002BD9D000237F
:108E9000039303AA012340F235212046FFF79BFFED
:108EA0000123051E04AA40F2ED11204618BF3546E5
:108EB000FFF791FF70B39DF8103084F86C31013BDF
:108EC000072B20D8DFE803F0040404040416191C5F
:108ED000039B9B00A361012305AA40F22F2120469A
:108EE000FFF779FFC0B1059B032B18BF002584F85D
:108EF0004951A7E7039B1B01ECE7039B9B01E9E7B3
:108F0000039B1B02E6E704F5A670EDF755F8012375
:108F100084F84A310025DEE70546E8E790F82F316E
:108F200070B504460E461546CBB990F8493193B159
:108F3000D6F706FAD4F83C31C01A0A2810D8D6F76A
:108F4000FFF9D4F84431C01A0A2813D9206CF4F779
:108F500080F848B90EE0FFF76AFF0028E8D170BD3D
:108F600094F82E31002BEAD0012384F848310023F5
:108F700084F82E312046FFF7C4FC18B9012384F889
:108F80004831ECE7102384F83431A4F8385194F8D0
:108F90001C3184F8353104F59A75062229461248A9
:108FA000A4F836615223E7F721FA072284F83A0140
:108FB0002946206CF3F7DBFF58B92368216C1B6D41
:108FC000204601229847206C0121BDE87040F4F74B
:108FD00017B8206CF3F7BEFFD6F7B2F90123C4F837
:108FE0003C0184F82E31BAE7700B0010A0F8101184
:108FF000002289B2FFF792BF836910B5044613B10E
:1090000090F8493113B92046FFF711FFA06910BD50
:10901000A0F11000FFF7F0BF0E4B0F4945F255527B
:1090200002EA500203EA400080B2024343F23333C3
:1090300003EA920301EA820292B21343074A40F61E
:109040000F7000EA131002EA03139BB2184340BAF0
:1090500080B27047AAAAFFFFCCCCFFFFF0F0FFFF61
:109060002DE9F047D0E901439C420546884614D0DB
:109070000A6804F1080323600023C4E9062323726D
:10908000636000220023C4E90823022384F8283007
:10909000436830334360BDE8F0871C4A0121E2F7A2
:1090A00097F82F688146FFF723FBA4EB070A00EB34
:1090B0000A0303F10802D8F8001040F80A20002241
:1090C000C3E906125A601A720646002100200222E5
:1090D000C3E9080183F82820214632463846FFF7C5
:1090E00043FB214600F130022046FFF73DFB0446DA
:1090F00027B1A9683846C91B16F082FF3023C5E99D
:10910000006403FB0966AE60C5E700BF321B0508BB
:109110002DE9F047D0E901439C420546884616D028
:10912000B1F9003004F10802D9172260002222723E
:10913000C4E90631626000230022C4E90823022347
:1091400084F82830436830334360BDE8F0871C4A18
:109150000121E2F73DF82F688146FFF7C9FAA4EB39
:10916000070A00EB0A03B8F90020064603F10801DC
:1091700046F80A10D0170021C3E906205960197279
:10918000002000210222C3E9080183F8282021469B
:1091900032463846FFF7E8FA214600F13002204611
:1091A000FFF7E2FA044627B1A9683846C91B16F052
:1091B00027FF3023C5E9006403FB0966AE60C4E7FE
:1091C000321B05082DE9F047D0E901439C420546D2
:1091D000884614D00A88002304F10801C4E9062354
:1091E0002372C4E9001300220023C4E908230223E8
:1091F00084F82830436830334360BDE8F0871C4A68
:109200000121E1F7E5FF2F688146FFF771FAA4EB32
:10921000070A00EB0A03B8F800100646002203F123
:10922000080046F80A00C3E906125A601A720020C4
:1092300000210222C3E9080183F828202146324692
:109240003846FFF791FA214600F130022046FFF739
:109250008BFA044627B1A9683846C91B16F0D0FE20
:109260003023C5E9006403FB0966AE60C5E700BFB3
:10927000321B05082DE9F047D0E901439C42054621
:10928000884615D00B6804F10802D9172260002225
:109290002272C4E90631626000230022C4E9082377
:1092A000022384F82830436830334360BDE8F087F8
:1092B0001C4A0121E1F78CFF2F688146FFF718FA5D
:1092C000A4EB070A00EB0A03D8F80020064603F1D6
:1092D000080146F80A10D0170021C3E9062059609A
:1092E0001972002000210222C3E9080183F8282016
:1092F000214632463846FFF737FA214600F1300260
:109300002046FFF731FA044627B1A9683846C91B41
:1093100016F076FE3023C5E9006403FB0966AE60F3
:10932000C4E700BF321B05080B7813B51446072BA2
:1093300043D8DFE803F0040C0F181B24272100F5A5
:1093400086712046FFF78CFE012002B010BD00F5AB
:109350008C71F6E7FFF746FDADF8040001A9204641
:10936000FFF7D6FEF0E7FFF74DFDF5E700F58F714B
:109370002046FFF727FFE7E700F59071F8E7FFF7D2
:1093800067FBE1E70B6A102B0DD1002300930989DD
:10939000FF236A46FFF71FFD009B019301A92046AA
:1093A000FFF768FFD0E7202BCED100230A69009396
:1093B00009896B46FFF702FBEEE70020C5E7A0F145
:1093C0001C00FFF7B1BF00002DE9F041774B0360AF
:1093D0000025044688B085601820884616F08EFE69
:1093E00001230746C0E90133714B47F80C3B0646A1
:1093F0003846ECF7BFFBC4E9027604F11000ECF745
:10940000B9FB434689226B4904F11C00E8F76EFE64
:10941000694904F13C00F3F721FE684B236003F136
:109420005C02226103F19002E833E363644B6364FE
:1094300094F81C3184F86850013384F81C3147F6E5
:10944000FF73A4F82C314FF4887384F88950C4E971
:109450004955C4F80C51E261C4F81451A4F81051F4
:10946000C4F81851A4F8205184F82E51C4F8305192
:1094700084F82F51C4F83431C4F83C5184F8385181
:10948000C4F8405184F83951C4F8445184F83A5131
:1094900084F8485184F8495184F84A5149496A4648
:1094A00001A8E4F7F5FCDDE901652023C4F84C319F
:1094B000022384F850310F2D04F5AE73C4F85431F3
:1094C0000ED9002D02DA404817F02BF9681C01D59F
:1094D00017F01EF916F012FEC4F85C51C4F85401DE
:1094E0003146D4F85401394E2A46E4F7C5FCD4F885
:1094F0005431C4F8585100225A5501A8E2F77AFFB6
:109500003378A3BB3249DAB2082550B252000028A2
:10951000D2B205F1FF35B8BF82F0070215F0FF05A2
:10952000F3D101339BB2B3F5807F01F8012BEAD16F
:10953000284F48F20508A8B2FFF76EFD1023C0F3CC
:109540000F2002B24000002A80B203F1FF33B8BFFF
:1095500080EA080013F0FF03F3D1FFF75DFD01354A
:10956000B5F5807F27F8020BE5D101233370002584
:109570004FF4E123CDE901350C23CDE9053501A9EF
:109580004FF40043206C0793CDE90355F3F7B0FC8B
:10959000636C2A4618689988D7F740FB2046FFF786
:1095A0003BFB204608B0BDE8F08100BF905F050896
:1095B00078520508A1360508642C0120848205082C
:1095C000CC2B0120A53605084C1B0508262E0120B2
:1095D000700B00107009001003207047034A034607
:1095E00092E8030083E8030018467047BC010010AE
:1095F000A1F15401FFF7F2BFD0F8C4305B1AC0F8F4
:10960000CC307047036810B5DB6904469847D4F83E
:10961000CC30C01A10BD90F8FC0020B1431E584257
:109620005841400570474FF480207047194B03F1B3
:10963000480210B5C26003F17C020360C26403F10A
:109640009402EC334367144B4265002204461A70BF
:10965000D0E905120069F0F70DFA04F1F400E5F71E
:10966000F9FD04F1EC00E5F7F5FD04F17400F4F701
:10967000A5F904F15400E8F787FA04F14C00EFF77C
:10968000DBFD04F10C00F0F721FA2046ECF71CFAA0
:10969000204610BDD0830508272E0120A0F15400DC
:1096A000FFF7C4BFA0F14C00FFF7C0BFA0F10C0052
:1096B000FFF7BCBFA0F17400FFF7B8BF10B50446B8
:1096C000FFF7B4FF20464FF4807116F099FC204656
:1096D00010BDA0F17400FFF7F1BFA0F15400FFF737
:1096E000EDBFA0F14C00FFF7E9BFA0F10C00FFF7C0
:1096F000E5BF38B590F8FC2090F8FE3090F8D01017
:10970000012A4FEA83034FEA022202F4706203F057
:109710000C03044643EA020301F0030141EA03019A
:1097200040F201400CBF05250225F4F7D3F9D4F827
:10973000CC10294189B2BDE838404FF48060F4F77D
:10974000C9B9A0F14C00FFF7D4BF90F8D13010B5E3
:10975000044613B1D4F8C40010BD012380F8D13001
:10976000EC30F4F7B3F80A2104F1F400F4F79CF8B4
:10977000F0E718B13023594316F042BC704700009F
:1097800008B5034678B1084A904206D9074A904284
:1097900001D916F0C0FF16F0BBFF30205843BDE8DA
:1097A000084016F0ABBC08BDAAAAAA02555555053B
:1097B00090F8D13013B50446BBB1806F01A9DDF735
:1097C000FFF9019B4BB14FF0E0234FF08052C3F8FB
:1097D000042DBFF34F8FBFF36F8FD4F8E430C4F87C
:1097E000DE30B4F8E830A4F8E23002B010BDA0F1E9
:1097F0000C00FFF7DDBF10B504460069EFF788FFE6
:10980000206904F12001EFF7ADFE2069BDE81040AA
:10981000EFF7A3BF70B5044600F114050E460069CA
:1098200095E80600F0F726F92069EFF78FFED0E9FA
:109830000031C91AC1F3C701B14228BF314684F8CB
:10984000D0102069EFF784FE036863618388AB80E2
:109850002046FFF7D0FF95E806002069BDE870407C
:10986000F0F756B81FB590F8FC3000F10C02A3B920
:109870008DF80930ADF80C306423CDE9002361F098
:109880007F0100698DF80810022303AA02A9EFF7EF
:1098900012FF9DF80D0004B010BD00238DF80A30B2
:1098A000ADF80C308DF80E306423CDE900238DF82F
:1098B000091000693024032303AA02A98DF8084087
:1098C000EFF7F9FE9DF80E00E5E71FB590F8FC30C4
:1098D0007BB964238DF80D2000938DF80C1000F1F6
:1098E0000C030222006903A9EFF7BCFE05B05DF886
:1098F00004FB012BFAD160238DF80C3064238DF822
:109900000E2000938DF80D1000F10C030322E9E7FF
:109910001FB590F8FC30012B1FD1114B1A889B7892
:109920008DF80A300023ADF80C308DF80E3064232A
:10993000019300F10C0300930069ADF808200323A4
:1099400003AA02A9EFF7B7FE9DF80E00A0F1550398
:109950005842584105B05DF804FB0020FAE700BF0B
:10996000A00D05081FB590F8FC30A3B900F1D8018F
:109970008322C0F8D8208DF80C300B7100F10C0355
:109980000292009300F1E40204230069EFF704FE61
:1099900005B05DF804FB012BFAD100224FF4687387
:1099A000ADF80C20C0F8D8300293BDF80C30A0F808
:1099B000DC3000F10C03009300F1E402062300F117
:1099C000D801E2E7F8B5054690F8FC00B8BB95F879
:1099D000E16095F8E03095F8DF40F20882EA9602FF
:1099E00082EA9202C3F3400182EA121285F8B810AB
:1099F000D2074FEA1611C6F3001685F8B9604FEA90
:109A000053074FEA930610D483EA070284EA54000E
:109A100080EA900082EA920280EA020383EA10134D
:109A200083EA1213DB4303F0010041EA842141EA97
:109A30000611C5F8C010002385F8D130F8BD012803
:109A400021D195F8E23095F8E01095F8E12095F8ED
:109A5000E340C3F3400085F8B80003F00100DB08E1
:109A600043EA413343EA421385F8B900C5F8C030F0
:109A700006480023032205F1E001E6F7B7FC231AAC
:109A800058425841D7E70020D5E700BF700C0010BE
:109A900070B5044600F1EC054FF0FF312846F3F7AE
:109AA00003FF2046FFF75EFF4FF0FF310120DCF798
:109AB000D3FF2046FFF786FF58B3236820469B6AF2
:109AC0009847D4E92F218B1AB3EB500F4FEA500679
:109AD000D4F8C83018DD013BC4F8C8302368C4F896
:109AE000BC109B6AD4F8C86020469847D4F8C030B0
:109AF00000FB0633C4F8C43004F1F400F3F7E6FECB
:109B0000002384F8D130C7E7521AB242E6DD0133B0
:109B1000E2E7D4F8D4300133C4F8D430ECE7A0F154
:109B20007400FFF7B5BF0023C0E9303380F8FC10A4
:109B3000C0F8BC30C0F8C830C0F8D430A0F8B83095
:109B40007047000013B590F8FE308B42044618D0E1
:109B5000032928BF032180F8FE1000EB810191ED5D
:109B60002B0A9FED091A0169DFED080A6846F0F734
:109B700063F8009BA363204602B0BDE81040FFF7E6
:109B80003ABE02B010BD00BF0000807F00000000A0
:109B90002DE9F34101220DF10601054640F2014095
:109BA000F3F7C6FF014608B1BDF806100B0A012BFA
:109BB0008EB201F003074FF001020DF106014FF4E0
:109BC00080601C460CBF4FF005084FF00208F3F709
:109BD000AFFF034608B1BDF8063003FA08F3284684
:109BE000C5F8CC302146FFF79EFF3946FFF712FE3D
:109BF000C6F38101284602B0BDE8F041FFF7A2BFDD
:109C0000A0F14C00FFF7C4BF70B504460E461546E0
:109C1000B44201D1284670BD21462846E5F756FFDB
:109C2000D4E90623C5E90623D4E90823C5E90823B6
:109C300094F8283085F828302046E2F7DBFB3034F2
:109C40003035E5E72DE9F047D0E901439C42054670
:109C5000894614D00A78002304F10801C4E90623D8
:109C60002372C4E9001300220023C4E9082302235D
:109C700084F82830436830334360BDE8F0871D4ADC
:109C80000121E1F7A5FA2F688046FFF779FDA4EBE3
:109C9000070A00EB0A03064699F8001003F10800D2
:109CA000002246F80A00C3E906125A601A72002020
:109CB00000210222C3E9080183F828202146324608
:109CC0003846FFF7A1FF214600F130022046FFF79A
:109CD0009BFFA968084BC91B091104465943384624
:109CE000FFF747FD3023C5E9006403FB0866AE605B
:109CF000C3E700BF321B0508ABAAAAAA2DE9F047AB
:109D0000D0E901439C420546894615D00B6804F111
:109D10000802D917226000222272C4E9063162606B
:109D200000230022C4E90823022384F82830436872
:109D300030334360BDE8F0871D4A0121E1F748FA5E
:109D40002F688046FFF71CFDA4EB070A00EB0A030F
:109D50000646D9F8002003F1080146F80A10D0178A
:109D60000021C3E906205960197200200021022257
:109D7000C3E9080183F82820214632463846FFF718
:109D800043FF214600F130022046FFF73DFFA9685E
:109D9000084BC91B0911044659433846FFF7E9FC33
:109DA0003023C5E9006403FB0866AE60C2E700BF6C
:109DB000321B0508ABAAAAAA2DE9F0418AB00446D5
:109DC000EBF7D8FE6E48EFF7BFFB03686C490CCB8E
:109DD00004F10C00EFF7C0FD04F1540604F14C004F
:109DE000EFF792FA0023674962223046E8F77EF9DE
:109DF00004F17407644903AA04A8E4F749F82A2384
:109E00004FF4807204A93846F3F7F4FD04A8E2F792
:109E1000F1FA5E4B236003F14802E26003F17C0239
:109E2000E26403F194026265594A07CAEC330025E3
:109E3000636704F1AC0383E807002946C4E92F55A2
:109E4000C4E93155A4F8B850C4F8CC50A4F8D050A7
:109E5000C4F8D450C4F8D850A4F8DC50C4F8DE508C
:109E6000A4F8E250C4F8E450A4F8E85004F1EC007F
:109E7000F3F740FD294604F1F400F3F73BFD4FF4FE
:109E8000E063A4F8FC30434B21699FED431ADFEDFA
:109E9000430A9FED430A84F8FE504FF0010804A8DE
:109EA00083F80080EFF7C8FE049B94F8FD103D4A4C
:109EB000C4F83080C4E90E350223E36284F81C80C4
:109EC000EBB24FF0080858B25B000028DBB208F193
:109ED000FF38B8BF4B4018F0FF08F4D10135ADB2E0
:109EE000B5F5807F02F8013BEAD12046FFF750FE2E
:109EF000D4E905122069EFF70BFD03253046E8F79A
:109F00008DF942463046284B28490095E8F71EF95E
:109F10003046274B274900950122E8F717F901231E
:109F2000009330464FF00B08234B24490222E8F7F8
:109F30000DF92A463046224B2249CDF80080E8F739
:109F400005F93046204B2149CDF800800422E8F77E
:109F5000FDF8B023009330461D4B1E490522E8F75B
:109F6000F5F881231C49009306221C4B3046E8F784
:109F7000EDF83846F3F7EEFC20460AB0BDE8F08174
:109F80008C2C0120ED360508F3360508D083050832
:109F9000A40D0508272E01200000807F000000008E
:109FA0008096184B700C0010AE3A0508F93605087B
:109FB000FC3605086F380508053705089E2B05088F
:109FC00018370508C13205083937050888330508F0
:109FD0004A37050889360508222A05085E3705082C
:109FE0002DE9F04F2DED028B14460A68A5B0054609
:109FF0000B46062A00F22D82DFE812F0070021004E
:10A000008200D5002F01130223021A6A012A08D107
:10A0100090F8D03001331E931EA92046FFF76EFE44
:10A0200007E0022A40F01782197C0139C9B2FFF714
:10A03000F1FB012025B0BDEC028BBDE8F08F1E6A5C
:10A04000012E55D103685B699847D4E901539D42BD
:10A0500081464FEAE07A12D005F108032B60002315
:10A060006B602B7200220023C5E9060AC5E90823AC
:10A07000022385F82830636830336360D9E73146BE
:10A08000C64A2046E1F7A4F827688046FFF778FB28
:10A09000A5EB070B00EB0B0303F1080240F80B20C4
:10A0A000002206465A601A72002000210222C3E9EB
:10A0B000080183F82820C3E9069A32462946384623
:10A0C000FFF7A2FD294600F130022846FFF79CFD6C
:10A0D000A168B34BC91B0911054659433846FFF720
:10A0E00048FB3023C4E9006503FB0866A660A0E7CF
:10A0F000022E40F0B08102681969526A904798E7D1
:10A10000D4E901639E4211D0D0F8D420002306F197
:10A110000801C6E90623C6E90013337200220023B2
:10A12000C6E90823022386F82830A4E701219B4AC8
:10A130002046E1F74DF8D4F800808146FFF720FB78
:10A14000A6EB080AD5F8D410074600EB0A0303F182
:10A150000800002247F80A00C3E906125A601A7282
:10A16000002000210222C3E9080183F8282031469B
:10A170003A464046FFF748FD314600F1300230468E
:10A18000FFF742FDA168864BA1EB080109110546C6
:10A1900059434046FFF7EDFA3023C4E9007503FB4D
:10A1A0000977A76045E71A6A012A08D190F8FC30C0
:10A1B0008DF878301EA92046FFF744FD39E7022AC2
:10A1C00003D1197CFFF7AFFC33E7082A40F0438145
:10A1D000D4E901639E420CD018AA72491EA8E3F785
:10A1E00057FE1EA93046E5F7DBFD1EA8E2F702F98F
:10A1F00041E76A4A01212046E0F7EAFF27688046E6
:10A20000FFF7BEFAA6EB0709054618AA654981447F
:10A210001EA8E3F73DFE1EA94846E5F7C1FD1EA8AE
:10A22000E2F7E8F82A4631463846FFF7EDFC3146BA
:10A2300000F130023046FFF7E7FCA168584BC91B1C
:10A240000911064659433846FFF793FA3023C4E90B
:10A25000005603FB0855A560EBE6196A012917D1E2
:10A26000D4E901639E4202D090F8FE204EE74B4AAB
:10A270002046E0F7ADFFD4F800808146FFF780FA72
:10A28000A6EB080A95F8FE10074600EB0A035EE706
:10A29000022903D1197CFFF755FCCAE6082940F0D2
:10A2A000DA809FED418ADFED418A00F1AC094FF081
:10A2B0000008B9EC010A2969B0EE481AF0EE680A04
:10A2C00004A8EFF7B9FC0598D2F708FB384B3A22FF
:10A2D000CDE90001374906A8EAF701FC364906A88E
:10A2E000E7F7BAF901460CA8E5F7F0FB414612A8DA
:10A2F000E2F7C8F80CA8E5F722FC0D9E139F06EBC9
:10A30000070B834537D912A8E5F719FC834532D8E6
:10A3100000220C9B0096114612A8E5F7C3FD0146EA
:10A3200018A8E5F7D3FB254918A8E7F795F90146E2
:10A330001EA8E5F7CBFBD4E901739F4242D01EA9CA
:10A340003846E5F72DFD6368303363601EA8E2F7F9
:10A3500051F818A8E2F74EF812A8E2F74BF80CA84B
:10A36000E2F748F808F1010806A8E2F743F8B8F167
:10A37000030F9ED15DE6C6F1FF4606F5FF0606F522
:10A38000FF467F36B742129902D90D4816F0C9F937
:10A390003A460CA8E5F762FDC1E700BF321B05088D
:10A3A000ABAAAAAA6D3705080000807F0000000054
:10A3B000E42505089D7B040818260508D721050813
:10A3C000402005080121254A2046E0F701FFD4F886
:10A3D00000B0A7EB0B0282460392FFF7D1F9039A74
:10A3E00006461EA91044E5F7DBFC324639465846BE
:10A3F000FFF70AFC394600F130023846FFF704FC4B
:10A40000A168174AA1EB0B010911074651435846B1
:10A41000FFF7AFF93022C4E9006702FB0A66A660C5
:10A4200094E71A6A102A05D11989FFF71BFA8DF8EB
:10A430007800BFE6202A0ED11A7C1989FFF745FA69
:10A44000F7E51B6A012B7FF4F4ADFFF761FA1E906C
:10A45000E2E50020EEE50220ECE500BF321B050836
:10A46000ABAAAAAAA0F15400FFF7BABD0120704719
:10A47000034A034692E8030083E803001846704746
:10A48000CC010010A1F12801FFF7F2BFA1F11801E2
:10A49000FFF7EEBF034A034692E8030083E8030098
:10A4A00018467047C4010010A1F12801FFF7F2BF60
:10A4B000A1F11801FFF7EEBF1830704710B503681F
:10A4C0002DED028B1B6C90ED218A08EE901A04464C
:10A4D000984707EE900AF8EEE88AF8EE677A88EE79
:10A4E000A77A78EE477ABDEC028BC4ED237A10BDD3
:10A4F000A0F11800FFF7E2BFD0F8C430042B06D15A
:10A50000D0F8A400A0F10803584258417047002039
:10A51000704710B503682DED028B04461B6C9847FD
:10A52000236808EE100ADB6B20469847B8EE488A8D
:10A5300028EE008AFDEEC87ABDEC028B17EE900A79
:10A5400010BDA0F11800FFF7E4BF4FF6FF70704791
:10A55000032070477047000010B52DED028B82B0CC
:10A5600004464FF4415301220DF102014FF474707F
:10A57000ADF80230F3F7DCFA48B194F9A330002BC0
:10A580004CD1BDF8023003F03F0384F8A23040F212
:10A59000D1300023012201A9ADF80430F3F7C8FA45
:10A5A00088B1BDF80430DFED236AC3F30B0207EE78
:10A5B000902AF8EEE77AC3F3003387EEA67A84F8A0
:10A5C000A13084ED2E7A94F8A1301BB30023ADF8AE
:10A5D000063094F9A330002B40F2D3304FF0010243
:10A5E00018BF4FF475700DF10601F3F7A1FA88B1A9
:10A5F000BDF9063008EE103A236820461B6C9847D8
:10A6000007EE900AB8EEC88AF8EE677A88EE277AE5
:10A6100084ED237A02B0BDEC028B10BD012BB6D1C4
:10A62000BDF80230C3F3851384F8A23040F2D23073
:10A63000AFE700BF0000C842A0F11000FFF78CBFD9
:10A6400030B52DED028B044683B04FF44153012207
:10A650000DF106014FF47470ADF80630F3F768FAA7
:10A6600094F9A320BDF80630002A48D194F8A2201E
:10A6700062F30503ADF8063040F2D135BDF806109F
:10A6800021F4E04189B24FF47470ADF80610F3F78D
:10A6900021FAD4ED2E7A9FED1F7A94F8A13067EE5F
:10A6A000877A2846FDEEE77A17EE901AC1F30B0180
:10A6B00041EA033189B2F3F70DFA94F8A130D3B12E
:10A6C000236894ED238A1B6C2046984707EE900A76
:10A6D000F8EE677A94F9A33067EE887A002BFDEEE6
:10A6E000E77A40F2D33017EE903A18BF4FF4757006
:10A6F00099B2F3F7EFF903B0BDEC028B30BD012A3C
:10A70000BAD194F8A22062F38B13ADF8063040F270
:10A71000D235B3E70000C842A0F11000FFF790BFA8
:10A72000F8B5D66890F9A230C6F3451199420446AF
:10A7300025D1D2E90075D4F703FE06F01F06092ED5
:10A74000C4F898001CD0172E26D0012E17D1EBB2DA
:10A75000C4F8A870C4F8A430C5F30723C4F8AC301B
:10A76000C5F307432D0EC4F8B030C4F8B45094F8C4
:10A77000BC3023B1002384F8BC30C4F8C460F8BDF9
:10A78000C4F88470C4F88850D4F7DAFD0023C4F804
:10A790009C0084F8A030F2E7D4F7D2FDC4F89070A2
:10A7A000C4F89400EBE7A0F12400FFF7B9BF18B19B
:10A7B0003023594315F024BC7047000008B5034608
:10A7C00078B1084A904206D9074A904201D915F05B
:10A7D000A2FF15F09DFF30205843BDE8084015F05A
:10A7E0008DBC08BDAAAAAA025555550570474FF65B
:10A7F000FF707047032070472DE9F04104460F4673
:10A8000002F108054FF00008BC42A5F1080001D193
:10A81000BDE8F081264645F8085C56F8083BB3428F
:10A820001ED16268314601322846D1F759FE63686D
:10A8300045F8043CD4E90623C4E9006884F808809C
:10A84000C5E90423D4E90823C5E9062394F8283090
:10A8500085F820302046E1F7CDFD30343035D3E7A0
:10A8600045F8083CA3682B60E1E70000024B18782C
:10A8700080F00100704700BF292E0120024B18789C
:10A8800080F00100704700BF282E012030B590F8FD
:10A89000A23087B001225B01ADF81420044690F885
:10A8A000A320D0F8800003F4FC6302934FF4FC6310
:10A8B00003930568059B009302F00102049202AB2A
:10A8C0000ECB6D6AA847C4F8C00007B030BD0000C9
:10A8D00073B500F1280403252046E7F79FFC2046C6
:10A8E000204B214900950022E7F730FC0126204645
:10A8F0001E4B1F4900950122E7F728FC20461D4BFF
:10A900001D4900960222E7F721FC2A4620461B4BF0
:10A910001B490096E7F71AFC20461A4B1A49009586
:10A920000422E7F713FC2046184B1949009605222C
:10A93000E7F70CFC022300932046164B164906222B
:10A94000E7F704FC2046154B154900960722E7F768
:10A95000FDFB144B1449009508222046E7F7F6FB4F
:10A9600002B070BD8B370508AA4505089C3705085D
:10A97000A9370508B03705089E2B0508C337050819
:10A98000FE450508D0370508EF370508F9370508F3
:10A99000053805080A380508313805083D38050826
:10A9A0004B420508553805086A380508F0B50C4DC6
:10A9B00006460F460FCD87B001AC0FC42B6823604D
:10A9C0000123D6F880008DF8153096F9A23047EAB9
:10A9D0004317036803979B6901A9984707B0F0BD27
:10A9E000B00D050890F8C83010B504464BB190F88A
:10A9F000A0306BB9012384F8A03009212046FFF76D
:10AA0000D5FF94ED210AD4ED237A30EE670A10BD0C
:10AA1000D4F796FCD4F89C30C01A0528EAD8F0E7A1
:10AA2000A0F11800FFF7DEBF70B50E4D06460FCD42
:10AA300088B003AC0FC48DED010A2B682360019B25
:10AA400003930423069396F9A230D6F880005B01A5
:10AA500043F00E030593036803A99B69984708B068
:10AA600070BD00BFB00D05081F4B9FED200A03F11C
:10AA7000680210B5026103F18002826103F1B40241
:10AA800004460360426203F1D80203F598738262C0
:10AA90008364FFF7C9FFD4F8800094F8C0100368FE
:10AAA0009B6A9847D4F8800003689B6C984704F130
:10AAB0004800F2F783FF04F12800E7F765F804F196
:10AAC0002400E5F70FFD04F11800EAF7FDFF04F19B
:10AAD0001000EEF7B1FBE068054B236008B1E1F729
:10AAE0004BFD204610BD00BF588505080000000042
:10AAF000905F05080C4B03F1680210B5026103F189
:10AB00008002826103F1B4020360426203F1D80261
:10AB100003F598738364054B8262044600221A7021
:10AB2000FFF7A2FF204610BDE8870508282E012068
:10AB3000A0F12800DEE7A0F12400DBE7A0F1180077
:10AB4000D8E7A0F11000D5E7A0F14800D2E700BF98
:10AB500010B50446FFF7CEFF2046CC2115F050FA81
:10AB6000204610BDA0F14800F2E7A0F12800EFE771
:10AB7000A0F12400ECE7A0F11800E9E7A0F1100033
:10AB8000E6E700000C4B03F1680210B5026103F127
:10AB90008002826103F1B4020360426203F1D802D1
:10ABA00003F598738364054B8262044600221A7091
:10ABB000FFF75AFF204610BDA0860508292E012068
:10ABC000A0F12800DEE7A0F12400DBE7A0F11800E7
:10ABD000D8E7A0F11000D5E7A0F14800D2E700BF08
:10ABE00010B50446FFF7CEFF2046CC2115F008FA39
:10ABF000204610BDA0F14800F2E7A0F12800EFE7E1
:10AC0000A0F12400ECE7A0F11800E9E7A0F11000A2
:10AC1000E6E7000007EE901A9FED057AF8EEE77A76
:10AC200087EE870AD0ED2E7A20EE270AFFF7FCBECA
:10AC300000FEFF46F0B5104D8C46064617460FCD78
:10AC400089B003AC0FC42B682360CDE900C708238B
:10AC500003AA60463946069396F9A23082E80300BB
:10AC60005B01D6F8800043F00B030593036811469F
:10AC70009B69984709B0F0BDB00D0508F0B50D4DC2
:10AC800006460F460FCD87B001AC0FC42B6823607A
:10AC90000423049396F9A230D6F8800001975B0153
:10ACA00043F007030393036801A99B69984707B022
:10ACB000F0BD00BFB00D050808B50446012600250B
:10ACC0004FF4FA70DBF734FAD4F8C430022B33D0E7
:10ACD000052B42D0012B09D1D4F8A430012B05D18A
:10ACE0000321C4F8C4102046FFF7C8FFD4F8A430ED
:10ACF000032B46D0D4F8A430042B42D0D4F8A4308F
:10AD0000072B3ED0D4F8A4300D2B3AD0D4F8A43081
:10AD1000062B36D0D4F8A430082B39D1D4F8C4305F
:10AD2000052B35D0D4F8C430042B31D004232DE0CA
:10AD3000012384F8C830C3E7D4F8A430012B07D12D
:10AD400008212046FFF79AFF0523C4F8C430CDE759
:10AD5000D4F8A430082BC9D1F6E70423C4F8C430D2
:10AD6000D4F8A430082BC1D194F8A11019B92368E4
:10AD700020469B6C9847012211462046FFF75AFF58
:10AD8000B4E7D4F8C430022B02D00223C4F8C43094
:10AD9000D4F7D6FAD4F89430C01AB0F57A7F03D934
:10ADA00017212046FFF702FED4F7CAFAD4F89830EC
:10ADB000C01AB0F5FA6FBBD9C4F8A4500023C4F888
:10ADC000C45084F8BC60B4E7A0F14800FFF774BF3A
:10ADD00010B50023044680F8BD309FED070AFFF749
:10ADE00023FED4F8A430082B05D120460121BDE86C
:10ADF0001040FFF743BF10BD00000000D0F8A430A2
:10AE00000122934280F8BD2002D10821FFF736BF0E
:10AE10007047000070B50C4D06460FCD86B001ACF2
:10AE20000FC42B6823600123049396F9A230D6F84F
:10AE300080005B0143F010030393036801A99B6941
:10AE4000984706B070BD00BFB00D050813B50449A2
:10AE500001AA0446E3F71CF8204602B010BD00BF6B
:10AE600073380508A1F12801F0E700BF2DE9F04390
:10AE7000544B03600025044689B0856018200E46B7
:10AE800015F03CF98146504B4FF00108C0E90188AC
:10AE900049F80C3B07464846EAF76CFEC4E90297BE
:10AEA00004F11000EEF730FA04F11800EAF762FE40
:10AEB00004F12400E5F77EFB33464449852204F182
:10AEC0002800E7F713F904F14807414901AA02A84D
:10AED000E2F7DEFF19234FF4807202A93846F2F739
:10AEE00089FD02A8E1F786FA3A4A226002F1680376
:10AEF000236102F18003A36102F1B403636202F1F2
:10AF0000D803A362344BC4F8A4501B68C4F8803043
:10AF100071B20023414502F59872C4F88430C4F838
:10AF20008830C4F88C30C4F890304FF07E53C4F8A9
:10AF3000A850A264C4F8AC5084F8A310C4F8B05070
:10AF4000C4F8B830C4F8B45084F8A25084F8BC8077
:10AF500008BF84F8A2102046C4E92555C4F89C50C7
:10AF6000A4F8A05084F8BD50C4F8C050C4F8C45030
:10AF700084F8C850FFF7F0FA2046FFF787FCD4F8B2
:10AF8000800003689B6B9847022805D8D4F880009E
:10AF9000036803211B6B9847D4F8800003680021E5
:10AFA000DB6B98472046FFF793FCD4F880000368DA
:10AFB0005B6C98473846F2F7CDFC204609B0BDE8F7
:10AFC000F08300BF905F05087852050890380508A7
:10AFD0009538050858850508F86505082DE9F047F6
:10AFE000D0E901439C420546894614D00A680023F3
:10AFF00004F10801C4E906232372C4E90013002206
:10B000000023C4E90823022384F82830436830333E
:10B010004360BDE8F0871D4A0121E0F7D9F82F68A9
:10B020008046FFF7CBFBA4EB070A00EB0A030646BA
:10B03000D9F8001003F10800002246F80A00C3E91D
:10B0400006125A601A72002000210222C3E9080188
:10B0500083F82820214632463846FFF7CDFB2146AB
:10B0600000F130022046FFF7C7FBA968084BC91B57
:10B070000911044659433846FFF799FB3023C5E9C7
:10B08000006403FB0866AE60C3E700BF321B05081F
:10B09000ABAAAAAA2DE9F047D0E901439C42054694
:10B0A000894615D00B6804F10802D91722600022E6
:10B0B0002272C4E90631626000230022C4E9082339
:10B0C000022384F82830436830334360BDE8F087BA
:10B0D0001D4A0121E0F77CF82F688046FFF76EFBE0
:10B0E000A4EB070A00EB0A030646D9F8002003F197
:10B0F000080146F80A10D0170021C3E9062059605C
:10B100001972002000210222C3E9080183F82820D7
:10B11000214632463846FFF76FFB214600F13002E8
:10B120002046FFF769FBA968084BC91B09110446B3
:10B1300059433846FFF73BFB3023C5E9006403FB66
:10B140000866AE60C2E700BF321B0508ABAAAAAA18
:10B150002DE9F74F14460A6805460B46082A00F207
:10B16000F681DFE812F07800EE006C00E7005F0186
:10B1700009005101D601E2011F6A012F40F0E98167
:10B1800090ED247ADFEDB57A666867EE277A17EEE0
:10B19000900A15F0B1FBA3689E428246894615D0FD
:10B1A00006F10803C6E906013360002373603372B9
:10B1B00000230022C6E90823022386F828306368AA
:10B1C00030336360012003B0BDE8F08F3946A44AF4
:10B1D0002046DFF7FDFF27688046FFF7EFFAA6EB72
:10B1E000070B00EB0B0303F1080240F80B200022D1
:10B1F00005465A601A72002000210222C3E90801A4
:10B2000083F82820C3E906A92A4631463846FFF7C5
:10B21000F3FA314600F130023046FFF7EDFAA1684B
:10B22000904BC91B0911064659433846FFF7BFFA30
:10B230003023C4E9005603FB0855A560C2E71B6A2A
:10B24000012B40F08681D0F8A830019301A9204657
:10B25000FFF7C4FEB6E71A6A022A01D0202A0DD1F0
:10B260001B6985F8A230D5F8800095F8C0100368F6
:10B270009B6A98472846FFF709FBA3E7012A01D0FC
:10B28000102AF0D1D4E901639E4215D095F9A2307D
:10B2900006F10802D917326000223272C6E906317F
:10B2A000726000230022C6E90823022386F82830B2
:10B2B000636830336360D6E7694A01212046DFF7CF
:10B2C00087FFD4F800808146FFF778FAA6EB080ADA
:10B2D00000EB0A03074695F9A22003F1080147F89D
:10B2E0000A10D0170021C3E9062059601972002006
:10B2F00000210222C3E9080183F8282031463A469A
:10B300004046FFF779FA314600F130023046FFF748
:10B3100073FAA168534BA1EB080109110646594382
:10B320004046FFF744FA3023C4E9007603FB09776F
:10B33000A76098E71B6A012B40F00B81D0F8A4307E
:10B3400083E71E6A012E52D1D0F8800003689B6B00
:10B350009847D4E901539D4281460FD005F1080377
:10B360002B600023C5E906036B602B7200220023CB
:10B37000C5E90823022385F8283020E73146384AFA
:10B380002046DFF725FF27688046FFF717FAA5EB71
:10B39000070A00EB0A0303F1080240F80A20002222
:10B3A000C3E9069206465A601A7200200021022262
:10B3B000C3E9080183F82820294632463846FFF7BA
:10B3C0001BFA294600F130022846FFF715FAA1685A
:10B3D000244BC91B0911054659433846FFF7E7F9C5
:10B3E0003023C4E9006503FB0866A660EAE6022E86
:10B3F00040F0AF80D0F88000197C036803291B6BF4
:10B4000038BF03219847DDE6186A022840F0A18082
:10B41000D3E90421531E0B437FF4D5AE2846FFF732
:10B42000F9FCCFE6196A012959D1D0ED2E7A9FEDAA
:10B430000E7A6668A36867EE877A9E42FDEEE77A29
:10B4400017EE907A4FEAE77A10D006F108033360DE
:10B450000023C6E9067A73603372A9E600007A44D5
:10B46000321B0508ABAAAAAA0000C8423A4A2046E5
:10B47000DFF7AEFED4F800808146FFF79FF9A6EB18
:10B48000080B00EB0B0303F1080240F80B2000222D
:10B4900005465A601A72002000210222C3E9080101
:10B4A00083F82820C3E9067A2A4631464046FFF74A
:10B4B000A3F9314600F130023046FFF79DF9A1684B
:10B4C000264BA1EB08010911064659434046FFF7F8
:10B4D0006EF93023C4E9005603FB0955ADE6022995
:10B4E00037D1D3E90423002BBCBF00221346B2F5A9
:10B4F000805F73F10003A8BF40F6FF7207EE902A49
:10B50000DFED176AF8EEE77A87EEA67A80ED2E7AFD
:10B5100058E61B6A012B7FF455AE90F8C8300193B2
:10B5200001A92046FFF7B6FD4CE61A6A012A02D1AE
:10B5300090F8A130F3E7022A7FF444AED3E9042364
:10B540001A4314BF0123002380F8A1303AE60020FB
:10B5500039E6022037E600BF321B0508ABAAAAAACB
:10B560000000C842A0F12800FFF7F2BD0420704798
:10B570000420704704207047034A034692E8030002
:10B5800083E8030018467047D4010010A1F12C0194
:10B59000FFF7F2BFA1F10C01FFF7EEBF408F70473C
:10B5A00010B5064B0360044601464068EDF79DF870
:10B5B0002046ECF785FE204610BD00BF8C890508AB
:10B5C00010B50446FFF7ECFF20460C2114F018FDDF
:10B5D000204610BD0F4B03F1480210B5C26003F1C5
:10B5E000A0020360C26203F1C002D8330446426382
:10B5F00040F83C3FF2F7E2F904F12C00E3F712FEC9
:10B6000004F10C00E6F7C0FA2046FFF7C9FF204618
:10B6100010BD00BFB0890508A0F13400FFF7DABF04
:10B62000A0F12C00FFF7D6BFA0F10C00FFF7D2BFAE
:10B63000A0F13C00FFF7CEBF10B50446FFF7CAFFEC
:10B640002046A02114F0DCFC204610BDA0F13C00F7
:10B65000FFF7F2BFA0F13400FFF7EEBFA0F12C001E
:10B66000FFF7EABFA0F10C00FFF7E6BF438F90F8A9
:10B670007410013B03F03F0343EA81114FF414704F
:10B68000F2F728BAA0F13400FFF7F0BF10B500239D
:10B6900080F89C3004460846EDF710F8D3F750FECA
:10B6A000C4F8940010BD000008B5034678B1084AFC
:10B6B000904206D9074A904201D915F02CF815F0AE
:10B6C00027F830205843BDE8084014F017BD08BDE6
:10B6D000AAAAAA025555550543688B4213B50446DC
:10B6E0002BD190F89C3043B3D3F72AFE94F89010F6
:10B6F00094F89120C4F89400C900A1F12003C1F18D
:10B70000200022FA00F002FA03F303438A40D4E94E
:10B71000220119431043C4E92201206C01A9DBF77F
:10B720004FFA019B4BB14FF0E0234FF08052C3F82A
:10B73000042DBFF34F8FBFF36F8F02B010BDC089D0
:10B7400070472DE9F04104460F4602F108054FF01D
:10B750000008BC42A5F1080001D1BDE8F0812646F1
:10B7600045F8085C56F8083BB3421ED16268314682
:10B7700001322846D0F7B4FE636845F8043CD4E9AA
:10B780000623C4E9006884F80880C5E90423D4E9E5
:10B790000823C5E9062394F8283085F82030204690
:10B7A000E0F728FE30343035D3E745F8083CA3688D
:10B7B0002B60E1E738B504460D46ECF7B1FF054BC9
:10B7C000C4E900350023284623722146ECF7B6FE73
:10B7D000204638BD8C89050813B50124CDE9004405
:10B7E00013460A4601464068ECF7C0FE02B010BDA1
:10B7F00008B5044600254FF0FF310120DBF72CF996
:10B8000094F8901094F875204B1C93420BDA213178
:10B8100084F8915084F8903004F19102C9B2204626
:10B82000FFF7DAFFE7E7D4E9222384F89050C4E970
:10B83000202384F89C50DEE7A0F13C00FFF7D8BF3E
:10B8400038B5D0E92023044690F8740008B1D243FB
:10B85000DB43C1E90023D4E91E5018401540C1E97B
:10B860000050D3F76DFDD4F89430C01AD4F8983056
:10B8700098420CD994F89C304BB10023606884F84E
:10B880009C30ECF71BFFD3F75BFDC4F894006068B5
:10B89000ECF7C6FE98B994F89C3003F0FF0273B938
:10B8A000002000210123C4E9220184F8902084F8BB
:10B8B0009C3004F1910220212046FFF78DFF94F87F
:10B8C0003A0038BDA0F12C00FFF7BABF000000001D
:10B8D000012910B50446084638BF0120402828BF7A
:10B8E0004020431EDB1001333F29608784F8753008
:10B8F00015D8D0F7D1FF9FED0C0B41EC110B11F0D7
:10B9000083F951EC100B15F02BF8013861F10001AF
:10B91000C4E91E016068BDE81040ECF7CFBE4FF0EF
:10B92000FF300146F4E700BF0000000000000040C7
:10B9300013B5012204460DF106014FF41470F2F71D
:10B94000F7F868B1BDF8061001F03F01013120465B
:10B95000FFF7BEFFBDF80630C3F3801384F87430E0
:10B9600002B010BDA0F13400FFF7E2BF2DE9F041B5
:10B970000446354E35498AB004F10C05FFF71AFF2D
:10B980000023314624222846E6F7B0FB04F12C00C0
:10B99000E3F734FC04F13C0803AA314604A8E2F7BB
:10B9A00077FA04A9142340224046F2F723F804A8AA
:10B9B000E0F720FD264B236003F14802E26003F12B
:10B9C000A002E26203F1C002D833E36340F2011344
:10B9D0006263A4F87430FF220023C4E91E2300220E
:10B9E00000230026C4E92023C4E92223FA23C4F853
:10B9F00098302846A4F89060C4F8946084F89C605D
:10BA0000E6F70CFC03270823638732462846114BD0
:10BA100011490097E6F79AFB2846104B104900970A
:10BA20000122E6F793FB0F4B0F49009702222846AD
:10BA3000E6F78CFB2046FFF77BFF4046F1F78AFFD5
:10BA400020460AB0BDE8F081B4380508D42B0120A7
:10BA5000B08905082030050832300508393005085E
:10BA60009F1C0508BB3805088833050813B5044931
:10BA700001AA0446E2F70CFA204602B010BD00BF4E
:10BA8000C8380508A1F10C01F0E700BF2DE9F84F17
:10BA90000E68012E07460B46144661D0022E00F0B8
:10BAA000BE80002E40F01A81096A012952D1D2E9E4
:10BAB00001539D4212D0438F2E7205F10802C5E951
:10BAC0000026C5E9063600230022C5E90823022323
:10BAD00085F8283063683033636038E0814A204657
:10BAE000DFF776FBD4F800908246FFF7DDFDA5EB8B
:10BAF000090B00EB0B037A8F03F1080140F80B10E0
:10BB00008046C3E90626002000210222C3E908017D
:10BB100083F8282029465E601E7242464846FFF799
:10BB200010FE294600F130022846FFF70AFE0546BE
:10BB3000B9F1000F05D0A1684846A1EB090114F046
:10BB40005FFA3023C4E9008503FB0A83A360012068
:10BB5000BDE8F88F0229FAD1197CFFF7B9FEF6E7A4
:10BB60000A6A022A01D0202A08D1D3E904231A4301
:10BB700014BF0123002387F87430E8E7012A02D0BC
:10BB8000102A40F0AD80D4E901539D420AD097F8C5
:10BB90007420002305F10801C5E90013C5E9062357
:10BBA0002B7290E74F4A01212046DFF711FBD4F8B2
:10BBB00000808146FFF778FDA5EB080A00EB0A0339
:10BBC00097F874100646002203F1080046F80A00B0
:10BBD000C3E906125A601A72002000210222C3E94A
:10BBE000080183F82820294632464046FFF7A9FD80
:10BBF000294600F130022846FFF7A3FD0546B8F1BB
:10BC0000000F05D0A1684046A1EB080114F0F8F937
:10BC10003023C4E9006503FB0966A66097E7D1F805
:10BC20002080B8F1010F50D14068ECF7D5FBD4E982
:10BC300001539D4281460ED005F108032B6000237D
:10BC4000C5E906036B602B7200220023C5E90823B7
:10BC500085F828603EE74146224A2046DFF7B8FAD9
:10BC6000D4F800808246FFF71FFDA5EB080B00EB20
:10BC70000B0303F1080240F80B20074600220020C6
:10BC80000021C3E90801C3E906925A601A722946E5
:10BC900083F828603A464046FFF753FD294600F1F5
:10BCA00030022846FFF74DFD0546B8F1000F05D0DC
:10BCB000A1684046A1EB080114F0A2F93023C4E9C1
:10BCC000007503FB0A77A76041E7B8F1020F7FF424
:10BCD0003EAF097C4068ECF7E7FB38E7002037E728
:10BCE000022035E7321B0508A0F10C00FFF7CEBE9D
:10BCF00001207047034A034692E8030083E80300EB
:10BD000018467047E4010010A1F12801FFF7F2BFC7
:10BD1000A1F11801FFF7EEBF034A034692E80300C2
:10BD200083E8030018467047DC010010A1F12801E8
:10BD3000FFF7F2BFA1F11801FFF7EEBF183070470F
:10BD4000B0F8B23013B990F88C00704700207047FB
:10BD500048F6A0407047000007EE901AD0ED286A20
:10BD60009FED057AF8EEE77AD6EE877AFDEEE77A70
:10BD7000C0ED2D7A704700BF0000C842A0F1180046
:10BD8000FFF7EABF0320704737B50023ADF8063050
:10BD900090F88930002B04464FF0010240F2C33086
:10BDA0000DF1060108BF4FF47070F1F7C1FE50B1FC
:10BDB000BDF8063003F01F020132C3F3801384F88C
:10BDC000882084F88D3094F88930002B40F2C130FF
:10BDD0004FF0010218BF4FF471700DF10601F1F739
:10BDE000A7FE28B1BDF80630C3F30E03A4F8A430B3
:10BDF00094F8895040F2C53340F2C23001220DF16F
:10BE00000601002D18BF1846F1F792FE18B1BDF9D2
:10BE10000630C4F8B43003B030BDA0F11000FFF715
:10BE2000B3BF000010B590F8883090F8892090F8E2
:10BE30008D10013B0446002A03F01F0343EA8111E1
:10BE400040F2C33008BF4FF47070F1F743FE94F82E
:10BE50008930B4F8A410002BC1F30E0140F2C130B8
:10BE600018BF4FF47170F1F735FED4F8B4100C4AD6
:10BE700048F6A04333EA210328BF134691FBF3F2AF
:10BE800003FB121194F8892040F2C53340F2C2300E
:10BE9000BDE8104089B2002A18BF1846F1F71ABE53
:10BEA0006073FFFFA0F11000FFF7BCBF18B1302393
:10BEB000594314F0A5B8704708B5034678B1084A4D
:10BEC000904206D9074A904201D914F024FC14F09C
:10BED0001FFC30205843BDE8084014F00FB908BDDE
:10BEE000AAAAAA025555550548F6A0407047032056
:10BEF00070472DE9F04104460F4602F108054FF066
:10BF00000008BC42A5F1080001D1BDE8F081264639
:10BF100045F8085C56F8083BB3421ED162683146CA
:10BF200001322846D0F7DCFA636845F8043CD4E9CE
:10BF30000623C4E9006884F80880C5E90423D4E92D
:10BF40000823C5E9062394F8283085F820302046D8
:10BF5000E0F750FA30343035D3E745F8083CA368B1
:10BF60002B60E1E7024B187880F00100704700BFBA
:10BF70002B2E0120024B187880F00100704700BF83
:10BF80002A2E012030B5D0F8A810002987B0044629
:10BF900005DBD0F884000368C9B29B6A984794F81F
:10BFA0008830D4F88400202B28BF2023012284F875
:10BFB0008830ADF8142003F5107394F889200293AB
:10BFC00040F2FF3303930568059B009302F00102E2
:10BFD000049202AB0ECB6D6AA847C4F8A80007B064
:10BFE00030BD0000F0B50E4D06460F4694460FCD0D
:10BFF00087B001AC0FC42B6838687968236001AB47
:10C0000003C396F88830D6F8840003F5A073CDE911
:10C01000033C036801A99B69984707B0F0BD00BFC6
:10C02000C40D050837B5084A04460D4650699169A4
:10C030006B4603C30822694620468DF80050FFF77F
:10C04000D1FF03B030BD00BFC40D050890F88D309E
:10C0500010B5044663B1D3F773F9D4F89830C01A19
:10C06000D4F88030984203D992212046FFF7DAFFB6
:10C07000D4ED2D7AD4ED286A9FED057AF8EEE77AB3
:10C08000D6EE877AFDEEE77A17EE900A10BD00BF74
:10C090000000C842A0F11800FFF7D8BF9A21FFF7AF
:10C0A000C1BF07B50023CDF8013008220193A123B9
:10C0B000ADF8041069468DF80030FFF793FF03B028
:10C0C0005DF804FB10B50021044680F88A10FFF7E4
:10C0D000E8FF20468021BDE81040FFF7A3BF000025
:10C0E0001C4B03F15C0210B5026103F17402826122
:10C0F00003F1A8020360426203F1CC0203F59273DC
:10C10000044682628364D0F8840094F8A81003681F
:10C110009B6A98472046FFF7D5FF04F14800F1F7E6
:10C120004DFC04F12800E5F72FFD04F12400E4F7AD
:10C13000D9F904F11800E9F7C7FC04F11000EDF794
:10C140007BF8E068044B236008B1E0F715FA20465D
:10C1500010BD00BF288B0508905F05080C4B03F14C
:10C160005C0210B5026103F17402826103F1A8025E
:10C170000360426203F1CC0203F592738364054BC2
:10C180008262044600221A70FFF7AAFF204610BD03
:10C19000A08D05082A2E0120A0F12800DEE7A0F1DD
:10C1A0002400DBE7A0F11800D8E7A0F11000D5E7E4
:10C1B000A0F14800D2E700BF10B50446FFF7CEFF5C
:10C1C0002046B82113F01CFF204610BDA0F1480006
:10C1D000F2E7A0F12800EFE7A0F12400ECE7A0F1DE
:10C1E0001800E9E7A0F11000E6E700000C4B03F1AE
:10C1F0005C0210B5026103F17402826103F1A802CE
:10C200000360426203F1CC0203F592738364054B31
:10C210008262044600221A70FFF762FF204610BDBA
:10C22000648C05082B2E0120A0F12800DEE7A0F188
:10C230002400DBE7A0F11800D8E7A0F11000D5E753
:10C24000A0F14800D2E700BF10B50446FFF7CEFFCB
:10C250002046B82113F0D4FE204610BDA0F14800BE
:10C26000F2E7A0F12800EFE7A0F12400ECE7A0F14D
:10C270001800E9E7A0F11000E6E7B0F8B21021B924
:10C28000012280F88A20FFF70CBF704790F88A20BF
:10C2900007EE101ABAB190F88C20A2B1B8EEC77AA6
:10C2A000DFED096AB0F8A430C7EE267A07EE103A3F
:10C2B000B8EEC77A67EE877AFDEEE77A17EE903A26
:10C2C00019B2FFF7EEBE704700FEFF460A8812B1B2
:10C2D00003685B69184770472DE9F84390F8883088
:10C2E000D16803F51073994204460BD1012380F8FD
:10C2F0008B3013789A2B00F0888005D8922B52D07F
:10C30000942B62D0BDE8F883A12B0DD0B52BF9D1C9
:10C31000D2F80130C0F88F30B2F80530A0F8933071
:10C32000D37980F89530EDE7537880F8AE305388B4
:10C33000A0F8AC30B2F80480D688F1F777FA94F818
:10C340008D30054663B3D4F89C70B84228D00FFAFC
:10C3500088F0D0F7B1FA8046E81B8946D0F79CFAFE
:10C3600034A3D3E90023D0F711FB02460B46404625
:10C370004946D0F735FCD0F701FE36B207EE106A19
:10C3800007EE900AB8EEC77A77EE877A94ED287AAE
:10C3900077EE877AB6EE007A67EE877AC4ED287A70
:10C3A000C4F89C50AEE75568D2F7CAFFC4F89800AD
:10C3B0002846D0F781FA1CA3D3E90023D0F7E6FA88
:10C3C000D0F7DCFDC4F8A0009CE7D588D2F7B8FF11
:10C3D00094ED287ADFED167AC4F89800C7EE277A34
:10C3E00017EE900AD0F77AFA064628460F46D0F79D
:10C3F00063FA0DA3D3E90023D0F7C8FA02460B462F
:10C4000030463946D0F70CF9DAE7537880F8AE3089
:10C410009388A0F8B0300146D38821F8B23FBDE838
:10C42000F843FFF753BF00BF7B14AE47E17A843F68
:10C430000000B4430000000080842E41A0F12400DD
:10C44000FFF74ABF13B50024ADF805408DF807404B
:10C450008DF801108DF802208DF80330B6241B0AE8
:10C46000082269468DF800408DF80430FFF7BAFDC8
:10C4700002B010BD08B504466420D9F759FE002566
:10C4800094F88C3084F88B5033B92046B521FFF7EF
:10C49000C9FD1420D9F74CFE94F88D305BB12046CD
:10C4A000FFF7FCFD4FF47A70D9F742FE94F88B3019
:10C4B00084F88C30E4E794F88C301BB194F88E301B
:10C4C000002BEFD02046002301229221FFF7BAFF74
:10C4D00084F88E509620D9F72BFEE3E7A0F14800B0
:10C4E000FFF7C8BF38B590F88D308B4204460D4633
:10C4F00007D039B100231A469221FFF7A3FF84F831
:10C500008D5038BD012380F88E30F8E773B500F107
:10C51000280403262046E5F781FE012520461D4B11
:10C520001D4900960022E5F711FE2A4620461B4BC6
:10C530001B490095E5F70AFE20461A4B1A4900965A
:10C540000222E5F703FE32462046184B18490095B3
:10C55000E5F7FCFD2046174B174900950422E5F747
:10C56000F5FD2046154B164900950522E5F7EEFD31
:10C570002046144B144900960622E5F7E7FD40F2E9
:10C58000011300931149124B07222046E5F7DEFD07
:10C5900002B070BD0B390508AA4505081B3905080E
:10C5A0009E2B050827390508EF3705085F39050870
:10C5B000893905088E390508872C0508BA39050818
:10C5C00005380508E3390508173A0508303A050823
:10C5D000223A05082DE9F047D0E901439C4205467F
:10C5E000894614D00A78002304F10801C4E906231F
:10C5F0002372C4E9001300220023C4E908230223A4
:10C6000084F82830436830334360BDE8F0871D4A22
:10C610000121DEF7DDFD2F688046FFF74DFCA4EB1E
:10C62000070A00EB0A03064699F8001003F1080018
:10C63000002246F80A00C3E906125A601A72002066
:10C6400000210222C3E9080183F82820214632464E
:10C650003846FFF74EFC214600F130022046FFF736
:10C6600048FCA968084BC91B0911044659433846C0
:10C67000FFF71CFC3023C5E9006403FB0866AE60CD
:10C68000C3E700BF321B0508ABAAAAAA2DE9F047F1
:10C69000D0E901439C420546894614D00A8800230C
:10C6A00004F10801C4E906232372C4E9001300223F
:10C6B0000023C4E90823022384F828304368303378
:10C6C0004360BDE8F0871D4A0121DEF781FD2F6838
:10C6D0008046FFF7F1FBA4EB070A00EB0A030646CE
:10C6E000B9F8001003F10800002246F80A00C3E977
:10C6F00006125A601A72002000210222C3E90801C2
:10C7000083F82820214632463846FFF7F2FB2146BF
:10C7100000F130022046FFF7ECFBA968084BC91B6B
:10C720000911044659433846FFF7C0FB3023C5E9D9
:10C73000006403FB0866AE60C3E700BF321B050858
:10C74000ABAAAAAA2DE9F0434F4B0360002504468B
:10C7500089B0856018200F4613F0D0FC80464B4B03
:10C760004FF00109C0E9019948F80C3B06464046E4
:10C77000E9F700FAC4E9028604F11000ECF7C4FD01
:10C7800004F11800E9F7F6F904F12400E3F712FFC9
:10C790003B463F498B2204F12800E5F7A7FC04F152
:10C7A00048063C4901AA02A8E1F772FB02A9192335
:10C7B0004FF480723046F1F71DF902A8DFF71AFE38
:10C7C000354A226002F15C03236102F17403A36124
:10C7D00002F1A803636202F1CC03A3620A23C4F846
:10C7E00080302E4B84F888901B68C4F88430002376
:10C7F000C4F8A0304FF47A734F45A4F8A4306FF01A
:10C80000010302F59272C4F8A83004BF022384F831
:10C810008830A2642046C4E92355C4E92655C4E9FA
:10C820002C5584F88970A4F88A50A4F8945084F8A0
:10C830009650A4F8AC5084F8AE50FFF7A5FA204605
:10C84000FFF7A0FBD4F8840003689B6B984702288D
:10C8500005D8D4F88400036803211B6B9847D4F8EB
:10C86000840003680021DB6B98472046FFF74EFEEB
:10C87000D4F8840003685B6C98473046F1F76AF897
:10C88000204609B0BDE8F083905F0508785205089E
:10C89000363A05083A3A0508288B0508F865050870
:10C8A00070B588B0044601AA02A8E1F7F1FADDE903
:10C8B000026504F108030F2D23600CD9002D02DA64
:10C8C000104813F02EFF681C01D513F021FF13F060
:10C8D00015FCA560206020682A463146E1F7CCFAB5
:10C8E0002368656000225A5500220023C4E906230C
:10C8F000C4E90823032384F8283002A8DFF77AFD6F
:10C9000008B070BD4C1B05082DE9F04714460A68B5
:10C9100005460B46072A00F21081DFE802F0049377
:10C920001F328D99D79F1A6A012A05D100F188011B
:10C930002046FFF74FFE0EE0022A40F00081D3E9C7
:10C94000042390F88810002B08BF8A4203D080F897
:10C950008820FFF717FB0120BDE8F0871A6A022A3A
:10C9600001D0202A03D11B69A5F8A430F3E7012ADE
:10C9700001D0102AEFD105F1A4012046FFF786FE71
:10C98000E9E7196A012940F0DA80D4E901639E429F
:10C9900015D0B0F9AC30D91706F10802C6E9063156
:10C9A000326000227260327200230022C6E908233E
:10C9B000022386F82830636830336360CBE7614A2E
:10C9C0002046DEF705FCD4F800808146FFF774FAB4
:10C9D000A6EB080AB5F9AC2000EB0A03074603F101
:10C9E0000801D01747F80A10C3E906200021596052
:10C9F0001972002000210222C3E9080183F82820CF
:10CA000031463A464046FFF774FA314600F13002AB
:10CA10003046FFF76EFAA1684B4BA1EB08010911F4
:10CA2000054659434046FFF741FA3023C4E90075F3
:10CA300003FB0977A7608EE71B6A012B7FD100F10A
:10CA4000AE0175E71B6A012B79D100F1B20194E7C1
:10CA50001B6A012B73D100F1B0018EE7196A01291D
:10CA60006DD1D4E901739F4200F18F0904D049468A
:10CA70003846FFF715FF9EE7324A2046DEF7A8FB4F
:10CA800025688046FFF718FAA7EB050A06464946CF
:10CA90005044FFF705FF324639462846FFF729FA8A
:10CAA000394600F130023846FFF723FAA168264BD9
:10CAB000491B0911074659432846FFF7F7F9302368
:10CAC000C4E9006703FB0866A66044E7196A012908
:10CAD00028D1D4E901639E420AD090F88D2000232A
:10CAE00006F10801C6E90013C6E9062333725BE7C5
:10CAF000144A2046DEF76CFBD4F800808146FFF72D
:10CB0000DBF9A6EB080A00EB0A03074695F88D103F
:10CB1000002203F1080047F80A00C3E906125A6030
:10CB20001A7266E702290AD1D3E904231A4314BF13
:10CB300001210021FFF7D6FC0DE700200CE70220C1
:10CB40000AE700BF321B0508ABAAAAAAA0F1280079
:10CB5000FFF7DABE0420704704207047034A0346FB
:10CB600092E8030083E8030018467047EC010010C8
:10CB7000A1F11001FFF7F2BF8130704738B50368AB
:10CB80009B6A044698474379057982780178DB00EF
:10CB900003F0180305F003051D434378DB0143EA66
:10CBA0008213C278B4F87200013943EA022301F01B
:10CBB0003F011943F0F78EFFB4F874002946BDE831
:10CBC0003840F0F787BFA0F10800FFF7D7BF18B1D2
:10CBD0003023594313F014BA7047000008B50346D8
:10CBE00078B1084A904206D9074A904201D913F019
:10CBF00092FD13F08DFD30205843BDE8084013F03E
:10CC00007DBA08BDAAAAAA025555550508B50368FC
:10CC1000002B02DA0C4813F084FD8B420AD9B3EBE7
:10CC2000410F4FEA410205D2002AB6BF6FF0004320
:10CC3000026003600068013001D513F069FDBDE8B2
:10CC4000084013F05BBA00BF4C1B050870B590F8A4
:10CC500077200B46082A00F18705044628BF0822E2
:10CC600018462946CFF73CFC034694F880001A6822
:10CC7000B0B9596894F8830018B1D243C943C3E9E5
:10CC80000021A06F1040E26F18600A40606B5A608C
:10CC9000ECF789FD10B994F8763063B9A07B70BDCC
:10CCA00094F88260596886B9A06F0240E06F014035
:10CCB000C3E90021DEE7606B94F8772004F13003CC
:10CCC0002946ECF78DFCA07B70BDC0F1200C01FA69
:10CCD0000CFCC24042EA0C02A0F1200C21FA0CFC30
:10CCE00042EA0C02C140E3E700F1080373B50446D1
:10CCF00003600D4611B90E4813F010FD0846CFF73A
:10CD0000BFF90F280646019006D9002101A8FFF7B8
:10CD10007DFF019B2060A360324629462068E1F731
:10CD2000ABF8019B226863600021D15402B070BD52
:10CD3000C31F050810B503490446FFF7D5FF204679
:10CD400010BD00BF643A0508A1F11001F2E700BF71
:10CD50002DE9F041531A1746114A934280460D4679
:10CD60004FEAA30402D90F4813F0DBFC18266643F0
:10CD70001CB1304613F0C2F904462644C8F80040FE
:10CD8000C8F80860AF4203D1C8F80440BDE8F0819C
:10CD9000204655F8041BFFF7A7FF1834F2E700BF41
:10CDA00054555515661A05080148ECF702BD00BF39
:10CDB0000C2D012010B50446406BECF7A9FC606B0C
:10CDC00004F14401ECF7CEFB606BBDE81040ECF7DA
:10CDD000C4BC00000B4B10B503F134020360826049
:10CDE00003F14C02A4330446026140F8303FECF7F3
:10CDF0006DFE04F11000E4F7C7FE2046E2F712FAD8
:10CE0000204610BD308F050810B5074B036003F1B5
:10CE10003402826003F14C02A433044602610363CE
:10CE2000FFF7D8FF204610BD08900508A0F10800C4
:10CE3000EAE7A0F11000E7E7A0F13000E4E700BF67
:10CE400010B50446FFF7E0FF2046902113F0D8F814
:10CE5000204610BDA0F10800F2E7A0F11000EFE7B6
:10CE6000A0F13000ECE7000073B500F1100420469B
:10CE70000B26E5F7D3F903252046154B15490096F7
:10CE80000022E5F763F92046134B1449009501226F
:10CE9000E5F75CF92046124B124900950222E5F7AE
:10CEA00055F92A462046104B10490095E5F74EF9F2
:10CEB00020460F4B0F4900950422E5F747F90E4B2A
:10CEC0000E49009605222046E5F740F902B070BDF4
:10CED000BD320508C1320508713A0508833A0508D4
:10CEE0008A3A0508913A0508983A0508323005084B
:10CEF000AA3A0508F936050839370508B53A05088C
:10CF000073B56B4683E8060090F870209DF80050DA
:10CF10009B88954228BF154604468DF8005000981E
:10CF2000C4F8810004F1380696E80600606BA4F8A6
:10CF30008530ECF79FFD9DF80410606B013989B2D4
:10CF4000ECF706FB18B10368A3638388B38096E807
:10CF50000600606BECF7DCFC94F88430B3BB012274
:10CF600084F8402084F8822080222266636523654D
:10CF700094F88620244B53F82230E3652046FFF7CF
:10CF800019FF402D2ED02846CFF786FC9FED1C0BB5
:10CF900041EC110B0FF038FE51EC100B13F0E0FCDC
:10CFA000013861F1000105F00703C3F1080384F8BB
:10CFB00080309DF80330C4E91E01BBB9AB1CDB1007
:10CFC000013384F87730E58102B070BD012BCFD1F9
:10CFD000002284F8402084F8822080226365226643
:10CFE0000223C4E74FF0FF300146DCE76B1E48BF69
:10CFF000AB1DDB100133DBB2E3E700BFAFF3008012
:10D000000000000000000040D890050810B490F81F
:10D01000852090F8864080F8841042EA0422D0F8F7
:10D0200081105DF8044BFFF76BBFF7B56E46054600
:10D030000122B0F872003146F0F77AFD044608B1DB
:10D04000BDF80040B5F8740001223146A7B2F0F7F0
:10D050006FFD08B3BDF80030C7F380128DF80220D1
:10D0600004F03F04C7F3C0128DF80120013403F02F
:10D0700003023F0AC3F3C1038DF800408DF803702B
:10D080008DF804208DF8053096E80600284603B098
:10D09000BDE8F040FFF734BF0123DDE7A0F1080051
:10D0A000FFF7C3BF2DE9F0410446DFF8A08004F18B
:10D0B00010070E461546E2F7A1F822490023222266
:10D0C0003846E5F713F84046ECF73EFA0368414668
:10D0D0000CCB04F13000ECF73FFC1B4B236003F159
:10D0E0003402A26003F14C02A4332363402384F88A
:10D0F00070304FF480632261A4F87630FF22002361
:10D10000C4E91E234FF400624FF48033C4E92023A6
:10D110000023A4F8883084F88A302046A4F872608E
:10D12000A4F87450FFF781FF2046FFF79DFE3846B4
:10D130000121E3F7BDFF012384F876302046BDE8E6
:10D14000F08100BFBE3A0508308F05080C2D012084
:10D15000032928BF0321044A80F8861052F82120B1
:10D16000C265FFF727BE00BFD890050870B504461A
:10D170000E461546B44201D1284670BD21462846C8
:10D18000E2F7A4FCD4E90623C5E90623D4E9082381
:10D19000C5E9082394F8283085F828302046DFF7C1
:10D1A00029F930343035E5E72DE9F047D0E901437E
:10D1B0009C420546894615D00B6804F10802D91730
:10D1C000226000222272C4E906316260002300223C
:10D1D000C4E90823022384F82830436830334360CD
:10D1E000BDE8F0871D4A0121DDF7F2FF2F68804678
:10D1F000FFF7F4FCA4EB070A00EB0A030646D9F894
:10D20000002003F1080146F80A10D0170021C3E9F5
:10D21000062059601972002000210222C3E908018A
:10D2200083F82820214632463846FFF79FFF2146E3
:10D2300000F130022046FFF799FFA968084BC91B8F
:10D240000911044659433846FFF7C1FC3023C5E9AC
:10D25000006403FB0866AE60C2E700BF321B05082E
:10D26000ABAAAAAA2DE9F047D0E901439C420546A2
:10D27000894614D00A78002304F10801C4E9062382
:10D280002372C4E9001300220023C4E90823022307
:10D2900084F82830436830334360BDE8F0871D4A86
:10D2A0000121DDF795FF2F688046FFF797FCA4EB7F
:10D2B000070A00EB0A03064699F8001003F108007C
:10D2C000002246F80A00C3E906125A601A720020CA
:10D2D00000210222C3E9080183F8282021463246B2
:10D2E0003846FFF743FF214600F130022046FFF7A2
:10D2F0003DFFA968084BC91B09110446594338462C
:10D30000FFF765FC3023C5E9006403FB0866AE60E7
:10D31000C3E700BF321B0508ABAAAAAA2DE9F04754
:10D32000D0E901639E420446894607D03046E2F7C1
:10D3300037FD636830336360BDE8F087144A01212C
:10D34000DDF746FF27688046FFF748FCA6EB070A93
:10D35000054649465044E2F723FD2A463146384601
:10D36000FFF704FF314600F130023046FFF7FEFEC2
:10D37000A168084BC91B0911064659433846FFF7F7
:10D3800026FC3023C4E9005603FB0855A560D3E70B
:10D39000321B0508ABAAAAAA2DE9F04F00F1080339
:10D3A0000026DFF8B8910360CBB00546174646600B
:10D3B0000672D7E900239B1ADB10F4B209FB03F3D2
:10D3C000A34203D828464BB0BDE8F08F182363432F
:10D3D000D11852F803B0D1F8048007AB059308F1D7
:10D3E000010A002305A806938DF81C30CDF85CA037
:10D3F000E2F7A5FB824501460FD917A8FFF706FC07
:10D40000069A059903900132E0F736FD05A8DEF78C
:10D41000F1FF039B0593179B07934246594605A8C6
:10D42000E3F7AEFA4849012205A8E3F7A9FA0DA8E7
:10D43000092C0B902AD82D238DF834304FF0010899
:10D4400008F594736B440022CDF8308003F8F42C77
:10D45000DDF82CB03D49C92217A8CFF741F8632C5D
:10D46000D8441ED96423B4FBF3F203FB12431446E1
:10D470004AAA02EB430313F8CB2C08F8012C13F84B
:10D48000CC3C08F8023C3034E4B215E0632C8CBF8D
:10D490004FF003084FF0020842462D210AF048FFE2
:10D4A000CEE7092CEFD94AAB03EB440414F8CB3C8C
:10D4B0008BF8013014F8CC4C8BF8004005A8E2F74B
:10D4C0003EFBDDF818800C9C08EB040B834519D952
:10D4D0000BA8E2F734FB834514D80022059BCDF856
:10D4E000008011460BA8E2F7DDFC014611A8E2F727
:10D4F000EDFA129A164BD34206F1010608D11548EF
:10D5000013F00FF90B99224605A8E3F739FAECE777
:10D510000122114911A8E2F7A1FC014617A8E2F780
:10D52000D5FADDE917122846E3F72AFA17A8DEF73D
:10D5300061FF11A8DEF75EFF0BA8DEF75BFF05A811
:10D54000DEF758FF35E700BF18260508641B0508FD
:10D550000100008040200508D7210508ABAAAAAA2F
:10D560002DE9F0470B6886B004460E461546052B9C
:10D5700000F2E380DFE813F0A0008B0071000600EA
:10D58000D100C1000F6A022F0DD103689B6A984732
:10D590003369037003794279016843EA0222204625
:10D5A000FFF7AEFC1CE0012F40F0C98003685B6907
:10D5B0009847D5E901439C42814615D004F1080300
:10D5C000236000232372C4E9060363600022002362
:10D5D000C4E90823022384F828306B6830336B6079
:10D5E000012006B0BDE8F0873946564A2846DDF7E7
:10D5F000EFFD2F688046FFF7F1FAA4EB070A00EB76
:10D600000A0303F1080240F80A200022C3E9069247
:10D6100006465A601A72002000210222C3E908015E
:10D6200083F82820214632463846FFF79FFD2146E1
:10D6300000F130022046FFF799FDA968424BC91B53
:10D640000911044659433846FFF7C1FA3023C5E9AA
:10D65000006403FB0866AE60C2E70B6A022B0AD1C6
:10D6600003689B6A9847D6E90432134314BF012329
:10D67000002383708EE7012B61D103689B6A984772
:10D680008378009369462846FFF78EFDA8E70B6A6A
:10D69000022B0AD103689B6A9847D6E904321343E8
:10D6A00014BF01230023437074E7012B47D10368A3
:10D6B0009B6A98474378E4E70B6A022B03D1097C05
:10D6C000FFF7A4FC8CE7012B08D190F884308DF88B
:10D6D000003069462846FFF7C5FD81E7082B2ED1AB
:10D6E0001A4A21466846FFF757FE28466946FFF763
:10D6F00015FE6846DEF77EFE72E70B6A022B03D149
:10D70000097CFFF725FD6BE7012B02D190F88630ED
:10D71000DDE7082B13D10E4AE3E700F18502294625
:10D720003046E7F791FD01287FF45AAF94F8853031
:10D7300094F88620D4F881102FE7002051E70220CA
:10D740004FE700BF321B0508ABAAAAAA382E01205A
:10D750002C2E0120A0F11000FFF702BF70B5D0E918
:10D7600000560446AE4207D1206818B1A168091AD4
:10D7700012F046FC204670BD2846DEF73BFE183509
:10D78000F0E700007FB50F4D95E8030001AC84E899
:10D7900003000D48002603AA21460835C0E90066AB
:10D7A0008660FFF7D5FA95E8070084E80700074888
:10D7B00004AA2146C0E900668660FFF7C9FA04B0F2
:10D7C00070BD00BFE00D0508382E01202C2E012071
:10D7D00008B50348FFF7C2FF0248FFF7BFFF08BDC7
:10D7E0002C2E0120382E0120042070470420704781
:10D7F000034A034692E8030083E803001846704793
:10D80000F4010010A1F11001FFF7F2BF90F8903081
:10D81000032B9ABF014AD05C00207047E4900508B2
:10D8200010B5034B03600446ECF750F9204610BDD9
:10D830005891050810B50446FFF7F2FF2046442131
:10D8400012F0DEFB204610BD10B5044690F8901093
:10D8500040F20220F0F73EF9B4F8911049BA89B2CB
:10D860004FF41170F0F736F9B4F8931049BA89B251
:10D8700040F24520F0F72EF9B4F896104FF41070EE
:10D88000F0F728F9B4F8981040F24120F0F722F9A7
:10D89000B4F89A1040F24220F0F71CF9B4F89C104A
:10D8A00040F24320BDE81040F0F714B9A0F10800A1
:10D8B000FFF7CABF18B13023594312F0A1BB70471C
:10D8C00008B5034678B1084A904206D9074A904203
:10D8D00001D912F020FF12F01BFF30205843BDE8A1
:10D8E000084012F00BBC08BDAAAAAA02555555055E
:10D8F00008B50368002B02DA0C4812F012FF8B42C5
:10D900000AD9B3EB410F4FEA410205D2002AB6BF54
:10D910006FF00043026003600068013001D512F02F
:10D92000F7FEBDE8084012F0E9BB00BF4C1B05083C
:10D9300037B500F110042046E4F770FC0B230325F3
:10D9400000932046264B27490022E4F7FFFB009571
:10D950002046254B25490122E4F7F8FB0095204697
:10D96000234B24490222E4F7F1FB00952A46204686
:10D97000214B2249E4F7EAFB00952046204B214940
:10D980000422E4F7E3FB009520461F4B1F490522C4
:10D99000E4F7DCFB009520461D4B1E490622E4F708
:10D9A000D5FB009520461C4B1C490722E4F7CEFB13
:10D9B0000095204601251A4B1A490822E4F7C6FBB8
:10D9C0002046194B194900950922E4F7BFFB184B73
:10D9D000184900950A222046E4F7B8FB03B030BD91
:10D9E000113B0508C13205081E3B0508383B0508F8
:10D9F0003C3B0508563B05085A3B0508763B0508A5
:10DA00007B3B0508973B05089C3B0508AD3B05089B
:10DA1000B43B0508C93B0508CF3B0508E33B0508B7
:10DA2000E93B0508FD3B0508033C0508CA3105082C
:10DA3000113C0508193C050813B5044600230DF1F7
:10DA400007010D488DF80730F0F788FC94F8913005
:10DA500094F8A4206FF040410B4450F823309340D9
:10DA6000A4F89E3094F892300B4450F82330934041
:10DA7000A4F8A03002B010BDF40C0120002380F8FF
:10DA8000A33090F8903030B5032B36D8DFE803F0A0
:10DA900012021202B0F89E30B0F896209A4203D9D2
:10DAA000012380F8A33028E0B0F898209A4224D2CD
:10DAB0000223F6E7B0F89E40B0F89650B0F8A020E8
:10DAC000B0F89A30B0F89C10A54206D99142EFD830
:10DAD0009A4294BF00230123E3E7B0F89850A5428F
:10DAE0000CD29A428CBF052300239142D9D9062338
:10DAF00080F8A33090F8A23043B930BD9A428CBF71
:10DB0000032300239142CCD90423CAE70723C8E7A3
:10DB1000D0F8A80030B1B0F840301B090B600023EA
:10DB20004B600C207047000010B591E80C000446D3
:10DB30000749EBF711FF074B2360282100238022C0
:10DB4000C4E90B12C4E90833A4F84030204610BDE4
:10DB50000C2D01205891050810B50446034600F12C
:10DB6000400102220348EBF73BFDB4F84000C0F34C
:10DB7000400010BD0C2D012010B50446D0F8A800BF
:10DB800020B1FFF7E9FF84F8A20010BD94F89330AC
:10DB9000013B072BF7D8064A02EBC30152F83300CA
:10DBA0008988D3F735F8003818BF0120EBE700BFAC
:10DBB000B42D012038B505460C46FFF73DFF284639
:10DBC000FFF7DAFF2846FFF759FF00230022C4E9D8
:10DBD00000232146FFF79CFF95F8A33053B1D4E909
:10DBE0000012013B184401238340194342EAE372C7
:10DBF000C4E90012A87B38BD70B504460E46154630
:10DC0000B44201D1284670BD21462846E1F75EFFA7
:10DC1000D4E90623C5E90623D4E90823C5E9082386
:10DC200094F8283085F828302046DEF7E3FB3034BE
:10DC30003035E5E710B50446006810B103685B684D
:10DC40009847204610BD00000F4B70B503F130021D
:10DC500003604833044682600361A830FFF7EAFF9F
:10DC600004F1900504F13006B54204D0183D284671
:10DC7000DEF7C0FBF8E704F11000E3F785FF20466C
:10DC8000E1F7D0FA204670BD8C910508A0F108009C
:10DC9000FFF7DABFA0F11000FFF7D6BF10B50446BA
:10DCA000FFF7D2FF2046AC2112F0AAF9204610BDA2
:10DCB000A0F11000FFF7F2BFA0F10800FFF7EEBFE0
:10DCC00013B501220C460DF10601EFF731FF08B143
:10DCD000BDF80640204602B010BD0346006819603A
:10DCE00010B103685B681847704700002DE9F341E5
:10DCF000D0F8A8708B1E04460D46DBB2AFB1012BE5
:10DD000009D900F1A80600213046FFF7E6FF0021FF
:10DD10003046FFF7E2FF236884F890505B692046A5
:10DD20009847E08102B0BDE8F081012BF3D80B48A1
:10DD3000EBF70AFCD0F80080442012F0DFF94146EE
:10DD40000646FFF7F1FE04F1A80031460197FFF700
:10DD5000C4FF01A8FFF76EFFDDE700BF0C2D012017
:10DD600013B5B0F8911049BA044689B24FF4117056
:10DD7000FFF7A6FFB4F8931084F89200030A49BA9B
:10DD800084F8913089B240F24520FFF799FF030AE9
:10DD900084F894000DF1060184F89330012240F2DA
:10DDA0000220EFF7C5FE014608B19DF80610204697
:10DDB000FFF79CFFB4F896104FF41070FFF780FF48
:10DDC000B4F89810A4F8960040F24120FFF778FFCD
:10DDD000B4F89A10A4F8980040F24220FFF770FFC0
:10DDE000B4F89C10A4F89A0040F24320FFF768FFB3
:10DDF000A4F89C0002B010BDA0F10800FFF7B0BF6E
:10DE00002DE9F047D0E901439C420546894614D0EC
:10DE10000A78002304F10801C4E906232372C4E947
:10DE2000001300220023C4E90823022384F82830C9
:10DE3000436830334360BDE8F0871D4A0121DDF7B8
:10DE4000C7F92F688046FFF73BFDA4EB070A00EBFC
:10DE50000A03064699F8001003F10800002246F86C
:10DE60000A00C3E906125A601A7200200021022239
:10DE7000C3E9080183F82820214632463846FFF7D7
:10DE8000BBFE214600F130022046FFF7B5FEA9682F
:10DE9000084BC91B0911044659433846FFF70AFDD0
:10DEA0003023C5E9006403FB0866AE60C3E700BF2A
:10DEB000321B0508ABAAAAAA00F1080373B50446F1
:10DEC00003600D4611B90E4812F028FC0846CEF743
:10DED000D7F80F280646019006D9002101A8FFF7C0
:10DEE00007FD019B2060A360324629462068DFF7CA
:10DEF000C3FF019B226863600021D15402B070BD52
:10DF0000C31F050810B50446E1F778F92749002337
:10DF1000232204F11000E4F7E9F8254B236003F114
:10DF200030024833A260236104F130002149FFF739
:10DF3000C3FF04F148002049FFF7BEFF04F1600071
:10DF40001E49FFF7B9FF1E4904F17800FFF7B4FF3F
:10DF5000062384F8913040F20513A4F8923001238F
:10DF600084F894304FF4C843A4F8963003F1484342
:10DF700003F5615343F22052C4F898300023C4E9FA
:10DF8000272384F8A430C4F8A8300E48DCF7DEFE5E
:10DF9000C0F1100020EAE07084F8A4002046FFF7EA
:10DFA000DFFE2046FFF7C4FC204610BD1E3C0508DE
:10DFB0008C910508263C05082C3C05083B3C0508CF
:10DFC000413C0508F40C012010B503490446FFF755
:10DFD00073FF204610BD00BF503C0508A1F11001A1
:10DFE000F2E700BF2DE9F04F00F108030025DFF84C
:10DFF00040914C4FDFF83C810360BFB00446456060
:10E0000005720E46336BD6F834A0009304AB02932E
:10E010000AF1010B002302A803938DF81030CDF80C
:10E02000E0B0E1F78CFD834501460FD938A8FFF732
:10E030005FFC039A029901900132DFF71DFF02A8ED
:10E04000DEF7D8F9019B0293389B0493009952465E
:10E0500002A8E2F795FC0122334902A8E2F790FCFE
:10E06000294608A8DEF70EFA08AA02A90EA8E7F7C3
:10E0700025FA41460EA8E3F7EFFA014614A8E1F7A6
:10E0800025FD19F8011B1AA8DEF7FCF91AAA14A934
:10E0900020A8E7F713FA414620A8E3F7DDFA014686
:10E0A00026A8E1F713FD17F8011B2CA8DEF7EAF903
:10E0B0002CAA26A932A8E7F701FA1C4932A8E3F7EF
:10E0C000CBFA014638A8E1F701FDDDE93812204618
:10E0D000E2F756FC38A8DEF78DF932A8DEF78AF9A8
:10E0E0002CA8DEF787F926A8DEF784F920A8DEF74A
:10E0F00081F91AA8DEF77EF914A8DEF77BF90EA8DD
:10E10000DEF778F908A8DEF775F9013502A8DEF721
:10E1100071F9042D06F118067FF474AF20463FB064
:10E12000BDE8F08F2492050818260508D7210508B8
:10E13000289205085E4205082DE9F04F0B68054658
:10E1400087B0084614460A2B00F22781DFE813F057
:10E150000B00AB00B100B400B700BA00C000C300B0
:10E16000C600C9001C01096A022907D1017C2846A2
:10E17000FFF7BCFD012007B0BDE8F08F012952D1A7
:10E180006668A36895F890A09E424FF0000711D0F2
:10E1900006F10803C6E906A7C6E9003700220023F6
:10E1A000C6E908233772022386F8283063683033C3
:10E1B0006360DFE77B4A2046DDF70AF8D4F8008089
:10E1C0008146FFF77DFBA6EB080B00EB0B0303F189
:10E1D000080240F80B200546002100200222C3E976
:10E1E000080183F82820C3E906A75F601F722A464A
:10E1F00031464046FFF700FD314600F1300230461F
:10E20000FFF7FAFCA168684BA1EB0801091106466B
:10E2100059434046FFF74EFB3023C4E9005603FB49
:10E220000955A560A6E70829A4D129466846FFF745
:10E23000D9FED4E901639E420AD069463046E1F72F
:10E24000AFFD6368303363606846DEF7D3F891E76B
:10E25000544A01212046DCF7BBFF27688046FFF7C0
:10E260002FFBA6EB0709054669464844E1F798FDF0
:10E270002A4631463846FFF7BFFC314600F13002EE
:10E280003046FFF7B9FCA168474BC91B0911064688
:10E2900059433846FFF70EFB3023C4E9005603FB11
:10E2A0000855A560D0E705F196022146ECF7CEFBB4
:10E2B00061E705F19802F8E705F19A02F5E705F143
:10E2C0009C02F2E705F193022146E6F7BDFF52E713
:10E2D00005F19402F8E705F19102F5E705F19202E4
:10E2E000F2E7096A01295AD1D4E901639E420FD0AD
:10E2F000B5F89E10B5F8A020002306F10800C6E985
:10E300000003C6E90613C6E90823337206234BE768
:10E31000244A2046DCF75CFFD4F800808146FFF7F2
:10E32000CFFAA6EB080A00EB0A030746B5F8A010DF
:10E33000B5F89E00002203F1080547F80A50C3E92A
:10E340000602C3E908125A601A72062283F82820CE
:10E3500031463A464046FFF74FFC314600F1300265
:10E360003046FFF749FCA1680F4BA1EB08010911EA
:10E37000054659434046FFF79DFA3023C4E900752E
:10E3800003FB0977A760F5E60B6A012B07D105F1BE
:10E39000A3012046FFF734FDECE60020EBE6022067
:10E3A000E9E600BF321B0508ABAAAAAAA0F110003B
:10E3B000FFF7C2BE034A034692E8030083E8030066
:10E3C00018467047FC010010A1F12401FFF7F2BFCD
:10E3D000A1F11801FFF7EEBF90F80931052B02D12A
:10E3E000D0F8203313B990F82D310BB18068704705
:10E3F0001830704790F80931052B1ABF90F82D019D
:10E4000080F001000020704710B5034B0360044604
:10E41000EFF7D4FA204610BDD092050810B5044697
:10E42000FFF7F2FF20463C2111F0EAFD204610BD27
:10E430004430EBF7CBB9A0F14400FFF7F9BF10B5BA
:10E4400044300C46EBF7D3F92046BDE81040EBF71B
:10E4500084B9A0F14400FFF7F2BFD0F87022032A7C
:10E46000034608D190F8870230B193F8880218B1BA
:10E4700093F8850270470020704790F80921012A1F
:10E4800002D8D0F874017047023A012A02D8D0F8B5
:10E49000A401704703685B6C1847034690F80901B4
:10E4A000012807D193F884212AB193F88B02013017
:10E4B000C0B2704701207047A0F11800FFF7EDBF10
:10E4C00010B50B460446114672B91B68032B0BD1DD
:10E4D0000368DB699847D4F87032062B18BFC4F87C
:10E4E00074320623C4F8703210BDA0F1C000FFF7EB
:10E4F000E7BF18B13023594311F082BD70470000C7
:10E5000008B5034678B1084A904206D9074A9042B6
:10E5100001D912F000F912F0FBF830205843BDE8A1
:10E52000084011F0EBBD08BDAAAAAA025555550531
:10E5300008B50368002B02DA0C4812F0F2F88B429F
:10E540000AD9B3EB410F4FEA410205D2002AB6BF08
:10E550006FF00043026003600068013001D512F0E3
:10E56000D7F8BDE8084011F0C9BD00BF4C1B050835
:10E57000818800680122D2F751BB8188006800229F
:10E58000D2F74CBB70B5012304460D4669B980F83B
:10E59000303100F5F470FFF7F0FF236884F88A52F9
:10E5A00020465B69BDE87040184780F88A320368EE
:10E5B00000229B6980F830219847236820461B6A17
:10E5C000984778B9EFF31083D4F88C0033B9EFF3A0
:10E5D00005831BB9BDE87040D7F752BBBDE870405A
:10E5E000D7F79CBB70BDD1ED047A38B5FEEEE17A69
:10E5F00004460023237517EE903AD1ED057AFEEE1E
:10E60000E17A5B42236017EE903AD1ED017AFEEE9B
:10E61000E17A5B42C4ED027AD1ED027A6360FEEEEC
:10E62000E17A0846C4ED037AD1ED037AFEEEE17A91
:10E630001546C4ED047AE8F752FBB5EEC00AF1EED8
:10E6400010FAD8BF00252575204638BD08B590F8CA
:10E650000931052B08D1806828B103681B699847E8
:10E66000003818BF012008BD0020FCE710B50446A3
:10E67000FFF7ECFF28B1A0680368BDE810409B6A73
:10E6800018474FF6FF7010BDA0F11800FFF7EEBF5E
:10E6900010B5064C00212046EAF75AFF90E8060024
:10E6A0002046BDE81040EBF724B900BFCC2C012078
:10E6B00010B5064C01212046EAF74AFF90E8060013
:10E6C0002046BDE81040EBF714B900BFCC2C012068
:10E6D000012930B50FD1184A00F5E67302F118058B
:10E6E000106851681C4603C40832AA422346F7D179
:10E6F00012881A8030BD02290DD1104A00F5E67348
:10E7000002F11805106851681C4603C40832AA4279
:10E710002346F7D1ECE70329ECD1094A00F5E6736B
:10E7200002F11805106851681C4603C40832AA4259
:10E730002346F7D1DCE700BFF40D05080E0E0508EF
:10E74000280E050810B50446B0F82411B0F8DC0115
:10E75000EFF7C0F9B4F82611B4F8DE01EFF7BAF913
:10E76000012384F8893210BD38B5EFF777FF42F204
:10E770001075A842044601DC002038BDEFF782FF87
:10E78000A842F9DD02488442CCBF00200120F4E712
:10E79000AF30010038B590F8084105467CB190F8DB
:10E7A000884264B190F886424CB190F8874234B107
:10E7B00090F80A31032B04D1D0F874411CB92046DB
:10E7C00038BD062B02D195F88542F8E7012BF6D12A
:10E7D000806803681B6998470028F0D1F3E7D0F8F8
:10E7E00070027047F8B5054680680368DB69984792
:10E7F00095F82C314FF6FF7680FB064613B1644244
:10E8000066EB4606A86803689B6A984700230246A1
:10E8100031462046CEF710FDB5F80C71B5F89232AE
:10E8200000FB073000B2F8BD38B50546EFF716FF1C
:10E830000446EFF727FF241A07EE904A95ED4F7A2A
:10E84000F8EEE77AF4EEC77AF1EE10FA1DDDB5F8CE
:10E85000584195ED407A67EE877A07EE104AB8EE98
:10E86000C77A67EE877A17EE900ACEF737F808A3D3
:10E87000D3E90023CEF78AF8CEF738FB20EAE07020
:10E88000A042A8BF204600B238BD0020FCE700BF70
:10E890002D431CEBE2362A3F73B5551A0F2D044663
:10E8A0000E46019506D9002101A8FFF741FE019B04
:10E8B0002060A3602A4631462068DFF7DDFA019B1D
:10E8C000226863600021D15402B070BD38B500F1F8
:10E8D0000803054603600C4611B9064811F01EFFF7
:10E8E0000846CDF7CDFB214622182846BDE8384022
:10E8F000FFF7D2BFC31F0508034690F8940218B172
:10E9000093F80501C0F3400070470000D0B50446FD
:10E91000D0F8F800CDF7E2FF0A4B0022CEF736F828
:10E920000646B4F8120101300F46CDF7C5FF024686
:10E930000B4630463946CEF753F9CEF71FFB00EEB3
:10E94000100AD0BD0000104030B5044687B0806C7E
:10E950000D46EAF7DDFE0023CDF809304FF4FA73D7
:10E96000019304F144030093A06C05F07F05052397
:10E9700004AA02A98DF80850EAF79DFEDDF81100FF
:10E9800000BA07B030BD6A21FFF7DEBF08B55321DA
:10E99000FFF7DAFF00B208BD10B552210446FFF7B9
:10E9A000D3FF00F00700012804D194F80A31092BA5
:10E9B00008BF092010BD10B563210446FFF7C4FF4E
:10E9C000C0B284F87C0210BD6B21FFF7BDBFA0F17F
:10E9D0001800FFF7F9BF08B590F80931012B04D1F1
:10E9E0002A21FFF7B1FF00B208BD042B01D13A2163
:10E9F000F7E7023B012B01D84621F2E703689B6B46
:10EA00009847F0E7A0F11800FFF7E5BF08B56421CB
:10EA1000FFF79AFF001408BD08B56921FFF794FFBE
:10EA200000B208BD10B5044608466921FFF78CFF07
:10EA300003B2001460602360204610BD90F80931D5
:10EA4000012B10B5044604D12A21FFF77DFF0014E5
:10EA500010BD9A1E012A01D84621F6E7042B01D1E8
:10EA60003921F2E7FFF7F2FD20B12046BDE8104062
:10EA7000FFF7B8BE2046BDE81040FFF787BF73B56B
:10EA800004460E461546806CEAF742FE66F07F06A5
:10EA90002DBA4FF4FA7384F8A062C4F8A15200931F
:10EAA000A06C04F14403052204F52871EAF7DAFDAD
:10EAB00002B070BD10B5002204460121FFF7DFFF50
:10EAC00000212046FFF740FF024BC31A584258412D
:10EAD00010BD00BF3137363410B501220446032182
:10EAE000FFF7CDFF02212046FFF72EFFD4F8D030EC
:10EAF00094ED3C7AC3F17F4303F57F0303F50043B4
:10EB0000013313FA80F307EE903AF8EE677A67EE76
:10EB1000877A9FED047A67EE877AFDEEE77A17EE43
:10EB2000900A10BD00007A4490F8E43010B5044615
:10EB300013B99FED290A10BD02220321FFF79FFFA1
:10EB400002212046FFF700FF83B2D4F8D020A3F5BE
:10EB5000FF437F3B9B1A002BEBDD07EE903A9FEDC6
:10EB60001F7AF8EEE77A87EE270AD4ED357A60EE61
:10EB7000277A94ED360A87EE800A0DF00BFDD4ED6E
:10EB8000377AC0EE277A17EE900ACDF7A7FE0EA3CC
:10EB9000D3E90023CDF744FDCEF7F0F907EE900A54
:10EBA000B7EE007AC7EE277A17EE900ACDF796FEF9
:10EBB00007A3D3E90023CDF731FDCEF7DFF900EE4F
:10EBC000100AB8E7AFF3008083DBB5DCE1796B3F77
:10EBD00066666666661271400000000000F4284711
:10EBE0000A461C21FFF74BBF84B0F8B507AC84E898
:10EBF0000E009DF82320054600F5BA730BAF26469C
:10EC000003CEBE4218605960344603F10803F6D1C2
:10EC1000317819709DF822309DF8211085F82C214B
:10EC20009B0043EA41039DF820100B439DF82410FC
:10EC300043EAC1039DF8251043EA012343EA023267
:10EC400025212846FFF71BFF079A26212846FFF7B4
:10EC500016FFBDF82830BDF82620292143EA0242DC
:10EC60002846FFF70CFF9DF82C3013B1002385F8E0
:10EC70008B32BDE8F84004B0704784B038B505ADBC
:10EC800085E80E009DF82F50DDF81E2080F82C51ED
:10EC900004460D21FFF7F3FEDDF8222020460E2169
:10ECA000FFF7EDFEDDF8262020460F21FFF7E7FEF7
:10ECB000059A20464021FFF7E2FEBDF818202046C5
:10ECC0003E21FFF7DCFEDDF81A2020464521FFF744
:10ECD000D6FEBDF82A20BDF82C30204643EA024279
:10ECE0003C21FFF7CCFE9DF82E20204642EA05325B
:10ECF000BDE838403B2104B0FFF7C1BE84B070B519
:10ED000005AC84E80E00064600F5C4750FCC0FC5AF
:10ED100094E8070003C59DF816302A809DF8182056
:10ED2000BDF81A101B0243EA02139DF81520134385
:10ED30009DF8172043EA0233144A02EA01421A43BB
:10ED400030463321FFF79BFE079A30463421FFF708
:10ED500096FE089A30463521FFF791FE099A304613
:10ED60003621FFF78CFEBDF82820BDF82A3030464A
:10ED700043EA02423721FFF782FEBDF82C203046DD
:10ED8000BDE87040382104B0FFF779BE0000FF0FE6
:10ED9000092980F80A1114BF0A4601225221FFF7FF
:10EDA0006EBE38B5044615460A462121FFF767FEB8
:10EDB0002A4620462021BDE83840FFF760BE41EAE0
:10EDC00002422421FFF75BBE38B505460C460A46D1
:10EDD0005121FFF754FE85F80E4138BD38B5054680
:10EDE0000C4641EA02225021FFF749FE85F80F4107
:10EDF00038BD0A466B21FFF742BE38B590F809319D
:10EE0000012B04460D461ED190F88431DBB16B21F5
:10EE1000FFF79AFD4FF6FF73411B91FBF3F3C3EB32
:10EE20000343C91AB4F8823119442368A4F8821143
:10EE3000DB6B20469847B4F98211411A2046BDE8A1
:10EE40003840FFF7D6BF2946F8E7A0F11800FFF7D2
:10EE5000D4BF10B501290A46044638BF0122C0F8C4
:10EE60007421C0F8A4212621FFF709FED4F8A421BB
:10EE700020464021BDE81040FFF701BE0A46A0F839
:10EE800056115D21FFF7FBBD07EE901AF8EE677A89
:10EE900038B50446A0F8581117EE900A0D46CDF784
:10EEA0001DFD074B0022CDF771FDCEF71FF82A4656
:10EEB000A4F838015E212046BDE83840FFF7DFBDE9
:10EEC0000000E83F37B56B4683E80600054693E847
:10EED00003009DF802309DF801209DF80040C5F820
:10EEE0006C019B0043EA42031C439DF80330A5F8E4
:10EEF000701144EAC3049DF8043044EA03149DF8F9
:10EF0000053028463E224E2144EA4314FFF7B7FD60
:10EF100022464D21284603B0BDE83040FFF7AFBD83
:10EF200084B070B505AC84E80E00054600F5AA76FD
:10EF30000FCC0FC694E80300BDF8142086E8030048
:10EF400028465C21FFF79BFDBDF8162028465D2171
:10EF5000FFF795FDBDF8182028465E21FFF78FFDCD
:10EF6000079A28465F21FFF78AFD089A2846602104
:10EF7000FFF785FD099A28466121FFF780FD0A9A6F
:10EF80002846BDE87040622104B0FFF778BDF8B5AF
:10EF90000F4604460D4600F535760FCF0FC697E8AD
:10EFA0000300192286E8030020464E21FFF767FD83
:10EFB0002A6820464D21FFF762FD20461A224E2185
:10EFC000FFF75DFD6A6820464D21FFF758FD20469A
:10EFD0001C224E21FFF753FDAA6820464D21FFF762
:10EFE0004EFD20461D224E21FFF749FDEA682046CE
:10EFF0004D21FFF744FD20461E224E21FFF73FFD25
:10F000002A6920464D21FFF73AFD20461F224E2156
:10F01000FFF735FD2A7D20464D21BDE8F840FFF77A
:10F020002EBDF8B50F4604460D4600F52F760FCFDE
:10F030000FC697E80300112286E8030020464E2100
:10F04000FFF71DFD2A6820464D21FFF718FD2046D9
:10F0500012224E21FFF713FD6A6820464D21FFF76B
:10F060000EFD204614224E21FFF709FDAA68204616
:10F070004D21FFF704FD204615224E21FFF7FFFC2E
:10F08000EA6820464D21FFF7FAFC204616224E2161
:10F09000FFF7F5FC2A6920464D21FFF7F0FC2046DA
:10F0A00017224E21FFF7EBFC2A7D20464D21BDE8BB
:10F0B000F840FFF7E4BC0000F0B500F52C730C46F7
:10F0C000064607C92DED028B83E80700277899B023
:10F0D0000025022FCDE90155CDE90355CDE90555B0
:10F0E0003CD0032F51D0012F0ED0CDE90155CDE9F1
:10F0F000035505958DF8185001A93046FFF791FF8B
:10F1000019B0BDEC028BF0BD6388304608EE103AB2
:10F11000FFF7FCFB2379DFED287A9FED281A00EE3C
:10F12000903AB8EE488AF8EE600A88EE000A29465E
:10F13000C0EEA70A0DA8E8F71DF907AC0DA901223A
:10F1400007A8FFF750FA0FCC01AD0FC594E80300F4
:10F1500085E803000DA8E7F7C1FDCDE763883046D9
:10F1600008EE103AFFF7D2FB23799FED141A00EE58
:10F17000903AB8EE488AF8EE600AF2EE047AC0EEF1
:10F18000A70A032188EE000AD4E76388304608EE18
:10F19000103AFFF7BBFB237994ED021A00EE903A88
:10F1A000B8EE488AF8EE600AF2EE047AC0EEA70ADA
:10F1B000042188EE000ABDE70000C84200000000FC
:10F1C00041EA02427521FFF75ABC80F8152180F808
:10F1D000141141EA02221921FFF751BCFF290A4606
:10F1E00040F6FF73B8BFFF229A42A8BF1A46A0F8A4
:10F1F00012211821FFF743BCD0B5B5EEC00AF1EEDD
:10F2000010FA2DED028B0446B0EE408A21D9D0F8D9
:10F21000F800CDF763FB104B0022CDF7B7FB064695
:10F2200018EE100A0F46CDF759FB02460B46304642
:10F230003946CDF7D5FC094B0022CDF7EFF9CDF7D4
:10F240007DFEBDEC028B81B22046BDE8D040FFF7C9
:10F25000C5BFBDEC028BD0BD000010400000F03FE8
:10F2600070B504460E461546806C66F07F062DBAD2
:10F27000EAF74EFA84F8A062C4F8A152A06C04F137
:10F28000440304F528710522BDE87040EAF7C9B9C6
:10F2900008B504464FF0FF310120D7F7DDFBA06B26
:10F2A000FFF7D4F90028F5D0A36B986CEAF77BFA46
:10F2B0000028EFD1A56B2846FFF794FA1C210246DF
:10F2C0002846FFF7CDFFE5E72DE9F04117469DF809
:10F2D000188005460E461C46FFF736FB04FA08F375
:10F2E0003C4020EA030004FA08F444EA00023146F4
:10F2F0002846BDE8F041FFF7C2BB37B50D462821CF
:10F300000446FFF721FBD4F87431C0EB0040B0FB9A
:10F31000F3F080B2424212B2A4F88021F5B1B4F801
:10F320007E21B4F80C3113FB00232921A4F87E318F
:10F330002046FFF709FB020C120400B20243292108
:10F340002046FFF79CFB23682046DB6B984701466D
:10F35000204603B0BDE83040FFF74BBD00954FF6A7
:10F36000FF7329212046FFF7AFFFECE707B590F8C0
:10F370007C3280F87C128B4218BF80F87D320023EB
:10F380000A4600936321FF23FFF79EFF03B05DF859
:10F3900004FB10B4034622B95DF8044B83F87E12D7
:10F3A00070475DF8044BFFF7E1BF38B590F87C3249
:10F3B000032B04460D4607D00321FFF7D7FF94F82F
:10F3C0000A112046FFF7E4FC2A4620466821BDE8E2
:10F3D0003840FFF754BB38B590F87C32022B044616
:10F3E0000D4607D00221FFF7C1FF94F80A1120460D
:10F3F000FFF7CEFC2A4620466621BDE83840FFF7DD
:10F400003EBB90F87C32012B70B504460D46164683
:10F4100005D090F8303113B90121FFF7A7FFADB245
:10F4200045EA064220466421BDE87040FFF727BB4D
:10F43000036870B51B6A04460D469847002836D00D
:10F4400094F88A329BB385EAE573B4F93621B4F9AE
:10F450003461A3EBE5739BB29342D8BFF61A94F8DC
:10F460002C31C8BFB61A23B194F809315A1F534240
:10F47000534194F82E21D4ED407A9A4218BF6D4240
:10F48000F5EE407A18BF2DB2F1EE10FA08D094F8DC
:10F490002F312BB12046FFF7C7F9002818BF0646C9
:10F4A0002A4631B22046BDE87040FFF7AABF70BDC2
:10F4B0002DE9F0410F46642115460646FFF744FA50
:10F4C0001FFA80F8032D4446A7EB04048CBF6D0897
:10F4D000012594FBF5F424B9B8452CBF4FF0FF3457
:10F4E000012484EAE475A5EBE475A7EB0803002B7F
:10F4F000B8BF5B42AB4201DABDE8F08108EB040122
:10F5000030461FFA81F8002209B2FFF77AFF022085
:10F51000D6F70EFEE9E7002273B511460646FFF75F
:10F5200070FF3225002431466846FFF77BFADDE99B
:10F53000003202201344013D1C44D6F7F9FD15F0BA
:10F54000FF05F0D1322394FBF3F00028B8BF40420E
:10F550006328CCBF0020012002B070BD2DE9F04728
:10F560001F4690F808319DF824A0DDF82080012B7B
:10F57000036815460E4608BF6D189B69044608BF10
:10F58000ADB20FFA86F99847BAF1000F1ED094F881
:10F590000831012B04BF7619B5B22AB2494620467C
:10F5A000FFF72FFF2046FFF7F1F90221054620461D
:10F5B000FFF7EEFB2A4620462321FFF760FA42467A
:10F5C00039462046BDE8F047FFF7EBBB204608214F
:10F5D000FFF7CCFE2AB249462046FFF7F0FBE1E7F1
:10F5E0002DE9F04F00218DB00446FA20EEF74AFFD6
:10F5F0002046FFF7D1F908902046FFF7DCF994F890
:10F600000E310990022120460A93FFF7DDFB00210D
:10F610002046FFF7EEFB002211462046FFF7F1FEE1
:10F62000002223212046FFF72AFA02212046FFF775
:10F63000AFFB01212046FFF799FE94F80831023B09
:10F64000012B05D8B4F83811FA222046FFF730FF15
:10F65000D4F8A431532B4FEA930200F2D880012A48
:10F66000B8BF0122132B98BF0123AF4D95FBF2F5D4
:10F670004FF0140784BF0A22B3FBF2F3B7FBF3F792
:10F6800094F80831012FA3F1020338BF0127012BA1
:10F6900084BF0A235F4301216423CDE900310022A6
:10F6A0003B46B4F838112046FFF758FFB4F80C3148
:10F6B0006D424FF6FF786B43CDE904880025069331
:10F6C0005B420B93A9462E460795AA460220D6F721
:10F6D0002FFD236820469B6B9847069B984240F37A
:10F6E0009880BAF1000F40F0948064234FF0010B32
:10F6F000CDE9003B5246B4F838117B422046FFF773
:10F700002DFFDA46022203212046FFF7B8F9022135
:10F710002046FFF719F903224FEA104B1146204605
:10F72000FFF7ADF902212046FFF70EF9059A5A4579
:10F7300028BF5A460592049A030C80B2824228BF21
:10F740000246984528BF98465E4538BF5E468145CB
:10F7500038BF81469D4238BF1D46BAF1030F04925F
:10F76000B4D1059B94F8092133445B08A4F8AE3169
:10F77000059B032AA6EB03066C4BB3FBF6F6A4F835
:10F78000B0610BD1049A4A445208A4F8B221049AF9
:10F79000A9EB0209B3FBF9F3A4F8B43108EB0503B4
:10F7A0005B08A4F8B631A5EB0805412120465F4B64
:10F7B000B3FBF5F3A4F8B831FFF7C6F8079B834213
:10F7C000D4BF0020012084F8BF0104F5D8730FCB0B
:10F7D0008DE80F0004F5D2730ECB2046FFF74DFAEB
:10F7E00008992046FFF7D4FA09992046FFF7BEFD95
:10F7F0000A992046FFF7E8FA20460021FFF7F9FAB8
:10F80000002108460DB0BDE8F04FEEF73BBE1422D4
:10F8100028E7236820469B6B98470B9B984202DAA7
:10F82000BAF1010F1DD0236820469B6B9847002832
:10F830007FF768AFBAF1020F7FF464AF6422002152
:10F840002046FFF735FE4FF47A730122CDE90032EE
:10F8500000231A4619462046FFF780FE4FF0030AA0
:10F8600050E7059B314AF3185B08A4F8AE31059BBD
:10F87000F31AB2FBF3F3A4F8B03194F80931032B77
:10F880000BD1049B4B445B08A4F8B231049BA9EB59
:10F890000303B2FBF3F3A4F8B43105EB08034FF014
:10F8A000000A5B08A4F8B63184F8BFA11F4AA5EB93
:10F8B0000803B2FBF3F3A4F8B83104F5D8730FCB07
:10F8C0008DE80F0004F5D2730ECB2046FFF7D5F973
:10F8D000514664222046FFF7EBFD4FF0010B4FF439
:10F8E0007A7352465146CDE9003B20465346FFF716
:10F8F00035FEFA20D6F71CFC524641212046FFF780
:10F90000BEF841212046FFF71FF864230093CDF88D
:10F9100004B007905246B4F838113B462046FFF732
:10F920001DFE4FF0020AEDE60170FFFF00FFF6003A
:10F930002DE9F74F044600216420EEF7A3FD204691
:10F94000FFF72AF881462046FFF735F80190204658
:10F95000FFF71CF8014607462046FFF741F9012151
:10F960002046FFF715FA002211462046FFF749FD11
:10F9700001212046FFF7FAFCB4F838114FF47A72EF
:10F980002046FFF795FD2046FEF72CFF0023054695
:10F990001E4641F2280A1FFA83FB17FA83F319B2B5
:10F9A0002046FFF71DF90A20D6F7C2FB2046FEF7D6
:10F9B00019FFA84640450BF12F03B8BF01369AB294
:10F9C000B8BF36B2524505461BB2E4D16422204688
:10F9D0000021FFF76DFD49462046FFF7D9F901994F
:10F9E0002046FFF7C3FC2C2EC8BF94F82C314FF0F3
:10F9F0000001C8BF83F001030846C8BF84F82C315A
:10FA000003B0BDE8F04FEEF73DBD73B50026A0F89A
:10FA10002411A0F826210446154600960A464FF602
:10FA2000FF730921FFF750FC00964FF6FF732A463B
:10FA300008212046FFF748FC02B070BD73B51026C0
:10FA4000A0F82811A0F82A210446154600960A4677
:10FA50004FF6FF730921FFF737FC00964FF6FF734F
:10FA60002A4608212046FFF72FFC02B070BD07B5DB
:10FA70001F2380F850110A46009363210123FFF7EA
:10FA800023FC03B05DF804FB84B038B505AC84E812
:10FA90000E00054600F5A07309AA54F8041B43F8AC
:10FAA000041B9442F9D122781A70059A28465421F1
:10FAB000FEF7E5FF069A28465621FEF7E0FF079A73
:10FAC00028465821FEF7DBFF2846089A5A21FEF700
:10FAD000D6FF9DF824102846BDE8384004B0FFF753
:10FAE000C6BF07B500230A4600931A21FF23FFF77C
:10FAF000EBFB03B05DF804FB012310B580F88A32FC
:10FB0000D0F87032022B04460AD190F886223AB11E
:10FB100090F8852222B1C0F874320323C0F87832FD
:10FB20002046FEF721FE88B194F8303173B90721E1
:10FB30002046FFF7D6FF04F5F470FEF719FD94F8A0
:10FB40007E122046BDE81040FFF710BCD4F870329A
:10FB5000012B18BFC4F874320123C4F8783210BDE9
:10FB6000F8B504469DF818700E4611461D46FFF77D
:10FB700035FB31462046FFF7B4FF3A46294620467A
:10FB8000FFF723FB20460022BDE8F8401721FEF7CF
:10FB900076BF002310B580F88A32D0F87032032B7C
:10FBA000044601D0052B10D100212046FFF7DEFBD3
:10FBB00000212046FFF795FFD4F87032022B18BFC2
:10FBC000C4F874320223C4F8783210BD07B590F837
:10FBD000083180F81011032B4FF00803009308BF81
:10FBE0000A464FF0010318BF00221A21FFF76CFBF1
:10FBF00003B05DF804FB38B50C46D0F80431054677
:10FC0000032C28D8DFE804F0021E212403F00103AE
:10FC10001BB3012C08BF0122A5F80C2185F808416F
:10FC200042EA04421B212846FEF729FF032C16D185
:10FC300095F884329BB995F810112846BDE83840F4
:10FC4000FFF7C4BFC3F34003E2E7C3F3C003DFE73A
:10FC5000C3F38003DCE70024DEE71C46DCE738BDA5
:10FC6000F7B5089F04461D4641EA02420721FEF708
:10FC700006FF2A4620460521FEF701FF3A462046A8
:10FC80000621FEF7FCFE04262A1E31462046009679
:10FC90004FF0010318BF0122FFF716FB3A1E4FF089
:10FCA0001403009318BF0122314620460123FFF7B9
:10FCB0000BFB044A0A21204603B0BDE8F040FEF7E2
:10FCC000DEBE00BF000100182DE9F74F04460021F9
:10FCD0006420EEF7D7FB236820469B6B98470021F2
:10FCE00083462046FFF785F82046FEF755FE8246FC
:10FCF0002046FEF760FE0C230022009325214FF4DE
:10FD0000805381462046FFF7DFFA00212046FEF7A8
:10FD100067FF01212046FFF73BF8002211462046ED
:10FD2000FFF76FFB01212046FFF720FBB4F83811E5
:10FD30004FF47A722046FFF7BBFB2A212046FEF7DC
:10FD400003FE00274FEA20483D463E4639462046FE
:10FD5000FEF746FF0A20D6F7EBF92A212046FEF7E8
:10FD6000F3FD4346B3EB204FC8BF01364FEA2048AE
:10FD70004FF076012046C8BF36B2FEF7E5FD4307D7
:10FD800048BF6B1C07F12F0748BF9DB2BAB241F2C2
:10FD900028039A423FB2D9D1236820469B6B9847EB
:10FDA00000EB0B012046FFF724F8642200212046D7
:10FDB000FFF77EFB51462046FEF7EAFF4946204604
:10FDC000FFF7D4FA2C2D94BF002301232C2ED4BF8F
:10FDD0000022012284F87B2194F87A219A4205D0EE
:10FDE0002C2ECCBF0026012684F87B61002108461A
:10FDF00084F8783184F8793184F87A3103B0BDE839
:10FE0000F04FEEF73FBB30B590F80951012D8DB0A2
:10FE1000044627D1FFF758FF94F87A21002302A95E
:10FE2000CDE90013CDE906238DF808300022002328
:10FE3000CDE9082302238DF8283004F124002B4655
:10FE40001F226946E1F792FB6846DCF7D3FAD4F843
:10FE50007032042B18BFC4F874320423C4F878320B
:10FE60000DB030BDAB1E012B06D890F805315B07F5
:10FE7000EDD4FFF7B5FBEAE7052DE8D1FFF758FD14
:10FE8000E5E72DE9F04F85B004460D46FEF76CFC22
:10FE9000002800F0BB8094F80831023B012B00F2EF
:10FEA000B58000213220EEF7EDFA2046FEF774FD12
:10FEB00080462046FEF77FFD002203901146204633
:10FEC000FFF79FFA94F80931012B35D194F88B3262
:10FED00003F0FF0113B92046FFF70FFA2926204649
:10FEE000FEF754FD102300228146009331464FF661
:10FEF000FF732046FFF7E8F949462046FEF770FEFB
:10FF000001212046FEF744FF4FF47A72A9B2204641
:10FF1000FFF7CEFA2046FEF791FD07463220D6F7CE
:10FF200007F900234FF47A7B9A46FB1A6333C62BFA
:10FF30001AD94FF0000A1BE0023B012B0BD800221C
:10FF400041212046FEF79BFD002247212046FEF777
:10FF500096FD4526C3E72046FEF778FB002855D0DE
:10FF60000026A4F89262BAE70AF1010A1FFA8AFA97
:10FF70002046FEF763FD05460A20D6F7D9F8BAF108
:10FF80001E0F18D1A9EB050520462DB264220021D1
:10FF9000FFF78EFA002D204608BF0125FEF756FB1D
:10FFA00098B9102300932A464FF6FF733146204636
:10FFB000FFF78AF90BE00BF1FF3B1FFA8BFB3B4687
:10FFC000BBF1000FDED02F46AFE7A4F8925294F8B1
:10FFD0000931012B14D1A4F87E5120460021FEF7EF
:10FFE000FFFD41462046FEF7D3FE03992046FFF76A
:10FFF000BDF90021084605B0BDE8F04FEEF742BA62
:020000040804EE
:10000000023B012B98BFA4F8AA51E6E705B0BDE872
:10001000F08F38B50D467C210446FEF795FC15B1EE
:10002000D4F8C8311840C4F8C40138BD0A467D214F
:10003000FEF725BD0A467D21FEF721BD0A467C213B
:10004000FEF71DBD73B509230D4616460093252105
:1000500001230446FFF738F926B100222821204663
:10006000FEF70DFD15B1002384F88B3200212046E8
:10007000FFF7E4FF94F8092194F8CB31022A0CBF72
:1000800029460021012A61F3861318BF002565F374
:10009000041384F8CB31D4F8C811204602B0BDE86F
:1000A0007040FFF7C3BF2DE9F04F90F809A1BAF1F6
:1000B000010F85B00446894615461F4667D1FEF7F5
:1000C0006BFC03902046FEF776FC002604F5357B9A
:1000D0005946804684F8E8622046FEF758FF3246CB
:1000E00031462046FFF78DF99DF8382051462046CD
:1000F000FFF7A8FF29464FF4FA722046FFF7D8F918
:100100000A2300932946CDF804A04B4632462046E8
:10011000FFF724FA40F2E93594F88B322BB9013D10
:1001200003D00A20D6F704F8F6E76422002120461F
:10013000FFF7BEF90A230122CDE9003200231A4657
:1001400019462046FFF70AFA94F88B322BB9EEF7DE
:1001500085F904F5F870E5F72FFF1FB1002120465F
:10016000FFF7CBF8012384F8E83259462046FEF722
:100170000EFF41462046FFF7F9F820460399FEF7A7
:1001800007FE94F88B02C0B205B0BDE8F08F0020E6
:10019000FAE737B5B0F98231B0F93821002B02EB1C
:1001A000D2724FF000030093C2F34F02ACBF6FF066
:1001B00009010A210446FFF776FF054660B194F86D
:1001C00084314BB123682046DB6B9847B4F9821128
:1001D000411A2046FEF70DFE284603B030BD10B58B
:1001E000002204461146FFF72DFF012384F88B32CD
:1001F00010BD012110B580F8C0110446FFF709FFBA
:10020000C200C4F8C4014FEA106303D594F8092171
:10021000012A05D05B0606D594F80931022B02D1DC
:100220002046FFF7DCFF00212046FFF707FF0121F2
:100230002046FFF7EEFED4F8C43198421CBF0023DD
:1002400084F8C03110BDB1F5807F04D190F8C03181
:100250000BB9FFF7CEBF7047A0F18400FFF7F3BFE3
:100260000C4A10B5D2F84E400460D2F85240B2F8B1
:100270005620028101F00302027081F00402C2F3F1
:1002800080020272C1F3C202890944604270818017
:1002900010BD00BFF40D050884B004AB03E90700EE
:1002A0009DF80400BDF8083000F0030040EA831018
:1002B0009DF80C3083F0010340EA83009DF805307F
:1002C000DB0003F03803184380B204B0704790F8A5
:1002D0007C2190F82C31920042EA430290F87A3166
:1002E000134390F86C2143EAC20390F86D2143EA6E
:1002F000021390F8842143EA421390F82D2143EA37
:10030000821390F82E2143EAC21390F82F2143EA7A
:10031000022390F88A2143EA422390F8502143EACD
:10032000822390F8CC2043EAC22080B2704738B5CF
:10033000044600F5847393E80700FFF7ADFF94F8D7
:100340000931012B0CBFB4F87451B4F8A451014623
:10035000B4F8CC01EDF7BEFB2946B4F8CE01EDF7B9
:10036000B9FBB4F83611B4F8D201EDF7B3FB20466F
:10037000FFF7ADFFB4F8D05101462846EDF7AAFBD0
:10038000B4F84611B4F8D401EDF7A4FBB4F8441165
:10039000B4F8D601EDF79EFBB4F84211B4F8D801D9
:1003A000EDF798FBB4F84011B4F8DA01EDF792FBE1
:1003B000B4F88211B4F8E001EDF78CFBB4F8B21296
:1003C00094F8B032B4F8E401C1F30C0141EA4331CE
:1003D00089B2BDE83840EDF77DBBA0F11000FFF712
:1003E000A6BF00002DE9F34100F1240403252046B7
:1003F000E1F714FF0B272046984B994900950022FE
:10040000E1F7A4FE2046974B974900970122E1F7B8
:100410009DFE2046954B9649009702220126E1F762
:1004200095FE2A462046934B93490097E1F78EFEAE
:100430002046924B924900960422E1F787FE20461F
:10044000904B914900950522E1F780FE4FF083081B
:1004500020468E4B8E4900960622E1F777FE204615
:100460008C4B8D49CDF800800722E1F76FFE2046C6
:100470008A4B8B4900950822E1F768FE2046894B9C
:10048000894900950922E1F761FE2046874B88499A
:1004900000950A22E1F75AFE3A462046854B8649E6
:1004A0000095E1F753FE2046844B854900950C22C8
:1004B000E1F74CFE2046834B834900950D22E1F77E
:1004C00045FE2046814B824900950E22E1F73EFE13
:1004D0002046804B804900950F22E1F737FE2046E9
:1004E0007E4B7F4900961022E1F730FE20467D4B7F
:1004F0007D4900951122E1F729FE20467B4B7C497E
:10050000CDF800801222E1F721FE2046794B7A498E
:1005100000951322E1F71AFE2046784B78490095A2
:100520001422E1F713FE4FF4807300932046754BBD
:1005300075491522E1F70AFE2046744B7449CDF83F
:1005400000801622E1F702FE2046724B72490095A8
:100550001F22E1F7FBFD2046704B714900961722E0
:10056000E1F7F4FDB023009320466E4B6E4918224C
:10057000E1F7ECFD20466D4B6D4900951922E1F73E
:10058000E5FD20466B4B6C4900961D22E1F7DEFD30
:1005900020466A4B6A4900951C22E1F7D7FD2046A8
:1005A000684B694900961A22E1F7D0FD2046674B57
:1005B000674900961B22E1F7C9FD2046654B664955
:1005C00000961E22E1F7C2FD2046644B6449009567
:1005D0002022E1F7BBFD2046624B634900952122B2
:1005E000E1F7B4FD2046614B614900962222E1F714
:1005F000ADFD20465F4B604900962322E1F7A6FD42
:1006000020465E4B5E4900972422E1F79FFD20467D
:100610005C4B5D4900952522E1F798FD20465B4B38
:100620005B4900952622E1F791FD2046594B5A4936
:1006300000962722E1F78AFD2046584B584900953D
:100640002822E1F783FD574B5749CDF80080292236
:100650002046E1F77BFD02B0BDE8F081853C05084E
:10066000691F0508903C05089B3C0508A13C05084E
:10067000B03C0508B73C0508CC3C0508D63C05084D
:10068000E43C0508ED3C0508FE3C0508043D050872
:100690001C3D0508233D05082D3D0508343D050892
:1006A0003D3D0508453D05084E3D0508563D0508FC
:1006B0005D3D0508633D05086A3D0508703D050878
:1006C0007B3D0508853D0508903D05089A3D0508D8
:1006D000A03D0508A53D0508AB3D0508B03D050852
:1006E000C43D0508CC3D0508F93D0508013E050857
:1006F0000D3E0508153E05083B3E0508463E05082B
:10070000543E05085A3E0508673E05086E3E05083A
:100710007A3E0508813E0508923E0508993E050887
:10072000872C0508B03E050889360508D43E050823
:10073000E53E0508EB3E0508FA3E0508033F0508BF
:10074000143F05081D3F05082E3F0508383F0508E2
:100750004A3F0508553F0508FE4505085F3F050867
:10076000933F0508A23F0508B93F0508C53F0508A6
:10077000CE3F0508D13F0508DF3F0508E73F0508E4
:10078000134005081E400508564005085E40050850
:10079000724005087A4005088F4005089B4005080F
:1007A000BE400508C8400508DE40050830B587B0E2
:1007B00004460D4668460A49FEF788F85022694605
:1007C00021232046EDF716F96846DBF713FE054BAB
:1007D0002360A5632046EDF7BDF8204607B030BD85
:1007E000E6400508D0920508836B93F8863207B57A
:1007F0007BB1406801A9D6F7E3F9019B4BB14FF0FB
:10080000E0234FF08052C3F8042DBFF34F8FBFF3A6
:100810006F8F03B05DF804FBD0F820338B4210B526
:10082000044611D1FDF712FF70B12046FEF764F8BF
:1008300050B194F80A31092B06D1D4F8240318B129
:10084000BDE81040FFF7D0BF10BDA0F1C400FFF716
:10085000E3BF00002DE9F04F90F80831023B012B77
:1008600097B0044600F2818190F809315A1E022A9D
:1008700002D9052B40F0798100219620EDF702FE88
:100880002046FEF7DBF805902046FEF785F8069037
:100890002046FEF790F80022114607902046FEF70A
:1008A000B0FD01212046FEF773FA05992046FEF7B8
:1008B00097F9B4F9381103234900FA2291FBF3F1B7
:1008C000204689B20025FEF7F3FDBDF814902E46B0
:1008D0002F4609EB050109B22046FEF781F90520F4
:1008E000D5F726FC2046FEF7A9F8A0EB090000B2D8
:1008F000A0EB050BBBF1000F00EB0508B8BFCBF177
:10090000000BB8F1000FB8BFC8F100080FFA8BFB5D
:100910000FFA88F84FF0000ABBF5FA6F1FFA8AF158
:1009200024DDB8F5FA6F23DD0AF1010ABAF1330FBD
:1009300000F01E812046FEF781F8A0EB090000B20E
:10094000A0EB050BA5EB0008BBF1000FB8BFCBF186
:10095000000BB8F1000FB8BFC8F100080A200FFA69
:100960008BFB0FFA88F8D5F7E3FBD5E7C34501DD2C
:1009700001373FB2312903D90136B6B20A2E2ED83B
:10098000FF3544F2BF029542A3D14FF00108204643
:10099000FEF754F8059B834224D1784908A8FDF757
:1009A00095FF142308A90E9310A802238DF83C305C
:1009B000DDF7C6FA0EA8E5F7FFFA10A8DBF71AFD77
:1009C00008A8DBF717FDD4F87032062B18BFC4F85F
:1009D00074320623C4F870324FF0000844E04FF040
:1009E0000008D4E7B8F1000FF6D043F6FF7B09EB1F
:1009F0000B0109B22046FEF7F3F80520D5F798FB66
:100A00002046FEF71BF8A0EB090000B2A0EB0B0399
:100A1000002B00EB0B05B8BF5B42002DB8BF6D4249
:100A20001BB22DB24FF0000A40F6C41293421FFAD7
:100A30008AF00ADD95420ADD0AF1010ABAF1330FA4
:100A40005DD1AB4207DD504601E0AB4201DD01372D
:100A50003FB2312803D90136B6B20A2EBCD8ABF169
:100A6000FF0B1BF1C00FC2D1322F29DD94F80931E1
:100A7000012B5CD1D4E9600194F87B3183F0010350
:100A800084F87B318DE8030004F5BA730ECB204661
:100A9000FEF7AAF83A4908A8FDF718FF182308A995
:100AA0000E9310A801238DF83C30DDF749FA0EA80B
:100AB000E5F782FA10A8DBF79DFC08A8DBF79AFCA3
:100AC000642200212046FEF7F3FC00212046FEF7B9
:100AD00087F806992046FEF75BF907992046FEF74E
:100AE00045FCB8F1000F02D0012384F885320021C3
:100AF0000846EDF7C7FC404617B0BDE8F08F20462A
:100B0000FDF79CFFA0EB090000B2A0EB0B03ABEBE1
:100B10000005002BB8BF5B42002D1BB2B8BF6D4271
:100B20000A2005932DB2D5F703FB059B7CE79A1E9F
:100B3000012A11D894F8BF3183F0010384F8BF3142
:100B400004F5D8730FCB8DE80F0004F5D2730ECBEC
:100B50002046FEF792F89DE7052B02BF94F82C3152
:100B600083F0010384F82C3194E74FF00108C2E7C9
:100B7000C3457FF701AF5146FAE600BFED400508D7
:100B8000134105082DE9F04F95B0002590F8E430A9
:100B9000059104462A46032180F8E4500193FDF7AD
:100BA0006EFF2046FDF7F8FE02902046FDF703FF9A
:100BB000294603902046FEF7D9FB6420D5F7B8FA02
:100BC000B4F82471B4F826B1CEF7BAFBA846049065
:100BD0002E46AA46A946CEF7B3FB049BC01A059B36
:100BE000984245D3642E7AF1000322D3642D78F124
:100BF00000031ED3002330464A465146CCF76CFB17
:100C0000A0F5FF437F3B002BB8BF5B4241F2883722
:100C1000BB4206460DDC00234A4628464146CCF737
:100C20005BFBA0F5FF437F3B002BB8BF5B42BB42A1
:100C300044DD2C4906A8FDF749FE152306A90C93AF
:100C40000EA802238DF83430DDF77AF90CA8E5F709
:100C5000B3F90EA8DBF7CEFB06A8DBF7CBFB002031
:100C6000019B84F8880284F8E43015B0BDE8F08F69
:100C7000002203212046FDF702FF02212046FDF756
:100C800063FE83B2FB1A42F20F7C634444F61E619A
:100C90008B42A0D8ABEB104262448A424FEA104329
:100CA00099D887B2BE191FFA83FB4AF1000A5B1973
:100CB0001D4648F1000809F101098CE782B2B1B282
:100CC000A4F82621A4F824112046FEF79EFE0299DE
:100CD0002046FEF75DF820460399FEF747FB01200A
:100CE000BEE700BF3B41050830B52DED028B97B044
:100CF0000446FDF7DFFE40B904F50C70E5F75CF93A
:100D0000002017B0BDEC028B30BD012211462046F9
:100D1000FDF7B5FE00212046FDF716FEB0F5803F39
:100D200040F0A08094F8E631002B00F09B80EDF7B6
:100D30009FFB9FED6A1ADFED6A0A9FED6A0AA16CBC
:100D40000BA8E8F779FF0B9B2367A06C04F158010F
:100D5000E8F708FC012384F88432D4F8803243B9E0
:100D60002046FDF728FE002800F087800223C4F803
:100D70008032002264212046FDF781FE94F815316F
:100D8000009394F81431B4F8122100212046FEF7A4
:100D9000E7FEB4F80C2194F808112046FEF72BFF6B
:100DA00094F80A112046FDF7F3FF04F5CA730FCB40
:100DB0006D4607C52B8004F5C4730ECB2046FDF7A6
:100DC0009DFFD4F820310093D4F81C31B4F81821D9
:100DD000B4F816112046FEF743FFB4F82621B4F804
:100DE00024112046FEF711FEB4F82A21B4F8281188
:100DF0002046FEF723FE04F52C712046FEF75CF931
:100E00002046FDF783FD94EDC78A9FED351ADFED8F
:100E1000360A88EE000A00210BA8E6F7ABFA012299
:100E20000BA905A8FDF7DFFB05A92046FEF7AFF8E3
:100E30000BA8E5F753FF2046FDF796FCF8B996217D
:100E40002046FFF79FFED0B9D4F87032062B18BFAA
:100E5000C4F874320623C4F8783204F5F470FDF750
:100E60008CFB4DE794F88432002B7FF476AFD4E905
:100E70005B122046FEF726F86FE7012377E7B4F808
:100E8000EE20B4F8EC102046FEF79AF994F884327C
:100E9000E3B100212046FFF7CDF8D4E9530104F572
:100EA000A0730090ADF804100ECB2046FEF7ECFDC9
:100EB00000212046FFF7ADF8012384F88632CEF7F3
:100EC0003FFAC4F8A80294F886021AE74FF081614D
:100ED000C4F8C8112046FFF7A9F8DEE70000807FBC
:100EE00000000000002474493333333F10B590F8FC
:100EF00091325A1E8EB0044680F8912253B1D0F838
:100F00007032092B18BFC0F874320923C0F8783248
:100F10000EB010BD68460F49FDF7D8FC1623694690
:100F2000069308A802238DF81C30DDF709F86846FF
:100F3000DBF760FA06A8E5F73FF8D4F87032062B25
:100F400018BFC4F874320623C4F8783208A8DBF757
:100F500051FADDE75E41050830B590F8873295B06B
:100F6000044643B9D4F87032012B40F019810423B0
:100F7000C4F87832A4E0FDF7F7FB0028F2D094F82B
:100F80000951012D2DD109212046FDF71DFF002219
:100F900009212046FDF722FF94F88F3223B920461D
:100FA000FEF792FE84F8965294F80931012B1BD17A
:100FB00094F88421C2B194F88B22AAB9B4F98221A1
:100FC000002AB4F93821009302EBD272ACBF6FF063
:100FD00009010A21C2F34F022046FFF764F80221FB
:100FE0000AE0023D012D6DD92046FDF7CFFC0146F8
:100FF0002046FDF7F5FD01212046FDF7C9FEB4F9B5
:1010000038112046FEF73DFF2046FFF723FC05463A
:10101000002869D194F8973294F898220133DBB212
:101020009A4284F8973226D25F4984F8850202A852
:10103000FDF74CFC142302A908930AA802238DF89B
:101040002430DCF77DFF02A8DBF7D4F908A8E4F729
:10105000B3FF236820465B699847D4F8703284F860
:101060009552062B18BFC4F874320623C4F87032A8
:101070000AA8DBF7BFF994F8AC320BB3002384F86D
:10108000AC324A4902A8FDF721FC02A908A8DCF706
:1010900057FF01220023CDE90E2300220023CDE9D2
:1010A000102308A90422012304F124008DF848200C
:1010B000E0F75CFA08A8DBF79DF902A8DBF79AF9DC
:1010C00015B030BD0B212046FDF77EFE00220B211E
:1010D0002046FDF783FE94F805315B073FF564AFCA
:1010E0002046FEF77DFA5FE7012384F8853294F805
:1010F0000931012B0FD194F8843163B194F88B320C
:101100004BB123682046DB6B9847B4F98211411A32
:101110002046FDF76EFE94F8AC320BB3002384F842
:10112000AC32234902A8FDF7D1FB02A908A8DCF7DD
:1011300007FF01220023CDE90E2300220023CDE981
:10114000102308A90422012304F124008DF848206B
:10115000E0F70CFA08A8DBF74DF902A8DBF74AF92B
:10116000D4F87032052B18BFC4F874320523C4F8C4
:10117000783294F80931012B06D10321204615B0AD
:10118000BDE83040FDF704BE023B012B01D806212B
:10119000F4E72046FDF75AFA002891D00921EDE73F
:1011A000C4F87432E3E600BF754105088E410508B6
:1011B000A1410508000000002DE9F04F00F535734E
:1011C000A1B000250446194680F8E8520493FDF7C3
:1011D000DEFE2046FDF7E0FB05902046FDF7EBFB29
:1011E00006902046FDF7D2FB01462046FDF7F8FCAD
:1011F00001212046FDF7CCFD01212046FEF7B6F87F
:1012000004F5A0772A4629462046FEF7FAF80FCFC4
:1012100009AE0FC63B68B4F958A13380B4F9383130
:10122000DFF890929A45A8BF9A465046CBF744FB08
:1012300002460B46CDE902239B4B0022CBF7A6FBCF
:10124000CBF754FE4FF4C80254210FFA80FB20461E
:10125000FDF715FC2A4651462046FEF7D2F86425D4
:101260004FF000082A0454212046FDF708FC3220E4
:10127000D4F75EFF2046FDF7CFFB584518DCCBF7CF
:101280001BFB424606460F464B46DDE90201CBF703
:101290007DFB02460B4630463946CBF707FE002859
:1012A00000F0AD800A35ADB244F61F639D42D9D936
:1012B000002211462046FEF7A4F86420D4F738FF38
:1012C0002B0407934FF000094FF0400B4FF06408D8
:1012D000079B542148EA03022046FDF7D0FBCEF7D6
:1012E0002FF80022074651462046FEF78AF80026CE
:1012F000CEF726F8C01B312840F283800022114629
:101300002046FEF77EF86427B9F10A0F0ADD0120B6
:10131000D4F70EFF2046FDF77FFB013F17F0FF07D4
:101320008146F1D13046CBF7C7FA5BA3D3E900235E
:1013300006460F46DDE90201CBF728FBDDE9022373
:10134000CBF76EF902460B4630463946CBF7AEFD79
:1013500000285ED0A8EB0B081FFA88F80126049934
:1013600084F8E8622046FDF712FE6B1E9BB244F63D
:101370001E62934204F1240767D808F1FF339BB241
:10138000934262D8DDE90C01ADF826500090ADF82B
:101390002A50ADF82480ADF82880ADF8041009ABD0
:1013A0000ECB2046FEF770FB40490EA8FDF78EFAE3
:1013B0000EA914A8DCF7C4FD01220023CDE91A23ED
:1013C00000220023CDE91C230423272214A98DF831
:1013D000783038463346E0F7C9F814A8DBF70AF846
:1013E0000EA8DBF707F805992046FDF7D1FC20464B
:1013F0000699FDF7BBFF304621B0BDE8F08F64359C
:1014000051E72046FDF708FB86428146B8BF0646F5
:101410006EE723A3D3E90023DDE90201CBF7B6FA97
:101420000B46024639463046CBF722FD002814BF52
:101430004FF0640B4FF00A0BD8441FFA88F844F6BB
:101440001F6398457FF644AF88E719490EA8FDF75A
:101450003DFA0EA914A8DCF773FD00220023CDE9A4
:101460001A23CDE91C230423272214A98DF87830F0
:1014700038460123E0F77AF814A8DAF7BBFF0EA884
:10148000DAF7B8FF05992046FDF782FC2046069959
:10149000FDF76CFF0020AFE77B14AE47E17AA43F75
:1014A000666666666666EE3F0000E83FB641050880
:1014B000CB4105080000E03F10B50446006810B1BC
:1014C00003685B689847204610BD00002F4B03F16E
:1014D000740210B5026103F18C02826103F1C00253
:1014E000426203F58C72426403F5A672C0F8842050
:1014F00003F5B0720360C0F8882003F5BC7203F5F1
:10150000C6730446C0F8C430C0F8C02000F5F470BB
:10151000FDF733F804F54970FFF7CEFF04F51670B8
:10152000DAF768FF04F50E70DAF764FF04F5067069
:10153000DAF760FF04F5FC70DAF75CFF04F1C40031
:10154000EBF7A0FB04F1C000E4F722FC04F18800F3
:10155000ECF734FA04F18400E5F7C8F804F144002C
:10156000E8F7B4FA04F12400E0F70EFB04F11800E8
:10157000E4F7AAFA04F11000E7F75EFEE068044B16
:10158000236008B1DAF7F8FF204610BDE89205089D
:10159000905F0508A0F1C000FFF798BFA0F1880098
:1015A000FFF794BFA0F18400FFF790BFA0F14400C3
:1015B000FFF78CBFA0F12400FFF788BFA0F118004F
:1015C000FFF784BFA0F11000FFF780BFA0F1C400B7
:1015D000FFF77CBF10B50446FFF778FF20464FF4B5
:1015E0004A710EF00DFD204610BDA0F1C400FFF7BA
:1015F000F1BFA0F1C000FFF7EDBFA0F18800FFF739
:10160000E9BFA0F18400FFF7E5BFA0F14400FFF7B8
:10161000E1BFA0F12400FFF7DDBFA0F11800FFF744
:10162000D9BFA0F11000FFF7D5BF000073B5D0F807
:101630002463044696B93C200EF060FD2146054621
:10164000FFF7B4F8D4F824030196C4F8245310B17A
:1016500003685B68984701A8FFF72EFF0948C4F8A4
:10166000200302680849C823D362084B1B68B3FBF8
:10167000F1F3013393620123136002B0BDE87040BF
:10168000D1F7E2BE6C06012080841E00000000102D
:1016900030B5D0F8043185B004460D46052910D880
:1016A000DFE801F0032E343A3731C3F3001343B1BE
:1016B000D4F820331BB12046FDF71EF910B9052DD3
:1016C00000D1002594F8CB3184F8095123F0500360
:1016D00084F8CB31D4F8C8112046FEF7A7FC0023CC
:1016E00084F88532013D94F82C3184F87B3184F8FC
:1016F000BF31042D7AD8DFE805F0122A424D73007D
:10170000C3F34013D3E7C3F34023D0E7C3F38013FD
:10171000CDE7C3F30023CAE7C3F3C013C7E7D4F888
:10172000743193B1D4F87032D4E96001042B18BF3E
:10173000C4F874320423C4F878328DE8030004F549
:10174000BA730ECB2046FDF74FFA05B030BDD4F882
:101750007032042B18BFC4F874320423C4F87832F2
:10176000002384F8BE3104F5D8730FCB8DE80F0049
:1017700004F5D2730ECB2046FDF77FFAE5E7D4F8E7
:101780007032042B18BFC4F874320423C4F87832C2
:101790000123E6E7D4F87032022B18BFC4F8743284
:1017A0000223C4F8783220460C21FDF70DFB0022FD
:1017B00020460C21FDF712FB012384F885322046D8
:1017C0000521FDF7E5FA04F5CA730FCB6D4607C591
:1017D0002B8004F5C4730ECB2046FDF78FFAB4E7D7
:1017E000A06818B103681B69984750B9D4F87032E3
:1017F000022B16D10223C4F87832012384F88532F3
:10180000A3E7002384F885322046FFF70FFFD4F8C2
:1018100070320A2B18BFC4F874320A23C4F8783225
:1018200093E7C4F87432E5E738B590F88732044698
:1018300033BB012580F8875200F592712A46B0F833
:10184000DC01ECF775F980B1B4F8DE012A4604F545
:101850009371ECF76DF940B1B4F82621B4F8241176
:1018600084F889522046FEF7D0F894F8893243B9BB
:101870004FF496712046FFF785F950B984F8870236
:1018800038BD2046FDF747FE0028F1D0012384F83B
:10189000883204F5F470FCF76BFE07212046FEF752
:1018A00020F994F8853233B994F809112046BDE83F
:1018B0003840FFF7EDBE94F83031002BE0D1012322
:1018C000D4F8782284F89532D4F8703294F87D12E6
:1018D0009A42204618BFC4F87432FDF747FDBDE8B0
:1018E00038400A20E4F79EBEF8B504460025BA4FFA
:1018F00094F8863243B9D4F87032062B04D00BB179
:10190000C4F87432C4F8705294F895321BB1D4F80C
:101910007832C4F87032D4F870320B2B27D8DFE855
:1019200013F00C006B002601E80046017801260048
:101930006C01E4008E005D01CB0084F895522046D6
:10194000FDF7B8F8002851D094F83031002B4DD174
:1019500094F8863213B92046FFF7C6F9D4F87032EE
:10196000012B18BFC4F874320123C4F8703220462A
:10197000FCF7FAFE0646F0B9D4F87032012B1AD003
:1019800094F88622BAB194F88722A2B1C4F87832CA
:1019900004F50470E4F710FB31462046FDF7E6FC41
:1019A000D4F8703284F89552012B18BFC4F8743201
:1019B0000123C4F8703294F8C0312BB100212046C5
:1019C000FEF73CFB84F8C0510A20D4F7B1FB94F831
:1019D0003031002B8CD0236820461B6A98470028A2
:1019E00086D1D4F88C00D4F743FC80E784F8865283
:1019F000FA20D4F79DFBBAE784F89552ECF738FD4E
:101A00002046FCF7B1FE70B194F830315BB93B78F9
:101A100094F887220133DBB2052B3B7005D894F88C
:101A2000873233B102E03D70E2E722B1012384F84E
:101A300095326420DDE72046FFF7F6FEEFE701234D
:101A400084F88D322046FCF78FFE68B304F53576B6
:101A50003146204684F8E852FDF799FA04F5F4700F
:101A6000FCF786FD07212046FEF73BF83220D4F72D
:101A70005FFB4FF4FA712046FFF784F8C0B12046AF
:101A8000FCF760FE2046FEF7BEF994F809112046E7
:101A9000FFF7FEFD012384F8965284F8E8323146C0
:101AA0002046FDF774FA62E76420D4F741FBC9E7EA
:101AB0002046FFF71BFA5AE784F895522046FCF7B8
:101AC00053FE70B12046FFF777FB012384F895326F
:101AD000D4E99C23934201D0C4F87422C4F878322C
:101AE00045E76420D4F724FBE8E72046FEF751FBE6
:101AF000EEE7CDF725FCD4F89C32C31AB3F5FA6FA4
:101B000033D9C4F89C022046FEF773FB76212046A9
:101B1000FCF71AFF020401D501300ED194F88A3285
:101B20005BB1012384F8313123682046DB69002151
:101B3000984704F51470E4F73FFA94F8E430A3B141
:101B40002046FCF7F1FFD4ED387AF4EEC07AF1EEDE
:101B500010FA0AD5D4F87032072B18BFC4F87432C3
:101B60000723C4F87832ECF779FCC82041E76420F9
:101B7000D4F7DEFA94F83131002B3FF4F8AE762139
:101B80002046FCF7E1FE03047FF5F1AE01303FF49F
:101B9000EEAE04F51470E4F709FDD4F8703284F861
:101BA00031510BB1C4F87432C4F87052DFE694F8C6
:101BB0008732002B3FF4DBAE2046FCF7D5FD002832
:101BC0003FF4D5AE94F80831002B3FF4D0AE204658
:101BD000FFF7C2F9CBE600BF442E012094F887320C
:101BE000002B3FF4C4AE2046FCF7BEFD00283FF4B6
:101BF000BEAEA368002BE5D1B9E6236820465B6939
:101C00009847D4F87032062B18BFC4F874320623F4
:101C100064E7012384F8853294F88A32BBB92368DB
:101C200020465B6998470323C4F8743294F88D32D8
:101C3000002B3FF49CAE84F88D522046FEF747FB04
:101C4000B4F8D06101463046EBF744FF8FE62046FA
:101C5000FCF7A0FD0028E2D0236820469B69984746
:101C6000D4F87032032B18BFC4F874320323C4F8BD
:101C70007832DBE7A0F18800FFF736BE10B490F8A9
:101C8000944280F8941241B93CB190F80931052B87
:101C900003D15DF8044BFFF7FBBC5DF8044B7047C4
:101CA0001F4A70B5D2E90043012B06462AD100F144
:101CB000C8050FCC0FC50FCC0FC50FCC0FC594E8CE
:101CC0000F0085E80F0096ED3D0AECF79DFCB6F895
:101CD000EE20B6F8EC103046FDF772FA96F8FC20CC
:101CE00030461146FDF771FA96F80811B6F80C2146
:101CF0003046FDF780FF96F809113046BDE8704088
:101D0000FFF7C6BC04EB831294422346DBD0207954
:101D1000884204F14004F7D106F1C8051C46C8E723
:101D20001402001001F0010280F8782180F8792176
:101D300080F87A21C1F3400280F82C2180F87B21C1
:101D400080F8BF2180F88B21C1F3800280F87C21CC
:101D5000C1F3C00280F86C2180F86E2180F87021F8
:101D6000C1F3001280F86D2180F86F21C1F3401299
:101D700080F88421C1F3801280F82D2101F0C00287
:101D8000A2F1C00CDCF1000242EB0C0280F82E2123
:101D9000C1F3002280F82F21C1F3402280F88A216C
:101DA000C1F3802280F85021C90AFFF779BF0000F3
:101DB00010B586B004460023B0F8CC01ADF806306B
:101DC000012201A9EBF7B4FE68B103A8BDF8041025
:101DD0000346FEF745FA03CB1B78C4F80801C4F8A4
:101DE0000C1184F81031B4F8CE0101220DF1060176
:101DF000EBF79EFE20B1BDF806102046FDF729F84E
:101E0000012204F5A371B4F8D401EBF791FE01228D
:101E100004F5A271B4F8D601EBF78AFE012204F5AD
:101E2000A171B4F8D801EBF783FE012204F5A0718B
:101E3000B4F8DA01EBF77CFE012202A9B4F8E00164
:101E4000EBF776FEBDF80830B4F8D201A4F8823181
:101E5000012204F59B71EBF76BFEB4F8DC01012263
:101E600004F59271EBF764FE60B3B4F8DE01012271
:101E700004F59371EBF75CFE20B3012384F88932FB
:101E8000B4F8D00101220DF10A01EBF751FEE8B1DF
:101E9000BDF80A102046FFF745FF012384F88F3272
:101EA000B4F8E401012203A9EBF742FE40B1BDF80A
:101EB0000C30C3F30C025B0BA4F8B22284F8B032EE
:101EC00006B010BD012384F89632D9E7034B1B6896
:101ED00020461979FFF7E4FEE2E700BF1402001084
:101EE000A0F11000FFF764BF2DE9F0472DED028B44
:101EF00088B0EA4600258AE80C00E34B03600446FC
:101F0000856018209DF848709FEDE08A0EF0F6F885
:101F100081464FF00108DE4BC0E9018849F80C3BCF
:101F200006464846E3F726FEC4E9029604F110008F
:101F3000E7F7EAF904F11800E3F71CFE04F12409BD
:101F4000D44ED5497B1EDBB281224846E0F7CEF85D
:101F50009AE80C00314604F14400E7F7FDFC04F177
:101F60008400E4F749FC02A8CC49FCF7AFFC02A9C5
:101F700019234FF4807204F18800EBF73BFD02A8AF
:101F8000DAF738FA04F1C000E3F7E2FF04F1C40025
:101F9000EAF7FEFEC24B236003F17402226103F1F3
:101FA0008C02A26103F1C002626203F58C7262646A
:101FB00003F5A672C4F8842003F5B072C4F8882033
:101FC00003F5BC7203F5C673C4F8C430B54BC4F84E
:101FD000C830B54BC4F8D430B44BC4F8D830B44B87
:101FE000C4F8DC30B34BC4F8E0304FF0FF33C4F832
:101FF000EC30B14BC4F8F030B04BC4F8F430B04B17
:10200000C4F8F830142384F8FC304FF07C53C4F843
:102010000031B4F80431C4F8C0206FF30B0343F46B
:102020003F6343F00F03A4F804310423A4F80C31F8
:1020300040F6FF73A4F81231A24B84F8CC50C4F8D8
:10204000D05084F8E45084ED3A8AA4F8085184F81A
:102050000A81A4F80E5184F81081C4F8143140F2BA
:102060004B13A4F81831984AC4F834514FF0005378
:10207000C4E947334FF00123C4E9492341F28833CF
:10208000A4F83831914BC4F83C31914B914A84F813
:102090005081C4E950334FF080714FF40003C4E91C
:1020A00052138D4BC4F8543147F6FF73A4F85831DE
:1020B0006FF00043C4E95923C4E95733874BC4F890
:1020C0006C5142F210706422C4E95D03A4F88E21C1
:1020D0004FF4807342F6AA22A4F88831C4E94B5524
:1020E000C4E95F55A4F8705184F88451A4F88A813A
:1020F00084F88C81A4F89051A4F89221A4F8A0212E
:10210000774AC4F8AC21C4E96E351A44754BC4F85B
:10211000CC3103F5A0230233C4F8D031724BC4F89C
:10212000D43140F22933A4F8D83140F22A33A4F84C
:10213000DA316E4BC4F8DC3103F5E02345F255513A
:102140000233A4F89411C4F8E0314FF400414FF485
:102150004B73A4F89611A4F8E4314AF6AA21644B13
:10216000A4F89811C4F8E8314DF255518023C4E920
:102170006C22A4F89A11A4F8EC3102A8C4E969858C
:10218000C4E971555B49A4F89C51A4F89E5184F8A8
:10219000C05184F8E681FCF799FB4FF0020A17233F
:1021A000C4F8F03102A984F8F4A104F5FC70DBF75F
:1021B000C7FE02A8DAF71EF902A84F49FCF786FB12
:1021C0000A23C4F8103202A984F8148204F50670B8
:1021D000DBF7B6FE02A8DAF70DF902A84749FCF7CB
:1021E00075FB0C23C4F8303202A984F8348204F55C
:1021F0000E70DBF7A5FE02A8DAF7FCF802A840494A
:10220000FCF764FB02A9C4F850A284F854A204F5B8
:102210001670DBF795FE02A8DAF7ECF840F201231E
:10222000C4E9A435032384F898324FF47A73A4F8F0
:10223000B232322384F8B432324BC4F8B832324B63
:10224000C4F878A2C4E99C55C4E9A055C4E9AF55C7
:10225000C4E9B155C4E9B555A4F87C5284F87E525E
:10226000A4F8885284F88A5284F88B52C4F88C52AD
:10227000C4F89C52C4F8A05284F8A452C4F8A852DE
:10228000A4F8AC5242E000BF905F050800000000D7
:1022900078520508CC2C0120DF4105088C3C05084C
:1022A000E8920508E34105080080BB4400E0AB4626
:1022B000006086450000B4423C57733B295CF54101
:1022C00020BCBE4B323294028782878200007A445F
:1022D0002003BC0201000080FF7F30750101010076
:1022E0000000FF7F20032103270328032303240387
:1022F00000100240EA410508FF41050811420508A7
:1023000024420508000020410000AF4384F8B05289
:10231000C4F8CC5284F8D052C4E9B755C4F81C3381
:10232000314BC4F8E452C4E9C83529464846C4E9EB
:10233000BB55C4E9BD55C4E9C155C4E9C35584F8CA
:10234000E852C4F8FC5284F80053C4F8145384F8DB
:102350001853DEF7ADFE39462046FCF7B9F92046A2
:10236000FEF740F83046E7F715F9061D0FCE04F1E9
:1023700058070FC70FCE0FC796E807004FF48273B8
:1023800087E80700C4E916354FF400739FED171A6C
:102390009FED170AA16CE366F0EE480A02A8C4E9B3
:1023A000185AC4F86880E7F747FC029BA06C84F8D1
:1023B0005480C4E91C35C4E91E55E7F7A9F904F1B6
:1023C0005801A06CE7F7CEF8A06CE7F7C6F92046F5
:1023D000FFF7EEFC48464146DEF76AFE204608B0AD
:1023E000BDEC028BBDE8F0876C0601208096184B8F
:1023F0000024F44A38B50B684D6883600446C06811
:10240000854207D015B16B6801336B6008B1DAF70C
:10241000B3F8E56094F80931052B11D1D4F82033D5
:1024200073B1D4F8243313B92046FFF7FFF8D4F87A
:1024300070320A2B18BFC4F874320A23C4F87832F9
:1024400038BD08B5DFF708F908BD00002DE9F043F5
:10245000A9B00D460446674904A8FCF737FA0022E4
:1024600001212846FCF70BFB00212846FCF76CFAFB
:10247000431E0333039004F1040614D9132300937D
:1024800000215D4B059A04A8DDF70CFD00232360B5
:1024900004A93046DBF754FD04A8D9F7ABFF20466A
:1024A00029B0BDE8F08300BA0CAB039004AA03A9DD
:1024B0000AA80A93FCF7F0F9012211462846FCF716
:1024C000DEFA00212846FCF73FFA030C14BF012175
:1024D0000021054616A8D9F7D5FF484916A8DFF709
:1024E000BBF801461CA8DDF7F1FA291E18BF01212F
:1024F00022A8D9F7C7FF1CA8DDF721FBDDF87480FF
:10250000239F08EB070981456ED922A8DDF717FB49
:10251000814569D800221C9BCDF80080114622A875
:10252000DDF7C0FC014610A8DDF7D0FA22A8D9F7E4
:1025300061FF1CA8D9F75EFF16A8D9F75BFFDDE99C
:102540000A9818AB169308F10307002316A81793EF
:102550008DF860302297DDF7F2FA874201460ED9F6
:1025600022A8FBF7E5FF179A169901320746DBF719
:1025700083FC16A8D9F73EFF229B16971893204993
:10258000032216A8DEF7FCF94246494616A8DEF7F4
:10259000F7F91C4916A8DFF75FF801461CA8DDF71C
:1025A00095FADDE910121CA8DEF7EAF9014622A827
:1025B000DDF78CFADDE9221204A8DEF7E1F922A8A2
:1025C000D9F718FF1CA8D9F715FF16A8D9F712FFDD
:1025D00004A925603046DBF7B3FC10A8D9F70AFF41
:1025E0000AA8D9F707FF57E722993A461CA8DEF751
:1025F000C7F997E7E921050841420508FD380508B4
:102600008C3C05085542050838B50D460446DDF7F3
:102610005DFAD5E90623C4E90623D5E90823C4E910
:10262000082395F8283084F82830204638BD70B546
:1026300004460E461546B44201D1284670BD2146D7
:102640002846FFF7E1FF2046D9F7D4FE3034303575
:10265000F1E700002DE9F047D0E901439C4205462F
:10266000894614D00A88002304F10801C4E906232E
:102670002372C4E9001300220023C4E908230223C3
:1026800084F82830436830334360BDE8F0871D4A42
:102690000121D8F79DFD2F688046FBF731FFA4EBA1
:1026A000070A00EB0A030646B9F8001003F1080018
:1026B000002246F80A00C3E906125A601A72002086
:1026C00000210222C3E9080183F82820214632466E
:1026D0003846FFF7ACFF214600F130022046FFF7F5
:1026E000A6FFA968084BC91B09110446594338467F
:1026F000FBF7FFFE3023C5E9006403FB0866AE600C
:10270000C3E700BF321B0508ABAAAAAA10B404464F
:102710000846236A022B114601D0202B04D12369DD
:102720000B805DF8044B7047012B01D0102BF8D1C2
:102730005DF8044BFFF78EBF2DE9F047D0E9014368
:102740009C420546894614D00A78002304F108010A
:10275000C4E906232372C4E9001300220023C4E95C
:102760000823022384F82830436830334360BDE8EF
:10277000F0871D4A0121D8F72BFD2F688046FBF713
:10278000BFFEA4EB070A00EB0A03064699F8001007
:1027900003F10800002246F80A00C3E906125A6055
:1027A0001A72002000210222C3E9080183F82820C0
:1027B000214632463846FFF73AFF214600F1300203
:1027C0002046FFF734FFA968084BC91B09110446CE
:1027D00059433846FBF78DFE3023C5E9006403FBFF
:1027E0000866AE60C3E700BF321B0508ABAAAAAA01
:1027F0002DE9F047D0E901439C420546894614D0B3
:102800000A78002304F10801C4E906232372C4E90D
:10281000001300220023C4E90823022384F828308F
:10282000436830334360BDE8F0871D4A0121D8F783
:10283000CFFC2F688046FBF763FEA4EB070A00EB92
:102840000A03064699F8001003F10800002246F832
:102850000A00C3E906125A601A72002000210222FF
:10286000C3E9080183F82820214632463846FFF79D
:10287000DEFE214600F130022046FFF7D8FEA968AF
:10288000084BC91B0911044659433846FBF731FE72
:102890003023C5E9006403FB0866AE60C3E700BFF0
:1028A000321B0508ABAAAAAA2DE9F047D0E90143DB
:1028B0009C420546894614D00A68002304F10801A9
:1028C000C4E906232372C4E9001300220023C4E9EB
:1028D0000823022384F82830436830334360BDE87E
:1028E000F0871D4A0121D8F773FC2F688046FBF75B
:1028F00007FEA4EB070A00EB0A030646D9F800100E
:1029000003F10800002246F80A00C3E906125A60E3
:102910001A72002000210222C3E9080183F828204E
:10292000214632463846FFF782FE214600F130024A
:102930002046FFF77CFEA968084BC91B0911044615
:1029400059433846FBF7D5FD3023C5E9006403FB46
:102950000866AE60C3E700BF321B0508ABAAAAAA8F
:102960002DE9F047D0E901439C420546894615D040
:102970000B6804F10802D917226000222272C4E910
:102980000631626000230022C4E90823022384F890
:102990002830436830334360BDE8F0871D4A012189
:1029A000D8F716FC2F688046FBF7AAFDA4EB070AB0
:1029B00000EB0A030646D9F8002003F1080146F8A7
:1029C0000A10D0170021C3E90620596019720020AF
:1029D00000210222C3E9080183F82820214632465B
:1029E0003846FFF724FE214600F130022046FFF76B
:1029F0001EFEA968084BC91B0911044659433846F5
:102A0000FBF777FD3023C5E9006403FB0866AE6081
:102A1000C2E700BF321B0508ABAAAAAA2DE9F047FE
:102A2000D0E901639E420446894607D03046DDF76F
:102A3000B7F9636830336360BDE8F087144A012159
:102A4000D8F7C6FB27688046FBF75AFDA6EB070AB6
:102A5000054649465044DDF7A3F92A463146384633
:102A6000FFF7E5FD314600F130023046FFF7DFFDAC
:102A7000A168084BC91B0911064659433846FBF7A4
:102A800038FD3023C4E9005603FB0855A560D3E7A1
:102A9000321B0508ABAAAAAA2DE9F04FD1E90053D1
:102AA0002DED028B9FED428B95B08046144605EBD1
:102AB000831AAA4504D115B0BDEC028BBDE8F08F96
:102AC00098F8903229791BB998F8CC308B4231D1E3
:102AD00002A8D9F7D7FC384902A8DEF7BDFD0146A8
:102AE00008A8DCF7F3FF296808A8DEF7B5FD014662
:102AF0000EA8DCF7EBFFD4E901639E4295F804B021
:102B00001AD00EA93046DBF71BFA0023F361042329
:102B100086F828306368C6F818B0303386ED088B25
:102B200063600EA8D9F766FC08A8D9F763FC02A871
:102B3000D9F760FC4035BCE70121204A2046D8F790
:102B400047FBD4F800900190A6EB09020092FBF736
:102B5000D7FC009A024407460EA910460092DBF704
:102B6000EFF9009A0021D161042182F8281082ED4A
:102B7000088B3146C2F818B048463A46FFF757FD71
:102B8000314600F130023046FFF751FDA1680C4A92
:102B9000A1EB09010911064651434846FBF7A9FC80
:102BA000019B3022C4E9007602FB0377A760B8E7F7
:102BB000000000000000000018260508321B050870
:102BC000ABAAAAAA2DE9F04F0B6891B005460E46B4
:102BD0001446292B00F25D85DFE813F03800BB00B6
:102BE000FA003D019901A801B8012F023C025202EE
:102BF000550258025B025E02610264027C02DD0241
:102C000046037D038403A003CA03F20303041A04EA
:102C10005B006800670212045300DC032A004C00CA
:102C2000D5022C045D048604A10401050B050F05E3
:102C300000F22D1221463046D8F7EAFA95F82D31E8
:102C40000BB985F82E3111B0BDE8F08F0B6A022B5D
:102C500001D0202B05D131692846FCF7FAF8012074
:102C6000F1E7012B01D0102BF9D12846FBF705FC29
:102C7000049009E000F5977221463046D8F7C8FA6B
:102C8000EDE7D0F87032049304A92046FFF70CFE5C
:102C9000E5E7012380F89132D0F87032092B18BF94
:102CA000C0F874320923C5F87832D8E790F8963224
:102CB000002793B990F888A2D4E901539D420ED021
:102CC00005F10803C5E90037C5E906A72F720023FF
:102CD0000022C5E90823022355E1BA46ECE7AD4AD4
:102CE00001212046D8F774FAD4F800808146FBF71A
:102CF00007FCA5EB080B00EB0B0303F1080240F8FF
:102D00000B200646002100200222C3E9080183F8B7
:102D10002820C3E906A75F601F7232462946404655
:102D2000FFF785FC294600F130022846FFF77FFCBB
:102D3000A168994BA1EB080109110546594340468A
:102D4000FBF7D7FB3023C4E9006503FB0966A660E7
:102D500085E70B6A012B08D190F808318DF8103007
:102D600004A92046FFF7E8FC79E7022B06D1B0F86A
:102D70000C21097C2846FCF73EFF70E7874904A830
:102D8000FBF7A4FD95F80431D90703D5844904A8BD
:102D9000FFF757FB95F804319A0703D5814904A83A
:102DA000FFF74FFB95F804311B0703D57E4904A8B4
:102DB000FFF747FB95F804315F0703D57B4904A86B
:102DC000FFF73FFB04A92046FFF728FE04A89CE17B
:102DD0000B6A012B02D190F80931BFE7022B03D116
:102DE000097CFEF755FC3AE76C4904A8FBF76EFD39
:102DF00095F80431DE0603D5694904A8FFF721FBE5
:102E000095F80431980603D5694904A8FFF719FB22
:102E100095F80431590603D5664904A8FFF711FB5C
:102E200095F90431002B03DA634904A8FFF709FB85
:102E300095F80531DA0703D5604904A8FFF701FBCF
:102E400095F805319B07BDD52846FBF755FD0028B1
:102E5000B8D05B49B3E7096A012946D190F8CC2084
:102E6000002306A8CDE90A23CDE904038DF8183024
:102E700000220023CDE90C2302238DF83830D4E959
:102E800001639E4207D004A93046FFF7BDFB63688B
:102E9000303363609AE73F4A2046D8F799F92768AC
:102EA0008046FBF72DFBA6EB0709054604A948441D
:102EB000FFF7AAFB2A4631463846FFF7B8FB3146F2
:102EC00000F130023046FFF7B2FBA168324BC91B5C
:102ED0000911064659433846FBF70BFB3023C4E97A
:102EE000005603FB0855A56070E702290AD190F847
:102EF0009032002B3FF4B3AE317C01F01F01FEF79E
:102F0000CFFEACE62F492246FFF7C6FDA7E60C6AC6
:102F1000012C40F0C183002390F8091180F885321C
:102F2000FEF7B6FB85F8AC4203208CE60B6A012B5A
:102F300005D100F586712046FFF78CFB8FE6022B4A
:102F40007FF48DAE0A8A90F8081113E70E6A012EFD
:102F50007FF485AE014604A8FBF764FDD4E9015374
:102F6000DDE9049A9D424FEAE97B4FEAEA732BD0F0
:102F700005F10802C5E9089B2A600022C5E906A3FD
:102F80006A602A72062385F82830636830336360EC
:102F900065E600BF321B0508ABAAAAAAE92105080D
:102FA0005842050860420508664205087542050852
:102FB00080420508874205089142050898420508A5
:102FC000A042050814020010CB4A03933146204664
:102FD000D8F7FEF82768E91B02918046FBF790FAC4
:102FE0000299039B4218064602F108007050002126
:102FF000C2E90739062351601172C2F818A0C2F85D
:1030000024B082F82830324629463846FFF70FFBB5
:10301000294600F130022846FFF709FBA168B74BAB
:10302000C91B0911054659433846FBF762FA30239C
:10303000C4E9006503FB086689E60B6A012B02D12F
:1030400000F5AB7177E7022B7FF409AE098AFBF735
:1030500015FF04E600F5A37221463046FFF756FB44
:10306000336A022B7FF4FBADD5E9530105F5A0735C
:103070000090ADF804100ECB2846FCF705FDEEE5F8
:1030800000F5A272E8E700F5A172E5E700F5A0728D
:10309000E2E700F5A572DFE700F5A472DCE700F5D2
:1030A000A772D9E700F5A672D6E700F5C2722146ED
:1030B0003046D8F7ADF8336A022B7FF4D0ADD5E9AE
:1030C00060018DE8030005F5BA730ECB2846FBF7C7
:1030D0008BFDC4E5014604A8FFF7B8F9D4E9015314
:1030E0009D4215D005A92846049EDAF729FF002342
:1030F000EB6100220023C5E90823042385F828306A
:103100006368AE613033636005A8D9F773F9A6E54B
:10311000794A01212046D8F75BF8D4F8008081462F
:10312000FBF7EEF9A5EB08070744064605A9384664
:10313000DDF810A0DAF704FF0023FB610022002372
:10314000C7E90823042387F8283032462946C7F800
:1031500018A04046FFF76BFA294600F130022846D6
:10316000FFF765FAA168654BA1EB08010911054657
:1031700059434046FBF7BDF93023C4E9006503FB22
:103180000966A660C0E7FBF7A7FC049004A92046E7
:10319000FFF7E6FB63E5096A012954D190F86D3128
:1031A00090F86C91666849EA4309A3689E424FF023
:1031B000000A10D0C6E9069A06F108033360C6F883
:1031C00004A086F808A000230022C6E908230223F1
:1031D00086F82830D9E6484A2046D7F7F9FF27680D
:1031E0008046FBF78DF9A6EB070B00EB0B0303F111
:1031F000080240F80B200546002100200022C3E908
:10320000069AC3E908015A601A72022283F828203C
:103210002A4631463846FFF70AFA314600F13002B5
:103220003046FFF704FAA168344BC91B0911064662
:1032300059433846FBF75DF93023C4E9005603FBD8
:103240000855A5600BE502297FF409AD336903F049
:103250000102C3F3400380F86C2180F86D31D0E99E
:103260005B12FBF72FFEFAE40B6A012B04D1FBF78C
:1032700093FB8DF8100073E5022B03D1097CFBF75B
:1032800087FDECE4D4E901639E420BD01C4904A8FD
:10329000FBF71CFB04A93046DCF782FD04A8D9F734
:1032A000A9F872E60121144A2046D7F791FF276852
:1032B0008046FBF725F9A6EB07091149054681442D
:1032C00004A8FBF703FB04A94846DCF769FD04A842
:1032D000D9F790F89CE700F59B7221463046FFF73E
:1032E00015FABCE40B6A012B0CD100F5A87120463D
:1032F000FFF77EFAB3E400BF321B0508ABAAAAAA07
:10330000AB420508022B7FF4AAACD1E90432134387
:1033100014BF01210021FCF7AAFBA0E40F6A012FD2
:103320007FF49DACD0F8E800C9F7D8FABA4BCDE9E4
:1033300000013A22B94904A8E1F7D1FBD4E90163BD
:103340009E4204D004A93046DCF72AFD9FE53946A9
:10335000B34A2046D7F73CFF27688046FBF7D0F8F2
:10336000A6EB0709054604A94844DCF719FDA1E5C9
:103370000B6A012B02D100F27B11B8E7022B7FF41C
:103380006EACD1E90432134314BF0123002380F84B
:103390007B3194E60B6A012B02D100F5BD71A6E7E3
:1033A000022B7FF45CACD1E90432134314BF012338
:1033B000002380F87A3180F8783180F879317EE620
:1033C0000B6A012B7FF44BACFBF7AEFB10EE100A3F
:1033D000C9F784FA934B0022C9F7D8FAC9F786FDDA
:1033E000D3E60B6A102B03D1097CFBF7ADFA3FE45F
:1033F000202B40F051810A69097AFBF740FB2EE44B
:10340000D0F87032082B18BFC0F8743208234AE491
:103410000B6A022B08D1D1E90432134314BF0121F6
:103420000021FCF7D3FB1AE4012B7FF418AC00F564
:1034300088715CE7FBF7D6F9D4E901539D428146D8
:103440004FEAE07A08D005F108032B600023C5E9B4
:10345000060A6B602B723AE4714A01212046D7F7C5
:10346000B7FE27688046FBF74BF8A5EB070B00EB90
:103470000B0303F1080240F80B20C3E9069A00226F
:1034800006465A601A72002000210222C3E9080190
:1034900083F82820B7E50B6A012B02D190F8B032EF
:1034A0005CE4022B0BD10B7C032B08D880F8B032E4
:1034B00005F52C712846FBF7FFFDFFF7D0BBD4E9DB
:1034C00001639E4201D05849E1E60121544A204659
:1034D000D7F77EFE27688046FBF712F8A6EB0709B0
:1034E000514905468144EBE60B6A022B11D1D1E923
:1034F0000432012B72F10001BCBF01230022B3F59D
:10350000005F72F10002A8BF41F6FF73A0F8B2326B
:10351000CEE7012B7FF4A3AB00F2B2210BE5096AE1
:1035200002290DD1D6E90432002ABCBF00231A4675
:10353000802B72F10002A8BF7F2380F8B432B7E776
:1035400001297FF48CABD4E901639E420AD090F844
:10355000B422002306F10801C6E90013C6E90623D8
:10356000337230E62E4A2046D7F732FED4F8008078
:103570008146FAF7C5FFA6EB080A00EB0A030746E7
:1035800095F8B41203F10800002247F80A00C3E9D5
:1035900006125A601A72002000210222C3E90801B3
:1035A00083F8282031463A464046FFF740F8314636
:1035B00000F130023046FFF73AF8A1681B4BA1EB4F
:1035C00008010911054659434046FAF792FF302396
:1035D000C4E9007503FB0977A760FFF740BBD0F88B
:1035E00070320B2B18BFC0F874320B23C0F878323E
:1035F0009AE400F22F12FFF73FBB0F6A022F17D198
:10360000D1E90401C9F7DAFD00EE100A2846FBF7FC
:10361000F3FDFFF724BB00BFE42505089D7B0408EC
:10362000321B050800005940D8420508ABAAAAAAD7
:10363000012F7FF414ABFBF769F910EE100A0DF0BF
:103640005BF96568A3689D428246894609D005F109
:1036500008032B600023C5E906016B602B72FFF79E
:1036600036BB0F4A39462046D7F7B2FD2768804659
:10367000FAF746FFA5EB070B00EB0B0303F108027B
:1036800040F80B200022C3E906A906465A601A72C8
:10369000F9E60020FFF7D7BA0220FFF7D4BA00BF3F
:1036A000321B0508A0F12400FFF78CBA034A034639
:1036B00092E8030083E80300184670471C020010DC
:1036C000A1F10801FFF7F2BF18B1302359430CF004
:1036D00097BC704708B5034678B1084A904206D9AE
:1036E000074A904201D90DF016F80DF011F830207C
:1036F0005843BDE808400CF001BD08BDAAAAAA02C3
:10370000555555050A4B10B50360044638338360A0
:10371000002208488021CDF781FAD4F8C40010B106
:1037200003685B6898472046F2F762FE204610BDAA
:10373000A895050800100240A0F10800FFF7E2BFBD
:1037400010B50446FFF7DEFF2046C8210CF058FCF8
:10375000204610BDA0F10800FFF7F2BF002808B511
:1037600006D001DA0CF0D4FFBDE808400CF0C6BC6E
:1037700008BD2DE9F04104460F4602F108054FF05F
:103780000008BC42A5F1080001D1BDE8F081264641
:1037900045F8085C56F8083BB3421ED162683146D2
:1037A00001322846C8F79CFE636845F8043CD4E91A
:1037B0000623C4E9006884F80880C5E90423D4E935
:1037C0000823C5E9062394F8283085F820302046E0
:1037D000D8F710FE30343035D3E745F8083CA368FD
:1037E0002B60E1E710B500231846DCB2A24201D8F5
:1037F000C0B210BD0C68E45C204480B20133F4E731
:1038000073B5302300F10804032500932046194BBB
:1038100019490522DEF79AFC2046184B18490095F5
:103820000022DEF793FC22262046164B164900950F
:103830000122DEF78BFC2046144B1549009602222C
:10384000DEF784FC2A462046124B13490095DEF72A
:103850007DFC2046114B124900950422DEF776FCD0
:10386000104B1149009606222046DEF76FFC02B08D
:1038700070BD00BFB03E0508893605086D430508D8
:103880005E460508914305086F380508AF430508F3
:10389000EA430508F84305082044050829440508BB
:1038A000C13205083C4405086A44050808B50A46C3
:1038B00001460020D4F786FABDE808400020D4F77E
:1038C0003DBA000070B59EB00446F2F71DFD4A4BAC
:1038D00023603833A360494B04F1980203F11006CA
:1038E00018685968154603C50833B3422A46F7D10C
:1038F0001B882B80424D0FCD04F1AC060FC695E816
:10390000030086E803000026682205F10801C4F8D8
:10391000C46004A8C8F7E4FD2046FFF771FF4FF428
:103920004A700CF0EBFB314605463648E5F710FED1
:103930000123009390E80C0032492846FEF7D4FAA0
:10394000314BD4F8C4002B6003F174022A6103F1F7
:103950008C02AA6103F1C0026A6203F58C726A6488
:1039600003F5A672C5F8842003F5B072C5F8882067
:1039700003F5BC7203F5C673C5F8C020C5F8C430A2
:10398000C4F8C45004F1AC0510B103685B689847F3
:10399000D4F8C460682204A906F1C800C8F7A0FDE5
:1039A00001213046FAF794FED4F8C40003685B6D39
:1039B000984704F1B80393E807008DE8070095E8FD
:1039C0000E00D4F8C400FBF7ABFAD4F8C400002111
:1039D000FDF75EFED4F8C4008830E9F7BBFFD4F8E9
:1039E000C4300122D3F8E801B3F8EC11CDF716F991
:1039F00020461EB070BD00BFA89505084C0E0508F6
:103A0000600E0508CC2C01209C4D050810B504461D
:103A1000006818B1A168091A0CF0F2FA204610BD2E
:103A20002DE9F047D0E901439C420546894615D06F
:103A30000B6804F10802D917226000222272C4E93F
:103A40000631626000230022C4E90823022384F8BF
:103A50002830436830334360BDE8F0871D4A0121B8
:103A6000D7F7B6FB2F688046FFF734FEA4EB070AB2
:103A700000EB0A030646D9F8002003F1080146F8D6
:103A80000A10D0170021C3E90620596019720020DE
:103A900000210222C3E9080183F82820214632468A
:103AA0003846FFF766FE214600F130022046FFF758
:103AB00060FEA968084BC91B0911044659433846E2
:103AC000FFF702FE3023C5E9006403FB0866AE6021
:103AD000C2E700BF321B0508ABAAAAAA10B504466C
:103AE0001046D4E900236FF000449B1AE21A8A4280
:103AF00001D20CF016FE994238BF19465B1804D269
:103B0000A34228BF2346184610BD2046FCE700000C
:103B10002DE9F843D0E901439C420546894606D089
:103B20000B782370436801334360BDE8F883104A83
:103B30000121FFF7D3FF2F688046FFF70FFEE41B3C
:103B400099F800300355002C064603DD224639461D
:103B500004F04EFB0134344427B1A9683846C91B30
:103B60000CF04EFAC5E900644644AE60DDE700BFE4
:103B7000321B050813B5044901AA0446DAF788F98F
:103B8000204602B010BD00BF7B440508A1F108012A
:103B9000F0E700BF70B588B0044601AA02A8DAF7C2
:103BA00077F9DDE9026504F108030F2D23600CD9D4
:103BB000002D02DA10480CF0B4FD681C01D50CF0A1
:103BC000A7FD0CF09BFAA560206020682A463146CC
:103BD000DAF752F92368656000225A550022002363
:103BE000C4E90623C4E90823032384F8283002A883
:103BF000D8F700FC08B070BD4C1B05082DE9F04F4C
:103C00000B6885B006460D461446062B00F2578118
:103C1000DFE813F007007A009100B600C7003C010E
:103C2000AA000F6A012F56D1D0F8C400FAF7EEFEB1
:103C3000D4E901539D4281464FEAE07A12D005F162
:103C40000803C5E9060A2B6000236B602B72002372
:103C50000022C5E90823022385F828306368303341
:103C600063604DE0984A39462046D7F7B1FA276895
:103C70008046FFF72FFDA5EB070B00EB0B0303F1CD
:103C8000080240F80B20C3E9069A002206465A6053
:103C90001A72002000210222C3E9080183F82820BB
:103CA000294632463846FFF764FD294600F13002C6
:103CB0002846FFF75EFDA168844BC91B0911054624
:103CC00059433846FFF700FD3023C4E9006503FB84
:103CD0000866A66014E0022F40F0F380D0F8C4001C
:103CE000FAF77DFD032804D0D6F8C40003689B6969
:103CF0009847D6F8C400B5F9101003681B699847B7
:103D0000012005B0BDE8F08F0B6A012B0AD1D0F875
:103D1000C40003689B6B9847039003A92046FFF7F4
:103D20007FFEEDE7022B40F0CC800969D0F8C4009B
:103D3000FBF73BFBE4E70B6A022B06D12969D6F8B7
:103D4000C4006422FBF72DF8DAE7202B40F0B9809D
:103D50000A230122CDE900320B6900222989D6F815
:103D6000C400FBF7FBFBCBE70B6A022BE6D0202B52
:103D700040F0A7800A230022CDE900320B69EDE76D
:103D80000B6A012B04D1D0F8C400FAF7FCFDC3E79D
:103D9000022B40F096800969D0F8C400FBF71BFBAA
:103DA000AEE70F6A012F29D1D0F8C400FAF703FE5D
:103DB000D4E901539D42814608D005F108032B60E8
:103DC0000023C5E906936B602B7240E73E4A3946F3
:103DD0002046D7F7FDF927688046FFF77BFCA5EB67
:103DE000070A00EB0A0303F1080240F80A20002248
:103DF000C3E9069206465A601A724AE7022F11D1A9
:103E0000D1E904130A2973F100030BDAD0F8C400D6
:103E10000022C9B2FBF7BDFAD6F8C40003689B695B
:103E200098476DE7D4E901639E4204D028493046A3
:103E3000FFF7B0FE12E7244A01212046D7F7C8F960
:103E400027688046FFF746FCA6EB07090546204990
:103E50004844FFF79FFE2A4631463846FFF789FC63
:103E6000314600F130023046FFF783FCA168174B62
:103E7000C91B0911064659433846FFF725FC302374
:103E8000C4E9005603FB0855A56039E70B6A102BFF
:103E90000CD1097CD0F8C400FAF756FDD4E90153DF
:103EA0009D42814689D1084A012191E7202B08D102
:103EB0000A69D0F8C400097AFAF7E1FD20E700208A
:103EC0001FE702201DE700BF321B0508ABAAAAAA04
:103ED0000B450508A0F10800FFF790BE0346C91A7C
:103EE00030B51046013B5518AC1A002C03DC0029F4
:103EF000A8BF401830BD13F8014F02F8014BF3E79B
:103F000010B50C1A012C134607DD0146224618464F
:103F100004F06EF90346181910BD04BF02781A7038
:103F2000F9E710B50C1A012C134607DD01462246AD
:103F3000184604F05DF90346181910BD04BF027855
:103F40001A70F9E72DE9F34102AB03E906001646C2
:103F500083688F1802689B1A9E42044688461AD9C5
:103F6000002E02DA18480CF0DCFB3046FFF7F6FBB7
:103F70003946024605464046FFF7D3FF206818B190
:103F8000A168091A0CF03CF825603544C4E90155D4
:103F900002B0BDE8F0814568AD1AAE4208D8394696
:103FA0004046FFF7BEFF63689842F1D06060EFE7DC
:103FB0000D4429464046FFF7B4FF6268394628465B
:103FC000FFF7AFFFF2E700BF661A0508F7B502ABCF
:103FD00003E9060000239A42C0E9003304460E4676
:103FE0001546836001EB020702DA08480CF099FBE2
:103FF0001046FFF7B3FB054402462060A560394632
:104000003046FFF78EFF606003B0F0BD661A05080A
:1040100010B50C1A012C134607DD0146224618463E
:1040200004F0E6F80346181910BD04BF02781A70B0
:10403000F9E700009A422DE9F84F04460D4617466D
:10404000994621D0A3EB0208D0E901639B1B984558
:1040500037D8A6EB010AD0451DD2A6EB080A324696
:1040600031465046FFF7D4FF6368AAEB050243448C
:10407000012A63600ADD2946B01A04F0B9F82A461D
:1040800049463846FFF73CFFBDE8F88F04BF2B7860
:1040900006F8013CF3E702EB0A0B49463246584664
:1040A000FFF72EFF6268A8EB0A08424462603146BF
:1040B0002846FFF7ADFF6368534463602A465946BC
:1040C000DFE74146134AD0F800A0FFF707FD83461B
:1040D000FFF744FB2946024680465046FFF798FF0B
:1040E000494602463846FFF70BFF3146024628464E
:1040F000FFF78EFF0546BAF1000F05D0A1685046C4
:10410000A1EB0A010BF07CFF08EB0B00C4E9008572
:10411000A060B9E7602305082DE9F041D2F80080DE
:10412000002394B09845CDE90E3304460E46174659
:1041300010932ED002DA9D480CF0F3FA4046FFF7B8
:104140000DFB06EB0801054602463046FFF7C6FEAA
:104150000E954544CDE90F55D7F80080B8F1090F09
:1041600040F01D813378012B40F019810EA90822FF
:104170002046FFF737FB0F990E9F11F8011C7B7843
:10418000BD7881420DD00EA8FFF740FC14B0BDE809
:10419000F08142460846FFF7A1FE0028DCD00F90D0
:1041A000DAE78F2B70D019D80F2B00F0A180882B65
:1041B00000F0BD800A2BE6D17D4E0023CDE90B63D4
:1041C0000BAE314611A8CDE90962FFF7FFFE052DC0
:1041D00040F08980119B0222DA7171E0922B2CD081
:1041E000942BD0D1734BD4F8C4000B932946FAF723
:1041F000ABFB00BA002109900CAB0BAA11A8CDE9CA
:1042000011111391FFF716FF12990AAB09AA11A811
:10421000FFF710FF11A908222046FFF7E3FA07A9CC
:104220008DF81C0011A8FFF773FC11980921FFF706
:104230003DFB11A8FFF7EAFBA5E77268D4F8C400BC
:10424000294612BAFAF71BFC5B4B0B93FB788DF8EF
:1042500030303B798DF831300BAD7B798DF83230D1
:104260000826BB798DF833303246294611A80395CC
:104270000496FFF7ABFE11A932462046FFF7B2FACB
:1042800029468DF82C00CDE710460BF037FF0022B1
:1042900000F10803032D1190139302604260129302
:1042A0000BAE16D1DFF818C105964FF00073CDE9BB
:1042B0000BC3082306931A46314611A8FFF742FEA6
:1042C000082211A92046FFF78DFA8DF82C003146FF
:1042D000A8E7042DF4D1394B394F0796CDE90B737C
:1042E00008230893E7E7022DEAD1119B012273E727
:1042F0003448002309AECDE90903314611A8CDE9C0
:104300000B62FFF763FE052D09D1EAF7A7F96423D5
:1043100090FBF3F0119BD871C0F30720987108222D
:1043200011A92046FFF75EFA8DF82400CFE7264E4C
:10433000716830680BAB03C3317A197025B94146F7
:104340000BA8FFF7B3FA1EE7012D7FF41CAF1F493E
:104350000292002309AECDE9091311A83146019656
:10436000FFF734FE9DF82E30119A303B13719DF803
:104370002F109DF8303030390A20303B00FB0133DC
:1043800053719DF83230303B93719DF833109DF896
:1043900034303039303B00FB0133D371BFE73A464C
:1043A00031462046F1F775FFEDE600BF661A0508B5
:1043B0000201400A020164940201649202060202B0
:1043C0000201288F0201400F704505080201648830
:1043D000034A034692E8030083E803001846704747
:1043E0002C020010A1F12801FFF7F2BFA1F1180182
:1043F000FFF7EEBF034A034692E8030083E8030099
:104400001846704724020010A1F12801FFF7F2BFFF
:10441000A1F11801FFF7EEBF012380F88D3070473E
:1044200090F898007047D0F88800031F5842584110
:10443000704710B503682DED028B04461B6C98473E
:10444000236808EE100ADB6B20469847B8EE488ACE
:1044500028EE008AFDEEC87ABDEC028B17EE900ABA
:1044600010BDA0F11800FFF7E4BF4FF6FF707047D2
:1044700090F898200AB9E4F7F3BB183070470000B1
:1044800010B52DED028B82B004460023B0F88000F9
:10449000ADF8063001220DF10601E9F749FB18B12C
:1044A000BDF80630A4F8C430B4F8820001220DF142
:1044B0000601E9F73DFB28B1BDF80630C3F3C003A0
:1044C00084F89830B4F8840001220DF10601E9F770
:1044D0002FFBE8B1BDF90600C8F7EEF91AA3D3E93E
:1044E0000023C8F77DFBC8F749FD08EE100AFDEE72
:1044F000C87AF8EEE77A38EE678AF6EE007AB0EE20
:10450000C87AB4EEE77AF1EE10FA05DC84ED2A8A77
:1045100002B0BDEC028B10BD18EE100AC8F7DEF930
:10452000B5EEC08AF1EE10FACCBF054B054B002268
:10453000C8F776F8C8F722FDC4F8A800E8E700BF7E
:104540000000F0BF0000F03F000000000088C34002
:10455000A0F11000FFF794BF90F8983010B533B970
:10456000E4F77EFB0368BDE810401B691847032091
:1045700010BDA0F11800FFF7EFBF18B13023594369
:104580000BF03EBD7047000008B5034678B1084AFD
:10459000904206D9074A904201D90CF0BCF80CF0C1
:1045A000B7F830205843BDE808400BF0A7BD08BD60
:1045B000AAAAAA02555555054FF6FF70704700008C
:1045C000024B187880F00100704700BF462E012092
:1045D000024B187880F00100704700BF452E012083
:1045E000034639B90C4A10689288C3F88000A3F8D2
:1045F00084207047012906D1074AD2F80600C3F883
:1046000080005289F3E70229F3D1034AD068C3F846
:104610008000128AEBE700BFE00E050810B52DED13
:10462000028B90ED2A8AFDEEC87A0446F8EEE77A0E
:1046300038EE678AF6EE007AB0EEC87AB4EEE77A22
:10464000F1EE10FA11DD18EE100AC8F747F9B5EED1
:10465000C08AF1EE10FACCBF0C4B0D4B0022C7F70D
:10466000DFFFC8F78BFC08EE100ADFED0A7AB4F81A
:10467000840028EE278ABDEEC88A18EE103ABDECF9
:10468000028B99B2BDE81040E9F724BA0000F0BFF0
:104690000000F03F00401C4610B50446B0F8C410BE
:1046A000B0F88000E9F716FA94F89810B4F8820090
:1046B000C900E9F70FFA2046BDE81040FFF7AEBF8A
:1046C000A0F11000FFF7E8BF10B503682DED028BD5
:1046D0001B6C90ED278A044608EE901A984707EE67
:1046E000900AF8EEE88AF8EE677A204688EEA77A14
:1046F00078EE477ABDEC028BC4ED2A7ABDE8104013
:10470000FFF78CBFA0F11800FFF7DEBF73B500F113
:10471000280403262046DDF781FD20462A4B2B493D
:1047200000960022DDF712FD2046294B294900960C
:1047300001220125DDF70AFD2046274B2749009677
:104740000222DDF703FD32462046254B2549009520
:10475000DDF7FCFC2046244B244900950422DDF7BC
:10476000F5FC2046224B234900950522DDF7EEFC9F
:104770002046214B214900950622DDF7E7FC204623
:104780001F4B204900950722DDF7E0FC20461E4B19
:104790001E4900950822DDF7D9FC20461C4B1D4917
:1047A00000950922DDF7D2FC20461B4B1B490096E1
:1047B0000A22DDF7CBFC1A4B1A4900960B22204641
:1047C000DDF7C4FC02B070BD8B450508A6450508A1
:1047D000B0450508BF450508C9450508A9370508BE
:1047E000DD450508EE450508F945050804460508B8
:1047F0000E46050809420508274605083B460508F8
:10480000434605086F380508514605085E46050809
:10481000654605087D4605088A4605089E46050842
:10482000A946050863380508D0ED297A9FED237A5B
:10483000D0B570EE677A2DED028BF0EEE76AF4EEFC
:10484000C76AF1EE10FA0446B0EE408A13DDF5EEC9
:10485000C07AF1EE10FACCBF194F1A4FD0F8A00071
:104860000026C8F73BF832463B46C7F7D9FEC8F7E3
:1048700085FBC4F8A00018EE100AC8F72FF8124BF9
:104880000022C8F7ADF90646D4F8A0000F46C8F7D5
:1048900025F80B46024639463046C7F7C1FEC8F731
:1048A0006DFB84ED298ABDEC028BD4F8AC30C4F8E2
:1048B0009C000133C4F8AC30D0BD00BF00003443CD
:1048C0000000F0BF0000F03F008076402DE9F0418D
:1048D000104D944606461F4688460FCD86B001AC63
:1048E0000FC42B68236061463A4601A8C7F7F8FD5C
:1048F0000123ADF8143096F8C530D6F8BC00049703
:1049000043EA08230393036801A99B69984706B00B
:10491000BDE8F081F40E050807B590F8C4308DF8B5
:10492000043000238DF805308DF8063001AA0323EA
:104930000821FFF7CBFF03B05DF804FB00231A4604
:104940003821FFF7C3BFD0F88830042B10B50446D8
:1049500001D1FFF7F3FF94ED270AD4ED2A7A30EE68
:10496000670A10BDA0F11800FFF7EDBF186810B579
:10497000441C1C6014160C541868441C1C6014144D
:104980000C541868441C1C6014120C541868441C05
:104990001C600A5410BD20EE200A1346FDEEC07ABA
:1049A00017EE902AFFF7E2BF10B52DED028B0368DA
:1049B00082B01B6A0446B0EE408A984798B194F8DA
:1049C0008D3083B10023694601AA2046DFED080A35
:1049D0000193B0EE480AFFF7DEFF0A4604230A21DE
:1049E0002046FFF773FF02B0BDEC028B10BD00BF85
:1049F0000050C34707EE901A9FED047AF8EEE77A6D
:104A000087EE870A80ED240AFFF7CEBF00FEFF463F
:104A100010B59FED040A0446FFF7C6FF002384F893
:104A20008D3010BD000000001C4B03F1640210B576
:104A3000026103F17C02826103F1B002044603606B
:104A4000426203F1D40203F5967382628364FFF736
:104A5000DFFFD4F8BC0003689B6C98470023C4F8C0
:104A6000883004F14800E8F7A9FF04F12800DDF7D9
:104A70008BF804F12400DBF735FD04F11800E1F7B1
:104A800023F804F11000E4F7D7FBE068044B23603F
:104A900008B1D7F771FD204610BD00BFAC960508E0
:104AA000905F05080C4B03F1640210B5026103F13D
:104AB0007C02826103F1B0020360426203F1D4021E
:104AC00003F596738364054B8262044600221A70D4
:104AD000FFF7AAFF204610BD34990508452E012096
:104AE000A0F12800DEE7A0F12400DBE7A0F1180028
:104AF000D8E7A0F11000D5E7A0F14800D2E700BF49
:104B000010B50446FFF7CEFF20464FF484710BF03A
:104B100077FA204610BDA0F14800F1E7A0F1280087
:104B2000EEE7A0F12400EBE7A0F11800E8E7A0F120
:104B30001000E5E70C4B03F1640210B5026103F1CC
:104B40007C02826103F1B0020360426203F1D4028D
:104B500003F596738364054B8262044600221A7043
:104B6000FFF762FF204610BDF0970508462E012092
:104B7000A0F12800DEE7A0F12400DBE7A0F1180097
:104B8000D8E7A0F11000D5E7A0F14800D2E700BFB8
:104B900010B50446FFF7CEFF20464FF484710BF0AA
:104BA0002FFA204610BDA0F14800F1E7A0F128003F
:104BB000EEE7A0F12400EBE7A0F11800E8E7A0F190
:104BC0001000E5E7186810B5441C1C60140E0C5466
:104BD0001868441C1C60140C0C541868441C1C609D
:104BE000140A0C541868441C1C600A5410BD1FB5EC
:104BF00090F8C4308DF8083000238DF80930322346
:104C00008DF80A30032302A901934FF4014201AB4E
:104C10000446FFF7D7FF08230A4620461946FFF748
:104C200055FE04B010BD00002DE9F0472F4F04469B
:104C3000002600254FF4FA70D1F77AFAD4F88830BC
:104C40001BB92046FFF768FEF4E7D4F88830022B42
:104C500002D92046FFF7CBFFCAF772FBD4F8B83071
:104C6000D4F88820042A03D0D4F88820052A05D156
:104C7000C01AB0F57A7F88BFC4F8885094ED240A32
:104C8000B5EE400AF1EE10FA09D094F88D3033B148
:104C9000D4F88830042B02D12046FFF785FECAF7EE
:104CA0004FFBD4F8B030A0EB030ABAF57A7FC1D934
:104CB000D4F8AC00C7F7F0FD804650468946C7F7E8
:104CC000EBFD32463B46C7F78BFF02460B4640469C
:104CD0004946C7F785FFC8F751F9C4F8B400C4F8CE
:104CE000AC50CAF72DFBC4F8B000A3E700408F40DA
:104CF000A0F14800FFF798BF10B51468085D214483
:104D00000434CB7843EA0063487843EA0043887868
:104D1000146043EA002010BD10B51468085D2144FA
:104D20000434CB7843EA0063487843EA0043887848
:104D3000146043EA002010BD10B51368CC5C194420
:104D400002334878136040EA042000B210BD08B571
:104D5000FFF7E2FF07EE900AF8EEE77A87EE800AA7
:104D600008BD08B5FFF7E8FF07EE900AF8EEE77A0E
:104D700087EE800A08BD00002DE9F04304468BB0A1
:104D80002AB10D4615F8017B27B1322F33D00BB075
:104D9000BDE8F083B1F8019091F801808E7801AA06
:104DA000033104A8D9F774F8CDE90177059A039780
:104DB0002A4401AB03CBD37BC2F80300C2F807102F
:104DC000C2F80B704BB999FA99F91FFA89F940F2B8
:104DD0000253994508D8012307E0360246EA0846FF
:104DE0001E431D4B9E42F6DD0323C4F8883004A801
:104DF000D7F700FBCBE70023294604AA0493FFF76B
:104E00007BFFC105064607D5B2EE040A29462046B7
:104E1000FFF7A7FF84ED250A32040BD5049B5A1C2B
:104E2000EB5C84F88C3094F88C3004928BB10523C1
:104E3000C4F88830F303AAD5204604AA29469FED7A
:104E4000070AFFF784FF20460BB0BDE8F043FFF7E9
:104E5000EBBC0423ECE700BF3203050000247449D7
:104E6000F7B504461546CAF76BFAC4F8B800EB6804
:104E700094F8C410D8B20F1A7942C3F307237941CA
:104E8000382B22D194F8C520A2F1FF06724272415C
:104E9000382B41EA02011AD194F8C520FF2A16D016
:104EA000101A4242424101B9AAB1122B11D8042B67
:104EB00011D9053B0D2B0ED8DFE803F00F1B264060
:104EC0000D0D0D0D0D0D0D0D0D450022E0E700221D
:104ED000E9E7382B3BD003B0F0BD2A692B7804F109
:104EE000C600013A691C184403B0BDE8F040C7F79A
:104EF000F7BA2B885BBA9BB23F2BECD82A6904F136
:104F0000C600023AA91CEEE76E8876BAB6B2402E09
:104F1000E1D804F1C607AD881B4800233246394664
:104F2000DBF770FA6DBAADB2A842D4D1F2B239460D
:104F3000204603B0BDE8F040FFF71EBF2A69023AE1
:104F4000D2B2A91CF4E70223C4F88830C3E70023D7
:104F500001AA294620460193FFF7DEFEC7F7ACFC05
:104F600007A3D3E90023C7F73BFEC8F707F800EE15
:104F7000100A204603B0BDE8F040FFF755BC00BF63
:104F800000000000006AF840700D0010A0F124003D
:104F9000FFF766BF13B5044901AA0446D8F778FFA6
:104FA000204602B010BD00BFC3460508A1F128018C
:104FB000F0E700BF2DE9F043684B03604FF00008B5
:104FC00004468BB0C0F8088018200E460BF096F807
:104FD0000746634B4FF00109C0E9019947F80C3BC4
:104FE00005463846E0F7C6FDC4E9027504F1100035
:104FF000E4F78AF904F11800E0F7BCFD04F124009D
:10500000DBF7D8FA04AD33465649872204F128006D
:10501000DDF76CF804F14807534903AA2846D8F78E
:1050200037FF19234FF4007229463846E8F7E2FCAF
:105030002846D7F7DFF94D4B236003F16402226164
:1050400003F17C02A26103F1B002626203F1D402B7
:1050500003F59673A3644FF47873A4F8803040F29C
:10506000E133A4F8823040F2E233A4F88430002324
:10507000C4F88880C4F89C30C4F8AC80C4F8A03070
:10508000C4F8B080C4F8A430C4F8B430C4F8A83070
:10509000374B38491B68A2620A7884F88D80C4E9CE
:1050A0002F384FF6407384F89890C4F8B880A4F86D
:1050B000C430E2B9DFF8C0C041F2210E104610231F
:1050C0000FFA80F84000B8F1000F80B203F1FF330F
:1050D000B8BF80EA0E0013F0FF03F1D1013292B2A3
:1050E000B2F5807F2CF8020BE8D101230B7031461A
:1050F0002046FFF775FA2046FFF7C2F90023CDE9F5
:105100000433D4F8BC00069340F20113ADF81C3010
:105110000668079B009395E80E00756AA847C4F8D7
:10512000C000D4F8BC0003689B6B9847022805D8E0
:10513000D4F8BC00036803211B6B9847D4F8BC006B
:1051400003685B6C98472046FFF7E0FA3846E8F7BB
:1051500001FC20460BB0BDE8F08300BF905F05085E
:1051600078520508D6460508BA450508AC960508E4
:10517000F8650508472E0120700D001070B5044633
:105180000E461546B44201D1284670BD2146284638
:10519000FDF73AFA2046D7F72DF930343035F1E7EC
:1051A0002DE9F047D0E901439C420546894615D0D8
:1051B0000B6804F10802D917226000222272C4E9A8
:1051C0000631626000230022C4E90823022384F828
:1051D0002830436830334360BDE8F0871D4A012121
:1051E000D5F7F6FF2F688046FFF7CEF9A4EB070A44
:1051F00000EB0A030646D9F8002003F1080146F83F
:105200000A10D0170021C3E9062059601972002046
:1052100000210222C3E9080183F8282021463246F2
:105220003846FFF7ABFF214600F130022046FFF77A
:10523000A5FFA968084BC91B091104465943384604
:10524000FFF79BF93023C5E9006403FB0866AE60F5
:10525000C2E700BF321B0508ABAAAAAA2DE9F04796
:10526000D0E901439C420546894614D00A680023D0
:1052700004F10801C4E906232372C4E900130022E3
:105280000023C4E90823022384F82830436830331C
:105290004360BDE8F0871D4A0121D5F799FF2F68CB
:1052A0008046FFF771F9A4EB070A00EB0A030646F4
:1052B000D9F8001003F10800002246F80A00C3E9FB
:1052C00006125A601A72002000210222C3E9080166
:1052D00083F82820214632463846FFF74FFF214603
:1052E00000F130022046FFF749FFA968084BC91BAF
:1052F0000911044659433846FFF73FF93023C5E901
:10530000006403FB0866AE60C3E700BF321B0508FC
:10531000ABAAAAAA2DE9F04F0B6805468DB0084646
:1053200014460B2B00F22D82DFE813F00C00140062
:105330006D001700D300D601DE00E80043015601DE
:105340005A01B20105F1C4022146DFF77DFF0DB01D
:10535000BDE8F08F05F1C502F6E7096A012950D1D1
:10536000D4E901639E4211D095F88C2006F1080320
:1053700033600023C6E906237360337200230022E2
:10538000C6E90823022386F8283058E0CD4A204693
:10539000D5F71EFFD4F800808146FFF7F5F8A6EB9D
:1053A000080A00EB0A0303F1080295F88C1040F894
:1053B0000A200022C3E9061207465A601A7200202A
:1053C00000210222C3E9080183F8282031463A4629
:1053D0004046FFF7D3FE314600F130023046FFF77A
:1053E000CDFEA168B84BA1EB080109110546594350
:1053F0004046FFF7C2F83023C4E9007503FB097784
:10540000A7600120A3E70E6A012E55D1D5F8BC0094
:1054100003689B6B9847D4E901539D42814612D0A3
:1054200005F108032B600023C5E906036B602B72AE
:1054300000220023C5E90823022385F82830636889
:1054400030336360DDE731469E4A2046D5F7C0FE23
:1054500027688046FFF798F8A5EB070A00EB0A03D8
:1054600003F1080240F80A200022C3E9069206462A
:105470005A601A72002000210222C3E9080183F851
:105480002820294632463846FFF778FE294600F1A3
:1054900030022846FFF772FEA1688B4BC91B091129
:1054A000054659433846FFF768F83023C4E90065DC
:1054B00003FB0866A660A4E7022EA2D1D5F8BC3093
:1054C000097C1A680329126B38BF032118469047DC
:1054D00097E70B6A012B94D1D5F888300093694681
:1054E0002046FFF7BBFE8CE70B6A012B89D1D5ED77
:1054F0002D7AFCEEE77ACDED007AF0E7096A012912
:105500007FF47FAF95ED2A7AD5ED277A77EEC77ACB
:105510009FED6E7A67EE877A02AAFDEEE77A009237
:1055200017EE903A0022D817CDE9063001920023F9
:105530008DF808200022CDE9082302238DF82830B9
:10554000D4E901639E420AD069463046FDF75CF813
:105550006368303363606846D6F74CFF51E7594AB9
:105560002046D5F735FE27688046FFF70DF8A6EBF5
:105570000709054669464844FDF746F82A4631467C
:105580003846FFF7FBFD314600F130023046FFF7A9
:10559000F5FDA1684C4BC91B091106465943384615
:1055A000FEF7EBFF3023C4E9005603FB0855A56066
:1055B000D1E70B6A012B7FF424AFD5ED247A9FED60
:1055C000447A67EE877A6946FDEEE77A2046CDEDAC
:1055D000007AFFF7E5FD14E72846FFF7AFF910E77B
:1055E000096A012948D16668A36895F898A09E4287
:1055F0004FF0000707D006F10803C6E90037C6E9F7
:1056000006A73772BAE62F4A2046D5F7E1FDD4F84F
:1056100000808146FEF7B8FFA6EB080B00EB0B03FA
:1056200003F1080240F80B20054600210020022269
:10563000C3E9080183F82820C3E906A75F601F7249
:105640002A4631464046FFF799FD314600F13002C7
:105650003046FFF793FDA1681B4BA1EB0801091130
:10566000064659434046FEF788FF3023C4E90056FA
:1056700003FB0955A560C4E602297FF4C2AED0E958
:105680000432134314BF0123002385F89830B8E691
:105690000B6A012B02D1D5ED2A7A90E7022B7FF419
:1056A000B0AED1E90401C7F789FD9FED097A06EE96
:1056B000900AC6EE877A2846C5ED2A7AFEF7AEFF35
:1056C0009FE600BF321B0508ABAAAAAA286B6E4E44
:1056D00000401C4600007A440F6A012F7FF491AE0F
:1056E00095ED257A5FED057A666867EE277A17EE05
:1056F000900A0BF001F9A3689E428246894608D0C1
:1057000006F1080333600023C6E9060173603372B3
:1057100034E639461C4A2046D5F75AFD27688046AC
:10572000FEF732FFA6EB070B00EB0B0303F10802B9
:1057300040F80B20002205465A601A720020002112
:105740000222C3E9080183F82820C3E906A92A46F2
:1057500031463846FFF712FD314600F1300230463F
:10576000FFF70CFDA168094BC91B091106465943F7
:105770003846FEF702FF3023C4E9005603FB085504
:1057800078E70020E3E500BF321B0508ABAAAAAA10
:10579000A0F12800FFF7BEBD01207047012070472F
:1057A0000120704701207047012070470120704799
:1057B0001AB1012A04D000207047024B0360FAE7B7
:1057C0000160F8E7109D05081AB1012A04D00020F5
:1057D0007047024B0360FAE70160F8E7B89C0508E0
:1057E0001AB1012A04D000207047024B0360FAE787
:1057F0000160F8E7649C05081AB1012A04D0002072
:105800007047024B0360FAE70160F8E7109C050857
:105810001AB1012A04D000207047024B0360FAE756
:105820000160F8E7B49B05081AB1012A04D00020F2
:105830007047024B0360FAE70160F8E7609B0508D8
:105840001AB1012A04D000207047024B0360FAE726
:105850000160F8E7089B05081AB1012A04D000206E
:105860007047024B0360FAE70160F8E7B49A050855
:1058700010B54FF4A4700AF041FC0446ECF7FCF9B3
:10588000204610BD10B54FF492700AF037FC044664
:10589000EBF7A8F9204610BD10B54FF464700AF07C
:1058A0002DFC0446F1F7B8FD204610BD10B5C82008
:1058B0000AF024FC0446FEF705F8204610BD10B59A
:1058C0004FF4D4700AF01AFC0446EEF727FF204686
:1058D00010BD10B54FF4D0700AF010FC0446F0F77C
:1058E000F7FA204610BD10B54FF4D0700AF006FC50
:1058F0000446F0F733FC204610BD10B598200AF09E
:10590000FDFB0446F0F700FD204610BD2DE9F843ED
:10591000894602F1180400F118050026A5F11803C4
:105920009945A4F1180802D14046BDE8F88355F81E
:10593000183C44F8183CA4F1100735F8143C24F83E
:10594000143C44E9046644F8086C3846D7F70BFE6B
:1059500055F8083C44F8046C63B10222A5F110012B
:105960003846984755F8043C44F8043C55F8083C40
:1059700044F8083CC8E90666C8F820602046D7F716
:10598000F2FDAB68E6603BB102222946204698470B
:10599000EB68E360AB68A36028342835BEE70000FD
:1059A00070B5D2B002AC00250126814BADF8045091
:1059B00001A88DF806602360D6F731FE0388A38026
:1059C00004A8CDE904550695D7F7CDFD794B7A4962
:1059D000636108A8794B2361D7F7CAFD784B8DF82E
:1059E00006609A88ADF8042001A8A362D6F717FED6
:1059F0000388A3850EA8CDE90E551095D7F7B3FD02
:105A0000704B7149E36312A8704BA363D7F7B0FDE5
:105A10006F4B8DF806609A88ADF8042001A82365C5
:105A2000D6F7FDFD0388A4F8543018A8CDE9185521
:105A30001A95D7F798FD674B634963661CA8664BB8
:105A40002366D7F795FD654B8DF806609A88ADF80B
:105A5000042001A8A367D6F7E2FD0388A4F87C30F0
:105A600022A8CDE922552495D7F77DFD5C4B5649F8
:105A7000C4F88C3026A85B4BC4F88830D7F778FD83
:105A8000594B8DF806609A88ADF8042001A8C4F837
:105A9000A030D6F7C4FD0388A4F8A4302CA8CDE923
:105AA0002C552E95D7F75FFD504B5149C4F8B430B3
:105AB00030A8504BC4F8B030D7F75AFD4E4B8DF894
:105AC00006609A88ADF8042001A8C4F8C830D6F75B
:105AD000A6FD0388A4F8CC3036A8CDE93655389514
:105AE000D7F741FD454B4649C4F8DC303AA8454B51
:105AF000C4F8D830D7F73CFD434B8DF806609A8840
:105B0000ADF8042001A8C4F8F030D6F788FD03886A
:105B1000A4F8F43040A8CDE940554295D7F723FDCD
:105B20003A4B3B49C4F8043144A83A4BC4F800311D
:105B3000D7F71EFD384B8DF806609A88ADF8042023
:105B400001A8C4F81831D6F76AFD0388A4F81C31FF
:105B50004AA8CDE94A554C95D7F705FD2F4B304E55
:105B60003049C4F82C314EA82F4BC4F82831D7F750
:105B7000FFFC4FF4A070C6E90055B5600AF0BEFA0C
:105B800052A900F5A073024630602046B360FFF7CB
:105B9000BDFE52AD7060283D05F11800D6F711FD2D
:105BA00005F10800D6F70DFDA542F4D152B070BD45
:105BB00084010010FB580408995704085958040838
:105BC0007C010010E75804089D5704084158040858
:105BD00074010010D3580408295804086C010010FF
:105BE000BF580408115804081C020010AD580408DE
:105BF000A1570408F95704089C010010995804089B
:105C0000A5570408E15704083C0100108558040812
:105C1000A9570408C95704084C010010715804081A
:105C2000482E0120AD570408B1570408FFF7B8BE4D
:105C300070B50C4DD5E90046A64207D1286878B169
:105C4000A968BDE87040091A0AF0DAB904F1180031
:105C5000D6F7B7FC04F10800D6F7B3FC2834EBE71D
:105C600070BD00BF482E0120F8B500F108060546BA
:105C700006600F4611B910480AF050FD0846C6F7F5
:105C8000FFF90F2804460BD901300AF037FAAC604F
:105C900006462860224639463046C6F721FC03E016
:105CA000012806D13B782B722B686C6000221A55B4
:105CB000F8BD0028F8D0EDE7C31F0508F0B514497A
:105CC0001448154E85B0FFF7CFFF14491448FFF76D
:105CD000CBFF144B93E8070001AD002385E80700D4
:105CE0004820C6E90D33F3630AF008FA00F14807CB
:105CF00004467063F763A74202D1B76305B0F0BDF5
:105D0000204655F8041BFFF7AFFF1834F3E700BF38
:105D1000E94605083802001034020010F64605086E
:105D200050020010080F050870B50B4CD4E90D5651
:105D3000AE420CD1606B18B1E16B091A0AF060F940
:105D40000648D6F757FB0648D6F754FB70BD2846E1
:105D5000D6F750FB1835EBE7340200105002001064
:105D6000380200101F484FF0805101601E484FF468
:105D7000A01101601D484FF4414101601C481D49BC
:105D800002688A4208F402AB1B49026800608A423A
:105D900006F440A9DFF864D0002103E0184B5B58FB
:105DA000435004311748184B42189A42F6D3002149
:105DB00003E0164B5B58435004311548154B42180D
:105DC0009A42F6D3144A02E0002342F8043B134BF4
:105DD0009A42F9D3C9F79AF902F022FBC7F792FB6E
:105DE00070470000403802403038024000700040E8
:105DF000004002400DF0ADBAEFBEADDE0000022063
:105E000084AA0508000000102C090010B0B3050892
:105E10002C090010700F00100000002060310120DC
:105E2000FEE700002DE9F04F85B092465B4A0390F3
:105E300089461E460D46294615F8014B135D13F0A1
:105E40000803F8D12D2C7DD02B2C41D002934FF09C
:105E5000FF326FF00043CDE90023002E43D1302CF8
:105E600079D00A27B0463E46DDE900013A4643466E
:105E7000C7F732FA00238E46834619461846A446D1
:105E800010E08E4508BF83454CD000FB08F307FBAC
:105E90000133A0FB07010B44201843EBE4710123FD
:105EA00015F801CBACF13004092C05D9ACF1410453
:105EB000192C1ED8ACF13704A64222DDB3F1FF3F06
:105EC000EED083457EEB0103DBD24FF0FF33E7E7F3
:105ED0002C7802938D1C6FF000434FF0FF31CDE919
:105EE0000013002EBBD0102E3ED037464FEAE67886
:105EF000BAE7ACF16104192C03D8ACF15704A642FF
:105F0000DCDC5A1C13D0029A12B1404261EB410111
:105F1000BAF1000F03D0002B3DD1CAF8009005B0B4
:105F2000BDE8F08FA242B0DA4FF0FF33B8E7039A32
:105F300022231360BAF1000F28D0DDE9000105F13A
:105F4000FF39EAE700934FF0004001232C78CDE9B8
:105F500001038D1C81E72B7803F0DF03582B0ED053
:105F60000827B0463E467FE7302C03D037464FF037
:105F7000000879E72B7803F0DF03582BF6D11027C0
:105F80006C784FF0000802353E466DE7DDE9000110
:105F900005B0BDE8F08FCDE90001CEE7159F0508FB
:105FA00010B4054C8446134620685DF8044B0A463D
:105FB0006146FFF737BF00BFF8070010024B0344EC
:105FC000587800F044007047149F05080EB410B5CF
:105FD0009DB06FF000411FAB04910791094953F840
:105FE000042B02900690084C0868019302A90594BE
:105FF00000F036F8029B00221A701DB0BDE8104078
:1060000003B07047F80700100802FFFF41EA0002E2
:106010009207034615D10A68A2F1013020EA020076
:1060200010F0803F0DD101F1040C43F8042B6146C0
:106030005CF8042BA2F1013020EA020010F0803F4E
:10604000F3D011F8012B184603F8012B002AF8D1E0
:10605000704700BF014B1868704700BFF807001079
:106060002DE9F04FD9B00C46099115460B938346A4
:1060700002F018FA036816931846C6F701F80021D3
:106080001490082228A802F053F9A389190603D511
:106090002369002B00F05E879FED7F7B0023CDE915
:1060A0002D33CDE917338DED107B2FAA0E932C9253
:1060B000144615931C93199306932E46B246784BBB
:1060C000D3F8E45002F0E8F928AA0346009224A984
:1060D00052465846A847002800F0B180C0F2A78079
:1060E000249A252A034601D09A44E8E7BAEB06072A
:1060F000054640F0A880002319464FF0FF328DF886
:10610000873007930AF1010A9AF80030059204914A
:106110000AF1010AA3F120025A2A00F2C380DFE843
:1061200012F0F402C100C100ED02C100C100C100C3
:106130006A00C100C1003F025102C1004A020603C9
:10614000C100FF025B005B005B005B005B005B006B
:106150005B005B005B00C100C100C100C100C10069
:10616000C100C1003B01C100BE01D3023B013B01A4
:106170003B01C100C100C100C100CC02C100C1008F
:106180008802C100C100C100E801C1005702C1007E
:10619000C100B206C100C100C100C100C100C10000
:1061A000C100C1003B01C100BE011A023B013B011D
:1061B0003B01A0021A027F00C100C202C100B3026B
:1061C000D80622037F00C100E8017C00AE06C100B2
:1061D000C100DB06C1007C00A3F1300200211AF8E7
:1061E000013B01EB810102EB4101A3F13002092ADD
:1061F000F5D907918EE7584602F054F94368199390
:106200001846C5F73DFF1C900546584602F04AF96E
:1062100083681793002D40F0B7859AF8003077E730
:10622000049B43F0200304939AF8003070E708229F
:10623000002128A802F07CF801239A443FE7BAEB3A
:106240000607054610D02E9B3B442E932D9B013311
:10625000072BC4E900672D9315DC0834069B3B44EB
:106260000693002D7FF447AF2E9B002B41F09381C6
:10627000099B9B8903F04003002B41F09283069811
:1062800059B0BDE8F08F09992CAA584603F012FDC9
:106290000028EDD12FACE1E7000000000000000075
:1062A0008C0600100C93002BDED000228DF8FC3001
:1062B00001238DF8872002930A9208930592129287
:1062C0000F920D923FAE049B13F0020302D002998D
:1062D0000231029104992E9D11F0840805D107998D
:1062E00002980F1A002F00F3A1806AB101226260A8
:1062F0002D9A013201350DF18701072A2E952D9235
:10630000216000F3DB8308346BB12D9B22AA01339B
:1063100002352260072B4FF002022E952D9362600A
:1063200000F3C1830834B8F1800F00F0C482059BEC
:10633000089A9F1A002F00F3FE82049BDA0500F1F1
:106340002482089B63601D442D9B26600133072B2C
:106350002E952D9300F33F830834049B5A0705D5EF
:10636000079B029A9E1A002E00F3B583DDE90632E0
:1063700002998A42ACBF9B185B180693002D40F02F
:106380000B8300232D930A9B1BB10A99584603F0F7
:1063900069FA2FAC564691E60C930B9B073323F01A
:1063A0000703B3EC027B58EC177B0B9328F00043F8
:1063B0001B938DED1A7ADDE91A01AF4B4FF0FF32D6
:1063C0008DED107BC6F77CFD002840F00285DDE9ED
:1063D0001A01A94B4FF0FF32C6F754FD002840F0D8
:1063E000F8840022002338464146C6F741FD0028C4
:1063F00041F021809DF88720049BA04E23F080036C
:1064000004939F4B0C994729D8BF1E4600230321B4
:106410000A9302910891059312930F930D93002A0A
:106420003FF451AF029B013302934CE795492D9AFB
:106430001391102F25DD21462846099C914D1D936F
:106440004FF0100904E0103F102F01F1080115DD95
:1064500001321030072AC1E90059CDE92D20F2DDC3
:106460002CAA2146584603F025FC002840F09C82C7
:10647000103F102FDDE92D202FA9E9DC1D9B0C46D4
:1064800005460132139921603D44072ACDE92D25A7
:10649000676000F3D4869DF88720083425E70B9ABF
:1064A0000C93432B02F1040503D0049BDA0640F160
:1064B0001785082200212AA801F03AFF0B9B3FAE66
:1064C0001A6831462AAB584601F084FF034601336F
:1064D000089001F06182089B23EAE3730293002293
:1064E0000B958DF887200A92059212920F920D92C9
:1064F000E9E60B9F0C9357F8046B00238DF8873067
:10650000002E00F016850C9B532B00F0BF86049BD9
:1065100013F010030D9340F0B986059B002BC1F2D8
:1065200045800D991A463046C5F78AFF0A90002823
:1065300001F066820A9B991B0D9B0891059321EA45
:10654000E17112930F930A9373239DF887200B97A1
:1065500002910C9363E70C93049B9B0640F1BD8072
:106560000B9B073323F007031A46596852F8083B80
:106570000B920A460029C0F2CA8305990029C0F28D
:106580008382049921F0800553EA020140F07D8264
:10659000059A002A40F07E820495089258AE60E188
:1065A0000B9B53F8042B0792002A80F2DA83079A98
:1065B0000B9352420792049B43F0040304939AF80E
:1065C0000030A5E52B238DF887309AF800309FE541
:1065D0000C93049B43F0100515F0200200F0728329
:1065E0000B9B073323F0070319465A6851F8083B01
:1065F0000B9101210020059E8DF88700002EC0F22E
:10660000198125F08000049053EA020040F01181C6
:10661000002E40F02486002940F0808315F001030D
:10662000089300F0A38330238DF85F310DF25F16DD
:1066300017E10C93049B43F010030493049B13F0A5
:10664000200200F055830B9B073323F00703194604
:106650005A6851F8083B0B91049921F48065002198
:10666000C8E79AF80030682B00F04E84049A42F094
:10667000400204924CE500BFFFFFEF7FDC0F0508EE
:10668000D80F0508049F0508049B9D0640F19083E0
:106690000B9B069A1B681A60D2175A600B9B043337
:1066A0000B9356460AE59AF800306C2B00F02284D2
:1066B000049A42F0100204922AE5049B43F0080376
:1066C00004939AF8003023E50C93049B43F01003E5
:1066D0000493049B9B063FF543AF04990B9ACF06A6
:1066E00052F8043B00F14B8304994E0640F1438677
:1066F0000B9243F3C03211461BB23BE7049B43F0BD
:10670000010304939AF8003002E59DF887209AF877
:106710000030002A7FF4FCAC20228DF88720F7E4BB
:10672000049B43F0800304939AF80030F0E4504651
:1067300010F8013B2A2B01F0E581A3F13002092A70
:1067400098BF002101F2E48010F8013B01EB8101C8
:1067500002EB4101A3F13002092AF5D941EAE172C5
:1067600005928246D6E40B9A049B43F0020552F848
:10677000043B0B9247F63002ADF8882078209B4A04
:106780001592022100220C9034E70C9B652B40F3FC
:106790003381DDE9100100220023C6F75FFB0028EA
:1067A00000F0D2812D9B924A2260013301350122F3
:1067B000072B2E952D93626000F35C850834239B94
:1067C0000E9A934280F2C882149B169A1D44C4E923
:1067D00000232D9B2E950133072B2D9300F39E83D1
:1067E00008340E9B5E1E002E7FF7B7AD102E2D9B3A
:1067F000DFF8009240F3E580DDF82480102704E004
:106800000834103E102E40F3DC8001331035072B86
:10681000C4E90097CDE92D35F2DD2CAA4146584652
:1068200003F048FA002840F0BF80DDE92D352FAC99
:10683000E7E7049D012900F02881022958AE1FD105
:10684000159803F00F011B09415C06F8011D43EA8E
:106850000273120953EA0201F3D158AB9B1B049552
:106860000893059908989DF8872081424FF000030E
:10687000B8BF01460A93029112930F930D93CEE590
:1068800003F00701DB0843EA4273D208303153EAD0
:106890000207304606F8011DF2D1EF07DDD5302999
:1068A000DBD03023023806F8013C58AB1B1A0495A4
:1068B00008930646D5E7079B029A9F1A002F7FF799
:1068C00036AD102F2D9BDFF82C9122DD2A464FF09C
:1068D00010084D46DDF8249004E0103F102F04F11D
:1068E000080414DD01331032072BC4E90058CDE948
:1068F0002D32F2DD2CAA4946584603F0DBF9002878
:1069000052D1103F102FDDE92D322FACEADCA94621
:10691000154601333D44072BCDE92D35C4F80090D1
:10692000676000F3DB84059B089A9F1A002F04F12F
:1069300008047FF702AD102F2D9BDFF8B8901FDD04
:106940002A464FF01008099D04E0103F102F04F173
:10695000080414DD013327491032072BC4E900185D
:10696000CDE92D32F1DD2CAA2946584603F0A2F9D3
:10697000D0B9103F102FDDE92D322FACEADC1546DF
:1069800001333D44072BCDE92D35C4F800906760F5
:1069900000F38C810834D0E409992CAA584603F0FE
:1069A00089F900283FF4EDAC0A9B002B3FF460AC62
:1069B0000A99584602F056FF099B9B8903F0400351
:1069C0005AE401333544072BC4F800906660CDE9E2
:1069D0002D357FF7C1AC09992CAA584603F06AF906
:1069E0000028E1D12E9D2FACB7E400BFE80F0508C9
:1069F00018100508F49E05080E9B2D9F012B05F12C
:106A0000010507F1010704F1080840F30B81012398
:106A1000072FCDE92D752660636000F38381149BF9
:106A2000169A01371D44072FC8E90023CDE92D75BB
:106A300000F3858108F108080E9BDDE910015C1E5A
:106A400000220023C6F70AFA002840F0048101372B
:106A500001362544072FCDE92D75C8F80060C8F828
:106A6000044000F3EB8008F10808189BC8F80430D4
:106A700001371D44072F26ABCDE92D75C8F800302E
:106A8000A9DC08F1080468E4049D0A2B72F10001F6
:106A900080F05E8330338DF85F31012304950893D5
:106AA0000DF25F16DDE609992CAA584603F002F9AB
:106AB00000287FF479AF2E9D2FAC34E4099913930D
:106AC0002CAA584603F0F6F800287FF46DAF2E9DEF
:106AD000139B2FAC18E4B44A2D9B1392102E1FDD8C
:106AE000DDF824801027914604E0103E102E04F1BA
:106AF000080415DD01331035072BC4E90097CDE9F3
:106B00002D35F2DD2CAA4146584603F0D3F8002873
:106B10007FF44AAF103E102EDDE92D352FACE9DCB5
:106B20000133139A3544072BC4E90026CDE92D35EE
:106B30007FF71CAC09992CAA584603F0BBF8002833
:106B40007FF432AF2E9D11E42399002940F3518345
:106B5000DDE90D329342A8BF1346002B98460ADDAB
:106B60001D44C4E900632D9B2E950133072B2D9303
:106B700000F3618608340D9FB8F1000FA8BFA7EBA2
:106B80000807002F00F3F5810D9B33440593049B08
:106B90005F0500F11582239B0E9A9342C0F2A082FA
:106BA000049AD00700F19C820E9AB718D61A059B5A
:106BB000FF1AB742A8BF3746002F0ADD23602D9B7E
:106BC000676001333D44072B2E952D9300F36586B6
:106BD0000834002FA8BFF61B002E7FF7BEAB102E87
:106BE0002D9BDFF8C8917FF7ECAEDDF824801027ED
:106BF00004E00834103E102E7FF7E3AE0133103569
:106C0000072BC4E90097CDE92D35F2DD2CAA4146CA
:106C1000584603F04FF800287FF4C6AEDDE92D3565
:106C20002FACE7E7049BD9073FF5F1AE0123072F0F
:106C3000CDE92D75266063607FF717AF09992CAAFF
:106C4000584603F037F800287FF4AEAEDDE92D7525
:106C50000DF1BC0809E70E9B012B7FF706AF112B46
:106C6000DFF8489140F35C83CDF814A01026CA46A3
:106C7000DDF8249005E008F10808103C102C40F3E2
:106C80004C8301371035072FC8E900A6CDE92D75D3
:106C9000F1DD2CAA4946584603F00CF800287FF491
:106CA00083AEDDE92D750DF1BC08E6E709992CAA44
:106CB000584602F0FFFF00287FF476AE2E9D2FACE1
:106CC000FFF73BBB0B9915F0100051F8043B0CD1BA
:106CD00015F0400604D00B919BB20246012189E4D5
:106CE00015F400721CBFDBB232460B91012181E426
:106CF00004980B9910F0100051F8043B3DD1049A10
:106D000012F0400534D09BB202460B91A4E45B42E2
:106D1000049D62EB42022D2001216CE4059B089347
:106D200058AE9EE509992CAA584602F0C3FF0028E8
:106D30007FF43AAEDDE92D750DF1BC086FE60999D7
:106D40002CAA584602F0B6FF00287FF42DAEDDE9EC
:106D50002D750DF1BC086FE6049BDB077FF5FDAADE
:106D600032E50B939AF80030FFF7D2B958AE78E5C8
:106D7000049A12F4007240F009840B916CE40B92B7
:106D8000DA171146FFF7F6BB179A9AF80030002A77
:106D90003FF4BEA91278002A3FF4BAA9049A42F43B
:106DA00080620492FFF7B4B9049F0508F49E0508B9
:106DB000049BD80600F1AB82049B590600F1E083E6
:106DC000049B9A0540F1A3820B9B069A1B681A70DC
:106DD00064E4DDE9100102460B46C6F771F80028AD
:106DE00040F01E860C9B612B00F03185412B00F09A
:106DF0004E85059B013300F002840C9B23F0200399
:106E0000472B00F0E1850A90DDE91001049A002982
:106E100042F48079C0F2F9849DED107B8DED1E7BEC
:106E2000002313930C9B413B252B00F22583DFE8C5
:106E300013F02904230323032303EA03B5042303E4
:106E40002303230323032303230323032303230312
:106E50002303230323032303230323032303230302
:106E600023032303230323032303230323032303F2
:106E700023032904230323032303EA03B504049D06
:106E80000C93FFF7A9BB0C93AD4B1593049B13F028
:106E9000200200F033810B9B073323F007031946D0
:106EA0005A6851F8083B0B910498C1070BD553EA77
:106EB000020108D00C998DF8891040F0020104916C
:106EC00030218DF88810049921F480650221FFF7A4
:106ED00091BB0C93FFF7B2BB0C939A4B1593D5E77C
:106EE0000B9B1B688DF8FC300123029308933FAE87
:106EF000FFF7F5BA049B43F0200304930AF1010A5B
:106F00009AF80030FFF704B9049B43F4007304932C
:106F10000AF1010A9AF80030FFF7FAB809992CAA89
:106F2000584602F0C7FE00287FF43EAD2E9D2FACE0
:106F300057E4059B0A96062B314628BF0623059683
:106F400032460293804E0B97089312910F910D9148
:106F5000FFF765BA4021584600F058FE099B1860BB
:106F60001861002800F00386099A40235361FFF757
:106F700093B8102F2D9BDFF8D49140F30B82494634
:106F80002A46B146099D4FF010080E4604E0083429
:106F9000103F102F40F3FA8101331032072BC4E960
:106FA0000068CDE92D32F2DD2CAA2946584602F0C0
:106FB00081FE00287FF4F8ACDDE92D322FACE7E745
:106FC0000E9BCDF830A006EB03090F9BDDF85CA00B
:106FD000DDF848800D96002B22462946059C099D28
:106FE000CDF81490DDF8709031DDB8F1000F40F36A
:106FF0003B8108F1FF382D98199B0130494407283F
:10700000C2E900392E912D9000F387800832059B4C
:107010009AF800001F1B8742A8BF0746002F0CDD0F
:107020002D98013039440728C2E900472E912D9050
:1070300000F360819AF800000832002FACBFC61B35
:107040000646002E16DC04440F9B002BCDDCB8F165
:10705000000FCEDCDDE90D632046F318984214469C
:10706000024628BF1A46CDF85CA00D46DDF830A0D8
:10707000059290E5102E2D98344B23DD08941027AF
:1070800034461E4604E0103C102C02F1080216DDC6
:1070900001302E4B10310728C2E90037CDE92D0110
:1070A000F1DD2CAA2946584602F004FE00287FF4A0
:1070B0007BAC103C102CDDE92D012FAAE8DC334617
:1070C0002646089C1360013031440728CDE92D0184
:1070D000566000F3A2839AF8000008320444B3E734
:1070E000149A16991544C4E900122D9A2E9501326E
:1070F000072A2D9200F3BE83083455E504980B99B6
:1071000010F0100051F8043B17D1049A12F040051A
:107110000ED09BB202460B91C6E62CAA29465846D1
:1071200002F0C8FD00287FF43FAC2E992FAA6EE72D
:10713000049A12F4007240F01F820B91B4E600BF73
:10714000FC0F0508E80F050810100508F49E050857
:1071500000210894DFF81C93179CCDF810A005F4CB
:10716000806758AE4FF0050802958C4605E00A2B63
:1071700072F1000234D353462A46991841F10001B6
:10718000A9FB010525F0030000EB9500091A581A28
:107190004FF0CC3562F1000E05FB00F5A0FB09A015
:1071A00009FB0E550AF0010E0544AEFB080E40180F
:1071B0004FEA5A0A303006F8010C4AEAC57A0CF157
:1071C000010C013E6D08002FD1D021788C45CED125
:1071D000BCF1FF0FCBD00A2B72F1000280F0E780E8
:1071E0001794DDF810A0029D089CCDF838C0FFF779
:1071F00034BB2D9B9E4A2260013301350122072BAF
:107200002E952D93626000F31B810834002940F015
:107210009380049B0E9A03F0010313433FF49DA84F
:10722000149B169A1D44C4E900232D9B2E9501330F
:10723000072B2D9300F3D68104F108028DE0099904
:1072400013932CAA584602F035FD00287FF4ACAB0E
:107250009DF887202E9D139B2FACFFF746B8012980
:10726000049D7FF4EAAA15E40F9B013B0AF1FF3A63
:107270000F93C0E609992CAA584602F01BFD00287E
:107280007FF492AB2E9D2FACFFF799BA0DF1A808B1
:10729000082200214046259601F04AF8059B002B64
:1072A000C0F292800025029799462F460EE03FA932
:1072B000584601F08FF8431C384400F08F8348454E
:1072C00009DC05F1040500F0BD830746259A5259F3
:1072D0004346002AEBD10897029F83E009992CAA24
:1072E000584602F0E7FC00287FF45EAB2E9D2FACE1
:1072F000FFF71DB82CAA2946584602F0DBFC0028EF
:107300007FF452AB9AF800002E992FAA95E60B9BBA
:10731000069A1B681A60FFF7C1B9D146DDF814A0C0
:10732000C8F8009001372544072FCDE92D75C8F81E
:1073300004407FF798AB81E4149B169A1D44C4E97E
:1073400000232D9B2E950133072B2D9300F34A81AB
:1073500004F108020029C0F2E0820E9916600133A0
:107360000D44072BCDE92D3551603FF734AB02F1C9
:107370000804FEF7F2BF04990B928D054ABF43F350
:10738000C012DA175BB21146FFF7F4B81546324661
:107390004E46914601333D44072BCDE92D35C4F8C7
:1073A0000090676000F312810834FFF7EDBB1C9B6F
:1073B0001999F61A1A46304602F050FB637803B169
:1073C00001344FF0000CD6E600231946CDF80080BA
:1073D00025AA584601F094F803460133089000F0BE
:1073E000FD822596089B002B36D0632B00F3E480AA
:1073F00000230A933FAE08220021404600F098FF88
:10740000089DCDF800802B4625AA3146584601F04C
:1074100077F8854240F0A58308990B9700237354B1
:1074200021EAE1719DF887200593029112930F9351
:107430000D93FEF7F4BF2D228DF88720FEF7DCBFF9
:1074400009992CAA584602F035FC00287FF4ACAA12
:1074500023992E9D2FACD9E6089B9DF887200B978A
:107460000293059312930F930D930A93FEF7D7BFE0
:1074700018100508CDCCCCCC2AAB019325AB0093DA
:10748000022123AB9DED1E0B059A584601F0DCF856
:10749000049BD907064600F1FC812A9B1B1A0E9318
:1074A000239B0D930D9BDA1C03DB059A9A4280F215
:1074B0008B810C9B023B0C930D9B013B9DF8302074
:1074C00023930021002BB8BF0D9B8DF89820BABFE5
:1074D000C3F101032D222B22092B8DF8992040F3B3
:1074E00065820DF1AF05B34F2A461046A7FB031284
:1074F000D20802EB8201A3EB4101303100F8011CFC
:1075000019466329134600F1FF32EEDC303302F8EE
:10751000013C831EAB4280F021830DF1990213F8E8
:10752000011B02F8011FAB42F9D158AB181AA0F1A8
:10753000AD0318930E9B189A012B1A44089240F33E
:107540005882089B149A13440893049B089A23F4C6
:10755000806343F48073049322EAE272002312935F
:1075600002920F930D93139B002B40F01B819DF80B
:1075700087200593FEF753BFDBB22A460B9193E4B5
:107580000B9B069A1B681A80FFF788B8DBB22A4665
:107590000B91FFF761B8099C2CAA2146584602F0CE
:1075A00089FBA38903F04003FEF766BE3046C4F7AB
:1075B00067FD0146FEF7C0BF591C584600F026FB88
:1075C0000646002800F0DB820A9014E709992CAAED
:1075D000584602F06FFB00287FF4E6A92E9D2FACE1
:1075E000FFF7D2BA09992CAA584602F063FB00288B
:1075F0007FF4DAA9DDE92D3523992FAAAAE606231F
:107600000A90059300E4059B022103F101082AABCF
:10761000019325AB00939DED1E0B23AB42465846CC
:1076200001F012F80C9B23F02007462F064600EBD2
:10763000080518BF452705D13378302B00F03C8171
:10764000239B1D44DDE91E0100220023C5F706FC33
:10765000002840F059812A9BAB4206D230215A1CA7
:107660002A9219702A9B9D42F9D8239A0D929B1B4E
:10767000472F0E933FF416AF462F00F02B810D9B42
:10768000013B1BE723A89DED1E0B02F05DF80022D5
:107690004FF07F5351EC100BC5F778F902460B46BB
:1076A000CDE9022300220023C5F7D8FB08B101234E
:1076B0002393059B404A0C98CDF820A0591E3F4BC0
:1076C0000D96612808BF1A463746A0460592DDE9A7
:1076D00002458A46164609E0002200230AF1FF39D6
:1076E000C5F7BCFB002840F0BB81CA46344B0022E2
:1076F00020462946C5F74AF90D460446C5F7F6FB6C
:107700008146C5F7D9F802460B4620462946C4F7FC
:1077100085FF16F80930BAF1FF3F3A46044607F8EC
:10772000013B0D46D8D1CDE90245264BDDF820A01E
:107730000D9E4446904600224D46C5F7B7FB0028F3
:1077400000F0FF81059BCDF8A880D97B17F8012CAC
:1077500091423B4609D1302003F8010C2A9B5A1E66
:107760002A9213F8012C9142F6D0392A0BBF059AC0
:107770000132927AD2B203F8012C3B469B1B0C9A41
:107780000E93239B0D93612A03F1FF33239300F0A3
:10779000B381412150220C91012193E6DDF8148040
:1077A000032134E72D2200238DF887200593FEF76F
:1077B00039BE00BFCDCCCCCCFC0F0508E80F0508C6
:1077C000000030400000E03FDDE90D23934200F36C
:1077D000C480049B13F0010F0D9B00F00F81149ADD
:1077E00013440893049B5F0503D50D9B002B00F306
:1077F0004781089B23EAE373029367230C930023DA
:10780000CDF8109012930F93ADE601F100431F9352
:107810002D231E901393FFF705BB2CAA294658462B
:1078200002F048FA00287FF4BFA89AF800002E99C9
:107830002FAA044408E409992CAA584602F03AFAFF
:1078400000287FF4B1A82E9D2FACFFF794B97823C0
:107850008DF88930049B43F00203049330238DF8A4
:107860008830059B632B00F38E8000230A933FAE84
:10787000FFF7CABA09992CAA584602F01BFA002849
:107880007FF492A8239B2E9D2FACFFF78DB9582330
:10789000DEE7059B4727C518D4E609992CAA584668
:1078A00002F008FA00287FF47FA8239E0E9B2E9DED
:1078B0009E1B2FACFFF78DB9DDE91E0100220023CE
:1078C000C5F7CCFA002800F01981239B0D931D44C5
:1078D000AB1B0E93049B0D99059A03F0010300293D
:1078E00043EA020340F31A81002B40F0F2800D9B23
:1078F000089366230C93049B5B0500F1C380089BEF
:1079000023EAE37302937AE7239A0D922B46AEE6BD
:10791000002282460592FEF7FDBB4F421031DFF890
:107920007892B8BF102404DB21E00832103F102FFA
:107930001DDD01331035072BC2E90094CDE92D354B
:10794000F3DD09992CAA584602F0B4F900287FF417
:107950002BA8DDE92D352FAAE8E70E9B149A9A187B
:107960000D9B0892002B71DD67230C93C3E7013355
:107970003D44072BCDE92D35C2F80090576000F348
:10798000AF800832E9E4591C584600F03FF906463A
:1079900010B10A90FFF738BA099A938943F040036F
:1079A00093814FF0FF330693FEF769BC002934D171
:1079B00030228DF89A200DF19B02303302F8013B02
:1079C00026ABD31A1893B5E5059B002B7FF41BAAB1
:1079D000059B0A9301230593FFF716BA099BB3F998
:1079E0000C3000220A9243F04003099A9381FEF77B
:1079F000DBBF049BDB077FF5A8ADA2E50893F1E6AA
:107A0000059B0293089373239DF887200B9705909D
:107A100012900F900C93FEF702BD0DF19A02CCE785
:107A2000119B5A4E002B049BA8BF9DF8872023F082
:107A30008003B8BF2D220493B8BF8DF88720544B24
:107A4000FEF7E0BC059B029F0893CBE4C3F1010362
:107A50001A4422EAE2730293672308920C93CEE65B
:107A600051460029DDF820A00D9E4446FFF685AE64
:107A70004B1C3B44302207F8012B9F42FBD17DE693
:107A800067230C9317990B78FF2B74D000250D9A60
:107A9000284603E001300131FF2B08D0934206DA7B
:107AA000D21A4B78002BF5D10B780135F4E71791FA
:107AB0000D920F901295129A0F9B1C99CDF8109071
:107AC0001344089A01FB0323089323EAE373029308
:107AD00049E5149B1A445318089366230C930AE74C
:107AE00009992CAA584602F0E5F800287EF45CAF0C
:107AF000DDE92D352FAA30E470224DE6C8F10103EF
:107B000023939EE50B9A9AF8013052F8041B0B92CE
:107B100041EAE17182460591FEF7FABA2BB90123D9
:107B2000662202930C92089369E6149B03F1010804
:107B3000059B4344089323EAE373029366230C9363
:107B40005DE6DDE90201134B0022C5F787F9002845
:107B50003FF413AEE8077FF510AEF3E50223189368
:107B6000E8E4099BB3F90C3043F040033DE70C23F4
:107B7000CBF8003015E7002312930F939BE7099B86
:107B80000A90B3F90C3043F040032EE7E40F0508E8
:107B9000E00F05080000E03FF49E050810B51A4C00
:107BA000002924689AB02ADB009004904FF40270F8
:107BB000ADF80C0013D001394FF6FF70029105911A
:107BC000ADF80E0069462046FEF74AFA421C01DA7B
:107BD0008B232360009B00221A701AB010BD4FF651
:107BE000FF7002910591ADF80E0069462046FEF740
:107BF00037FA431C01DA8B2323601AB010BD8B23A4
:107C000023604FF0FF30F8E7F80700102DE9F04F40
:107C100001F10B05162D83B0064623D8102900F27A
:107C2000AF8000F051FC102518230220B74F3B44D1
:107C3000A3F108025C68944200F01E816368E26868
:107C4000A16823F00303CA602344304691605A6858
:107C500042F001025A6000F03DFC0834204603B0B7
:107C6000BDE8F08F35F0070500F18A80A94200F2E7
:107C7000878000F029FCB5F5FC7FC0F06E816B0AAF
:107C800000F08280042B00F21D81AB0903F1390062
:107C900003F1380EC3009D4F3B44A3F1080C5C6810
:107CA000A44507D10DE0002AE16880F2DF808C4511
:107CB00007D00C46636823F003035A1B0F2AF2DD3A
:107CC0007046DFF860823C69444500F0BC80636820
:107CD00023F0030CACEB05030F2B00F34281002BC8
:107CE000C7E9048880F22D81BCF5007FD7F804E055
:107CF00080F0C8804FEADC0101314FEA5C1C0123AF
:107D000003FA0CF357F83120A2604EEA030E07EB9A
:107D1000C103083BE360C7F804E047F83140D46092
:107D200083104FF0010C0CFA03FCF44532D81CEA26
:107D30000E0F08D120F003004FEA4C0C1CEA0E0F86
:107D400000F10400F8D007EBC00AD6468146DEF801
:107D50000C300BE0596821F003014A1B0F2A1C4626
:107D6000DB6800F3BB80002A80F2DE809E45F1D103
:107D700009F1010919F0030F0EF1080EE7D119E11D
:107D80000C233360002469E74FF4007340204FF068
:107D90003F0E80E7BC68636823F00309A94503D35D
:107DA000A9EB05030F2B51DC594B1B68082003F18D
:107DB000100804EB0903009300F078FB554A1368A0
:107DC0000133A844834605D008F1FF38804443427C
:107DD00003EA08084146304601F022FFB0F1FF3FB8
:107DE0004C4A824600F0D880009B834200F2D28049
:107DF000494B186840440BF1FF311860844640F04D
:107E0000FC801AEA010F40F0F880D7F808A0C844B7
:107E100048F00102CAF80420404B1968814238BF7B
:107E200018603F4B1968814238BF1860544622F0F1
:107E30000308A845A8EB050301D30F2B06DC304649
:107E400000F048FB9EE7D7F804E069E7621943F0C9
:107E5000010345F0010565603046BA60536000F0EB
:107E600039FB0834204603B0BDE8F08FA2682344F4
:107E7000D16030468A60EAE6DC68A3427FF4DEAE79
:107E800002301EE7BCF5206F4FEA5C227BD3142A38
:107E900000F2128102F15C03DB005B32F918FB583F
:107EA0000839994203D1ECE09B68994204D05A68A2
:107EB00022F003026245F7D8D968C4E902318C6028
:107EC000DC602DE7142B6AD9542B00F2FE802B0BBB
:107ED00003F16F0003F16E0EC300DCE6D4F808C0B6
:107EE0003046661945F001056560CCF80C30C3F8E2
:107EF00008C042F00103C7E90466C6E9028873605E
:107F0000625000F0E7FA0834A8E600BF80020010D3
:107F1000842E012074020010542E0120802E012096
:107F20007C2E012088020010214430464A6842F02D
:107F300001024A6054F8082FD3609A6000F0CAFA30
:107F40008CE6A4443046DCF8043043F00103CCF85E
:107F5000043000F0BFFA083480E6E80805F10803B1
:107F600064E6621943F0010145F0010565603046A1
:107F7000C7E90422C2E90288516044F80C3000F0DD
:107F8000A9FA08346AE64FEA9C1202F13903DB00D1
:107F9000383283E7BC4228D0BC68626847E703F107
:107FA0005C0003F15B0EC30075E65AF808395345CF
:107FB00040F0D98010F0030F00F1FF30F5D17B685D
:107FC00023EA0C037B604FEA4C0C9C453FF6E2AE83
:107FD000BCF1000F04D1DDE64FEA4C0C09F10409B5
:107FE0001CEA030FF8D04846ADE6604B186808EB72
:107FF000000C0BF1FF31C3F800C0106801306ED0E7
:10800000009AAAEB020262441A601AF00702CDE954
:10801000002340D0C2F108029244D04408EA010093
:108020005A44121A02EA010B5946304601F0F8FD93
:10803000421C019B6FD0A0EB0A0000EB0B081868F4
:10804000C7F808A048F001025844BC42CAF804200E
:1080500018603FF4E1AEB9F10F0F43D96168A9F19F
:108060000C0222F0070201F00101114361604FF0A0
:10807000050CA1180F2AC1E901CC54D8DAF8042064
:10808000CAE692104FF0010C0CFA02F24EEA020E10
:10809000C7F804E011E70AEB08020A40ABEB020262
:1080A00002EA010B5946304601F0BAFD431C019B20
:1080B000C1D1DDF800B0C2E7542A17D84FEA1C320C
:1080C00002F16F03DB006E32E8E6B3F5AA7F17D842
:1080D000EB0B03F1780003F1770EC300DBE5C2F888
:1080E00000A092E70123CAF80430A8E6B2F5AA7FFF
:1080F00024D84FEADC3202F17803DB007732CDE698
:1081000040F25452934224D8AB0C03F17D0003F1AA
:108110007C0EC300BFE5009A083A9044A8EB0A0819
:108120004FF0000B8BE7304604F10801009301F09B
:1081300099FB009BD7F808A018689FE740F25453BA
:108140009A420CD84FEA9C4202F17D03DB007C325C
:10815000A4E64FF47E737F204FF07E0E9BE54FF434
:108160007E737E229AE67B682DE700BF542E0120A5
:10817000024B13B1024800F0B3B970470000000091
:108180007184040808B5062001F09CFC0120C6F7A4
:108190006BFF00BF032A30B415D941EA0004A407DD
:1081A00084460B4604D0541E0FE0043A032A08D933
:1081B0001946604653F8044B5CF8045BA542F4D0C2
:1081C000F1E760461946541E7AB1431E013902197F
:1081D00001E09A4209D013F8010F11F801CF604570
:1081E000F7D0A0EB0C0030BC7047002030BC7047CB
:1081F00088420ED98B1883420BD900EB020C002A5F
:108200006ED0624613F801CD02F801CD9942F9D142
:1082100070470F2A0FD8034602F1FF3C002A5FD0B7
:108220000CF1010C013B8C4411F8012B03F8012FD8
:108230006145F9D1704740EA01039B0751D1A2F192
:10824000100370B501F1200C23F00F0501F1100EA1
:1082500000F11004AC441B095EF8105C44F8105C9B
:108260005EF80C5C44F80C5C5EF8085C44F8085C52
:108270005EF8045C44F8045C0EF1100EE64504F16F
:108280001004E9D1013312F00C0F01EB031102F0DD
:108290000F0400EB031328D0043C24F003064FEA3C
:1082A000940C1E441C1F8E465EF8045B44F8045F69
:1082B000B442F9D10CF1010402F0030203EB840390
:1082C00001EB840102F1FF3C4AB10CF1010C013BCE
:1082D0008C4411F8012B03F8012F6145F9D170BDD1
:1082E000704702F1FF3C03469AE72246EAE700BFE7
:1082F00000B50B4C25681446EE681A4685B0034657
:108300000D464CB107490095CDE9011430460649A8
:1083100001F004FCFFF736FF04490C46F3E700BF09
:10832000F80700101C1005082C1005082810050877
:10833000830730B547D0541E002A3ED0CAB2034648
:1083400001E0013C39D303F8012B9D07F9D1032C3F
:108350002CD9CDB205EB05250F2C05EB054535D9FC
:10836000A4F1100222F00F0C03F1100EE6444FEAC4
:10837000121C1A46C2E90055C2E902551032724574
:10838000F8D10CF1010214F00C0F03EB021204F00F
:108390000F0C13D0ACF1040323F003030433134494
:1083A00042F8045B9342FBD10CF003042CB1C9B238
:1083B0001C4403F8011BA342FBD130BD64461346A5
:1083C000002CF4D1F9E703461446C0E71A46A44648
:1083D000E0E700BF70B5054684B05BB11C460F4BAB
:1083E000D3F8E060234669B12846B047431C0FD05C
:1083F00004B070BD094B00F58274D3F8E0602346E9
:108400000029F1D10A46284601A9B047431CEFD103
:1084100000228A2322602B6004B070BD8C060010FD
:1084200070B50F4B0F4DAB42A3EB050607D0B6104E
:10843000002455F8043B01349847A642F9D808F0C7
:108440000BFC094D094B5E1BAB424FEAA60606D05A
:10845000002455F8043B01349847A642F9D870BD72
:10846000DCA90508DCA90508DCA905082CAA050873
:1084700038B5074D074C2C1BA41005D0013C55F80E
:10848000043D9847002CF9D1BDE8384008F0EABB1C
:1084900084AA05082CAA0508014B93F82801704707
:1084A0008C060010004870477C070010082802D195
:1084B0004FF48050704708B5FDF7CCFD16230360DC
:1084C0004FF0FF3008BD00BF0148C6F76BBE00BFCC
:1084D000940D01200148C6F781BE00BF940D012014
:1084E000002301461A46184602F030BD10B5034B72
:1084F0000446196802F00EFD204610BDF807001072
:1085000010B582B0049CCDE900344FF0FF3303F086
:108510001DFB02B010BD00BF2DE9F04F03690C69CF
:10852000A34283B0C0F28A80013C01F1140500F13E
:10853000140855F8243058F8242001339A428E4606
:1085400081464FEA840105EB840708EB840AB2FBFD
:10855000F3F63AD3CDE900150022AC464046134667
:108560005CF8041B05681FFA81FB06FB0B22090C53
:108570004FEA124B06FB01BB92B2A9B2891A194409
:108580001FFA8BF3C3EB214303EB154389B241EA96
:108590000341674540F8041B4FEA1B424FEA23435F
:1085A000DED2DDE9001558F8013073B9AAF1040AEA
:1085B000D04504D307E0D04504F1FF3403D25AF884
:1085C0000439002BF7D0C9F810407146484603F033
:1085D000CBF800282EDB4146002255F8040BD1F8D9
:1085E00000C01FFA80FE1FFA8CF3A3EB0E031344A6
:1085F000020CC2EB234202EB1C429BB243EA024351
:10860000AF4241F8043B4FEA2242E6D258F8242018
:1086100008EB84036AB9043B434504D807E0984556
:1086200004F1FF3403D253F80429002AF7D0C9F823
:1086300010400136304603B0BDE8F08F002003B093
:10864000BDE8F08F000000002DE9F04F9DB0CDE9AE
:108650000A320291816B269D04908DED060B57EC3A
:10866000106B49B1C26B4A600123934004468B6092
:1086700002F018FE0023A363B7F10009B4BF012381
:1086800000232B60764BBCBF29F00049CDF81C902D
:1086900033EA090300F0AA809DED067B002251EC2D
:1086A000170B00238DED007BC4F7D8FB804668B123
:1086B0000A9A01231360279B13B1279A694B136011
:1086C000694B059305981DB0BDE8F08F9DED000B3B
:1086D00004981AAA1BA903F025F95FEA19558246E6
:1086E00040F09A80DDE91A85454405F23243202B9B
:1086F00040F38A83C3F1400309FA03F905F21243F8
:1087000026FA03F349EA0300C4F7C6F80123013D42
:10871000A1F1F8711293554B0022C3F77FFF4AA3D2
:10872000D3E90023C4F732F949A3D3E90023C3F7FF
:1087300077FF064628460F46C4F7BEF846A3D3E99E
:108740000023C4F723F902460B4630463946C3F7E7
:1087500067FF06460F46C4F7C9FB0022044609908E
:10876000002330463946C4F783FB002840F02283BB
:10877000099CA8EB050808F1FF33162C089300F2BA
:108780008A813B4B03EBC403D3E90023DDE90001FD
:10879000C4F76EFB002871D0631E09930023119368
:1087A000089B002BC0F27D8100230C93099B002BBA
:1087B0006ADA099B0C9A0D93D21A0C925A42002342
:1087C0000993029B1092092B68D8052B40F3218353
:1087D000043B02930025029B023B032B00F23686EA
:1087E000DFE813F06E046B04630447040A9AC9F3CC
:1087F000130942F20F7359EA060913601CD1279B33
:10880000002B00F043861B4B05930833279A0598ED
:1088100013601DB0BDE8F08FDDE90012C2F3130351
:10882000084643F07F51CDF84880A5F2FF35DDF8CA
:10883000688041F440116EE7279B002B40F0F483E1
:108840000D4B05933EE700BF61436F63A787D23F9F
:10885000B3C8608B288AC63FFB799F501344D33F2F
:108860000000F07F19100508181005080000F83FF7
:1088700070A00508A0100508AC100508B8F1000F9D
:1088800040F3A38411900C90DDE90832134408935F
:1088900000231093029B0D92092B96D900230125EA
:1088A00002930E954FF0FF3B0B93049BCDF84CB019
:1088B0000021D963049802F0CFFC0590002800F055
:1088C000CE85DDE90432BBF10E0F9A6300F2188108
:1088D000002D00F015810D99002940F34684B34B1B
:1088E00001F00F0203EBC203C805D3E900894FEA88
:1088F000211540F10884AE4BDDE90001D3E90823DE
:10890000C4F76EF9CDE9140105F00F0503277DB119
:10891000A74EE90708D540464946D6E90023C4F7E3
:1089200035F80137804689466D1006F10806F0D10A
:1089300042464B46DDE91401C4F752F980468946A8
:10894000119B43B19B4B002240464946C4F790FA25
:10895000002840F00B853846C3F7AEFF42464B4631
:10896000C4F714F8944B0022C3F75AFEA1F15073D8
:10897000CDE914011593BBF1000F00F0A8800D9B09
:10898000CDE918B349464046C4F7B0FA189A874B68
:1089900003EBC20313ED027B05468DED167BC3F797
:1089A0008BFF0B46024649464046C3F737FE059FFC
:1089B0000E9B30357E1CECB2804689463546002B36
:1089C00000F06C84DDE916237C490020C4F708F927
:1089D000DDE91423C3F722FE3C7042464B460446B1
:1089E0000D46C4F763FA002840F0B884CDF850A0D3
:1089F000CDF858B00027AB46A246189D2AE00137B3
:108A0000AF4280F2FD846E4B504659460022C3F7B8
:108A1000BDFF6B4B002282468B4640464946C3F75A
:108A2000B5FF89468046C4F761FA0446C3F744FFA0
:108A300002460B4640464946C3F7F0FD303406F87F
:108A4000014B52465B4680468946C4F711FA00281E
:108A500040F0D38442464B4656490020C3F7DEFD22
:108A600052465B46C4F704FA0028C8D0199BDDF8CB
:108A700050A0059A374603F1010802E0974200F042
:108A80009B843E4617F8013D392BF7D00133DBB20A
:108A90003B7045467DE101231193089B002BBFF6F7
:108AA00083AEC8F101030C93002308937EE6384699
:108AB000C3F702FF42464B46C3F768FF3E4B002216
:108AC000C3F7AEFDA1F15073CDE9140115933D4BF1
:108AD000002240464946C3F7A1FDDDE91445224680
:108AE0002B4606460F46C4F7E1F9002840F0738490
:108AF00030463946224605F10043C4F7B9F928BB90
:108B00001B9B002BC0F290800D9A0E2A00F38C80E4
:108B1000264B0D9A03EBC20393ED007B0B9B002BBE
:108B20008DED027B19DABBF1000F16DC0ED1254B5F
:108B30000022DDE90201C3F729FF02460B46DDE909
:108B40000001C4F79FF9002800F045840023059E2A
:108B500000931F460B9BDD432DE2059B5D1CDDE969
:108B60000278DDE900013A464346C4F739F8C4F714
:108B7000BDF90646C3F7A0FE3A464346C3F706FFD3
:108B800002460B46DDE90001C3F748FD059A06F1F0
:108B90003003BBF1010F2F46137000F02183012534
:108BA000CDF800A0A846DDE9029A2BE070A00508E8
:108BB00048A005080000F03F00001C400000E03F16
:108BC00000002440000014404A46534620462946EF
:108BD000C4F706F8C4F78AF90646C3F76DFE4A469D
:108BE0005346C3F7D3FE08F101080B460246294657
:108BF0002046C3F713FD06F13003D84507F8013BC3
:108C000000F0EC82844B0022C3F7C0FE0022002358
:108C100004460D46C4F722F90028D5D00D9DDDF895
:108C200000A001353E46B4E00E9A002A40F0D880FC
:108C30000023109E0C9D0E931F4665B1089A002AD2
:108C400009DD0C99AA421346A8BF2B46C91AED1A92
:108C5000D31A0C910893109B53B10E9B13B1002EA5
:108C600040F0F7825146109A049802F0ABFC82461D
:108C70000498012102F0C2FB099B0090002B40F0F8
:108C8000BE81029B012B40F3D4810120089A10443D
:108C900010F01F0000F09B80C0F12003042B40F374
:108CA000E3810C9BC0F11C00034402440C93054477
:108CB00008920C9B002B05DD514604981A4602F0E1
:108CC000DBFC8246089B002B05DD009904981A46C0
:108CD00002F0D2FC0090119B002B40F07581BBF19B
:108CE000000F40F34C810E9B002B40F0A4800D9DA3
:108CF0000135DDF81480009CDDF81090012607E0B6
:108D0000514600230A22484602F0D6FA013682462E
:108D100021465046FFF700FCB34500F1300008F84B
:108D2000010BEDDCBBF1000F059BCCBF5E460126BD
:108D3000814603EB060B002451460122049802F001
:108D40009BFC0099824602F00FFD002840F3EE8163
:108D5000059A02E0934500F003825E460BF1FF3B6B
:108D600016F8013C392BF5D001338BF80030DDF8D3
:108D700010800099404602F095FA57B12CB1BC42E0
:108D800003D02146404602F08DFA0498394602F09D
:108D900089FA0498514602F085FA002333700A9B41
:108DA0001D60279B002B3FF48DAC05981E601DB005
:108DB000BDE8F08F2046C3F77FFD32463B46C4F73F
:108DC0004DF800287FF4D4AC631E0993D0E41C2333
:108DD0000C9A1A440C92089A1A441D44089268E7A7
:108DE000029A012A40F3AD81109B0BF1FF36B3428A
:108DF000C0F26981BBF1000FA3EB060680F2EF829F
:108E00000C9BA3EB0B056CE1C3F1200306FA03F006
:108E10007AE40125DFE400BF000024403946002346
:108E200004980A2202F048FA139B002B074640F3ED
:108E3000FF820D969B46002D05DD394604982A4693
:108E400002F01AFC0746099B002B40F0E681B84669
:108E5000059E731E03EB0B04069B03F00103CDE993
:108E60000B43049C00995046FFF756FB3946834656
:108E7000504602F079FC009905464246204602F031
:108E800095FCC3680BF130090146ABBB0990504615
:108E900002F06AFC09990890204602F003FA089A49
:108EA000002A54D1029B1BB90C9B002B00F0AE8210
:108EB000002D3FDB0B9BB3469E420BF8019B00F05D
:108EC000C381514600230A22204602F0F5F94745A6
:108ED000824639464FF000034FF00A02204630D058
:108EE00002F0EAF94146074600230A22204602F032
:108EF000E3F95E468046B5E7049802F0D3F9002D09
:108F000006DB069B03F00102029B1D432A4329D185
:108F100051460122049802F0AFFB0099824602F00C
:108F200023FC002840F3F680B9F1390F00F04982A4
:108F30000BF131090D9D06F8019B3C460135474672
:108F400015E702F0B9F95E46074680468AE7002D2C
:108F5000C0F29382029B1D430C9B1D4300F08D8247
:108F6000002AA7DDB9F1390F00F02B820D9D09F120
:108F700001033C4606F8013B01354746F7E6029BF4
:108F8000022B7FF7B0AEBBF1000F40F025810099B6
:108F900004985B46052202F08FF901460090504686
:108FA00002F0E2FB002840F31781059E0D9D31235E
:108FB00006F8013B01350099049802F073F9013578
:108FC000002F7FF4E2AEE4E60099504602F0CCFBBD
:108FD0000028BFF684AE5146002304980D9C0A2257
:108FE00002F06AF90E9B661E8246002B7FF416AFD4
:108FF000139B002B40F311820D9D9B4679E60146A1
:109000001A46049802F0DEFA029B0090012B6EDDF6
:1090100000230993009A136902EB8303186902F095
:109020009BF9C0F1200031E6984B05930333FFF71D
:10903000EDBB069B002B7FF428AEDDE90612C2F3E0
:109040001303002B7FF421AE914B134033B10C9BE3
:1090500001330C93089B013308930123099A099368
:10906000002A3FF412AED5E73FF423AEC0F13C0333
:10907000AEE601230E930B9B0D9A134403F1010BF3
:109080005E46012E1393B8BF0126172E40F3F981D7
:10909000012204235B0003F11400B042114602F1E7
:1090A0000102F7D9049BD96304E401230E930B9EBC
:1090B000002E36DD1396B346E7E700230E93DAE77A
:1090C00000230E93F3E7109B099A1096F31A1A44A3
:1090D000089B09925B4408930C9B1D465B440C93D0
:1090E00000260498012102F089F90746A5E5069BB0
:1090F000002B8DD1DDE90601C1F313030A46002BD5
:10910000A2D0099086E79DED007B02278DED147BB0
:10911000FFF7FDBB7FF40EAF19F0010F7FF404AF32
:1091200008E701230B939B46FFF7BFBB03D119F060
:10913000010F7FF40DAE5E461BF8013D302BFAD0D7
:1091400015E6129A002A00F09C8003F23343089A35
:10915000109E1A4408920C9A15461A440C92C0E7C5
:10916000059A31230135137001E600F0FA800D9A5B
:10917000484B554205F00F0203EBC203D3E900232D
:10918000DDE90001C3F702FC2D11CDE9140100F067
:109190005881414E0023022780468946EA0709D5B7
:1091A000D6E9002340464946C3F7F0FB0137804625
:1091B000894601236D1006F10806EFD1002B7FF4DC
:1091C000BFABDDE91489FFF7BBBBC8F10103089011
:1091D0000C931190FFF758BB059EBBE4DDF800A08F
:1091E00002460B46C3F71CFA0D9DCDE9000101357F
:1091F00002460B46DDE90201A846C3F739FE40B935
:10920000DDE90023DDE90201C3F728FE18B1F30709
:1092100001D5059A35E43E46BBE57968049802F02D
:109220001BF80546002800F021813B6902339A00B3
:1092300007F10C010C30C3F753F9049829460122B9
:1092400002F01AFA804603E60D9D3C46013547467A
:1092500072E5049C39463246204602F0B3F9524684
:1092600001460746204602F0F7F851468046204660
:1092700002F018F8109B9B1BC24610933FF4F8AC09
:10928000F0E41A9BC3F1360361E700BFAC10050898
:109290000000F07F70A0050848A00508DDE916234E
:1092A000DDE91401C3F772FB059B1C70189B012BB1
:1092B000CDE90E0100F0C380189F059B12961F4454
:1092C0007A4B002240464946C3F760FB0D460446F0
:1092D000C3F70CFE8146C3F7EFFA09F130090246E5
:1092E0000B4620462946C3F799F906F8019BBE4272
:1092F00080468946E4D1129D6D4B0022DDE90E01C6
:10930000C3F78EF902460B4640464946C3F7CEFDE9
:1093100000286CD1DDE90E2365490020C3F77EF9F2
:1093200002460B4640464946C3F7A2FD80B91B9B47
:10933000002BFFF67DAC0D9B0E2B3FF779AC5D4B00
:109340000D9A03EBC20393ED007B8DED027B06E4E7
:109350003E46013F16F8013C302BF9D0199D0135EE
:1093600017E5DDE900890227FFF7EABABBF1000F34
:109370003FF49DAB139C002C7FF7C2AB0D9B013BD0
:109380000022404649461993484BC3F7FFFA8046EE
:109390008946781CC3F790FA42464B46C3F7F6FA63
:1093A000454B0022C3F73CF9A1F15073CDE91401FC
:1093B00018941593FFF7E6BA08F101083123FFF777
:1093C00067BB0D9D059AB34639233C460BF8013B1C
:1093D00001354746C1E4002300931F46E5E5089B9D
:1093E0005B4408930C9B1D465B440C9379E6199BE8
:1093F000059A03F10108FFF744BBDDF850A0ADE783
:10940000DDF850A0DDF858B0FFF77ABBB9F1390F9D
:10941000D7D0002D3FF78CAD8CE5029B022B03DCEF
:109420000D9DDDF84CB064E4DDF84CB00D96AAE576
:10943000029B022BF8DCDDF84CB00D96FBE43746BE
:109440005AE7DDE914890227FFF77ABA049B002561
:10945000DD632946184601F0FFFE0590D0B9174B91
:109460001748002240F2AF11FEF742FF134B144899
:109470002A4640F2EF21FEF73BFF002A3FF748ADB6
:1094800058E5049B0021D963FFF714BA0D4B0593EF
:10949000FFF718B9DDE904329A634FF0FF33012278
:1094A0000B9513930E929B46FFF72ABB00002440B6
:1094B0000000E03F70A0050800001C40B010050847
:1094C000C4100508A0100508154B1B68834225D061
:1094D000416C70B5054681B100268C593CB12146DE
:1094E0002468284600F0BEF9002CF8D1696C0436D7
:1094F000802EF2D1284600F0B5F9A96B11B12846AB
:1095000000F0B0F9E96C11B1284600F0ABF96B6BD3
:109510001BB12846BDE87040184770BD704700BFBA
:10952000F8070010024A0349034800F08BBB00BF54
:1095300020090010F9AF0408000800100C4B416826
:10954000994210B5044601D001F056FDA168094BBF
:10955000994202D0204601F04FFDE168064B994246
:1095600004D02046BDE8104001F046BD10BD00BF4C
:10957000902E0120F82E0120602F01202DE9F843C4
:10958000314A324C3249DFF8DC90DFF8DC80314F71
:109590001160002504232946082204F15C00C4E977
:1095A00003352D4EA560C4E90055C4E9055565662F
:1095B000FEF7BEFE04F15800C4E90749C4E9098773
:1095C000E662C5F7D1FD2946244B6367082204F102
:1095D000C400C4E91A55C4E91E552567C4F8CC5027
:1095E000C4F88050FEF7A4FE04F1680304F1C00043
:1095F000C4F88430C4E92298C4E92476C5F7B4FDE0
:10960000174BC4F8DC30294604F596700822C4E9EB
:109610003455C4E93855C4F8D850C4F83451C4F8A6
:10962000E850FEF785FE04F1D003C4E93D87C4F895
:10963000F09004F59470C4F8FC60C4F8EC30BDE818
:10964000F843C5F791BD00BFC82F0120902E01201F
:1096500025950408A99B0408CD9B04080900010076
:1096600012000200459B0408699B040810B50446DB
:109670000A48C5F797FD636B23B9094B094A1B6874
:10968000626323B1BDE810400448C5F7A7BDFFF7EA
:1096900075FFBDE810400148C5F7A0BDAC0D012025
:1096A000C82F01203D9504080148C5F77BBD00BFC8
:1096B000AC0D01200148C5F791BD00BFAC0D0120E4
:1096C0000CB410B51F4B00291C689CB035DB4FF45F
:1096D0000273ADF81430029006901FAB18D0013918
:1096E0004FF6FF7204910791ADF8162002A91E9A59
:1096F00001932046FCF7B4FC421C01DA8B23236063
:10970000029B00221A701CB0BDE8104002B07047E6
:109710004FF6FF7204910791ADF8162002A91E9A28
:1097200001932046FCF79CFC431C01DA8B23236049
:109730001CB0BDE8104002B070478B2323604FF08F
:10974000FF30F5E7F807001070B555EC104B0646F2
:10975000134825F000430021834231601DD8204684
:1097600018431AD00F4828402A4658B90E4B0022F9
:1097700020462946C3F70AF90A4621F00043044669
:109780006FF035011B156FF31E52A3F2FE3342F04A
:109790007F550B4445F40015336045EC104B70BD0C
:1097A000FFFFEF7F0000F07F000050432DE9F843FA
:1097B000064608208946FEF779FEDFF8A4800546B4
:1097C0003046FEF781FED8F808305F6827F00307BF
:1097D000A7F11104A4EB09042C44B4FBF5F4013CFB
:1097E00005FB04F4A54208DC0021304600F018FA1D
:1097F000D8F808303B44984205D03046FEF76AFE60
:109800000020BDE8F8836142304600F009FA0130DB
:109810000FD0114AD8F808303F1B47F001075F60AE
:10982000136830461B1B1360FEF754FE0120BDE891
:10983000F8830021304600F0F3F9D8F80820831AA5
:109840000F2BDADD43F001035360044B02491B6820
:10985000C01A0860D1E700BF542E01207402001026
:109860008002001000297CD02DE9F0410C46804692
:10987000FEF72AFE54F8043C754FA4F1080523F0C6
:1098800001016818BE684268864222F0030200F0B7
:109890008380DE07426000EB020C33D454F8084C9E
:1098A000DCF804302D1B2144AC6807F1080C64453A
:1098B00003F0010364D0D5F80CE0C4F80CE0CEF856
:1098C0000840002B00F0818041F001036B600160D3
:1098D000B1F5007F22D27868CB0801224909013313
:1098E0008A40024357F833107A6007EBC302083A04
:1098F000C5E9021247F83350CD604046BDE8F0415B
:10990000FEF7E8BDDCF80430DB072BD541F001039E
:10991000B1F5007F44F8043C0160DCD3B1F5206F61
:109920004FEA512353D28B0903F1390003F1380276
:10993000C300F818FB580838984203D161E09B68CF
:10994000984204D05A6822F003028A42F7D8D868B5
:10995000C5E902308560DD604046BDE8F041FEF7B4
:10996000B9BD7047114407F1080C836863453FD0C7
:10997000C268DA60936041F001036B606950A7E749
:10998000002B5FD10A44D0E90213CB60996042F00A
:1099900001036B60AA50B0E7DB070A4407D454F810
:1099A000083CED1A1A44D5E90213CB60996042F0E5
:1099B00001036B60274BBD601B6893429DD8264B0B
:1099C00040461968FFF7F2FE97E71144CDE7142BE4
:1099D00008D9542B1DD80B0B03F16F0003F16E0255
:1099E000C300A6E703F15C0003F15B02C300A0E73C
:1099F00041F00103C7E90455C5E902CC6B60695029
:109A00007BE779689210012404FA02F20A437A6033
:109A10009EE7B3F5AA7F06D8CB0B03F1780003F1DC
:109A20007702C30085E740F25452934206D88B0C6C
:109A300003F17D0003F17C02C3007AE74FF47E73EB
:109A40007E2276E741F001036B60016055E700BFBD
:109A50008002001078020010842E012040EA0103E9
:109A60009B0710B501D1032A17D8844601F1FF3EA8
:109A700007E01EF8011F03F8011B541E29B19C4684
:109A800022466346002AF4D110BD9444002CFBD03A
:109A900003F8011B6345FBD110BD8E468446DEF8FA
:109AA0000040A4F1013323EA040313F0803F714620
:109AB0000EF1040EDAD1043A032A4CF8044BEED826
:109AC0007146D3E738B5144B1F281D681ED8D5F84A
:109AD0001821044662B152F820304BB1012B05D059
:109AE000591C0FD0002142F820109847002038BDA3
:109AF000284600F093F8224601462846BDE8384043
:109B000000F076B816232B60012038BD16232B6099
:109B10004FF0FF3038BD00BFF80700100EB410B58D
:109B200083B005AB064C53F8042B01930146206823
:109B300000F080F903B0BDE8104003B0704700BFEB
:109B4000F807001010B50C46B1F90E1002F0C8FA73
:109B5000002803DB236D0344236510BDA38923F490
:109B60008053A38110BD00BF2DE9F0410C46B1F92F
:109B70000C101F46CB05054616460BD421F4805128
:109B8000A1813B46B4F90E1032462846BDE8F041AB
:109B900000F07AB8B4F90E100223002202F08AFA1B
:109BA000B4F90C10EAE700BF10B50C46B1F90E107D
:109BB00002F080FAB4F90C30421C0EBF23F480533B
:109BC00043F480532065A38110BD00BFB1F90E108E
:109BD00001F0CEBF49B1FF2A02D80A7001207047B8
:109BE0008A2303604FF0FF3070470846704700BF7C
:109BF00070B50C46084D03460026204611461C460B
:109C00002E60C5F729FA431C00D070BD2B68002BCD
:109C1000FBD0236070BD00BF8C2E0120C5F71ABA9F
:109C200038B5074D0022044608462A60C5F74CFAAD
:109C3000431C00D038BD2B68002BFBD0236038BDFF
:109C40008C2E01202DE9F8430746884616464FF032
:109C50000009D6E90154013D10D4A389012B08D98C
:109C6000B4F90E3001332146384602D0C04749EAE4
:109C70000009013D6B1C04F16804EED13668002E2A
:109C8000E7D14846BDE8F88338B50C46084D844610
:109C9000114620461A4600232B606446C5F7F8F9A2
:109CA000431C00D038BD2B68002BFBD0236038BD8F
:109CB0008C2E01202DE9F04F9368176883B09246EF
:109CC000002B74D04FF0000B8B680A6881460C465D
:109CD0005D4645E0B4F90C3013F4906F2CD0D4E914
:109CE0000401161A01EB410202EBD272711C5210F0
:109CF0002944914292BF904688460A465B0539D571
:109D000011464846FDF782FF019000283DD03246BB
:109D10002169C2F7E5FBA289019B22F4906242F01F
:109D20008002A2819819A8EB0606A660C4F81480E8
:109D300023612060A8462E4632465946FEF758FA5F
:109D4000DAF80810A3682268A3EB08033244491B21
:109D5000A3602260CAF8081049B3D7E900B50837F4
:109D600098461046002DF8D09D421E46B2D2A84615
:109D70002E46E1E70146484601F0D2FF034600289F
:109D8000D0D121694846FFF76DFDA3890C2243F02D
:109D90004003C9F800204FF0FF30A38100220023C8
:109DA000CAF80820CAF8043003B0BDE8F08F0020DC
:109DB0000023CAF8043003B0BDE8F08F2DE9F84F56
:109DC0004B6E9C0490462ED5936812684BB30D469B
:109DD000064602F1080959E9022A5FEA9A0716D0F5
:109DE000A2F1040B002401E0A7420ED05BF8041F8F
:109DF0002A46304602F0C8F9431C04F10104F3D1AD
:109E00000023C8E90133BDE8F88FD8F808302AF0FC
:109E1000030AA3EB0A03C8F8083009F10809002B6C
:109E2000D9D10020ECE702F0DFF90023C8E90133C3
:109E3000BDE8F88F2DE9F04FC7B016AFCDE9052189
:109E400083460822002138461C460A93FEF770FA22
:109E5000BBF1000F04D0DBF83430002B00F0E286B9
:109E6000069A536EB2F90C20DE0702D4950540F134
:109E70000E86900407D406994B6E42F4005223F4E8
:109E800000538A814B66110740F1C880069B1B690D
:109E9000002B00F0C38002F01A030A2B00F0CD80E3
:109EA0000023CDE91B33CDE90E331DAADFF8F4A85A
:109EB0000D931A92914610930793059DDAF8E440AA
:109EC000FEF7EAFA009703462A4614A95846A04727
:109ED000002800F0D180C0F2C780149A252A0346DA
:109EE00001D01D44EAE7059BEE1A044640F0C88005
:109EF00000234FF0FF3269788DF84B3008936C1CCB
:109F0000049202930134A1F120035A2B00F2FE8047
:109F1000DFE813F00A03FC00FC000403FC00FC0073
:109F2000FC006A00FC00FC000F023603FC001A0271
:109F30001A03FC0014035B005B005B005B005B002A
:109F40005B005B005B005B00FC00FC00FC00FC00B5
:109F5000FC00FC00FC00FC00FC00C5015A02FC00F7
:109F6000FC00FC00FC00FC00FC00FC00FC00FC0011
:109F7000FC002002FC00FC00FC009E01FC007302BF
:109F8000FC00FC000306FC00FC00FC00FC00FC00E4
:109F9000FC00FC00FC00FC00FC00C501EA01FC0028
:109FA000FC00FC00C102EA017E00FC00FB02FC0098
:109FB000EC022606CA027E00FC009E017C00000620
:109FC000FC00FC002A06FC007C00A1F1300300220A
:109FD00014F8011B02EB820203EB4202A1F13003F1
:109FE000092BF5D908928EE75846FEF75BFA4368CD
:109FF00010931846C2F744F80F9005465846FEF7EE
:10A0000051FA83680E93002D40F06A85217879E734
:10A01000029B217843F02003029373E7069D584684
:10A02000294601F049F8002840F0DA86B5F90C20FD
:10A0300002F01A030A2B7FF433AF0699B1F90E3000
:10A04000002BFFF62DAF4B6EDE0702D4950540F1D5
:10A050008E86DDE905212346584600F0EFFE079085
:10A06000079847B0BDE8F08F082200213846FEF778
:10A070005FF901231D4421E7059BEE1A044612D027
:10A08000059B1C9AC9E900361B9B01333244072B00
:10A090001C921B9311DC09F10809079B33440793B9
:10A0A000002C7FF425AF1C9B002B40F07C86069B88
:10A0B0000022B3F90C301B921CE0002A00F041840E
:10A0C00006991AAA5846FFF779FE80B90DF174096E
:10A0D000E3E706991AAA5846FFF770FE002800F039
:10A0E000A2800B9B1BB10B995846FFF7BBFB069B4D
:10A0F000B3F90C30069A526ED10740F19F805B068F
:10A1000000F17A86079847B0BDE8F08F05940029E2
:10A11000C9D000238DF84B3001238DF8B410039380
:10A1200009932DAC00230B9304939846DDE91B2C77
:10A13000029B501C13F0840301460C9305D1089B2D
:10A14000039D5D1B002D00F349839DF84B308BB1BF
:10A1500001230CF1010CC9F8043007290DF14B0360
:10A16000CDE91B1CC9F8003000F3F8820A4609F15A
:10A1700008090131B8F1000F1DD013AB0CF1020C2E
:10A18000C9F8003007294FF00203CDE91B1CC9F8BC
:10A19000043040F30083BCF1000F00F052840699B4
:10A1A0001AAA5846FFF70AFE00289AD1DDE91B2CAF
:10A1B0000DF17409511C0C9B802B00F02582049B2F
:10A1C00009981D1A002D00F37C82099AC9F80040F5
:10A1D00002EB0C030729CDE91B13C9F8042040F357
:10A1E0001082002B00F0448306991AAA5846FFF704
:10A1F000E5FD00287FF475AF1C9B0DF17409029AF0
:10A20000500705D5089A0399541A002C00F33B8394
:10A21000DDE9072103988142ACBF5218121807925A
:10A22000002B7FF456AF00231B930B9B1BB11946E9
:10A230005846FFF717FB0DF174093EE69A053FF506
:10A240005EAF069CA06DC4F7C9FFB4F90C3056E7A9
:10A250000A9E059456F8044B00238DF84B30002CD1
:10A2600000F0F884532900F09C84029B13F0100541
:10A2700040F09784049B002BC0F282851A46294641
:10A280002046C2F7DDF80B90002800F07585031B0F
:10A29000099323EAE3730B95039300F039BD0A9BFE
:10A2A0000594432903F1040503D0029BDC0640F129
:10A2B0005F840822002118A8FEF73AF80A9B2DAC0B
:10A2C0001A68214618AB5846FEF784F80346013356
:10A2D000099000F07D85099B23EAE3730393002333
:10A2E0000A958DF84B301DE7029B0594980673D5AF
:10A2F0000A9B073323F0070319465A6851F8083BB5
:10A300000A911146002AC0F24081049A002AC0F244
:10A310004981029A22F08002029253EA010240F03F
:10A320004181049B002B40F03C850393099346AC8C
:10A330004AE10A9B53F8042B0892002A80F29F837B
:10A34000089A0A9352420892029B217843F0040330
:10A350000293D7E5029B059443F0100111F020020F
:10A3600000F0F2820A9B073323F0070318465A686D
:10A3700050F8083B0A9021F480640294049C002069
:10A3800084428DF84B0063DB53EA020421F49061B0
:10A3900040F04684029A0291049B002B50D1002881
:10A3A00040F0688312F00102099200F06C833023C0
:10A3B0008DF817319DF84B3003920DF21714002BD6
:10A3C00040F007810B9309E1029B059443F01003D1
:10A3D0000293029B98068BD402990A9AC90652F8F6
:10A3E000043B00F18C8302994E0640F1468443F30E
:10A3F000C0310A921BB20A4684E7029B059443F0DF
:10A40000100212F0200100F0AE820A9B073323F005
:10A4100007031846596850F8083B0A9000208DF849
:10A420004B0004980028C0F2B28222F08000029013
:10A4300053EA010040F0B680049B0120002BAED00F
:10A44000012800F0AE84002302281A4600F0AF81F4
:10A4500046AC03F00701DB0843EA4273D20830310F
:10A4600053EA0205204604F8011DF2D1029BDD07E4
:10A4700040F1AB81302900F0A8813023049A04F820
:10A48000013C023846AB1B1A9A42B8BF1A460993E0
:10A490000446039298E02178029B682900F0CE835D
:10A4A00043F0400302932DE5029B0A9A059443F082
:10A4B0000203029352F8043B0A9247F63002ADF8C9
:10A4C0004C20B74A0D92002200218DF84B100499C0
:10A4D0000029C0F26C81029C53EA020024F0800142
:10A4E00040F0648122460291022055E7029B0594C8
:10A4F0009C0640F1E0820A9B079A1B681A60D217FB
:10A500005A600A9B04330A93D7E42178029B6C2992
:10A5100000F08D8343F010030293F3E4029B217853
:10A5200043F001030293EDE49DF84B302178002BBA
:10A530007FF4E8AC20238DF84B30E3E4029B2178D4
:10A5400043F080030293DDE4204610F8011B2A2922
:10A5500000F05F84A1F13003092B98BF002200F2C4
:10A560001B8410F8011B02EB820203EB4202A1F1F3
:10A570003003092BF5D942EAE27304930446C2E49E
:10A580002B2321788DF84B30BCE42D228DF84B2005
:10A59000049A5B4261EB4101002A03DB029A22F03C
:10A5A000800202920A2B71F1000280F0F6813033B2
:10A5B000DBB28DF81731049B012BB8BF0123039345
:10A5C000012309930DF217149DF84B30002B3FF433
:10A5D000F9AE00230B93039B01330393029B13F00B
:10A5E00002083FF4A3AD039B023303934FF002082C
:10A5F0009CE5099B1D9401221E931C931B920DF157
:10A60000740909F10809FAE5089B03981D1A002D41
:10A610007FF7D5AD102D40F3F483DFF88C814146F0
:10A620006346A046CC461026DDF818900C4606E09E
:10A63000901C0CF1080C0A46103D102D1ADD511C1F
:10A6400010330729CCE90046CDE91B13F0DD1AAA27
:10A65000002B7ED049465846FFF7B0FB00287FF418
:10A6600040ADDDE91B23103D102D02F101000DF17D
:10A67000740CE4DCE1469C46234644469846AC44D0
:10A680000728CDE91B0CC9F80080C9F8045040F335
:10A690000682BCF1000F00F0478306991AAA5846BB
:10A6A000FFF78CFB00287FF41CAD049B0998DDE9C3
:10A6B0001B2C1D1A002D02F101010DF174097FF709
:10A6C00084AD102DDFF8E08030DD63461026CC46E7
:10A6D000A9462546069C08E0911C0CF1080C024690
:10A6E000A9F11009B9F1100F1CDD501C2E491033CF
:10A6F0000728CCE90016CDE91B03EDDD1AAA1BB330
:10A7000021465846FFF75AFB00287FF4EAACDDE902
:10A710001B23A9F11009B9F1100F02F101010DF18C
:10A72000740CE2DC2C464D46E1469C46AC440729BD
:10A73000CDE91B1CC9F80080C9F8045000F3EE8075
:10A7400009F10809013140E501211A460DF1740CA7
:10A75000C6E701201A460DF1740C6DE7BCF1000F3D
:10A760000DD006991AAA5846FFF728FB00287FF457
:10A77000B8ACDDE91B2C0DF17409511CFAE4B8F1F9
:10A78000000F00F0C18102231E939C4613AB1D9362
:10A7900001210DF174090A4609F1080901310AE5A0
:10A7A000E80F05088C06001018A0050802910D9806
:10A7B00046AC03F00F011B09415C04F8011D43EA9C
:10A7C0000273120953EA0201F3D1049A46AB1B1B30
:10A7D0009A42B8BF1A4609930392F5E6102D40F34A
:10A7E000D8824946CDF84480A146BB4EDDF818809A
:10A7F0001023644607E002F1020E08310246103DC4
:10A80000102D1ADD501C10340728C1E90063CDE972
:10A810001B04F0DD1AAA4146584624B3FFF7CEFACE
:10A8200000287FF45EACDDE91B24103D102D02F101
:10A83000010E1DA94FF01003E4DCDDF84480A446AE
:10A840004C468946AC44BEF1070FCDE91BECC9F874
:10A850000060C9F8045000F3FA8009F108090EF10C
:10A860000101724671E422464FF0010E1DA9C6E7B0
:10A87000029A1B93540748D5089A0399541A002C3E
:10A8800043DD0DF17409102C1B9940F39682924E12
:10A89000DDF81880102506E0881C09F1080911462A
:10A8A000103C102C19DD4A1C1033072AC9E9006539
:10A8B000CDE91B23F0DD1AAA13B341465846FFF732
:10A8C0007DFA00287FF40DACDDE91B13103C102C41
:10A8D00001F101000DF17409E5DC23440728C9E901
:10A8E0000064CDE91B037FF793AC73B106991AAAF4
:10A8F0005846FFF763FA00287FF4F3AB1C9B87E40C
:10A90000012019460DF17409CAE7DDE90732039900
:10A910008A42ACBF9B185B18079384E4BCF1000F1C
:10A920003FF467AE06991AAA5846FFF747FA00287F
:10A930007FF4D7AB1B99DDF870C001310DF17409BC
:10A9400043E41B92FFF7C2BB0A9811F0100450F8C1
:10A95000043B40F0AE8011F0400500F0A6809BB2B1
:10A9600022460A9007E50A9812F0100450F8043BBA
:10A9700005D112F0400500F077819BB221460A9084
:10A9800000208DF84B0004980028BFF64EAD0A2B2E
:10A99000029271F10002FFF40AAE029ACDF80C9017
:10A9A00046AC02F48062A146CDF824B04B4EDDF8EF
:10A9B00038B04FF0000C144605E00A2B71F100018D
:10A9C00037D3434629465A1842F10002A6FB020536
:10A9D00025F0030000EB9500121A981A4FF0CC35C1
:10A9E00061F1000E05FB00F506FB0E55A0FB06808D
:10A9F000054408F0010E0520AEFB000E80184FEA5A
:10AA00005808303009F8010C48EAC5780CF1010CFF
:10AA100009F1FF396D08002CCFD09BF8002062456A
:10AA2000CBD1BCF1FF0FC8D00A2B71F1000180F02F
:10AA30005C81CDF838B04C46DDF824B0DDF80C90E0
:10AA4000C3E6012162460DF17409FFF7B4BBBCF106
:10AA5000000F00F0978006991AAA5846FFF7AEF942
:10AA600000287FF43EABDDE91B2C0DF17409511C6D
:10AA7000FFF76BBB049B0393099346ACA4E52178D5
:10AA80000A93FFF73FBA049B039346AC9CE5069DEF
:10AA9000A86DC4F787FBB5F90C20FFF7EAB909F1F7
:10AAA0000809411C0246FFF78ABB11F4007240F00E
:10AAB00044810A905FE4029BD80600F1C680029BA5
:10AAC000590600F14581029B9A0540F1BE800A9B20
:10AAD000079A1B681A7014E528A00508CDCCCCCCC9
:10AAE0000E9B2178002B3FF40DAA1B78002B3FF41E
:10AAF00009AA029B43F480630293FFF703BAD917B4
:10AB00000A920A46FFF7FEBB624601210DF1740965
:10AB1000FFF751BB029A059473E4A94B05940D937A
:10AB2000029B13F0200264D00A9B073323F0070333
:10AB300018465A6850F8083B0A90029CE6070AD566
:10AB400053EA020007D08DF84D1044F00201029143
:10AB500030218DF84C10029921F480610291B3E408
:10AB600002990594FFF7FABB964B05940D93D7E72E
:10AB70000A9B1B688DF8B4300123039309932DAC15
:10AB8000FFF7ADBB9DF84B30002B00F0DB800121BF
:10AB90000DF14B031E911D930DF174098C46FFF7C7
:10ABA000E5BA0822002118A81594FDF7C1FB049B03
:10ABB000002B6DDB0025CDF80C90A84699460EE0E1
:10ABC0002DA95846FDF706FC431C404400F00081C7
:10ABD000484509DC05F1040500F017818046159A07
:10ABE000525918AB002AEBD1DDF80C90CDF8248037
:10ABF0005CE0029C0A9814F0100450F8043B0DD15C
:10AC0000029A12F0400203D09BB222460A9094E7C7
:10AC1000029C14F4007440F08D8022460A908CE768
:10AC2000029115E45846FEF721FDFFF719B943F0EC
:10AC30002003617802930134FFF764B943F4007391
:10AC4000617802930134FFF75DB90A9B079A1B688C
:10AC50001A6056E4049B5C4C062B28BF0623CDE902
:10AC600009360393FFF75EBA12F400713FF487AE22
:10AC7000DBB229460A90FFF7D1BB02990A928D05F3
:10AC80004ABF43F3C011D9175BB20A46FFF73ABB7C
:10AC900018AB00930023194615AA5846FDF730FC5F
:10ACA00003460133099000F093801594099B63B328
:10ACB000632B53DC00230B932DAC0822002118A832
:10ACC000FDF736FB099D18AB009315AA2B462146CC
:10ACD0005846FDF715FC854240F0A680099A0023EE
:10ACE000A35422EAE273039312E00F9B1099A9EB9D
:10ACF00003091A464846FEF7B1FE9BF801300BB136
:10AD00000BF1010B4FF0000C5BE6099B03930B93D7
:10AD10009DF84B301BB100230A9604935BE4049327
:10AD20000A969846FFF702BA012162460DF17409AE
:10AD3000FFF745BADBB20A90FFE6DBB22A460A907B
:10AD4000FFF719BB624601210DF17409FFF712BA32
:10AD50000A9B079A1B681A80FFF7D3BB591C5846F9
:10AD6000FCF754FF0446002832D00B90A5E7886D0D
:10AD7000C4F734FAFFF76DB9049B03930993C7E74F
:10AD80002046C1F77DF920EAE07309900B95039303
:10AD9000BEE70E4E864655E5002304460493FFF7B2
:10ADA000B2B8302305E406991AAA5846FFF706F808
:10ADB00000283FF47CA9FFF79AB9044E481C8CE5A3
:10ADC000FC0F0508E80F05081010050828A0050865
:10ADD000069AB2F90C3043F040039381FFF78AB929
:10ADE000069B5B6EDB0707D4069B9B899F0503D4FC
:10ADF000069B986DC4F7F2F94FF0FF330793FFF706
:10AE000081B9DFF83480084639E4DDE9039309931A
:10AE10004CE70A9B617853F8042B0A9342EAE272EA
:10AE200004460492FFF76EB8069A938943F04003F4
:10AE30009381FFF756B900BF18A00508F0B51F466B
:10AE40008B89ADF26C4D23F00203ADF80C301AABD8
:10AE5000009304934FF48063029305934B6E199310
:10AE6000CB89ADF80E30CB6907934B6A0993154631
:10AE70000023064616A80C460693C4F775F92A4621
:10AE80003B4669463046FEF7D5FF051E07DB69469F
:10AE9000304600F01BFF002818BF4FF0FF35BDF80B
:10AEA0000C305B0603D5A38943F04003A3811698B9
:10AEB000C4F776F928460DF26C4DF0BD134B9C4655
:10AEC00010B503F5806E5CF8083F596821F0030166
:10AED0000F290C46D4BF00200120DCF80C309C4523
:10AEE00008D05A68DB6822F003029C45114400F147
:10AEF0000100F6D10CF1080CE645EED1044B1A68BE
:10AF00005860521AC3E907215C6210BD800200102C
:10AF1000542E012070B50C4C054608460E46FDF730
:10AF2000D3FAFFF7CBFF0FCCAC46ACE80F000FCC49
:10AF3000ACE80F0094E803008CE803003046FDF70E
:10AF4000C9FA284670BD00BF542E01202DE9F843F0
:10AF50001B4D0646286898460F469146C4F722F9CD
:10AF6000184B1C681CB3286865681F2D22DC4EB97D
:10AF70006B1C0235636044F82570C4F72FF900207C
:10AF8000BDE8F88304EB85010123C1F88890D4F86B
:10AF90008821AB401A43022EC4F88821C1F80881E9
:10AFA000E6D1D4F88C211A43C4F88C21E0E7064C92
:10AFB0001C60D8E7C4F712F94FF0FF30E0E700BF9C
:10AFC00088060010882E0120CC2F012082B049B1C4
:10AFD0005AB16BB113780B601278101E18BF0120A4
:10AFE00002B0704701A9002AF3D1104602B07047A1
:10AFF0006FF00100F4E700BF70B500293FD00646AE
:10B000000C4610B1436B002B3CD0636EB4F90C209E
:10B01000DD0732D4900538D52146304600F0BAFD20
:10B02000E36A054633B1E169304698470028B8BF66
:10B030004FF0FF35A3891A0639D4216B41B104F1D1
:10B040004003994202D03046FEF70CFC00232363F4
:10B05000616C21B13046FEF705FC00236364FEF706
:10B0600023FB636E0022DB07A2811CD5A06DC4F711
:10B0700097F8FEF71FFB284670BD002ACCD10025AB
:10B08000284670BDFEF7F2FABFE7A06DC4F78AF854
:10B09000B4F90C30002BBFD1636ED907EFD4A06D8B
:10B0A000C4F79CF8EBE7A06DC4F798F8DEE72169D8
:10B0B0003046FEF7D7FBC0E738B52F4B1B68054677
:10B0C0000C4613B15A6B002A4BD0B4F90C30180758
:10B0D0001CD5226922B313F0010107D06169002059
:10B0E0004942A060A1613AB1002038BD980758BF1D
:10B0F0006169A160002AF7D1190658BF1046F4D53E
:10B1000043F04003A3814FF0FF3038BDD9062CD562
:10B110005A0712D4226943F00803A381002ADAD126
:10B1200003F42071B1F5007FD5D02146284600F008
:10B1300025F8B4F90C302269CDE7216B51B104F147
:10B140004002914204D02846FEF78CFBB4F90C3043
:10B150000022226322690021C4E9002123F0240394
:10B16000D9E71846FEF782FAAFE7092243F0400319
:10B170002A60A381C7E700BFF80700102DE9F0415E
:10B18000B1F90C300C46990796B008D504F1430389
:10B190000122C4E90432236016B0BDE8F081B4F99D
:10B1A0000E100029064626DB6A4600F05BFF0028E9
:10B1B0001FDB019D05F47045A5F50055B5FA85F531
:10B1C0004FF480686D094FF4006741463046FCF744
:10B1D0001DFDE8B1B4F90C30C4F8148043F08003CD
:10B1E00020602061A3813DBB3B43A38116B0BDE835
:10B1F000F081B4F90C3013F0800519D04FF04008FD
:10B200000025414630462F46FCF700FD0028E1D1DD
:10B21000B4F90C309A05BFD423F0030304F14302C0
:10B2200043F002030121C4E90421A3812260B3E7B2
:10B230004FF480682F46C8E7B4F90E10304600F08E
:10B2400027FF10B9B4F90C30CEE7A38923F003032C
:10B2500043F001031BB2C7E7436C70B505460C46CB
:10B260004BB153F8240080B1026843F82420002336
:10B27000C0E9033370BD2122042100F0B3FB034673
:10B2800068640028EDD1002070BD012101FA04F6A8
:10B29000721D9200284600F0A5FB0028F3D0C0E9FB
:10B2A0000146E4E731B1436C4A6853F82200086074
:10B2B00043F82210704700BF2DE9F0410D690746A1
:10B2C0000E461C4601F1140E0020DEF800108BB271
:10B2D00002FB03434FEA134C090C02FB01CC013083
:10B2E0009BB203EB0C4385424EF8043B4FEA1C44EF
:10B2F000EBDC3CB1B368AB4207DD06EB85030135FF
:10B300005C6135613046BDE8F081716838460131D5
:10B31000FFF7A2FF8046A8B13269023206F10C01A4
:10B3200092000C30C1F7DCF87B6C726853F8221085
:10B33000316043F82260464606EB850301355C61C7
:10B340003561DFE7024B03484246BA21FCF7D0FFE4
:10B35000B010050820110508B0F5803F034636BF40
:10B36000030400201020B3F1807F3CBF1B02083093
:10B37000B3F1805F3CBF1B010430B3F1804F03D3B6
:10B38000002B06DB013070479B0003D45B0003D425
:10B39000202070470230704703307047036813F075
:10B3A0000702014607D0DA071FD4980721D55B08AA
:10B3B0000B600120704798B2A0B11046DAB20AB90A
:10B3C00008301B0A1A0704BF1B0904309A0704BF80
:10B3D0009B080230DA0703D45B0800F1010006D0B5
:10B3E0000B6070471B0C1020E8E7002070472020FE
:10B3F00070479B080B600220704700BF38B5436C54
:10B4000004460D464BB15868B0B102685A6000223C
:10B410000123C0E90323456138BD2122042100F046
:10B42000E1FA034660640028EDD1094B0948002287
:10B4300040F24511FCF75CFF1C220121204600F080
:10B44000D1FA0028F1D001220223C0E90123DEE76E
:10B45000B0100508201105082DE9F04FD1F8108033
:10B460001569A84585B00E46924605DB2A46534627
:10B4700045468A4690461E46DAF80830DAF8041047
:10B4800005EB0804A342B8BF0131FFF7E5FE84468F
:10B49000002800F08B8000F1140707EB840E77453D
:10B4A00005D23B46002243F8042B9E45FBD81436B8
:10B4B00006EB88080AF11409464509EB850566D2B2
:10B4C000A5EB0A03153B23F003030AF1150A043325
:10B4D00055452CBF9B464FF0040BCDF808E0039474
:10B4E000AE46E24605E0090C2AD1B04507F1040753
:10B4F0004AD956F8041B8DB2002DF4D0CC463C46F8
:10B50000002301965CF8040B216886B28AB2000C15
:10B5100005FB0622090C1A4405FB001101EB124140
:10B5200092B242EA0142E64544F8042B4FEA114345
:10B53000E8D8019E47F80B3056F8041C090CD4D00B
:10B540003B68002248461D463C469446028801FB63
:10B5500002C202EB15429BB243EA024344F8043BA9
:10B5600050F8043B25684FEA134CABB201FB0C3397
:10B5700003EB124370454FEA134CE7D3B04547F84D
:10B580000B3007F10407B4D8DDE902E4D446002CFF
:10B5900002DC05E0013C03D05EF8043D002BF9D04D
:10B5A0006046CCF8104005B0BDE8F08F034B04486E
:10B5B00062464FF4B171FCF79BFE00BFB010050866
:10B5C0002011050812F003032DE9F0411446074647
:10B5D0002CD10D46A4101CD03E6C86B3E3074FF06F
:10B5E000000806D4641014D03068A8B10646E307FA
:10B5F000F8D5324629463846FFF72EFF35B17B6C29
:10B60000696853F821202A6043F8215064100546E8
:10B61000EAD12846BDE8F081324631463846FFF788
:10B620001BFF3060C0F800800646E0E7013B0F4A90
:10B6300052F823200023FFF73FFE0546CAE7012109
:10B640003846FFF709FE064640B1012340F2712259
:10B65000C0E90432002338640360BFE7044B0548A7
:10B66000324640F24511FCF743FE00BF38A0050802
:10B67000B0100508201105082DE9F0470C4690464A
:10B680002769A368496807EB62177D1C9D4206463F
:10B690004FEA621904DD5B009D4201F10101FADC11
:10B6A0003046FFF7D9FD8446002851D0B9F1000F8C
:10B6B00000F114000EDD09F105024FEA820E034687
:10B6C0000CEB8202002143F8041B9342FBD1AEF144
:10B6D00014031844216904F1140318F01F0803EB44
:10B6E00081012DD0C8F1200986464FF0000A1A6862
:10B6F00002FA08F242EA0A024EF8042B53F8042B2D
:10B70000994222FA09FAF2D80B1B153B23F00303E6
:10B71000043304F11502914238BF042340F803A01A
:10B72000BAF1000F00D13D46736C6268CCF810503E
:10B7300053F822102160604643F82240BDE8F087AC
:10B74000043853F8042B40F8042F9942F9D8EAE75B
:10B75000034B044862464FF4EF71FCF7C9FD00BF8C
:10B76000B0100508201105080B6984460069C01A4D
:10B7700016D10CF1140C14310CEB830210B401EB54
:10B78000830301E0944508D252F8044D53F8041D98
:10B790008C42F7D005D24FF0FF305DF8044B704774
:10B7A000704701205DF8044B704700BF2DE9F04F52
:10B7B00015460A692B69D21A002A83B0884640F0E0
:10B7C000878001F1140605F1140101EB830106EBFA
:10B7D000830301E09E427ED253F8044D51F8042DBC
:10B7E0009442F7D075D32B460024454698466968A5
:10B7F000FFF732FD8146002800F089802E69C46081
:10B80000D8F8100005F1140B08F1140E09F1140A10
:10B8100005F110020EEB80000BEB860157464FF04E
:10B82000000CCDF804B05EF8044B52F8045F1FFA28
:10B8300084FBABB2A3EB0B03240C6344C4EB1544B1
:10B8400004EB23449BB243EA0443704547F8043BAE
:10B850004FEA244CE7D8A0EB080208F11508404550
:10B86000A2F1150234BF0020012092080028DDF863
:10B8700004B002F101044FEA840408BF04240BEB76
:10B880000405A942544433D92746284650F8043BBE
:10B890001CFA83FE1A0C634402EB2E429BB243EA6D
:10B8A0000243814247F8043B4FEA224CEED801396B
:10B8B000491B21F003010C4423B954F8043D013E17
:10B8C000002BFAD04846C9F8106003B0BDE8F08FED
:10B8D00089DA01248BE70021FFF7BEFC814678B1AD
:10B8E00001220023C0E90423484603B0BDE8F08FDD
:10B8F00000284FEA820208BF00220AEB0204DBE7BD
:10B90000064B07484A4640F23721FCF7F1FC034B4F
:10B9100003484A4640F24521FCF7EAFCB01005080E
:10B92000201105082DE9F0430E4683B0012159ECA2
:10B93000108B1546FFF790FC0446002846D0C9F34B
:10B940000A57C9F313030FB143F480130193B8F1FD
:10B95000000313D101A8FFF721FD019B63610122C0
:10B96000203022610FB3A7F233470744C0F13500FE
:10B9700037602860204603B0BDE8F0836846009336
:10B98000FFF70CFD019BF8B10099C0F1200203FA0A
:10B9900002F2C3400A430193002B62610CBF0122F3
:10B9A0000222A3612261002FDDD104EB8203A0F209
:10B9B000324030601869FFF7CFFCC0EB42102860BE
:10B9C000204603B0BDE8F083009AE5E7034B044846
:10B9D000224640F20F31FCF78BFC00BFB010050887
:10B9E0002011050838B5A1FB021454BBFCF70EF971
:10B9F000054650B350F8042C22F00302043A242ADE
:10BA000010D8132A13D91B2AC0E9004416D9242AB6
:10BA1000C0E902440ABFC0E9044400F1100200F189
:10BA2000180205E02146FCF783FC284638BD024693
:10BA30000023C2E900339360284638BD00F10802B4
:10BA4000F6E7FAF707FB0C2303600025284638BD0C
:10BA50002DE9F04F8BB0DDE9157A86461E46002FA2
:10BA60005AD0156800295CD0149B002B69D0741E35
:10BA70004EB3043DCDE9015EDDF850B004910026DF
:10BA8000039105920BE0039B0BBB019B18680028F8
:10BA900036D0DC4557D2013C631C664613D0019B6F
:10BAA000029853F8042F0193DAF8E0503B4607A9B7
:10BAB000D7E90098A847421C37D000EB060CDC45BC
:10BAC000E1D9C7E9009830460BB0BDE8F08F0028F7
:10BAD0000EDD049B019D18445A1E07A900F1FF3E8C
:10BAE00011F8013B02F8013F7245F9D1019504902C
:10BAF000059B1A6804321A60019B18680028C8D197
:10BB00000399059A01B110600CF1FF36002230460E
:10BB10003A600BB0BDE8F08F156800F58677002914
:10BB2000A2D14FF0FF331493A1E7DDF808E00646F9
:10BB30008A2100223046CEF800103A600BB0BDE8F2
:10BB4000F08F149EBFE76646BDE700BF10B584B016
:10BB5000054C0698009007980190044800680294EC
:10BB6000FFF776FF04B010BD8C060010F807001038
:10BB700038B5074D0022044608462A60C3F796FAF6
:10BB8000431C00D038BD2B68002BFBD0236038BD90
:10BB90008C2E0120B1F90C202DE9F04116070C463E
:10BBA00080464ED4496842F400630029A38163DDD6
:10BBB000A56A002D42D0002112F48052D8F800600E
:10BBC000C8F80010E16964D101234046A847451C2C
:10BBD00002466ED0B4F90C30A56AE169580705D564
:10BBE0006368D21A236B0BB1E36BD21A0023404671
:10BBF000A847431C4FD1D8F80010B4F90C301D29C8
:10BC000040D8314ACA40D7073CD52269226023F484
:10BC10000062A281DD044FF00002626001D50029BC
:10BC200045D0216BC8F8006041B104F1400399424E
:10BC300002D04046FDF716FE002323630020BDE836
:10BC4000F0810E69002EF9D00D680E6092070CBFCE
:10BC50004B690023AD1B8B600BE02B463246E1693C
:10BC6000676A4046B847B0F1000CA5EB0C05664486
:10BC700006DD002DF1DCE1E7E16B002998DCDDE772
:10BC8000B4F90C3043F04003A3814FF0FF30BDE81E
:10BC9000F081226DA2E7B4F90C302269226023F40E
:10BCA0000062A281DB044FF000026260B9D520651A
:10BCB000B7E7D8F80030002B8CD01D2B01D0162B05
:10BCC000DED1C8F80060B9E70100402038B50C4665
:10BCD000054608B1436B03B3B4F90C0088B1636E39
:10BCE000DB0701D481050FD528462146FFF752FF17
:10BCF000636EDA07054602D4A3899B0508D528465A
:10BD000038BD0546284638BDA06DC3F74BFAEBE7B2
:10BD1000A06DC3F763FA284638BDFDF7A7FCDBE743
:10BD20002DE9F84F1646002900F096800C46804613
:10BD300006F10B05FCF7C8FB54F8041C162DA4F102
:10BD4000080921F0030758D81025AE4258D8AF4251
:10BD500060DABE4B9A6809EB070C6245DCF8040018
:10BD600000F0908020F0010363445B68DB0768D437
:10BD700020F003003B189D4247DDCB0712D454F856
:10BD8000083CA9EB030BDBF8043023F0030210445A
:10BD900000EB070A554540F3F68007EB020A5545CC
:10BDA00040F3CC8031464046FBF730FF0646002882
:10BDB00000F0208154F8043C23F001034B44A0F12F
:10BDC0000802934200F0B4803A1F242A00F2D78080
:10BDD000132A00F2A28003462246116819605168B6
:10BDE000596092689A6021464046FDF73BFD404607
:10BDF000FCF770FB3046BDE8F88F35F00705A4D599
:10BE00000C23C8F80030002618E01F46DCE90223A6
:10BE1000D3609A60D9F804307A1B0F2A03F001032B
:10BE200009EB07001DD83B43C9F80430436843F0D1
:10BE3000010343604046FCF74DFB26463046BDE813
:10BE4000F88FC907AED454F8083CA9EB030BDBF814
:10BE5000043023F00302A0E7BDE8F84F1146FBF7DA
:10BE6000D5BE09EB05012B4342F00102C9F80430AD
:10BE70004A60436843F00103436008314046FDF7E0
:10BE8000F1FCD7E720F00300C21905F1100C624560
:10BE900080F29180CA0785D454F8082CA9EB020BD4
:10BEA000DBF8042022F00302104400EB070AD4451B
:10BEB0003FF773AF5E46DBF80C1056F8080F3A1FD9
:10BEC000242AC160886000F2AE80132A40F2A98063
:10BED0002168CBF808106168CBF80C101B2A00F21F
:10BEE000A88008340BF1100221681160616851606C
:10BEF000A16891600BEB0501AAEB050242F001027B
:10BF000099604A60DBF8043003F001032B4340469C
:10BF1000CBF80430FCF7DEFA90E72368036063682F
:10BF200043601B2A3CD804F1080200F1080354E7DF
:10BF300050F8043C23F003031F446BE73A1F5E46AE
:10BF4000DBF80C3056F8081F242ACB60996022D801
:10BF5000132A1ED92368CBF808306368CBF80C305D
:10BF60001B2A3BD808340BF1100322681A60626860
:10BF70005A60A2689A6034465746D9464AE7214635
:10BF8000FCF736F92FE7DCE902133A1FCB60996022
:10BF9000D5E73346E9E721463046FCF729F9EAE7D9
:10BFA000A3688360E368C360242A27D004F11002E9
:10BFB00000F1100311E709EB05019960531B43F0F1
:10BFC00001034B6054F8043C03F001032B4340464B
:10BFD00044F8043CFCF77EFA26462FE7A368CBF82A
:10BFE0001030E368CBF81430242A10D010340BF151
:10BFF0001803BAE74046FCF76DFA04E723690361CA
:10C000006169416104F1180200F11803E5E6236952
:10C01000CBF818306369CBF81C3018340BF12003CF
:10C02000A3E7324660E721463046FCF7E1F8074BCC
:10C0300060E7A168CBF81010E168CBF81410242A4F
:10C0400006D010340BF118024EE700BF800200103A
:10C050002269CBF818206269CBF81C2018340BF148
:10C06000200241E770B50C46084D034600262046E5
:10C0700011461C462E60C3F71DF8431C00D070BD4E
:10C080002B68002BFBD0236070BD00BF8C2E0120DD
:10C0900038B5074D0022044608462A60C3F710F859
:10C0A000431C00D038BD2B68002BFBD0236038BD6B
:10C0B0008C2E012038B50C46084D8446114620468A
:10C0C0001A4600232B606446C2F7FCFF431C00D0D5
:10C0D00038BD2B68002BFBD0236038BD8C2E01208F
:10C0E00038B50C46084D8446114620461A460023B2
:10C0F0002B606446C2F7BEFF431C00D038BD2B68DE
:10C10000002BFBD0236038BD8C2E012070B582B08F
:10C1100006460D461446FCF7BFF9012802D16B1EF6
:10C12000FE2B26D904F15C032A4601A93046FCF710
:10C1300051F9431C20D078B1A3689DF80410013B4D
:10C14000002BA36004DAA269934208DB0A2906D017
:10C1500023685A1C22601970284602B070BD22461E
:10C16000304600F0C1F90130F6D14FF0FF3002B097
:10C1700070BD8DF80450DFE7A38943F04003A3812D
:10C180004FF0FF30F3E700BF30B51446526EB4F9FC
:10C190000C300546D00783B001D49A051CD598040D
:10C1A00006D4626E43F4005342F40052A3816266E7
:10C1B00022462846FFF7AAFF636EDA07054602D437
:10C1C000A3899B0502D5284603B030BDA06DC3F7F7
:10C1D00005F8284603B030BDA06D0191C2F7E2FF1B
:10C1E000B4F90C300199DAE79368002B00F0F8807D
:10C1F0002DE9F04FB1F90CC01CF0080F83B0904648
:10C2000081460C4631D00B697BB31CF00207D8F88D
:10C21000006038D00027D4F824B0E169DFF8C4A268
:10C220003D4655452B463A4628BF53464846C5B17C
:10C23000D847002840F3CA80D8F808301B1A0744B2
:10C240002D1AC8F80830002B00F0B68055452B4653
:10C25000D4F824B0E16928BF53463A464846002D39
:10C26000E6D1D6E900750836DBE721464846FEF7F9
:10C2700023FF002840F0AF80B4F90CC0D8F800606C
:10C280001CF00207C6D11CF0010A63D12368A16823
:10C29000574618468B46002F58D01CF4007F00F0FC
:10C2A000B580B9420A4600F2E1801CF4906F2FD0AD
:10C2B000216962695D1A02EB420202EBD2726B1CC9
:10C2C00052103B44934292BF93469B461A461CF43D
:10C2D000806F00F0EA8011464846FBF797FC002883
:10C2E00000F0F9802A4621690090C0F7F9F8A28988
:10C2F000009B22F4906242F08002A2815819ABEBBD
:10C300000505C4F814B02361A5602060BB463A4619
:10C3100051460092FBF76CFFA1682368009AA1EBDD
:10C320000B011A443D46A16022600027D8F808306E
:10C330005B1BAA44C8F80830002B3DD02368A168D5
:10C34000B4F90CC018468B46002FA6D1D6E900A739
:10C3500008369EE73846BB463D460097002D41D043
:10C36000002846D0009A2068A168D4E90473AA4244
:10C3700028BF2A46B84204D901EB030A524500F30C
:10C380008580934275DCE169676A5A464846B8473A
:10C39000B0F1000A1ADD009BB3EB0A0300930FD043
:10C3A0000120D8F80830A3EB0A03D344A5EB0A0513
:10C3B000C8F80830002BD1D1002003B0BDE8F08FC1
:10C3C00021464846FFF782FC0028EAD0B4F90C3039
:10C3D00043F04003A3814FF0FF3003B0BDE8F08F7E
:10C3E00000207047756833460836002DFAD0D3F820
:10C3F00000B02A460A215846C0F722F8002867D024
:10C400000130A0EB0B0300931A46ACE722699A4275
:10C4100014D36269BA4211D86FF00043BB4228BFFF
:10C420003B46656A93FBF2F3E16902FB03F348467E
:10C430005246A847051EC9DD7F1B77E7B94228BFD2
:10C4400039460D4618460A465146FBF7D1FEA1680B
:10C450002368491B2B44A16023600029ECD12146AD
:10C460004846FFF733FC0028E6D0AFE7BB463A4624
:10C470004EE759460192FBF7BBFE019AA3689B1A4F
:10C48000A360236813442360924684E759465246CA
:10C49000FBF7AEFE23685344236021464846FFF76E
:10C4A00015FC00283FF477AF90E74846FFF738FCCB
:10C4B000034600287FF422AF21694846FDF7D2F9F0
:10C4C000B4F90C300C22C9F8002023F080037FE778
:10C4D0006A1C009247E70C22B4F90C30C9F800201E
:10C4E00076E700BF00FCFF7FF8B50D461446064610
:10C4F00010B1436B002B4AD0B4F90C20A369A360A0
:10C5000010071BD52369CBB1EDB291042F4621D57D
:10C5100022686169D31A994228DD0133A168013983
:10C52000A160511C2160157062699A4226D0A389CE
:10C53000DB0701D50A2D21D03846F8BD214630460B
:10C54000FEF7BAFD00BBB4F90C202369EDB29104EB
:10C550002F46DDD442F40052A281626E616922F45A
:10C56000005262662268D31A9942D6DC21463046D0
:10C57000FFF7ACFB40B922680123CFE721463046E4
:10C58000FFF7A4FB0028D7D04FF0FF37D4E7FDF723
:10C590006DF8B1E708B52DED028BB0EE408A00F0E2
:10C5A000FDFEB4EE488AF1EE10FA0FD6B5EEC08A61
:10C5B000F1EE10FA0ADCB5EE408AF1EE10FA08D17D
:10C5C000F9F748FD22239FED090A0360BDEC028BB9
:10C5D00008BDF9F73FFDBDEC028B034621221A602E
:10C5E0000348BDE8084000F0BFB800BF000080FF6E
:10C5F0002810050808B52DED048BB0EE608AB0EE6A
:10C60000409A00F0C5FFB4EE488AF1EE10FAF0EE61
:10C61000408A0BD6B5EE409AF1EE10FA17D1B5EE7E
:10C62000408AF1EE10FA06D1F7EE008AB0EE680A01
:10C63000BDEC048B08BDB0EE480A00F0D9FA002822
:10C64000F4D0B5EEC08AF1EE10FAEFD525E000F097
:10C65000CFFA88B1F5EE408AF1EE10FAE6D1B0EEED
:10C66000490A00F0C5FA0028E0D0B0EE480A00F010
:10C67000BFFA0028DAD010E0B0EE490A00F0B8FAAC
:10C680000028E7D0B0EE480A00F0B2FA0028E1D066
:10C69000F4EE688AF1EE10FA04D6F9F7DBFC2223F7
:10C6A0000360C3E7F9F7D6FC21230360BEE700BFB0
:10C6B00008B52DED028BB0EE408A00F095FAB4EE8D
:10C6C000488AF1EE10FA06D6DFED098AB4EEE88A60
:10C6D000F1EE10FA02D4BDEC028B08BDF9F7BAFCFA
:10C6E00088EEA80ABDEC028B2123036008BD00BFC1
:10C6F0000000000010EE103A194923F000428A426F
:10C700001BD9B2F1FF4F02D330EE400A704700B59B
:10C7100083B0684600F0F8F800F003000128DDED72
:10C72000010A9DED000A13D002280BD098B9012010
:10C7300000F0A2F803B05DF804FBDFED0A0A002068
:10C7400000F09AB8012000F097F8B1EE400AF1E746
:10C7500000F010F8EEE700F00DF8B1EE400AE9E75E
:10C76000D80F493F000000009FED010A704700BF4D
:10C770000000C07F10EE103A23F00043B3F1485F91
:10C780002CD2FDEEC07A17EE903A002B60D060EE0E
:10C79000007A9FED317A9FED315ADFED315A9FEDEE
:10C7A000316ADFED316AA7EE875A9FED307AE7EE06
:10C7B000855AA7EEA56AA7EE867AE7EE876A67EE46
:10C7C000A66A60EEC00AB6EE007AE7EEA60AB7EEF9
:10C7D000000AD7EE870A30EE600A704760EE007AF2
:10C7E0009FED1D7A9FED1D5ADFED1D5A9FED1D6ACD
:10C7F000DFED1D6A1E4AA7EE875A93429FED1B7A12
:10C80000E5EE275AA5EEA76AA6EE277AE7EE276A95
:10C8100066EEA76AD5D9174A934214D803F17F432D
:10C8200007EE103AB7EE006A36EE476A60EEC00ACD
:10C83000F6EE005A97EEA57AE7EEA60A37EE607A92
:10C8400036EE470A7047B6EE076AB5EE027AEDE7B4
:10C85000B7EE000A704700BF4ED747ADF6740F31F0
:10C860007CF293B4010DD037ABAA2A3D610BB6BA66
:10C870009999993E0000483F10EE103A23F000438A
:10C88000B3F1485F04D2FDEEC07A17EE903A5BB385
:10C8900060EE007A9FED157ADFED155A9FED156A6F
:10C8A000DFED156AE7EE875A9FED147AA5EEA76AC9
:10C8B00020EE275AE6EE276AA6EEA77A30B9DFED1A
:10C8C000106AE7EE876AA6EE850A704727EE457A7A
:10C8D000F6EE006AA0EEA67ADFED0A6AD7EE270A26
:10C8E000E5EE260A30EE600A704700BFD3C92E2F4E
:10C8F000342FD7B21BEF3836010D50B98988083C68
:10C90000ABAA2ABEABAA2A3E70B510EE103A884AEE
:10C9100023F00044944286B0054671D9854A94427A
:10C920001E4624D823F00042002BDFED837A834992
:10C9300022F00F02B0EE407A40F3E0808A4270EEBF
:10C94000677A09BF9FED7E7ADFED7E6ADFED7E6A52
:10C9500077EEC77A37EEE67A77EEC77A80ED007A1F
:10C9600077EEE67AC0ED017A012006B070BD774A15
:10C97000944252D9B4F1FF4F48D2E215863AA4EB63
:10C98000C25307EE903ABDEEE77ADFED716AB8EE7A
:10C99000C77A77EEC77A8DED037A67EEA67ABDEE99
:10C9A000E77AB8EEC77A77EEC77A8DED047A67EE4C
:10C9B000A67AF5EE407AF1EE10FACDED057A40F068
:10C9C0009880B5EE407AF1EE10FA0CBF01230223F5
:10C9D000604901910221009103A8294600F0C0F9A5
:10C9E000002EC2DA95ED007AD5ED017AB1EE477AE4
:10C9F000F1EE677A85ED007AC5ED017A4042B4E741
:10CA0000002285ED000A42600020AEE770EE407A19
:10CA1000C0ED017AC0ED007AF6E700F0DDF89FED99
:10CA20004E7A9FED456AF6EE007AE0EE077A9FEDCA
:10CA3000457AFDEEE77A17EE900AF8EEE76A1F28CE
:10CA4000A6EEC60A66EE877AB1EE666A20DC434A35
:10CA5000411E26F0004352F8212023F0FF039342A9
:10CA600016D030EE677A30EE470A002E30EE670AB5
:10CA700085ED007A85ED010ABFF677AFB1EE477A12
:10CA8000B1EE400A85ED007A85ED010A40426CE77F
:10CA900030EE677AE21517EE103AC3F3C753C3EBD3
:10CAA000D453082BDFDD9FED267A9FED275AF0EE59
:10CAB000405AE6EE075A70EE657AE6EE077AD6EE51
:10CAC000857A35EEE77A17EE103AC3F3C753D21AD8
:10CAD000192A10DD9FED227A9FED225AB0EE650AE9
:10CAE000A6EE070A75EEC07AE6EE077AD6EE857AEC
:10CAF000B7E703236CE7B0EE650AB4E78A4270EE4D
:10CB0000277A09BF9FED0E7ADFED0E6ADFED0E6A20
:10CB100077EE877A37EEA67A77EEC77A80ED007ADD
:10CB200077EEA67AC0ED017A4FF0FF301DE700BF27
:10CB3000D80F493FE3CB1640800FC93FD00FC93F04
:10CB4000004435374344353708A3852E800F4943C9
:10CB500000008043B8A1050884F9223F38A10508E8
:10CB600000A3852E32318D2410EE103A184923F09F
:10CB700000428A421AD9B2F1FF4F02D330EE400A86
:10CB8000704700B583B06846FFF7BEFE00F00300B3
:10CB90000128DDED010A9DED000A10D0022809D020
:10CBA00090B9FFF7E7FD03B05DF804FBDFED090A7C
:10CBB000FFF7E0BDFFF7DEFDB1EE400AF3E7FFF758
:10CBC0005BFEB1EE400AEEE70120FFF755FEEAE713
:10CBD000D80F493F0000000010EE103A23F0004348
:10CBE00000EE103A704700BFB1EEC00A704700BFB8
:10CBF00010EE103A23F00040B0F1FF4FACBF002020
:10CC00000120704700000000F8B52DED028B55ECB7
:10CC1000114B57EC106B01F0D3FA22462B462046FD
:10CC20002946B0EE408AF0EE608AC0F749F978B93B
:10CC30000022002330463946C0F710F9F0B1002237
:10CC4000002320462946C0F709F940B19FED288B03
:10CC5000B0EE480AF0EE680ABDEC028BF8BD45EC78
:10CC6000104B00F0D7FF0028F2D00022002320460E
:10CC70002946C0F7FDF80028EAD02EE0B0EE480AB9
:10CC8000F0EE680A00F0C6FFA0B151EC180B0022CC
:10CC90000023C0F7E3F80028DAD047EC106B00F06F
:10CCA000B9FF0028D4D045EC104B00F0B3FF0028AA
:10CCB000CED012E047EC106B00F0ACFF0028E4D0BF
:10CCC00045EC104B00F0A6FF0028DED053EC182BEB
:10CCD00051EC180BC0F7F4F820B9F9F7BBF922238F
:10CCE0000360B5E7F9F7B6F921230360B0E700BFA9
:10CCF000000000000000F03F51EC100B164A21F03C
:10CD0000004393421ED900B5144A934285B008D916
:10CD100002460B46BFF782FC41EC100B05B05DF8F4
:10CD200004FB684602F058F8400000F002009DED58
:10CD3000021B9DED000BC0F1010000F0C1FF05B02A
:10CD40005DF804FB9FED021B012000F0B9BF00BF9E
:10CD50000000000000000000FB21E93FFFFFEF7F23
:10CD60002DE9F04F2DED048BDBB01C469446039368
:10CD70000A46CD4B68991CF1040F53F82160824696
:10CD800004F1FF38C0F24982BCF1030348BF0CF143
:10CD90000403DB10029301334FEAC30EACEB0E0326
:10CDA0000593029B16EB0800A3EB080316D4013091
:10CDB0009FEDBE7A699C18441EA9002BA4BF54F8AD
:10CDC000235007EE905A03F10103ACBFF8EEE77A67
:10CDD000F0EE477A8342E1EC017AEED1002EC0F208
:10CDE000B182039B1EA901EB830446AD4FEA830980
:10CDF0004046F7180AEB8301B8F1000FDFEDAB7A7C
:10CE000009DBA3465346F3EC016A3BED017A8B4202
:10CE1000E6EE877AF7D10130B842E5EC017A04F109
:10CE20000404E9D10DF1280B0BEB8603CDE9062EA6
:10CE3000043B9FEDA09ADFED9E8A059804930AEBD0
:10CE4000090446AF0BEB86090096CDF820C05AAB1B
:10CE500003EB8603002E13ED140A4FEA860515DD59
:10CE60007B195A4660EE097AB0EE407AFDEEE77A19
:10CE700073ED016AF8EEE77ABB42A7EEE87A37EE87
:10CE8000A60ABDEEC77AA2EC017AEBD1019001F0BF
:10CE900023F9F4EE007AB0EE408A20EE270A00F083
:10CEA000C5FEF2EE007AA0EE678A01980028FDEE3A
:10CEB000C89AF8EEE97A38EE678A6CDD06F1FF3E33
:10CEC000C0F108035BF82E2042FA03FC0CFA03F3CE
:10CED000D21AC0F1070119EE903A4BF82E200A4100
:10CEE0006344002A09EE903A00F3F080B5EE408AE0
:10CEF000F1EE10FA40F09D80009B9E420ADD5D44F9
:10CF0000002355F8041D4D4543EA0103F9D1002BD8
:10CF100040F0F280009B013B5BF82330002B40F097
:10CF2000E780049B012153F8042D0131002AFAD037
:10CF3000731C31449C46029D039A05EB030E0EF1CF
:10CF4000804E699D32440EF1FF3E07EB83061EAB17
:10CF500005EB8E0E03EB8205DEED017AF8EEE77A43
:10CF6000B8F1000F0EF1040EE5EC017ADFED4F7A17
:10CF700009DB2A465346F3EC016A32ED017AA342FB
:10CF8000E6EE877AF7D10CF1010C6145E6EC017A07
:10CF9000E2DA0E465BE740F08F80731E5BF82320D9
:10CFA000D211002AA2DD19EE903A002E03F10103FE
:10CFB00009EE903A40F3D48159464FF0000E51F8F3
:10CFC000043B002B6AD0C3F5807341F8043C04E0B5
:10CFD0000B68C3F1FF0341F8043B0EF1010E7645E7
:10CFE000F6DC01239E4600280ADD012878D00228BD
:10CFF00006D1711E5BF8213003F03F0C4BF821C0C5
:10D00000022A7FF473AFB7EE000A734630EE488A07
:10D01000002B3FF46BAF0992019001F05DF838EE00
:10D02000408A0198099AB5EE408AF1EE10FA3FF471
:10D0300063AF9246DDE9062EDDF820C00196AEEB27
:10D040000C00B0EE480A009E009201F045F8DFEDBA
:10D05000186AB4EEE60AF1EE10FADDE90023F0EE0C
:10D06000407AC0F250819FED137A059920EE077A3D
:10D070000831BDEEC77A0591B8EEC77A5C1CE7EEC1
:10D08000667ABDEEC77AFDEEE77A17EE901A4BF896
:10D09000231017EE103A4BF8243046E00EF1010E43
:10D0A000B6458CDB9E469EE7FCA405080000000008
:10D0B000000080430000803BF6EE007AB4EEE78A81
:10D0C000F1EE10FA80F2988000220FE70133002E73
:10D0D00009EE903A3FF770AF002301289E4686D1B3
:10D0E000711E5BF8213003F07F0C4BF821C087E7FD
:10D0F000731C9C4619461EE733469246DDE905122D
:10D100005C1EA1F108005BF82410009E059061B937
:10D1100003F18043013B0BEB8303014653F8040DFD
:10D12000013C08390028F9D0059105980092B7EE26
:10D13000000A00F0D1FF002C009AB0EE407AC0F255
:10D140000581601C46AD5FED256A81000BEB800315
:10D1500005EB800073ED017AF8EEE77A5B4567EE48
:10D16000877A27EE267A60ED017AF3D10DF1C808AF
:10D170000B1F46A8C718C646A44600259146002E98
:10D1800073DB844ADFED847A3846002301E0AB424A
:10D1900008DCF2EC016AB0EC017A01339E42E6EE63
:10D1A000877AF4DA0CF1FF3CBCF1FF3FEEEC017A38
:10D1B00005F10105A7F10407E1D1689B022B4A465E
:10D1C00056DC002B2EDC0ED1DFED737A414431EDBD
:10D1D000017A414577EE877AF9D15346002B40F02A
:10D1E000AE80C2ED007A19EE903A03F007005BB012
:10D1F000BDEC048BBDE8F08F19EE903A002E03F1E0
:10D20000010309EE903AC8BF02223FF7D5AEF7EE10
:10D21000007A37EEC88A022268E600234FF0080E33
:10D220000293BBE59FED5C7A414471ED017A414583
:10D2300037EE277AF9D1DDED327A534677EEC77AA9
:10D24000002B75D182ED007A64B133A90123B1ECD2
:10D25000017A01339C4277EE877AF8DA53460BB1B4
:10D26000F1EE677AC2ED017ABDE7DFED4B7A99E71F
:10D27000689B032BB7D1002C7ED008EB840595ED7D
:10D28000007AA0002B46294671ED017AF0EE476A3C
:10D2900037EE277A414577EEC77A81ED007A77EE4F
:10D2A000A67AC1ED017AEFD1012C65D095ED007A17
:10D2B00008F1040173ED017AF0EE476A37EE277A40
:10D2C000994277EEC77A83ED007A77EEA67AC3EDBE
:10D2D000017AEFD1031DDFED307A434408F10808ED
:10D2E00033ED017A984577EE877AF9D15346DDED33
:10D2F000326A9DED337A73B9C2ED006A82ED017A2C
:10D30000C2ED027A6FE7FDEEC07A1C4617EE901A66
:10D310004BF8231009E7F1EE666AB1EE477AF1EEB9
:10D32000677AC2ED006A82ED017AC2ED027A5AE7AD
:10D33000B1EE477A82ED007A002C86D190E7F1EECB
:10D34000677A4EE7039B4FEA83096BE5689B022BE4
:10D350000EDC002B13DC7FF446AFDFED0F7A3CE7E9
:10D36000022A7FF4C3ADF7EE007A37EEC88ABDE536
:10D37000689B032B7FF437AFDFED077AB6E75346A0
:10D38000DDED327A13B9002313606BE74FF00043F1
:10D39000136065E7D0A405080000000010EE102A15
:10D3A00032F000432FD0002A134633DBB2F1FF4F97
:10D3B00040DAB2F5000F34DB4FF0000C6448C3F3E1
:10D3C0001601084400F4000282F07E520A43DB1585
:10D3D00000EE102A7F3B5F4A634401F10F0CF7EE29
:10D3E000007A0CEA020230EE670A03EBD05322BB4C
:10D3F000B5EE400AF1EE10FA62D1002B40F09080B9
:10D400009FED550A70479FED557ADFED537A87EE11
:10D41000270A704770EE407A9FED4F7A87EE870AB1
:10D420007047DFED4F7A60EE277A6FF0180C17EE39
:10D43000903AC3E730EE000A7047F0EE007A70EEE3
:10D44000277A07EE103A80EE274A4648C1F5571270
:10D45000084402F522720243002A9FED433ADFEDB1
:10D46000434ADFED435ADFED433A9FED435ADFED88
:10D47000437ADFED436A24EE046AF8EEC72A26EE0B
:10D48000067AE7EE034AA7EE235AE4EE875AE5EE62
:10D49000076AE5EE877A67EE867AE6EE877A2ADD16
:10D4A000B6EE007A20EE077A27EE007A77EE877ADA
:10D4B00067EE847A3BBB37EE677A30EE470A7047F7
:10D4C0009FED307AF6EE007AE0EE477A20EE007AB1
:10D4D00027EE277A002BF0D007EE903A9FED2A6ACC
:10D4E000DFED2A6AF8EEE77AA7EEC67A37EE400A51
:10D4F00097EEA60A704770EE677A67EE847AE3B912
:10D5000030EE670A70479FED206ADFED206AE2EE99
:10D51000867A37EE677A37EE400A92EEA60A7047AF
:10D5200007EE903A9FED180A9FED187AF8EEE77A29
:10D5300027EE800AA7EE870A7047DFED136A9FED9A
:10D54000137AE2EEE67A37EEC00A92EE870A704767
:10D5500020FB4A00F0FF7F0000000000000000CC2C
:10D560000000004C305CCFFF9788173E25333A3ED1
:10D570002549923E4FD01C3E298E633EABAA2A3FDE
:10D58000CDCCCC3EABAAAA3ED1F717378071313F44
:10D590002DE9F0432DED028B83B0CDED010A8DED29
:10D5A000000ADDE9004535F0004610D184F480041E
:10D5B000640014F5000F1BD9DDED007A9DED017AB2
:10D5C00037EE870A03B0BDEC028BBDE8F08324F090
:10D5D0000047B7F1FF4F02D8B6F1FF4F0FD9B4F1B2
:10D5E0007E5FE9D185F480056D0015F5000FE3D865
:10D5F000B7EE000A03B0BDEC028BBDE8F083002C4F
:10D60000B84616DBB6F1FF4F00F0F780B6F17E5F4B
:10D6100000F02681B5F1804F00F04681B5F17C5FC6
:10D6200040F0388103B0BDEC028BBDE8F043FFF75A
:10D63000DBBAB6F1974F80F0F080B6F17E5F80F0F4
:10D640001981B5F1804F00F02F81B5F17C5F40F07A
:10D650002181FFF7C1FAB7F1FF4FB3D04FF00009B6
:10D66000002F00F0F280B7F17E5F00F0E580E20F5E
:10D67000013A59EA020300F02181B6F19A4F40F2D3
:10D680004581924B9F4240F23E82914B9F4200F275
:10D690004782F7EE007A30EE670A9FED8E6ADFED83
:10D6A0008E5AF5EE007AA0EE676AF6EE006AE6EEB4
:10D6B000406A20EE007ADFED897A9FED896A27EED5
:10D6C000267A67EEC77AE0EE257AF0EE676AE0EE3A
:10D6D000066A16EE903A6FF30B0306EE903AB0EE40
:10D6E000667AA0EE467A77EEC77A6FF30B0507EEFF
:10D6F000105A9DED016ADDED015A36EE476A67EE7C
:10D70000A57A26EE877AE6EE267A09F1FF3959EAFC
:10D710000209BFEE008A77EE876AB7EE006A16EE5E
:10D72000903A18BFB0EE468A002B23F0004240F337
:10D73000B981B2F1864F00F2388200F01C82B2F15A
:10D740007C5F00F20082002210466FF30B0305EEAF
:10D75000903A75EEC76A9FED637A9FED633A9FED4D
:10D76000632ADFED633A9FED634ADFED634A9FED85
:10D77000635A77EEE67A25EE877ADFED616AA7EEE7
:10D78000A67AF0EE002AF0EE476AE5EE836AB7EE7D
:10D79000000A26EEA66AF0EE667AE6EE023AE5EEBA
:10D7A000C37AF0EE445AE3EE865A77EE677AB0EE2B
:10D7B000647AA5EE867AF0EE455AE7EE065AB0EEA8
:10D7C000667AA5EEC67AE6EEA77A66EE875A37EE57
:10D7D000626A85EE867A77EE677A77EEE67A30EEE1
:10D7E000670A10EE103A1344B3F5000FC0F29581AA
:10D7F00000EE103A20EE080AE4E6B7F17E5F3FF44F
:10D80000F7AE32D99FED3F0ADDED017A002DB8BFAA
:10D81000F0EE407AB0EE670AD4E6B6F1FF4FECD0F6
:10D820004FF002099DED000AFFF7D6F9B7F1FF4F5F
:10D8300002D0002F7FF417AF002DBCBFF7EE007AA7
:10D8400087EE800A002CBFF6BDAEA7F17E5757EADF
:10D85000090740F0208170EE407A87EEA70AB1E612
:10D86000002D1ADB9DED000AACE6002D21DB9FEDBB
:10D87000250AA7E6F315C3F1960346FA03F202FA66
:10D8800003F3B34200F0FA80B6F17E5FE8D0B5F161
:10D89000804F09D04FF00009C4E79DED007AF7EE04
:10D8A000007A87EE870A8DE6DDED007A27EEA70A7B
:10D8B00088E6DDED017AB1EE670A83E6DDED007AF8
:10D8C00077EEE77A87EEA70A7CE600BFF3FF7F3F9B
:10D8D0000700803FABAAAA3E70A5EC363BAAB83F32
:10D8E00000AAB83F8CBEBF350072313F4CBB31330C
:10D8F0000EEADDB555B38A38610B36BBABAA2A3EBA
:10D900001872313F000000000000804B14F0FF4F00
:10D9100040F0F7805FED047A60EE277A6FF017032E
:10D9200017EE908AA9484FEAE851C8F316087F39E4
:10D930008045194448F07E5340F3DB80A44880457D
:10D9400040F3F8809FEDA35A0131F0EE453AA3F57C
:10D950000003F7EE005A002006EE103A76EE257A24
:10D96000B7EE007A87EE270A5B1043F0005303F509
:10D970008023034476EE656A07EE901A26EE803A1D
:10D98000B8EEE77A13EE101A07EE903A924BDFEDFD
:10D99000930A9FED938A9FED931ADFED932ADFEDB3
:10D9A000931A9FED932A77EEE55A194004EE901AE8
:10D9B00036EE656A63EE035AE4EEE76AF0EE607AEB
:10D9C000E5EE887AE4EEC66AA7EEA51A66EE806AEE
:10D9D000E1EE252A73EE247AE2EEA51A25EEA58A59
:10D9E000A1EEA52A67EEA67AB0EE084AB0EE446A28
:10D9F000E8EE027AA4EEA46ADFED7E0A9FED7E1ABD
:10DA0000DFED7E2A36EE276A16EE101A194006EE72
:10DA1000101A76EE445AE4EEE45A77EEE57A67EEB1
:10DA2000837AE6EE867AF0EE675AE4EE865A15EED1
:10DA3000901A194005EE901AF0EE656AE4EEC66A97
:10DA400077EEE67A67EEA07AE5EE817A77EEA37A52
:10DA5000F0EE676AE5EEA26A76EE856A76EE876A90
:10DA600016EE901A194006EE901A36EEC77A37EE87
:10DA7000457AA5EEE27A77EEC77A36E6B6F17E5FB2
:10DA80003FF4EEAEB5F1804F3FF40EAF02F001026D
:10DA9000C2F10209C6E6B9F1010F7FF493ADB1EE10
:10DAA000400A8FE556498A4200F287807FF447AEEC
:10DAB00076EEC76AF4EEE76AF1EE10FA7DDA03F566
:10DAC0000043504AC3F3C7517F39C3F316000A41DC
:10DAD00040F40000C1F117011A400841404206EE2F
:10DAE000902A37EE667AC20577EE876A16EE903A8C
:10DAF0002BE69FED385AF7EE005AF0EE453A00203B
:10DB00002AE700230EE7002D0CDB002003B0BDEC5C
:10DB1000028BBDE8F04301F08FBB00F0DDFA69E64F
:10DB2000002DF2DD002003B0BDEC028BBDE8F04318
:10DB300001F088BB9FED345ADFED343AF7EE085A16
:10DB40004FF4001008E7D2157E3A4FF4000111415E
:10DB500019442C4AC1F3C7547F3CC1F3160022413B
:10DB600040F40000C4F11704002B40FA04F002EA6C
:10DB70000102B4DAB2E79FED266A76EEC76A37EEA5
:10DB8000866AB4EEE66AF1EE10FA0EDC03F50043A5
:10DB90001C4AD9157F39C3F316000A4140F400002E
:10DBA000C1F117011A40084199E7B5EEC08AF1EEBC
:10DBB00010FA4CBF01200020B5E7B5EEC08AF1EEA7
:10DBC00010FA4CBF01200020A0E700BF71C41C0068
:10DBD000D6B35D000000000000F0FFFF55326C3E40
:10DBE00042F1533E05A38B3EABAAAA3EB76DDB3E86
:10DBF0009A99193F4F38763FA0C39D360038763F3B
:10DC000000001643000080FF00C0153FDCCFD13577
:10DC10003CAA383382B08DED000B019840F00040F3
:10DC200000F58010C00F02B0704700BF10EE102A40
:10DC3000C2F3C7537F3B162B22F0004129DC002B97
:10DC4000104618DB1A4919410A4221D0DFED197A32
:10DC500070EE277AF5EEC07AF1EE10FA18DD002AA0
:10DC600004DA4FF4000242FA03F3184420EA0103F5
:10DC700000EE103A7047DFED0F7A70EE277AF5EE7E
:10DC8000C07AF1EE10FA03DD002A08DB9FED0A0AE4
:10DC90007047B1F1FF4FFBD330EE000A7047DFED64
:10DCA000077A0029BFEE000A08BFB0EE670A704786
:10DCB000FFFF7F00CAF249710000000000000080F1
:10DCC0002DE9F04F59EC108BCF4B89B029F000476C
:10DCD0009F425BEC11AB0646CDF8149046D8404607
:10DCE0004946BFF703F90446002860D1731C424639
:10DCF00013433B4300F0DE81012E00F0E8815246E1
:10DD00005B4640464946BEF78BFC0B460246BF4980
:10DD100000201F46BEF764FF42464B4680468946B8
:10DD200020460D463946BEF779FC02460B46504662
:10DD30005946BEF773FC22464B46BEF727FE024605
:10DD40000B461646394622461F4620464B46BEF72E
:10DD50001DFEAF4B0022BEF763FC02460B46304669
:10DD60003946BEF75DFC42464B4601E1A94B9F4256
:10DD70001DD9059B002BC0F2968142464B4684A1DB
:10DD8000D1E90001BEF74AFC52465B4604460D4607
:10DD900081A1D1E90001BEF741FC22462B46BEF726
:10DDA0003FFC4FF0000A804689464FF0000B424688
:10DDB0004B4640464946BEF7E9FD02460B46CDE9D3
:10DDC0000023BEF7E3FDDDE9002304460D4640468F
:10DDD0004946BEF7DBFD72A3D3E90023CDE902017A
:10DDE00020462946BEF7D2FD6FA3D3E90023BEF734
:10DDF00017FC22462B46BEF7C9FD6DA3D3E90023CD
:10DE0000BEF70EFC22462B46BEF7C0FD6AA3D3E93F
:10DE10000023BEF705FC22462B46BEF7B7FD68A3DC
:10DE2000D3E90023BEF7FCFB22462B46BEF7AEFD2E
:10DE300065A3D3E90023BEF7F3FBDDE90023BEF7BA
:10DE4000A5FD63A3D3E90023CDE9060120462946B9
:10DE5000BEF79CFD60A3D3E90023BEF7E1FB224699
:10DE60002B46BEF793FD5EA3D3E90023BEF7D8FB94
:10DE700022462B46BEF78AFD5BA3D3E90023BEF7FB
:10DE8000CFFB22462B46BEF781FD59A3D3E90023E1
:10DE9000BEF7C6FB22462B46BEF778FD56A3D3E954
:10DEA0000023BEF7BDFB02460B46DDE90601BEF7C7
:10DEB000B7FBDDE90223BEF769FD52465B46BEF7BC
:10DEC000AFFBDDE90023BEF761FD52465B46BEF7BE
:10DED000A7FB4BA3D3E9002304460D46DDE902016D
:10DEE000BEF754FD22462B46BEF79AFB82468B4670
:10DEF0005B46404649465246BEF792FB454B9F4221
:10DF000004460D4600F28880012E39D000260F46C7
:10DF100002460B4600203D49CDE90067BEF760FE92
:10DF20004246CDE902014B460D4630463946BEF722
:10DF300075FB02460B4650465946BEF76FFB32460C
:10DF40002B46BEF723FD3246804689462B46304697
:10DF50003946BEF71BFD2E4B0022BEF761FB024681
:10DF60000B4640464946BEF75BFBDDE902233446DB
:10DF7000BEF70CFD22462B46BEF752FB04460D466B
:10DF800045EC104B09B0BDE8F08F00BFAFF3008047
:10DF9000182D4454FB21E93F075C143326A6813C2D
:10DFA000D47ABF74702AFB3EE9A7F0320FB8123F53
:10DFB00068108D1AF726303F1583E0FEC8DB573F07
:10DFC00093846EE9E326823FFE41B31BBAA1AB3FC7
:10DFD000735360DBCB75F3BEA69237A0887E143FE7
:10DFE0000165F2F2D844433F280356C9226D6D3FC4
:10DFF00037D60684F464963F7AFE10111111C13FA2
:10E00000635555555555D53FFFFF2F3E0000F0BFD6
:10E010000000F03F2794E53F3046BEF74DFC224616
:10E0200006460F462B4620462946BEF7AFFC024661
:10E030000B462046294614461D4632463B46BEF74F
:10E04000EFFA02460B4620462946BEF7C9FD524666
:10E050005B46BEF7E3FA02460B4640464946BEF72A
:10E06000DDFA02460B46BEF7DBFA02460B463046A7
:10E070003946BEF7D3FA059B4FEAA37808F00208A9
:10E080000446C8F101000D46BEF716FC02460B46D9
:10E0900020462946BEF77AFC04460D4645EC104B57
:10E0A00009B0BDE8F08F09F1004399460BF1004338
:10E0B0009B4662E649EC108B01F01CFD054953ECD0
:10E0C000102B0020BEF78CFD04460D4658E7444651
:10E0D0004D4655E70000F03F10EE103A33F0004196
:10E0E0001A4627D0B1F1FF4F21D213F0FF4F22D1B2
:10E0F000DFED2B7A2B4A60EE277A904217EE903AAA
:10E1000033DB4CF2503CC3F3C75160451A46A1F1D2
:10E11000190116DDDFED247ADFED246A002BB0EE65
:10E12000677AB8BFF0EE667A27EE870A704730EE5E
:10E13000000A704770474CF2503C60454FEAD1519D
:10E14000E8DC0144FE29E5DC002915DC11F1160F9D
:10E1500019DB193122F0FF4242EAC15207EE902A40
:10E160009FED130A27EE800A7047DFED127A07EE63
:10E17000103A27EE270A704722F0FF4242EAC153C5
:10E1800000EE103A7047DFED0B7ADFED0B6A002BE3
:10E19000B0EE677AB8BFF0EE667A27EE870A70476E
:10E1A0000000004CB03CFFFFCAF24971CAF249F1CD
:10E1B000000000336042A20D6042A28D000000000A
:10E1C0002DE9F04F55EC114B25F0004353EA0400C4
:10E1D00057EC106B93B012D1B3198D4987F400221C
:10E1E00052419842914120D222462B463046394630
:10E1F000BEF716FA41EC100B13B0BDE8F08F85485E
:10E2000027F0004A8245B846314613D908F1404804
:10E2100008F5801858EA0108E6D123197C4985F4ED
:10E220000022524198459141DED39FED770B13B008
:10E23000BDE8F08FA946224616D08342E6D8504664
:10E2400000F0B680B8F1000F16DB002A40F0C58060
:10E25000DFF8CCC1634540F0FD83B9F1000FC0F297
:10E26000068547EC106BC7E7002EBDD15345BBD8E0
:10E2700000F024845046E5E7DFF8A8C1634500F2CA
:10E28000E383DFF898C1634542D8002A40F0128446
:10E29000B9F1804F33D0934647EC106B0491029054
:10E2A000009301F027FC0499009B0298002953D0A9
:10E2B0004FEAD872013A52EA0B0100F0A0800BF14C
:10E2C000FF3B5BEA020B00F0BA839FED4F7B8DEDC5
:10E2D000067BB3F1844F40F2A7804F4A93424F4BE5
:10E2E00040F226849A4500F2DA84B9F1000FC0F2B8
:10E2F000DA84002013B0BDE8F04F00F0D5BF3246FD
:10E300003B4630463946BEF741FB41EC100B73E704
:10E310004FEA235CACF2FF3CBCF1140F40F38C8459
:10E32000CCF1340C22FA0CFE0EFA0CFC944500F0F1
:10E330000185002A40F0BE83B9F1804F049102901C
:10E340000093DCD047EC106B01F0D4FB0499009BE8
:10E350000298002953D18B46314A28F0404191421E
:10E3600002D0BAF1000FA3D1B9F1000F07DA53ECD4
:10E37000102B2B490020BEF733FC41EC100BB8F1F9
:10E38000000FBFF639AF0AF1404A0AF5801A5AEA7F
:10E390000B0A40F0768453EC102B10461946BEF75A
:10E3A0003DF902460B46BEF71BFC41EC100B23E780
:10E3B000002C7FF42BAF0AF1404303F58013334365
:10E3C0003FF433AF154B9A4540F22884B9F1000F62
:10E3D000C0F29F8445EC104B0EE74FF0000B47EC6A
:10E3E000106B04910290009301F084FB0499009B50
:10E3F00002980029B0D04FEAD872013A5FE732465E
:10E400003B46CAE7AFF30080000000000000F03F89
:10E410000000F0FF0000F07F0000F043FFFFEF3F3F
:10E420000000F03FFFFF3F43DB4B08EA03030022FD
:10E4300053B951EC100BD94BBEF7A8FA41EC100BB5
:10E4400010EE900A6FF034020315A3F2FF339A180E
:10E45000D34B0B92C0F3130040F07F56984246F422
:10E46000401640F3CD83CF4B984240F322849FED7A
:10E47000B47B8DED087B9FEDB47B8DED047B9FED30
:10E48000B07B8DED107B01320B92A6F58016002734
:10E4900053EC102B92465046DDE904233146BEF77B
:10E4A000BDF8B346DDE9042380468946504631462F
:10E4B000CDE90CABBEF7B4F802460B460020BA49D2
:10E4C000BEF78EFB8C46834663465A464046494615
:10E4D000CDE90EBCBEF75AFA0A460146CDE9001254
:10E4E000CDE90212002100917610DDE900AB46F083
:10E4F000005606F500230020D91906460F460246AD
:10E500000B4650465946BEF741FA02460B46404676
:10E510004946BEF783F8DDE9042380468946304644
:10E520003946BEF77BF802460B46DDE90C01BEF723
:10E5300075F852465B46BEF729FA02460B4640463E
:10E540004946BEF76BF8DDE90E23BEF71FFADDE999
:10E550000267CDE9040132463B4630463946BEF7F4
:10E5600015FA7BA3D3E9002306460F46BEF70EFA41
:10E5700079A3D3E90023BEF753F832463B46BEF7F2
:10E5800005FA77A3D3E90023BEF74AF832463B46A3
:10E59000BEF7FCF974A3D3E90023BEF741F8324675
:10E5A0003B46BEF7F3F972A3D3E90023BEF738F870
:10E5B00032463B46BEF7EAF96FA3D3E90023BEF724
:10E5C0002FF83246804689463B4630463946BEF7EC
:10E5D000DDF902460B4640464946BEF7D7F952469A
:10E5E00006460F465B46DDE90201BEF719F8DDE994
:10E5F0000423BEF7CBF932463B46BEF711F852462C
:10E6000006460F465B4650465946BEF7BFF9674B74
:10E61000002280468946BEF703F832463B46CDE9E4
:10E620000C67BDF7FDFF00260F4632463B465046BD
:10E630005946BEF7ABF95D4B82468B460022304609
:10E640003946BDF7EBFF42464B46BDF7E7FF0246B2
:10E650000B46DDE90C01BDF7E1FFDDE90223BEF762
:10E6600095F93246804689463B46DDE90401BEF70E
:10E670008DF902460B4640464946BDF7D1FF80461C
:10E68000894642464B4650465946BDF7C9FF0026CB
:10E690003BA3D3E9002330460F46BEF777F9524635
:10E6A0005B4682468B4630463946BDF7B7FF024689
:10E6B0000B4640464946BDF7B1FF33A3D3E90023DB
:10E6C000BEF764F902460B463046394616461F46E9
:10E6D0002FA3D3E90023BEF759F902460B46304673
:10E6E0003946BDF79DFFDDE91023BDF799FF804650
:10E6F0000B988946BEF7E0F8424606460F464B4661
:10E7000050465946CDE902ABBDF78AFFDDE9082343
:10E71000BDF786FF32463B46BDF782FF00203246FA
:10E720003B4682468B46BDF779FFDDE90823BDF7FE
:10E7300075FFDDE90223BDF771FF39E0AFF300801B
:10E740000000000000000000000000000000F03F9A
:10E75000EF4E454A287ECA3F65DBC9934A86CD3FC6
:10E7600001411DA96074D13F4D268F515555D53FAC
:10E77000FFAB6FDBB66DDB3F033333333333E33F44
:10E78000000000E009C7EE3FFD033ADC09C7EE3F99
:10E79000F5015B14E02F3EBE0000F07F0000404317
:10E7A0008E98030079B60B000000F03F000008408F
:10E7B00002460B4640464946BDF730FFCDE902010F
:10E7C0000023CDE900450093DDE90089204642465B
:10E7D00029464B46BDF722FF52465B46BEF7D6F8A8
:10E7E000224606460F462B46DDE90201BEF7CEF86B
:10E7F00002460B4630463946BDF712FF42460446F4
:10E800000D464B4650465946CDE90245BEF7BEF887
:10E8100006460F46204629463B463246BDF700FFD6
:10E82000BD4B994204460D46884640F3238101F1D1
:10E830003F4303F5E003034340F05382A2A3D3E92F
:10E840000023DDE90201BDF7EBFE02460B46204640
:10E85000294614461D4632463B46BDF7DFFE0246BA
:10E860000B4620462946BEF721FB002840F039829E
:10E870004FF400734344C3F30A52A84CA2F2FF3290
:10E880001441C3F3130AC2F11402002004EA030185
:10E890004AF4801A4AFA02FA0B460246B8F1000F0F
:10E8A00030463946B8BFCAF1000ABDF7B7FE024686
:10E8B0000B4606460F46DDE90201BDF7B1FE4FEA01
:10E8C0000A5B0D46002482A3D3E900232046294693
:10E8D000BEF75CF83246804689463B4620462946CC
:10E8E000BDF79CFE02460B46DDE90201BDF796FE30
:10E8F00079A3D3E90023BEF749F802460B46204628
:10E90000294614461D4676A3D3E90023BEF73EF8F8
:10E9100002460B4620462946BDF782FE06460F46B4
:10E9200032463B4640464946BDF77AFE42464B4694
:10E9300004460D46BDF772FE02460B463046394688
:10E94000BDF76CFE2246804689462B462046294666
:10E95000BEF71CF864A3D3E9002306460F46BEF7B2
:10E9600015F863A3D3E90023BDF758FE32463B46B2
:10E97000BEF70CF860A3D3E90023BDF751FE324681
:10E980003B46BEF703F85EA3D3E90023BDF746FE7E
:10E9900032463B46BDF7FAFF5BA3D3E90023BDF740
:10E9A0003FFE32463B46BDF7F1FF02460B4620468E
:10E9B0002946BDF733FE06460F4632463B46204603
:10E9C0002946BDF7E3FF02460B4630463946164658
:10E9D0001F4600224FF08043BDF720FE02460B4643
:10E9E00030463946BEF7FCF8424606460F464B46CF
:10E9F00020462946BDF7CAFF42464B46BDF710FEEA
:10EA000002460B4630463946BDF708FE22462B46E5
:10EA1000BDF704FE0B46024641490020BDF7FEFD4E
:10EA20000B465B44B3F5801FC0F253811946DDE904
:10EA30000623BDF7ABFF41EC100BFFF7DDBB9FEDED
:10EA4000347B8DED067B44E44FF0020B002A7FF40B
:10EA5000C6AC21E4B9F1804F3FF451ACDFF8C8C037
:10EA6000E1457FF418AC47EC106B13B0BDE8F04FF4
:10EA700001F0D4B8DFF8B4C021F00043634540F2A0
:10EA8000ED80284B0B4403430AD132463B46BDF789
:10EA9000C5FDDDE90223BEF7FFF900283FF4E8AE2B
:10EAA000DDE9060100220023BEF7E2F9003818BFB5
:10EAB00001201FE404910290009343E4002C7FF4B2
:10EAC00093AB7FE4AFF30080FE822B654715973C44
:10EAD00000000000432EE63FEF39FAFE422EE63FEB
:10EAE000396CA80C615C20BED0A4BE726937663E4A
:10EAF000F16BD2C541BDBB3E2CDE25AF6A56113F3E
:10EB000093BDBE166CC1663F3E5555555555C53F24
:10EB1000000000000000F0BFFFFF8F400000F0FF8A
:10EB20000000F03F00346F3F0000E03FFFCB90401B
:10EB30009A45C0F0E080A44B9A454FF0000200F2E5
:10EB4000EC8051EC100BA04BBDF768FD8CA3D3E912
:10EB5000002306460F46BDF719FF8BA3D3E9002318
:10EB60008046894630463946BDF710FF974B8246AE
:10EB70008B46002230463946BDF708FF02460B4659
:10EB800083A1D1E90001BDF749FD32463B46BDF7FF
:10EB9000FDFE02460B4600208D49BDF73FFD324683
:10EBA000CDE900013B4630463946BDF7EFFE02464F
:10EBB0000B46DDE90001BDF7E9FE77A3D3E90023A9
:10EBC000BDF7E4FE02460B4650465946BDF726FD0A
:10EBD00006460F4632463B4640464946BDF720FDB5
:10EBE000002042464B4682468B46BDF717FD024643
:10EBF0000B4630463946BDF711FDCDE90201DFE590
:10EC00009FED677B8DED087B9FED677B8DED047B32
:10EC10009DED087B00278DED107B39E4B9F1000FE5
:10EC20009FED5F0BBFF6E8AA05F1004300EE104A26
:10EC300000EE903AFFF7E0BA002A7FF43BAFCCF148
:10EC4000140C43FA0CFE0EFA0CFC9C4579D0DFF84C
:10EC500078C163453FF401ABFFF71ABB5C4A9342AE
:10EC600000F28580DDE90023934692462AE6564964
:10EC7000002032463B46BDF7B3FF41EC100BFFF7D7
:10EC8000BBBABBF1010F7FF4B7AA10EE901A10EED9
:10EC9000102A01F1004343EC102BFFF7ADBAB9F194
:10ECA000000F7FF726AB002013B0BDE8F04F00F057
:10ECB00003BB9FED3F7B8DED087B9FED3F7B8DED93
:10ECC000107B9FED3F7B4FF480278DED047BFFF79A
:10ECD000DFBB41EC100B504600F016FF51EC100B5F
:10ECE000A5E6DDE9060100220023BEF7C1F80038E1
:10ECF00018BF0120D8E7DDE9060100220023BEF796
:10ED0000B7F8003818BF0120B9F1000FBFF6F2AA1A
:10ED1000CAE79FED230BFFF76FBADDE90601002379
:10ED2000BEF7A6F8003818BF0120B9F1000FBBDC10
:10ED3000FFF7E0BA9AB10EF0010ECEF1020BFFF729
:10ED40004EBB214A93423FF488AAB9F1804F3FF469
:10ED5000D6AA0EF0010ECEF1020BFFF79DBAB9F163
:10ED6000804F3FF4CCAA4FF0020BFFF795BA1B156A
:10ED7000A3F2FE334FF4801242FA03F37AE500BFA8
:10ED8000000000604715F73F44DF5DF80BAE543ECE
:10ED9000555555555555D53FFE822B654715F73FBF
:10EDA0000000000000000000000000000000F03F34
:10EDB0000000004003B8E23F06D0CF43EBFD4C3EDD
:10EDC000000000000000F83F0000F03F0000D03FCE
:10EDD0000000E03F000000002DE9F04F53EC102B45
:10EDE000874923F000458D4291B0044640F28E8061
:10EDF00084498D421E462AD8002E1046194676A315
:10EE0000D3E9002340F3A881BDF708FC7E4B9D4267
:10EE100006460F4600F08B8071A3D3E90023BDF7AF
:10EE2000FDFB8046894642464B4630463946BDF793
:10EE3000F5FB6BA3D3E90023BDF7F0FBC4E9008920
:10EE4000C4E902010127384611B0BDE8F08F6F49CF
:10EE50008D4240F286806E498D425FD84FEA255A36
:10EE6000AAF2164AA5EB0A51104690468946BEF70B
:10EE70003DF8BDF721FD02460B4640464946CDE927
:10EE80000A23BDF7CBFB634B0022BDF77FFD89460C
:10EE90008046BEF72BF8BDF70FFD02460B464046F5
:10EEA0004946CDE90C23BDF7B9FB5A4B0022BDF70B
:10EEB0006DFDCDE90E0110AF03254FF000084FF0B6
:10EEC000000977E9020142464B46AB46013DBDF7DA
:10EED000C5FF0028F5D1504B019302230093524601
:10EEE0005B4621460AA800F0EFF9002E0746AADA91
:10EEF0006168226801F10043E168C4E90023A26867
:10EF000001F10043C4E9022347429CE700200021AD
:10EF100084ED000BC4E90201002794E7104619466E
:10EF2000BDF77CFBC4E90201C4E90001F4E72EA3AC
:10EF3000D3E90023BDF772FB2DA3D3E900230646D6
:10EF40000F46BDF76BFB8046894642464B4630462E
:10EF50003946BDF763FB26A3D3E90023BDF75EFB6B
:10EF60006CE700F0C7FD59EC108B23A3D3E9002315
:10EF700040464946BDF70AFD284B0022BDF750FB2D
:10EF8000BDF7B4FF0746BDF797FC02460B46CDE937
:10EF9000042311A3D3E90023BDF7F8FC02460B4676
:10EFA00040464946BDF73AFB0DA3D3E9002382460C
:10EFB0008B46DDE90401BDF7E9FC1F2FCDE9020115
:10EFC00030DC174B7A1E53F82230AB422AD002466F
:10EFD0000B469DE0AFF3008000004054FB21F93F59
:10EFE0003163621A61B4D03D0000601A61B4D03D53
:10EFF0007370032E8A19A33B83C8C96D305FE43F49
:10F00000FB21E93F7BD90240FB21F93FFB2139413C
:10F01000FFFFEF7F0000704188A505080000E03F7A
:10F0200008A50508DDE9022350465946BDF7F6FA62
:10F030002B150793C1F30A53C3EB1553102B8046CE
:10F0400089466BDD64A3D3E90023DDE90401BDF744
:10F050009DFC8046894642464B4650465946BDF780
:10F06000DDFA02460B4650465946CDE90823924642
:10F070009B46BDF7D3FA42464B46BDF7CFFA58A39D
:10F08000D3E9002380468946DDE90401BDF77EFC13
:10F0900042464B46BDF7C2FA02460B465046594619
:10F0A000CDE90223BDF7BAFA079AC1F30A53D31A7E
:10F0B000312B804689464CDD4CA3D3E90023DDE9A2
:10F0C0000401BDF763FC8046894642464B465046E4
:10F0D0005946BDF7A3FA82468B4652465B46DDE9A8
:10F0E0000801BDF79BFA42464B46BDF797FA41A38C
:10F0F000D3E9002380468946DDE90401BDF746FCDB
:10F1000042464B46BDF78AFA02460B46CDE902233A
:10F1100050465946BDF782FA8046894642464B46DC
:10F12000C4E9008950465946BDF778FADDE9022363
:10F13000BDF774FA002EC4E90201BFF684AE09F1EE
:10F140000043C4E9008301F10043C4E902037F42A4
:10F1500079E6DDE908ABE1E7BDF762FA224B9D42B3
:10F1600006460F4618D01AA3D3E90023BDF758FA74
:10F170008046894642464B4630463946BDF74EFAF0
:10F1800013A3D3E90023BDF74BFAC4E90089C4E90E
:10F1900002014FF0FF3756E60FA3D3E90023BDF776
:10F1A0003FFA0FA3D3E9002306460F46BDF738FA0E
:10F1B0008046894642464B4630463946BDF72EFAD0
:10F1C00007A3D3E90023BDF72BFADEE7AFF30080F6
:10F1D0003163621A61B4D03D0000601A61B4D03D61
:10F1E0007370032E8A19A33BFB21F93F0000002E08
:10F1F0008A19A33BC14920259A837B3910B52DED8F
:10F20000028BB0EE408A0446F6F724FFB0EE480ABF
:10F21000BDEC028B046010BD30B1F1EE407A27EEF8
:10F22000800A2220FFF7EABFF0EE407A27EE800A3C
:10F230002220FFF7E3BF00BF9FED010AFFF7ECBFFD
:10F24000000000109FED010AFFF7E6BF000000700C
:10F2500010B52DED028BB0EE408AF0EE608A0446C8
:10F26000F6F7F8FEB0EE480AF0EE680ABDEC028B45
:10F27000046010BD00B5034683B051EC100B83B1A0
:10F28000024601F10043CDE90023DDE90023BDF78B
:10F290007DFB41EC100B222003B05DF804EBFFF77F
:10F2A000D7BF02460B46EEE79FED010BFFF7E2BF2B
:10F2B00000000000000000109FED010BFFF7DABF17
:10F2C00000000000000000702DE9F04FADF5197D41
:10F2D0009C460B91BD4BA299049053F821300593A5
:10F2E00012F1140F0CF1FF330393C0F2AD82B84951
:10F2F000D31E81FB0301DB17C3EBA103089301338A
:10F30000A3EB8303DB00D618089A039BD41A059A53
:10F31000D7181DD40137DDF88CA2274420AD4FF05B
:10F3200000084FF00009E34608E05AF82400BDF752
:10F33000C3FA0134BC42E5E8020108D0002CF4DA3B
:10F34000013440464946BC42E5E80201F6D1DC46BC
:10F35000059B002BB8BF4FEACC0738DB20AB03EB93
:10F36000CC0A059BDDF80C90029663444FEACC076B
:10F370000093049BCDE906C70DF5E07B03EBCC08B9
:10F380004B46D9469B46039B002BC0F2A281049EAC
:10F3900057460024002577E90223F6E80201BDF76D
:10F3A000F5FA02460B4620462946BDF739F946458F
:10F3B00004460D46EFD1009B0BF1010B9B45E9E89C
:10F3C00002450AF1080ADED1DDE906C7029E049B68
:10F3D000059A009203EB070B0CAB03EB8203043B93
:10F3E00009930CAB03EB8207CDF828C0009A98ABC9
:10F3F00003EBC203002A53E928454FEAC2082CDD7B
:10F400000DF5E07AD0440DF1300902960697714B64
:10F41000002220462946BDF7B9FABDF767FDBDF7C2
:10F420004BFA6D4B002206460F46BDF7AFFA024677
:10F430000B4620462946BDF7F1F8BDF757FD78E9A0
:10F44000022349F8040B39463046BDF7E9F8D045A8
:10F4500004460D46DBD1029E069F45EC104B30461C
:10F4600000F052FB55EC104B00224FF07F5320462A
:10F470002946BDF78BFA41EC100B00F0C9FC574B45
:10F4800051EC100B0022BDF781FA02460B462046D4
:10F490002946BDF7C3F80D460446BDF727FD824651
:10F4A000BDF70AFA02460B4620462946BDF7B6F8D4
:10F4B000002E8046894640F39380009B0CAA581E7C
:10F4C000C6F1180352F8202042FA03F404FA03F3B9
:10F4D000D21AC6F117010CAB42FA01F5002D43F820
:10F4E0002020A24400F3DC8000220023404649464D
:10F4F000BDF7B4FC002800F05782009B059A9342A8
:10F500000CDD0CAA02EB8303002253F8041DBB425E
:10F5100042EA0102F9D1002A40F0DE80059B0CAAE4
:10F52000013B52F82330002B40F0CE80099A012392
:10F5300052F8041D01330029FAD0009A1344013215
:10F54000914600990A9802930144089802EB000A38
:10F550000AF1804AA3980AF1FF3A00EB8A0A20A830
:10F5600000EBC108CDE9066770A901EBC202009269
:10F570005AF8040FBDF7A0F9039B002BE8E802013D
:10F5800020DB049E47460024002577E90223F6E8A5
:10F590000201BDF7FBF902460B4620462946BDF79E
:10F5A0003FF85E4504460D46EFD1009BE3E8024577
:10F5B0000093029B09F101099945D9DDDDE9066750
:10F5C000009313E700240025EFE700BFD0A605084D
:10F5D000ABAAAA2A0000703E000070410000204043
:10F5E00055D1009B0CAA013B52F82350ED15002D7C
:10F5F0007FF77AAF009B002B0AF1010A40F34382A8
:10F600000CAB002253F8044B002C3BD0C4F18074A7
:10F6100043F8044C6FF07F40009C03E01968411AE6
:10F6200043F8041B01329442F8DC0124002E0DDD66
:10F63000012E3ED0022E09D1009B5A1E0CAB0CA904
:10F6400053F82230C3F3150341F82230022D7FF422
:10F650004BAF42464B4694490020BCF7DFFF804643
:10F660008946002C3FF440AF30469FED8D0B00F0F3
:10F670004BFA4046494653EC102BBCF7CFFF80466F
:10F68000894631E7009901329142BBDCCEE7874BD6
:10F690000022BDF701FC002840F0C480054623E7A6
:10F6A000009B002B0AF1010AD8BF0024A8DC012E20
:10F6B000C0D1009B5A1E0CAB0CA953F82230C3F3E7
:10F6C000160341F82230C1E7009B5A1C91461346AD
:10F6D00037E7002400256EE6009A0CAB541ECDE9F6
:10F6E000035A53F82430183E5BB902F18043013BC2
:10F6F0000CAA02EB830353F8042D013C183E002AA8
:10F70000F9D030469FED660B00F0FEF9002C57EC67
:10F71000106BC0F2C48104F1010A0CAB03EB8A0543
:10F720004FEACA0270ABDFF8889103EBCA0A4FF0C8
:10F730000008934655F8040DBDF7BEF832463B4627
:10F74000BDF724F94B466AE9020142463046394684
:10F75000BDF71CF90CAB9D4206460F46EAD1ABF152
:10F76000080370A95A4601EB030A0DF590784FF093
:10F770000009CDE9064243465246A346CA46DDF893
:10F780001490CDF81480B9F1000FC0F28380DFF837
:10F79000248100931746002600240025029201E0F0
:10F7A000564510DCF7E80223F8E80201BDF7EEF851
:10F7B00002460B4620462946BCF732FF0136B145CA
:10F7C00004460D46ECDA009B029A0BF1FF3BBBF1BD
:10F7D000FF3FE3E802450AF1010AA2F10802D2D193
:10F7E000A29BDDF81480022BDDE9064264DC002BCD
:10F7F0002FDC10D108EB02040020002174E9022361
:10F80000BCF70EFF4445F9D1039B002B40F0378134
:10F810000B9BC3E90001049B03F007000DF5197D64
:10F82000BDE8F08F009B002B0AF1010AC8BF02253A
:10F830003FF7E6AE42464B461B490020BCF7EEFEC2
:10F840000225804689464FE600216FF01703089194
:10F8500059E508EB02050026002775E9022330462A
:10F860003946BCF7DDFE454506460F46F5D13B4619
:10F87000D5E900013246BCF7D1FE039B002B00F016
:10F88000E2800B9D07F10043C5E90063002C40F0C6
:10F89000DE80E7E00024002597E700BFAFF300809B
:10F8A000000000000000F03F0000F03F0000E03FDB
:10F8B0000000703E90A60508A29B032BABD1002C44
:10F8C00000F0FD8008EBC4054FEAC40AD5E90067E3
:10F8D000CDE905A50095A946029479E9024530468F
:10F8E000394622462B46BCF79BFEB246BB4606462F
:10F8F0000F4632463B4620462946BCF78FFE52460D
:10F900005B46BCF78DFEC145C9E90201C9E9006744
:10F91000E3D1029C012CDDE905A500F0D080D5E9FA
:10F920000045009E08F1080B474676E9028920460B
:10F93000294642464B46CDE90045BCF771FE0446D8
:10F940000D4622462B4640464946BCF767FEDDE998
:10F950000023BCF765FEB345C6E90201C6E90045D0
:10F96000E3D10AF10804B8463C4407F11005002031
:10F97000002174E90223BCF753FEA542F9D1039B91
:10F98000D8E90067D8E90245002B47D10B9BC3E9B2
:10F990000401C3E90067C3E90245049B03F00700C3
:10F9A0000DF5197DBDE8F08F704249EC108BCDE963
:10F9B000035A00F0A9F855EC104B4B4B002220469F
:10F9C0002946BDF769FAF8B1484B0022204629467E
:10F9D000BCF7DCFFBDF78AFA0746BCF76DFF424B68
:10F9E0000022BCF7D3FF02460B4620462946BCF74F
:10F9F00015FEBDF77BFA009B0CAA5C1C42F82300A5
:10FA0000183642F824707CE620462946BDF76EFA87
:10FA1000009B0CAA1C4642F8230072E632460B9E5D
:10FA200007F10043C6E9002305F10043C6E902439C
:10FA300001F10043C6E90403049B03F007000DF540
:10FA4000197DBDE8F08F0B9BC3E900676CB14AAE2E
:10FA50000125F6E802230135BCF7E2FDAC42F8DAF5
:10FA6000039B13B101F1004319460B9BC3E902014B
:10FA7000049B03F007000DF5197DBDE8F08F01F13F
:10FA800000431946C4E6022D7FF42EAD02460B4614
:10FA900000201749BCF7C2FD8046894624E5A29B99
:10FAA000022B06DC002B0DDC7FF4B5AE002000211C
:10FAB000AAE6A29B032B7FF4AEAE0DF59078002052
:10FAC00000215CE7039BDDE9480133B10B9C002278
:10FAD0004FF00043C4E90023C4E70B9C002200233D
:10FAE000C4E90023C1E700BF000070410000703E80
:10FAF0000000F03F51EC100B024621F0004343ECB4
:10FB0000102B70470000000070B555EC104BC5F38A
:10FB10000A5206462B4672BB25F00043234329D0E8
:10FB20003B4B204629460022BCF730FF394B9E4212
:10FB300004460D4652DBC1F30A520B46363A4CF2EC
:10FB400050318E4223DC164440F2FE7296421EDC97
:10FB5000002E34DC16F1350F38DB6FF31E533636CA
:10FB600043EA065520462C4B29460022BCF70EFFDF
:10FB700041EC100B70BD40F2FF718A42DFD122468A
:10FB800020462946BCF74CFD41EC100B70BD002D02
:10FB900017A1D1E9000107DB15A3D3E90023BCF7C6
:10FBA000F5FE41EC100B70BD13A1D1E9000110A3CB
:10FBB000D3E90023BCF7EAFE41EC100BF3E76FF347
:10FBC0001E5343EA065545EC104B70BD002D0CA1A9
:10FBD000D1E9000102DA0CA1D1E9000108A3D3E9BF
:10FBE0000023BCF7D3FE41EC100B70BDAFF30080D7
:10FBF0009C7500883CE4377E9C7500883CE437FEA9
:10FC000059F3F8C21F6EA50159F3F8C21F6EA58102
:10FC100000005043B03CFFFF0000903C2DE9F84F3E
:10FC2000784855EC104BA84300F0A680002D2146E3
:10FC30002A46234656DD2C1500F0D280C2F313026B
:10FC4000E107A4F2FF3742F4801203D4D90F01EB8D
:10FC500042025B005200002602EBD3727F105B0071
:10FC60001624B4464FF400110CEB010090424FEA09
:10FC7000D3754FEA430303DC00EB010C121A0E4468
:10FC8000013C05EB42024FEA5101EDD1A04620258F
:10FC90004FF000400AE03CD0510001EBD371013D30
:10FCA0000A464FEA43034FEA50003ED0944508EB22
:10FCB000000EF0DABEF1000F0EEB00080CDBE1469F
:10FCC000A2EB0C019E4588BF01F1FF314900CC46F3
:10FCD000A3EB0E030444E0E7B8F1000FEFDB0CF1F7
:10FCE0000109EDE725F0004020433FD0002D6AD107
:10FCF000D90A153A5B050029FAD0CE0214461846F7
:10FD00000A466ED520254FF0FF31E840641A0243C1
:10FD100094E79E4502D94FEA4C01BEE7BEF1000FC1
:10FD20000EEB000824DB0021D2E7194312D0DFF8E4
:10FD3000D8A0DFF8D8B0DAE90001DBE90023BCF78E
:10FD40006DFCDAE9008902460B4640464946BDF79C
:10FD500099F8F8B96508711001F17F5101F50011AA
:10FD600001EB075345EAC67243EC102BBDE8F88F50
:10FD7000B8F1000FB3DAD6E722462B4620462946D3
:10FD8000BCF704FE22462B46BCF74AFC41EC100BA4
:10FD9000BDE8F88FB4F1FF3FDAE90001DBE90023A9
:10FDA0002BD0BCF73DFCDAE9008902460B46404601
:10FDB0004946BDF75DF810B3A31C04F1020508BF66
:10FDC00001366D08C7E722462B4620462946BCF778
:10FDD00025FC02460B46BCF703FF41EC100BC5E7C0
:10FDE000084600235200D502194603F10103F9D554
:10FDF000C3F1200500FA03F387E70136ABE70134CE
:10FE0000A8E700BF0000F07FE8A60508E0A6050807
:10FE100051EC100BC1F30A532DE9F041A3F2FF3569
:10FE2000132D0C46064632DC002D20DB384B43FAFE
:10FE300005F801EA080303430F462DD032A3D3E9A6
:10FE40000023BCF7EDFB00220023BDF72FF840B1E3
:10FE5000002C03DA4FF480132B411F4427EA0804D7
:10FE600000262346324643EC102BBDE8F08126A342
:10FE7000D3E90023BCF7D4FB00220023BDF716F81A
:10FE80000028EED0002C2ADB00263446E9E7332D8B
:10FE900006DDB5F5806F1BD041EC100BBDE8F0819D
:10FEA000A3F213434FF0FF37DF400742F4D016A30D
:10FEB000D3E90023BCF7B4FB00220023BCF7F6FF14
:10FEC0000028CED0002C334610DB23EA0706C8E713
:10FED00002460B46BCF7A4FB41EC100BDEE724F016
:10FEE000004426430DD14FF00044BAE7142D06D04C
:10FEF000C5F134050122AA401344B342E5D20134CE
:10FF0000E3E7044C0026ACE79C7500883CE4377EB0
:10FF1000FFFF0F000000F0BF7FB500241023CDE9E4
:10FF20000234036815469E6912686B46CDE90044A9
:10FF3000B0479DF8043003F00603062B03BF009B77
:10FF40002B600120204604B070BD009890420CBF89
:10FF5000062001207047000010B5034B03600446E3
:10FF600000F099F9204610BD28A7050810B50446F1
:10FF7000FFF7F2FF2046082100F042F8204610BDAE
:10FF80002DE9F0411F46DDE90834DDF81880984579
:10FF90000646154607D1079900F082F918B1657138
:10FFA0000020BDE8F0813946304600F079F900289C
:10FFB000F6D00123C4F800802571A371F0E738B5AD
:10FFC00015461C4600F06CF920B10823E3600623B7
:10FFD0002560237138BD2DE9F04105460C461646D3
:10FFE0001F4600F05DF948B9032F07D82368324651
:10FFF000294620465B69BDE8F0411847BDE8F0811D
:020000040805ED
:1000000000F0D8BB00F0D6BB2DE9F043884689B09C
:1000100017461D46064620B90024204609B0BDE813
:10002000F083026852F8083C52F8049C0022CDE9A3
:10003000052210220792C25852F8042C4A4500EBC0
:100040000304E9D1002D2BDA05AAD9F80030CDE957
:100050000262CDE900480622DC6929463B46484653
:10006000A047059C002CD7D09DF81A1001F006037C
:10007000062BD2D09DF819309DF818201A4002F0B6
:100080000602062AC9D003F00503042BC4D00029B8
:10009000C2D1002D0DDB2C44A642BDD1059CBCE78E
:1000A000DD42D1D13946484600F0FAF80028CBD0DD
:1000B000B3E7AB1CB0D03B6800961E6A22464346AD
:1000C00029463846B04700F006000628E5E701203B
:1000D0007047000010B5034B0360044600F0DBF8E6
:1000E000204610BD88A7050810B50446FFF7F2FFAB
:1000F00020460821FFF784FF204610BD012838BFA5
:10010000012010B504462046DDF79EFB00B110BD6E
:1001100000F066FB08B9F8F735F88047F3E7FFF71A
:10012000EDBF01207047000010B5034B036004468B
:1001300000F068FB204610BDD8A7050810B504469E
:10014000FFF7F2FF20461021FFF75AFF204610BDAF
:10015000012B2DE9F04106460C46C06817461D46A6
:1001600003D80B4900F09CF848B9F068E1680368CF
:100170001E693A46AB1CB446BDE8F0416047E068F2
:100180000368DB68984780F00100C0B2BDE8F081E9
:1001900030A9050810B5034B03600446FFF7DCFEE9
:1001A000204610BD30A8050810B50446FFF7F2FF41
:1001B00020460C21FFF724FF204610BD2DE9F04119
:1001C000DDF81880904506460F4615461C460BD0B4
:1001D000B0680368CDF818801E6A2A46234639465F
:1001E000B446BDE8F0416047194600F059F80028D0
:1001F000EED00620BDE8F0812DE9F14F0D461946FD
:10020000DDE90A4BDDE90CA681461746984600F069
:1002100047F890B1002D3460377109DB2C44A245BA
:1002200014BF01240624B471002001B0BDE8F08F92
:100230000235F9D10123B371F6E7544506D1594689
:10024000484600F02DF808B17771EDE7D9F80800BD
:100250000368CDE90CA6CDE90A4BDC693A46434672
:100260002946A44601B0BDE8F04F60472DE9F041B2
:1002700007460C4615461E46FFF7A1FE48B9B8686A
:1002800003689F692A4633462146BC46BDE8F041D3
:100290006047BDE8F081704700207047002070473C
:1002A000814208B50ED0406803782A2B0CD04968EB
:1002B0000B782A2B08BF0131BBF752FFB0FA80F050
:1002C000400908BD0120FCE70020FAE7FFF7E8BF7E
:1002D00010B5034B03600446FFF73EFE204610BDF9
:1002E000A8A8050810B50446FFF7F2FF204618211C
:1002F000FFF786FE204610BD2DE9F74FDDF830A050
:100300005245054688461646994605D0EF6805EBE6
:10031000C70547B9012020E01946FFF7C1FF0028B3
:10032000F4D0062019E0EC68A30719D5221214F0C6
:10033000010404D018F1030F12D033689A58A8684A
:100340000368CDF800A0D3F820B032444B464146B4
:10035000D847032804D92043C0B203B0BDE8F08FCA
:10036000013F083DD5E7F0B40D1E049C164606DBA0
:100370002E44B4420CBF06200120F0BC7047023569
:1003800005D0056804942C6AA446F0BC604701209F
:10039000F3E72DE9F04F91B0CDE905231D9C1C9AA0
:1003A000A368DB0644BF8368A3601A9B934281461F
:1003B0000F4608D11B99FFF773FF20B1059B6371AE
:1003C0004FF0000882E006994846FFF769FF98B1B0
:1003D0001A9B2360002F059B237108DB1A9B1F4487
:1003E0001C9BBB4214BF01270627A771E8E7023711
:1003F000E6D10123A371E3E7002FA9BF1C9B07905F
:10040000DB1B07934FF0020C0123CDE908C3059BCA
:100410004FF0000843F00103CDF828800B93D9F882
:100420000CA009EBCA0BBAF1000F09D10A9B002BF3
:100430004CD0089B012B49D00123CDE9083AEEE7C7
:100440000023CDE90D33DBF80C30A5680F95DE07EE
:1004500043BF1A980B9A0068059A4FEA232148BFB8
:1004600041581A980144079838B18842099E2CBF18
:1004700000200120B04200F0B380980706D4BB1CD6
:1004800002D1AE0700F0AE8002F0FD02DBF80800FA
:100490000DAD036803951C9D02951B9DCDE90015CC
:1004A0003946DD69069BA84763799DF839209DF898
:1004B0003A500D991343062D637101D0022D09D1D5
:1004C0009DF8383021602371A5718046404611B0F7
:1004D000BDE8F08F2268B8F1000F13D1A2B99DF8E2
:1004E00038202160227121B11BB1D9F80830DD0715
:1004F000EBD56379042BE8D00AF1FF3AABF1080B96
:10050000804690E7002A37D0914206D123799DF8A2
:100510003820134323714046EBE709B90028FAD08D
:10052000032BA67904D9D90729D5A3689B0726D51B
:100530007EB9032D05D9EE0741D5D9F808309807C3
:100540003DD51C9B009306981B9B3946FFF70BFF7C
:100550000646E5B9032E05D9F10732D5D9F808309A
:100560009A072ED51C9B00930D9A1B9B0698394623
:10057000FFF7F9FE05460AE00029D1D1CBE7012EAD
:1005800038BF0126012D38BF0125F6B2EDB285EA4C
:100590000603DBB2032B16D9032D81BF0D9B23600D
:1005A0002E469DF8383086BF237100204046B307A1
:1005B000A67102D416F001069BD1002085E7012622
:1005C000E5E70125E3E73540EDB20023032D236085
:1005D00003D90223A371012077E70120A07188E7E6
:1005E00001230A93404687E72DE9F04F8BB005467B
:1005F000049101921C46FFF7E2FC002862D1D4F876
:100600000890D5F80C8019F0100F18BFD5F8089095
:1006100009F0010305EBC8074FF0000A05930DF13F
:10062000180BB8F1000F04D12079003818BF012051
:1006300049E0FA68CDF818A002F00103029302F035
:10064000020303930399059B8DF81CA00B43CDE98E
:10065000089A03D108F1FF38083FE2E7019B002B1D
:1006600034D0029B121213B1019B1B689A58019B54
:100670001A44B868049903689B691E465B46B047F4
:100680000028E7D0099B082B03D1029B0BB1BB6864
:1006900009939DF81C30032B05D9039A1AB923F04E
:1006A00002038DF81C30E168C1B99BE80F0084E8B3
:1006B0000F002379032B05D99A0709D5AB6813F0EE
:1006C000010FC7D101200BB0BDE8F08F019AD0E730
:1006D000DB07F7D5AB6813F0020FF2E72368069A41
:1006E000934204D00023236002232371EAE72BB155
:1006F00023799DF81C2013432371ABE70998082840
:10070000F2D00829F0D0FFF7CBFD0028F0D1EBE7BD
:1007100008B5F7F737FD08B5F7F734FD08B5F7F773
:1007200031FD08B5F7F72EFD0FB408B5F7F72AFD30
:1007300008B5F7F727FD2DE9F041DDE906680D461C
:1007400017461C4636B1964230D8324619462846DE
:10075000D4F790FDB8F1000F11D0BE420FD0424641
:10076000E919A819D4F786FDBE4208D9EB19A219D8
:10077000934206D3324621462846D4F77BFDBDE896
:10078000F081A34208D8641BE41B34443246291983
:100790002846CDF771FBF2E71F1B3A462146284653
:1007A000D4F768FDF21BA919E819F2E7B8F1000FB8
:1007B000D5D1DBE7DDF74AB810B5034B036004463B
:1007C000FFF769FD204610BD08A9050810B50446CD
:1007D000FFF7F2FF20460821FFF712FC204610BD6C
:1007E000024B1868BFF35B8F704700BF5C3101207C
:1007F000C068C96810B4046824690233A4465DF86F
:10080000044B604710B5034B03600446FFF743FDFC
:10081000204610BD70A9050810B50446FFF7F2FF89
:1008200020461021FFF7ECFB204610BD2DE9F047D4
:1008300004460D4616461F46FFF732FD81468046A8
:1008400068B928492846FFF72BFDF0B123682649EF
:1008500053F8040CFFF724FD30B1C6F800904FF0B8
:1008600001084046BDE8F0872368204953F8040C8E
:10087000FFF716FD48B1E0680368DB68984710B1E0
:100880001B4B3360EBE71B4BFBE72A68236852F8EE
:10089000041C53F8040CFFF703FD00B3FA07E0D57E
:1008A000AB68A16803F0600001F0600230EA020C5E
:1008B00018BF134023EA010322EA00021A43D0D1F1
:1008C000CB072368D3F818E058BF27F001073B4651
:1008D000324629462046F446BDE8F0476047804648
:1008E000BFE700BF24A90508C4A70508C8A90508D3
:1008F00090A905088CA9050807EE900AF5EEC07AC4
:10090000F1EE10FA01D400F00BB8F1EE677A08B5F9
:1009100017EE900A00F004F8404261EB410108BD77
:10092000D0B5BBF7DBFF0C4B002206460F46BCF7E9
:100930002DF8BCF703FB0446BBF7AEFF074B0022C4
:10094000BCF724F802460B4630463946BBF766FE34
:10095000BCF7F4FA2146D0BD0000F03D0000F041A4
:10096000D0B50C4B002206460F46BCF70FF8BCF77B
:10097000E5FA0446BBF790FF074B0022BCF706F8E8
:1009800002460B4630463946BBF748FEBCF7D6FA5E
:100990002146D0BD0000F03D0000F0412DE9F047B8
:1009A000089D0E4604460F46002B4AD194468C45BE
:1009B000B2FA82F260D942B1C2F12003974020FA24
:1009C00003F30CFA02FC1F4394404FEA1C4E1FFA3B
:1009D0008CF6B7FBFEF1230C0EFB117743EA0743BD
:1009E00001FB06F098420AD91CEB030301F1FF3723
:1009F00080F01581984240F21281023963441B1A3B
:100A0000A4B2B3FBFEF00EFB103344EA034400FB38
:100A100006F6A6420AD91CEB040400F1FF3380F06D
:100A20000081A64240F2FD806444023840EA014061
:100A3000A41B00211DB1D4400023C5E90043BDE83B
:100A4000F0878B4205D90DB1C5E9000100210846A8
:100A5000F5E7B3FA83F1002946D1B34202D38242CB
:100A600000F2F580841A66EB030201201746002D80
:100A7000E5D0C5E90047E2E7002A40F09380A1EB0A
:100A80000C034FEA1C471FFA8CFE0121B3FBF7F65B
:100A900007FB1630230C43EA00430EFB06F0984296
:100AA00008D91CEB030306F1FF3802D2984200F28A
:100AB000D08046461B1AA4B2B3FBF7F007FB1033F5
:100AC00044EA03440EFB00FEA64508D91CEB0404CF
:100AD00000F1FF3302D2A64500F2B6801846A4EB1F
:100AE0000E0440EA0640A5E7C1F120078B4022FA38
:100AF00007FC4CEA030C06FA01FE20FA07F426FA7A
:100B000007F344EA0E0400FA01F84FEA1C404FEAEA
:100B10001449B3FBF0FE1FFA8CF600FB1E3349EAC2
:100B200003430EFB06F9994502FA01F20BD91CEBBF
:100B300003030EF1FF3A80F08580994540F28280F0
:100B4000AEF1020E6344A3EB0909A4B2B9FBF0F3C2
:100B500000FB139944EA094403FB06F6A64208D9B0
:100B60001CEB040403F1FF3068D2A64266D9023BB5
:100B7000644443EA0E40A41BA0FB02E6B442734661
:100B8000B14652D34FD05DB1B8EB030264EB090418
:100B900004FA07F722FA01F31F43CC40C5E90074B9
:100BA00000214CE7C2F1200120FA01F30CFA02FC0B
:100BB00026FA01F1964033434FEA1C471FFA8CFE98
:100BC000B1FBF7F007FB1016190C41EA064100FBD8
:100BD0000EF68E4204FA02F408D91CEB010100F172
:100BE000FF382DD28E422BD902386144891B9BB22B
:100BF000B1FBF7F607FB161143EA014306FB0EF1C2
:100C0000994208D91CEB030306F1FF3814D299422C
:100C100012D9023E63445B1A46EA004136E7394680
:100C2000EDE6184602E7F045ADD2BEEB020366EBF7
:100C30000C060138B146A6E74646ECE7034698E7BE
:100C40004046D3E7D6467EE76444023847E7084685
:100C50000DE7023E63442DE7F8B500BFF8BC08BCC1
:100C60009E467047F8B500BFF8BC08BC9E4670476A
:100C7000FF7F307530750000FFFFFF7FFFFFFF7FB4
:100C800001000080FFFFFF7F28003700460037008B
:100C900078003700B400370028001E0037001E001F
:100CA00046001E0078003700010304030503070314
:100CB0000203030308030B030A0309030C034103A4
:100CC0004403450347034203430348034B034A03DA
:100CD00049034C0381038403850387038203830351
:100CE00088038B038A0389038C0300000000000043
:100CF00000000000000000000000000000000000F4
:100D0000F4014600320014001E0028000F001400F9
:100D1000F4014600320014001E0028000F001400E9
:100D2000A10F000000000000000000000000000013
:100D300000000000000000000000000001020408A4
:100D40000A10200000000000000000000000000069
:100D50000000000000000000FF7F3075FF7F0000F2
:100D6000FFFFFF7FFFFFFF7F01000080FFFFFF7F8E
:100D700003360508083605080D3605080936050846
:100D8000ED350508F2350508F7350508FD35050888
:100D9000B2350508B9350508CE350508DD35050835
:100DA000C00000008096184B8096984A8096184A9A
:100DB0000000000000000000000000000000000033
:100DC0000000000000000000000000000000000023
:100DD0000000000000000000000000000000000013
:100DE000D63A0508ED3A0508C53A0508CA3A050895
:100DF000D13A0508200321032203260327032803F1
:100E000029032A032303240325032B032C03600354
:100E10006103620366036703680369036A0363038C
:100E2000640365036B036C03A003A103A203A60381
:100E3000A703A803A903AA03A303A403A503AB0361
:100E4000AC030000010004000000010090019001CB
:100E500090012C010A00F4010000280001000000AC
:100E6000FF7F3075FF7F000032000000FFFFFF7F33
:100E700001000080FFFFFF7FE34105080000000044
:100E8000000000000080BB4400E0AB4600608645E7
:100E90000000B4420000000000000000FFFFFFFF60
:100EA0003C57733B295CF54120BCBE4B140000004D
:100EB0000000003FFF0B00000000010004000000E4
:100EC0000100FF0F323294024B01000000000020AD
:100ED00000000020878287820001000100000000DE
:100EE000E003E103E203E303E403E503E603E703CE
:100EF000E803000000000000000000000000000007
:100F00000000000000000000054705081147050823
:100F10001D47050864656661756C745461736B00E8
:100F200049444C4500000000092563092575092541
:100F3000750925750D0A000009257509092575250E
:100F4000250D0A0009257509093C3125250D0A00E2
:100F5000546D725100000000546D7220537663008E
:100F60005F757362645F71646566000041766169F4
:100F70006C61626C6520636C6173736573202875A6
:100F8000736520636C732E302E68656C7020666FFD
:100F900072206D6F726520696E666F293A0A0000D3
:100FA0002E00000046343037564700005573616705
:100FB000653A20002053697A653A20003078253060
:100FC000386C782530386C782530386C7800000023
:100FD000253031366C6C7800494E4600696E6600EB
:100FE0004E414E006E616E0030313233343536374B
:100FF0003839616263646566000000003031323365
:101000003435363738394142434445460000000004
:10101000286E756C6C290000300000002C2066756D
:101020006E6374696F6E3A2000000000617373652F
:101030007274696F6E2022257322206661696C6567
:10104000643A2066696C6520222573222C206C6925
:101050006E65202564257325730A00004C435F43A9
:101060004F4C4C41544500004C435F43545950454C
:10107000000000004C435F4D4F4E45544152590013
:101080004C435F4E554D4552494300004C435F541D
:10109000494D45004C435F4D45535341474553002F
:1010A000496E66696E697479000000004E614E00F9
:1010B00042616C6C6F63207375636365656465641E
:1010C000000000002F646174612F6A656E6B696EA9
:1010D000732F776F726B73706163652F474E552D59
:1010E000746F6F6C636861696E2F61726D2D31333F
:1010F0002F7372632F6E65776C69622D63796777E2
:10110000696E2F6E65776C69622F6C6962632F73ED
:1011100074646C69622F64746F612E630000000058
:101120002F646174612F6A656E6B696E732F776FC0
:10113000726B73706163652F474E552D746F6F6CC2
:10114000636861696E2F61726D2D31332F73726325
:101150002F6E65776C69622D63796777696E2F6E84
:1011600065776C69622F6C6962632F7374646C6954
:10117000622F6D707265632E63000000140F050806
:10118000000000000000000000000000000000005F
:101190000008000010000000000000000000000037
:1011A0000000000001020304000000000000000035
:1011B00001020304060708090006101600061016AF
:1011C0005852425344000000000000001D7E0108F8
:1011D000AD7E0108D97E0108257F0108D97F01086D
:1011E000A1800108000000000000000051820108F9
:1011F0006182010865820108758201082583010862
:10120000E984010800000000000000005586010884
:10121000C9860108F58601081D8701080D880108A7
:101220001188010800000000000000504300000089
:101230000400000000050000000004404D00000014
:1012400006000000001000000000005043000000F5
:101250000400000000050000000004404D000000F4
:10126000060000000010000004000A00C100C200D7
:101270000101020103012001210101020202030216
:1012800004020502060207020802100211022002EF
:10129000300240024102420243024402450250022F
:1012A000600261028002810282028302840285025E
:1012B00086029002000301030203030304030503F3
:1012C0000703080309030A030B030C03200321038C
:1012D000220326032703280329032A032C0341039F
:1012E00042034303440345034703480349034A03B6
:1012F0004B034C03600361036203660367036803E7
:1013000069036A036C0381038203830384038503F7
:101310008703880389038A038B038C03A003A1033B
:10132000A203A603A703A803A903AA03AC03C0034F
:10133000C103C203C303C403C503D003D103D20353
:10134000D303D403E003E103E203E303E403E5038F
:10135000E603E703E8030004010410041104130486
:10136000140400050105020503050405050506052D
:101370000705080509050A050B050C050D050E05F1
:101380000F051005110512051305140515051605A1
:10139000170500000100020004000A00C100C2009D
:1013A00001010201030120012101010202020302E5
:1013B00004020502060207020802100211022002BE
:1013C00030024002410242024302440245025002FE
:1013D0006002610270028002810282028302840242
:1013E0008502860290020003010302030303040343
:1013F00005030703080309030A030B030C03200377
:1014000021032203230324032503260327032803A0
:1014100029032A032B032C03410342034303440300
:1014200045034703480349034A034B034C03600346
:101430006103620363036403650366036703680370
:1014400069036A036B036C038103820383038403D0
:1014500085038703880389038A038B038C03A00316
:10146000A103A203A303A403A503A603A703A80340
:10147000A903AA03AB03AC03C003C103C203C303A4
:10148000C403C503D003D103D203D303D403E003C1
:10149000E103E203E303E403E503E603E703E80310
:1014A00000040104100411041304140400050105D0
:1014B00002050305040505050605070508050905D8
:1014C0000A050B050C050D050E050F051005110588
:1014D0001205130514051505160517050501090460
:1014E000A101A10085010509190129401500250167
:1014F000954075018102050109300931093209332E
:10150000093409350937093616018026FF7F751021
:1015100095088102C00600FF0900A10185A109010B
:1015200015002604007508950191010902751095B2
:101530000191010903750895019101090475209530
:1015400001910109057540950191010906754095C4
:1015500001910185A1090115002604007508950176
:101560008101090275109501810109037508950132
:1015700081010904752095018101090575409501D6
:1015800081010906754095018101C0050F0992A1ED
:10159000028502099F09A009A409A609941500253E
:1015A000013500450175019505810295038103C050
:1015B0000921A102850109221501252835014528A7
:1015C0007508950191020925A1020926092709300C
:1015D00009310932093309340940094109420943F3
:1015E000250B15013501450B750895019100C009C2
:1015F000500954095109A7150026FF7F350046FF01
:101600007F66031055FD7510950491025500660024
:10161000000952150026FF00350046102775089571
:1016200001910209531501250835014508750895F2
:101630000191020955A10205010930093115002562
:1016400001750195029102C0050F0956950191029D
:10165000950591030957A1020B01000A000B020036
:101660000A0066140055FE150027A08C0000350006
:1016700047A08C000066000075109502910255008D
:10168000660000C0050F0958A1020B01000A000BFB
:1016900002000A0026FD7F751095029102C0C00964
:1016A0005AA1028502092215012528350145287510
:1016B0000895019102095B095D16000026FF7F363F
:1016C000000046FF7F751095029102095C095E6675
:1016D000031055FD27FF7F000047FF7F00007520A6
:1016E000910245006600005500C0095FA102850314
:1016F0000922150125283501452875089501910213
:101700000923150025033500450375049501910251
:101710000958A1020B01000A000B02000A00750221
:1017200095029102C016008026FF7F36008046FF9A
:101730007F096075109501910236008046FF7F0990
:101740006109629502910216000026FF7F360000B3
:1017500046FF7F0963096475109502910209654689
:10176000FF7F95019102C0096EA10285040922152F
:101770000125283501452875089501910209701643
:10178000000026FF7F36000026FF7F75109501912F
:1017900002096F16008026FF7F36008046FF7F9586
:1017A0000175109102097166140055FE1500279FFE
:1017B0008C00003500479F8C000075109501910248
:1017C0000972150127FF7F0000350147FF7F0000E8
:1017D00066031055FD7520950191026600005500C5
:1017E000C00973A102850509221501252835014587
:1017F00028750895019102097016018026FF7F3631
:10180000018046FF7F751095019102C00974A10205
:1018100085060922150125283501452875089501F9
:1018200091020975097616008026FF7F36008046F2
:10183000FF7F751095029102C0050F0977A10285FF
:101840000A092215012528350145287508950191B9
:10185000020978A1020979097A097B150125037526
:101860000895019100C0097C150026FF003500464F
:10187000FF009102C00990A102850B0922150125E4
:101880002835014528750895019102C00995A102E6
:10189000850C0996A102099709980999099A099B4B
:1018A000099C15012506750195089102C0C0097DA6
:1018B000A102850D097E150026FF00350046102780
:1018C000750895019102C009ABA10285110925A1F6
:1018D0000209260927093009310932093309340977
:1018E00040094109420943250B15013501450B7596
:1018F000089501B100C00501093B150026FF01351F
:101900000046FF01750A9501B1027506B101C005D7
:101910000F0989A1028512092225281501350145E3
:101920002875089501B102098BA102098C098D095E
:101930008E150125033501450375089501B100C0D9
:1019400009AC150027FFFF0000350047FFFF00002E
:1019500075109501B100C0097FA10285130980753A
:101960001095011500350027FFFF000047FFFF001D
:1019700000B102098326FF0046FF0075089501B1FA
:101980000209A909AA75019502150025013500452E
:1019900001B10275069501B103C0C000050109043B
:1019A000A101A100850105091901294015002501A2
:1019B0009540750181020501093009310932093369
:1019C000093409350937093616018026FF7F75105D
:1019D00095088102C00600FF0900A10185A1090147
:1019E00015002604007508950191010902751095EE
:1019F000019101090375089501910109047520956C
:101A000001910109057540950191010906754095FF
:101A100001910185A10901150026040075089501B1
:101A2000810109027510950181010903750895016D
:101A30008101090475209501810109057540950111
:101A400081010906754095018101C0C07665637406
:101A50006F723A3A5F4D5F64656661756C745F6181
:101A60007070656E640063616E6E6F742063726582
:101A7000617465207374643A3A766563746F72209A
:101A80006C6172676572207468616E206D61785F49
:101A900073697A65282900456E61626C65206C6FF8
:101AA00077706173732066696C7465727300666920
:101AB0006C746572004175746F72616E67696E67F0
:101AC000006175746F63616C00416E616C6F6720BB
:101AD0006F75747075742076616C75657300416CF8
:101AE0006C207261772076616C7565730072617726
:101AF00076616C004D696E2076616C7565206C694D
:101B00006D697420286164723D6368616E29006D9F
:101B1000696E004D61782076616C7565206C696D29
:101B2000697420286164723D6368616E29006D618B
:101B30007800766563746F723A3A5F4D5F726561E3
:101B40006C6C6F635F696E73657274006261736958
:101B5000635F737472696E673A3A5F4D5F63726573
:101B600061746500303030313032303330343035EC
:101B7000303630373038303931303131313231333D
:101B80003134313531363137313831393230323123
:101B90003232323332343235323632373238323909
:101BA0003330333133323333333433353336333701
:101BB00033383339343034313432343334343435E7
:101BC00034363437343834393530353135323533CD
:101BD00035343535353635373538353936303631B3
:101BE0003632363336343635363636373638363999
:101BF0003730373137323733373437353736373791
:101C00003738373938303831383238333834383576
:101C1000383638373838383939303931393239335C
:101C2000393439353936393739383939004F7665ED
:101C300072616C6C20666F72636520737472656E7E
:101C400067746800706F77657200526F74617469B1
:101C50006F6E2072616E676520696E206465670033
:101C60006465677265657300456E6473746F702098
:101C700073746966666E6573730065736761696E18
:101C8000005A65726F2061786973007A65726F65BA
:101C90006E6300496E7665727420617869730069BD
:101CA0006E766572740049646C6520737072696E3B
:101CB0006720737472656E6774680069646C65731D
:101CC0007072696E6700496E646570656E64656EFA
:101CD000742064616D70657220656666656374006A
:101CE0006178697364616D70657200496E646570D6
:101CF000656E64656E74206672696374696F6E20C8
:101D00006566666563740061786973667269637499
:101D1000696F6E00496E646570656E64656E7420EF
:101D2000696E6572746961206566666563740061D9
:101D3000786973696E657274696100456E636F647A
:101D400065722074797065206765742F7365742FD0
:101D50006C69737400656E6374797065004D6F749F
:101D60006F7220647269766572207479706520677D
:101D700065742F7365742F6C697374006472767464
:101D800079706500456E636F64657220706F73696A
:101D900074696F6E005370656564206C696D697459
:101DA00020696E206465672F73006D6178737065BC
:101DB000656400546F727175652072617465206C82
:101DC000696D697420696E20636F756E74732F6D11
:101DD00073006D6178746F727175657261746500FE
:101DE00045666665637420726174696F2E20526562
:101DF00064756365732067616D65206566666563FC
:101E00007473206578636C7564696E6720656E64B1
:101E100073746F702E203235353D313030250066B9
:101E200078726174696F004178697320746F7271A0
:101E3000756500637572746F7271756500417869BC
:101E40007320706F736974696F6E00637572706F61
:101E500073004178697320737065656400637572FF
:101E6000737064004178697320616363656C00631B
:101E70007572616363656C00456E636F64657220A3
:101E8000746F206178697320676561722072656480
:101E9000756374696F6E202876616C202F206164F1
:101EA000722920312D32353600726564756374698C
:101EB0006F6E004269717561642066696C74657249
:101EC0002070726F66696C6520666F722073706532
:101ED000656420616E6420616363656C0066696C93
:101EE00074657250726F66696C655F6964004269FF
:101EF000717561642066696C7465722066726571C3
:101F000020616E6420712A31303020666F72207338
:101F1000706565640066696C7465725370656564AC
:101F2000004269717561642066696C74657220662F
:101F300072657120616E6420712A31303020666FC5
:101F40007220616363656C0066696C7465724163DD
:101F500063656C005265706F7274656420656E63B2
:101F60006F64657220435052006370720045787050
:101F70006F6E656E7469616C20637572766520633F
:101F80006F7272656374696F6E2028785E2876615F
:101F90006C2F6578706F7363616C65292B31290034
:101FA0005363616C657220636F6E7374616E74202D
:101FB000666F72206578706F006578706F7363610B
:101FC0006C650062617369635F737472696E673A0E
:101FD00020636F6E737472756374696F6E206672BE
:101FE0006F6D206E756C6C206973206E6F74207637
:101FF000616C69640052533438352053696D706CDC
:10200000656D6F74696F6E20696E74657266616369
:102010006500544D433436373120696E74657266FD
:1020200061636500464642206178697300417869C2
:1020300073206F7574206F6620626F756E64730015
:1020400062617369635F737472696E673A3A617053
:1020500070656E640043414E207370656564207046
:10206000726573657420282120666F72206C697315
:1020700074290053656E642043414E206672616D81
:10208000652E204164722656616C756520726571FB
:1020900075697265640073656E6400536574206CC5
:1020A000656E677468206F66206E6578742066724E
:1020B000616D6573006C656E0063616E00626173D3
:1020C00069635F737472696E673A3A5F4D5F7265F8
:1020D000706C6163650043616E20706F72740062A2
:1020E000617369635F737472696E673A3A7375629C
:1020F0007374720025733A205F5F706F73202877C6
:102100006869636820697320257A7529203E2074E8
:102110006869732D3E73697A652829202877686974
:10212000636820697320257A752900737973005BD1
:102130003E21000A5D000A5072656669782C436C86
:102140006173732049442C20436C61737320646570
:10215000736372697074696F6E0A00307825580075
:102160003A20004E6F20636F6D6D616E64732E00B8
:10217000436F6D6D616E64206E616D652C434D44DF
:102180002049442C204465736372697074696F6ED2
:102190002C20466C6167730A003078256C5800204B
:1021A0005200205700205741002052410020285360
:1021B00054522900202844454255472900293A0A0B
:1021C00000636D6409666C616773096465736372AB
:1021D000697074696F6E0A0A00092800205354520E
:1021E000002044424700202909004944206F66200E
:1021F000636C617373006E616D65206F6620636C44
:10220000617373006E616D65005072696E74732046
:1022100068656C7020666F7220636F6D6D616E64AF
:102220007300436F6D6D616E642068616E646C65F0
:102230007220696E64657800636D6475696400433B
:102240006F6D6D616E642068616E646C657220698B
:102250006E7374616E6365206E756D626572006980
:102260006E7374616E636500466C616773206F66A0
:10227000206120636F6D6D616E6420696420286148
:102280006472292E202D3120696620636D642069D7
:102290006420696E76616C696400636D64696E6662
:1022A0006F0053796E7461783A0A4765743A206317
:1022B0006C732E28696E7374616E63652E29636D6D
:1022C000643F206F7220636C732E28696E73746193
:1022D0006E63652E29636D643F6164720A53657491
:1022E0003A20636C732E28696E7374616E63652E79
:1022F00029636D643D76616C206F7220636C732E70
:1023000028696E7374616E63652E29636D643D7612
:10231000616C3F616472005541525420696E74656E
:1023200072666163652E200043444320696E7465C4
:1023300072666163652E20004F4B004E4F545F461E
:102340004F554E4400455252004E6F6E65005D0A77
:1023500000434443434D440055415254434D4400CF
:10236000766563746F723A3A5F4D5F72616E67654E
:102370005F696E7365727400436F6E74726F6C7315
:1023800020696E7465726E616C20464642206566F7
:10239000666563747300667800465843616C630039
:1023A000436F6E7374616E7420666F72636520662E
:1023B000696C746572206672657175656E6379000B
:1023C00066696C74657243664672657100436F6E30
:1023D0007374616E7420666F7263652066696C74D5
:1023E000657220512D666163746F720066696C744A
:1023F000657243665100537072696E672067616948
:102400006E004672696374696F6E206761696E0061
:1024100044616D706572206761696E00496E657216
:10242000746961206761696E005553656420656653
:1024300066656374732073696E6365207265736586
:10244000742028496E666F207072696E7420617303
:1024500020737472292E20736574203020746F20CD
:102460007265736574004C69737420656666656394
:1024700074732064657461696C732E2073657420B5
:102480003020746F207265736574006566666563DD
:10249000747344657461696C73004C697374206172
:1024A000637475616C206566666563747320666F1E
:1024B000726365732E0065666665637473466F723A
:1024C0006365730044616D70657220626971756146
:1024D0006420667265710064616D7065725F66008C
:1024E00044616D706572206269717561642071006C
:1024F00064616D7065725F71004672696374696FC3
:102500006E20626971756164206672657100667221
:10251000696374696F6E5F66004672696374696FA0
:102520006E206269717561642071006672696374FE
:10253000696F6E5F7100496E6572746961206269CE
:1025400071756164206672657100696E6572746987
:10255000615F6600496E65727469612062697175B8
:102560006164207100696E65727469615F71004316
:102570006F6E646974696F6E616C20656666656311
:1025800074732066696C7465722070726F66696C12
:10259000653A20302064656661756C743B2031209B
:1025A000637573746F6D0025206F66206D617820F0
:1025B000737065656420666F72206772616475610F
:1025C0006C20696E6372656173650066726963741D
:1025D000696F6E5063745370656564546F52616DBA
:1025E0007075700025660062617369635F73747251
:1025F000696E673A3A7265706C616365002C200001
:102600007B226D6178223A002C202263757272223F
:102610003A002C20226E62223A007D007363616CC6
:10262000653A002C666163746F723A00436F6E7393
:1026300074616E742C0052616D702C005371756161
:1026400072652C0053696E652C00547269616E6767
:102650006C652C00536177746F6F74682055702C13
:1026600000536177746F6F746820446F776E2C002D
:10267000537072696E672C0044616D7065722C0036
:10268000496E65727469612C004672696374696F82
:102690006E2C00437573746F6D2C00456666656320
:1026A0007473006572727072696E74007761726E15
:1026B0000063726974006E6F20696E666F00434D2F
:1026C000445F4D41494E00496E76616C69642063F8
:1026D0006F6D6D616E64004572726F72207768690C
:1026E0006C6520657865637574696E6720636F6DCE
:1026F0006D616E6400484944434D440065666665FB
:102700006374735F63616C6320213D206E756C6C34
:10271000707472007669727475616C20766F69648A
:10272000204869644646423A3A7365745F464642B9
:1027300028626F6F6C29004646426F6172642F53A6
:1027400072632F4869644646422E63707000766952
:10275000727475616C20766F6964204869644646BE
:10276000423A3A7365745F6761696E2875696E7481
:10277000385F742900766F69642048696446464270
:102780003A3A7365745F66696C746572732846467D
:10279000425F4566666563742A29004932432073A7
:1027A00070656564207072657365740069326300DA
:1027B00049324320706F72740066786D004646425D
:1027C000206163746976650066666273746174651E
:1027D00000456666656374207479706500526573A0
:1027E000657420616C6C2065666665637473206F28
:1027F0007220656666656374206164720043726569
:10280000617465206E657720656666656374206F08
:102810006620747970652076616C2E20526574751F
:10282000726E7320696E646578206F72202D31207E
:102830006F6E20657272006E657700313662206DB2
:1028400061676E6974756465206F66206E6F6E20B7
:10285000636F6E642E2065666665637420616472C2
:10286000006D616700456E61626C652F446973613C
:10287000626C6520656666656374206164720050F1
:102880006572696F64206F66206566666563742093
:1028900061647200706572696F640044757261747E
:1028A000696F6E206F66206566666563742061647B
:1028B00072006475726174696F6E004F666673654D
:1028C00074206F6620636F6E642E20656666656394
:1028D000742061647200446561647A6F6E65206F74
:1028E0006620636F6E642E20656666656374206182
:1028F000647200646561647A6F6E6500536174751B
:10290000726174696F6E206F6620636F6E642E2033
:102910006566666563742061647200736174004368
:102920006F656666696369656E74206F6620636FA4
:102930006E642E2065666665637420616472006350
:102940006F656666004761696E20666F7220746805
:10295000697320617869732028696E7374616E638E
:1029600065292031366200617869736761696E009C
:10297000436F6E7374616E743D312C52616D703DA6
:10298000322C5371756172653D332C53696E653D10
:10299000342C547269616E676C653D352C536177D8
:1029A000746F6F74682055703D362C536177746F67
:1029B0006F746820446F776E3D372C537072696E68
:1029C000673D382C44616D7065723D392C496E65E8
:1029D000727469613D31302C4672696374696F6E3F
:1029E0003D31310045666665637473206D616E61CB
:1029F000676572005072696E742073797374656DC7
:102A00002068656C7000577269746520616C6C2079
:102A100073657474696E677320746F20666C61737C
:102A20006800736176650052657365742063686938
:102A300070007265626F6F74007265626F6F7420F0
:102A4000696E746F2044465520626F6F746C6F61BD
:102A500064657200646675004C6973742061766108
:102A6000696C61626C65206D61696E636C61737322
:102A70006573006C736D61696E004C6973742061DD
:102A8000637469766520636C61737365732028468F
:102A9000756C6C6E616D653A636C736E616D653AF1
:102AA000696E73743A636C7369643A696478290077
:102AB0006C7361637469766500496E7465726E61EA
:102AC0006C20766F6C74616765286D562900766995
:102AD0006E740045787465726E616C20766F6C74EC
:102AE000616765286D5629007665787400517565B3
:102AF0007279206F72206368616E6765206D61690D
:102B00006E636C617373004669726D7761726520E4
:102B100076657273696F6E007377766572004861CF
:102B20007264776172652074797065006877747972
:102B300070650057726974652076616C75652074E4
:102B40006F20666C617368206164647265737300E2
:102B5000666C617368726177005265616420616CB4
:102B60006C20666C617368207661726961626C6565
:102B700073202876616C3A6164722900666C617317
:102B80006864756D700052656164206572726F7261
:102B90002073746174657300526573657420657287
:102BA000726F7273006572726F7273636C72004D34
:102BB000656D6F727920696E666F00686561706619
:102BC000726565005461736B207374617473007473
:102BD00061736B73746174730073657420666F72D4
:102BE0006D61743D3120746F206572617365206181
:102BF0006C6C2073746F7265642076616C7565739C
:102C000000666F726D617400456E61626C65206F65
:102C1000722064697361626C652064656275672007
:102C2000636F6D6D616E6473006465627567004704
:102C3000657420636869702064657620696420612A
:102C40006E6420726576206964006465766964004C
:102C5000476574203936622063686970207569643D
:102C60002E20416472302D322073656C20626C6BB3
:102C700000436869702074656D7065726174757267
:102C80006520696E20430074656D70004163636563
:102C90007373204F5450206D656D6F7279006F749F
:102CA000700043686970207369676E61747572653E
:102CB00020696E204F54502E207365746164722019
:102CC000746F20777269746520646174612E20735B
:102CD00065743D3120746F206C6F636B007369679E
:102CE0006E6174757265005461736B206C697374E6
:102CF000007461736B6C6973740062617369635F04
:102D0000737472696E673A3A5F4D5F7265706C6199
:102D100063655F6175780053797374656D20436FE7
:102D20006D6D616E647300555342002530386C78C8
:102D30002530386C782530386C78004272616B65CC
:102D4000207265736973746F7220737475636B207E
:102D50006F6E003130306B003132356B0032353000
:102D60006B003530306B00313030306B003130303B
:102D70006B622F73003430306B622F730041445309
:102D8000313131332F342F3520616E616C6F672004
:102D9000736F7572636500766563746F723A3A5F3C
:102DA0004D5F66696C6C5F696E7365727400616417
:102DB00073416E616C6F670061647331313178000B
:102DC000416D6F756E74206F6620696E70757473D7
:102DD0002028312D34206F7220312D322069662059
:102DE000646966666572656E7469616C2900696EF6
:102DF0007075747300446966666572656E746961A6
:102E00006C206D6F646520284368303D2030702051
:102E1000316E204368313D20327020336E290064CA
:102E200069666600504741207363616C65202830F5
:102E30002D35290044617461207261746520283049
:102E40002D372900362E313434563A302C342E307A
:102E50003936563A312C322E303438563A322C31FB
:102E60002E303234563A332C302E353132563A34F5
:102E70002C302E323536563A350038205350533ADE
:102E8000302C3136205350533A312C3332205350AA
:102E9000533A322C3634205350533A332C31323893
:102EA000205350533A342C323530205350533A3556
:102EB0002C343735205350533A362C383630205383
:102EC00050533A3700414453313131582041444343
:102ED000003420313662206178657320706572207D
:102EE000363462207061636B65740063616E616E7D
:102EF000616C6F670043414E206672616D652049C9
:102F000044206F66206669727374207061636B651C
:102F1000742E204E657874207061636B657420494F
:102F2000442B3100416D6F756E74206F6620616EA9
:102F3000616C6F672061786573004D61786D696DB4
:102F4000756D20616D6F756E74206F6620616E61A6
:102F50006C6F672061786573006D6178616D6F7566
:102F60006E740043414E20416E616C6F67004341B7
:102F70004E206275732064656275672062726964B1
:102F800067652E205468697320636C6173732069D0
:102F9000732047565245542F536176767943414EFC
:102FA00020636F6D70617469626C65210043414EEE
:102FB0003A0053656E642061206672616D65206F12
:102FC0007220676574206C61737420726563656933
:102FD000766564206672616D650053656E6420617C
:102FE00020525452206672616D6500727472004303
:102FF00068616E6765206F72206765742043414E7B
:1030000020626175640043414E20427269646765C5
:1030100020284756524554290063616E62746E0041
:10302000416D6F756E74206F6620627574746F6E7B
:10303000730062746E6E756D00496E7665727420F1
:10304000627574746F6E730043414E206672616DD9
:10305000652049440043414E20427574746F6E737D
:103060000052656D6F74652043414E20416E616C66
:103070006F672F4469676974616C20736F75726341
:103080006500427574746F6E206F7574707574206E
:1030900043414E2049440063616E696462746E006E
:1030A000416E616C6F67206F7574707574207374F6
:1030B0006172742043414E2049440063616E69642B
:1030C00061696E00456E61626C656420627574743E
:1030D0006F6E20736F75726365730062746E7479BE
:1030E00070657300456E61626C6520627574746F03
:1030F0006E20736F757263650061646462746E0044
:1031000047657420617661696C61626C65206275E7
:1031100074746F6E20736F7572636573006C736285
:10312000746E00456E61626C656420616E616C6FE7
:103130006720736F75726365730061696E7479706F
:1031400065730047657420617661696C61626C65C6
:1031500020616E616C6F6720736F757263657300B9
:103160006C7361696E00456E61626C6520616E61B1
:103170006C6F6720736F7572636500616464616969
:103180006E0043414E20696E74657276616C2072E8
:103190006174650043757272656E74206469676955
:1031A00074616C206F757470757473006476616CF3
:1031B000730043757272656E7420616E616C6F6727
:1031C000206F757470757473006176616C7300465E
:1031D00046424D41494E0043414E2072656D6F7429
:1031E00065204469676974616C2F416E616C6F671B
:1031F0000042697473206F66207265736F6C75741A
:10320000696F6E0062697473005350492073706572
:1032100065642070726573657420312D33004352EC
:1032200043206572726F7220636F756E7400496E11
:103230007665727420646972656374696F6E00628A
:10324000697373656E630042495353454E430042B0
:103250004953532D43004C6F63616C2041424E2013
:10326000656E636F6465720A00435052206F66207A
:10327000656E636F64657200456E61626C6520699E
:103280006E6465782070696E006C6F63616C656E4A
:1032900063004C6F63616C2041424E0053504920E3
:1032A00073706565642070726573657420302D32AB
:1032B000004572726F7220636F756E7400535049CF
:1032C000206D6F646500737369656E6300535049C8
:1032D0002053534920456E636F6465720A006B4842
:1032E0007A3A005353490052617700414D543233CA
:1032F00000466F72636520666565646261636B207A
:103300004849442067616D6520636F6E74726F6C0D
:103310006C6572004849442047616D6570616420A6
:1033200028457874204646422900456D65726765D8
:103330006E63792073746F7020627574746F6E2081
:10334000747269676765726564004646422000488A
:103350007A0A5553422000464642207374617475C0
:103360007300666662616374697665004765742000
:10337000657374696D617465642065666665637400
:103380002075706461746520737065656400686998
:1033900064726174650047657420657374696D615A
:1033A00074656420636F6E737420666F726365204A
:1033B0007261746500636672617465004368616E72
:1033C0006765204849442067616D657061642075B8
:1033D0007064617465207261746500686964736506
:1033E0006E6473706400456D657267656E63792005
:1033F00073746F70006573746F7000464642204AA4
:103400006F79737469636B2028322041786973295E
:103410000046464220576865656C20283120417877
:10342000697329004661696C73616665206D616925
:103430006E636C6173732077697468206E6F2066A9
:10344000656174757265732E2043686F6F736520B4
:103450006120646966666572656E74206D61696E6F
:10346000636C6173732E207379732E6C736D616955
:103470006E20746F206765742061206C697374001E
:10348000426173696320284661696C7361666529CE
:1034900000416E616C6F672070696E7320736F7589
:1034A0007263650A006170696E00456E61626C65E9
:1034B000642070696E7300417661696C61626C654D
:1034C0002070696E730041494E2D50696E7300443F
:1034D00069676974616C2070696E20627574746FBD
:1034E0006E20736F75726365006470696E00506959
:1034F0006E20706F6C61726974790070696E2076ED
:10350000616C75657300546F67676C6520746F201C
:1035100070756C7365206D6F6465206D61736B00F1
:1035200070756C736500442D50696E7300496E743C
:10353000656E736974790052616E6765206F6620ED
:103540007068617365206368616E67650072616EA3
:10355000676500506C617973204D49444920766954
:103560006120544D4334363731004D4944492028B9
:10357000544D43290050574D206F75747075742059
:103580006D6F746F72206472697665720070776D0A
:103590006472760050574D20706572696F642073B5
:1035A000656C656374696F6E0050574D206D6F6474
:1035B000650052432050504D0030252D3530252DCB
:1035C000313030252043656E746572656400302D9E
:1035D000313030252050574D2F44495200302D3185
:1035E000303025206475616C2050574D00336B6876
:1035F0007A00396B687A0031376B687A0032346B45
:10360000687A0032306D730031356D730031306D82
:103610007300637263657272005541525420657283
:10362000726F7220636F756E74007561727465726B
:103630007200566F6C7461676520696E206D56006C
:10364000546F7271756520696E206D41005374610D
:1036500074757320666C6167730052657374617270
:103660007420647269766572007265737461727435
:1036700000526561642F577269746520726177200A
:103680007265676973746572007265670044657678
:103690006963652074797065006465767479706516
:1036A00000736D320053696D706C656D6F74696F76
:1036B0006E2064657669636520696E76616C696405
:1036C00020636F6E66696775726174696F6E00530F
:1036D000696D706C656D6F74696F6E20320053692F
:1036E0006D706C656D6F74696F6E2031006D7465FF
:1036F0006E63004D54454E4300637300506F736911
:1037000074696F6E00506172697479206572726FAE
:103710007220636F756E7400456E636F646572200E
:103720006D6F646520284D54363832353D303B4D41
:1037300054363833353D3129005350492073706574
:1037400065642070726573657400526561642F57FB
:10375000726974652072656769737465720053617C
:10376000766520746F206D656D6F7279004D5436EB
:103770003832353A300A4D54363833353A31004D07
:1037800061676E54656B205350490043414E206978
:1037900064206F66204F44726976650043414E2075
:1037A00062617564726174650063616E7370640058
:1037B0004F4472697665206572726F7220666C6123
:1037C0006773004F44726976652073746174650095
:1037D0004D617820746F7271756520746F20736508
:1037E0006E6420666F72207363616C696E67006D32
:1037F0006178746F72717565004F447269766520E7
:1038000056627573007662757300536574203120BB
:10381000746F20737461727420616E7469636F6772
:1038200067696E672063616C6962726174696F6E4B
:1038300000616E7469636F6767696E67004F4472F9
:1038400069766520636F6E6E656374696F6E207351
:10385000746174650053746F726520656E636F6484
:103860006572206F66667365740073746F7265703D
:103870006F73004F4472697665206D6F746F7220AC
:1038800064726976657220776974682043414E00DE
:103890006F647276004F4452495645004F44726936
:1038A000766520284D3129004F44726976652028BD
:1038B0004D30290070636662746E003430306B6284
:1038C0002F73206D6F64650062746E6E756D2F3896
:1038D00020646576696365732072657175697265C8
:1038E000642E204164647265737365732073746120
:1038F0007274696E6720617420307832302E00490E
:10390000324320504346383537340043414E206916
:1039100064206F66206D6F746F72004572726F72F3
:1039200020666C616773004D6178696D756D206DFF
:103930006F746F722063757272656E7420696E2089
:10394000302E30314120285768656E2061637469DC
:1039500076657265717565737473206F6E290043A7
:10396000757272656E7420696E20302E3031412080
:10397000285768656E206163746976657265717534
:1039800065737473206F6E290063757272005465DD
:103990006D706572617475726520696E20C2B04386
:1039A00020285768656E2061637469766572657159
:1039B0007565737473206F6E2900566F6C74616740
:1039C0006520696E20302E315620285768656E209C
:1039D0006163746976657265717565737473206F60
:1039E0006E29003120746F2073656E6420616374EA
:1039F00069766520706F736974696F6E2072657186
:103A0000756573747320666F722068696768657284
:103A10002072617465730072657175657374706F7F
:103A200073004E616D65206F66206D6F746F72005C
:103A30006D6F64656C00726D6400524D4400524DB0
:103A400044204D794163747561746F722028322966
:103A500000524D44204D794163747561746F72203A
:103A600028312900535049203220427574746F6EFA
:103A70000043757420627574746F6E732072696789
:103A800068740062746E63757400496E7665727452
:103A90000062746E706F6C004E756D626572206F9F
:103AA0006620627574746F6E7300535049204353DF
:103AB0002070696E0073706973706565640073705F
:103AC0006962746E0046617374004D656469756D5A
:103AD00000536C6F77005468727573746D61737402
:103AE00065722F48454634303231425400373478BD
:103AF000783136350053504920427574746F6E73B7
:103B000020320053504920427574746F6E73203117
:103B10000053686966746572206D6F646500582D86
:103B20007468726573686F6C6420666F72203126EA
:103B3000322067656172730078313200582D7468E5
:103B4000726573686F6C6420666F7220352636204C
:103B500067656172730078353600592D7468726537
:103B600073686F6C6420666F7220312633263520AF
:103B70006765617273007931333500592D7468724D
:103B80006573686F6C6420666F7220322634263647
:103B900020676561727300793234360050696E2097
:103BA000666F722052207369676E616C0072657671
:103BB00062746E0043532070696E20666F722053EA
:103BC0005049206D6F64657300637370696E0058AF
:103BD000207369676E616C20616E616C6F67207025
:103BE000696E00786368616E0059207369676E6161
:103BF0006C20616E616C6F672070696E007963681C
:103C0000616E00416E616C6F672076616C756573E3
:103C1000004465636F646564206765617200736862
:103C20006966746572004732392D48004732392081
:103C300053657175656E7469616C004732372D4844
:103C4000004732372053657175656E7469616C0089
:103C5000416E616C6F6720362B3120676561722081
:103C60007368696674657220627574746F6E207310
:103C70006F75726365005368696674657220416E82
:103C8000616C6F670043505220696E20544D4300B1
:103C90004D6F746F722074797065006D7479706502
:103CA00000456E636F64657220736F7572636500A3
:103CB000656E637372630056657273696F6E206F11
:103CC0006620544D4320626F61726400746D6348D6
:103CD000775479706500416C69676E20656E636F1B
:103CE00064657200656E63616C69676E004D6F7428
:103CF0006F7220706F6C6520706169727300706FF5
:103D00006C6573004D65617375726520746F7271B7
:103D1000756520616E6420666C75780061637474EB
:103D200072710050574D206C696D69740070776D29
:103D30006C696D00546F72717565205000746F72FC
:103D40007175655000546F72717565204900746F0C
:103D5000727175654900466C7578205000666C7507
:103D6000785000466C7578204900666C757849007B
:103D700056656C6F6369747920500076656C6F636B
:103D8000697479500056656C6F63697479204900D5
:103D900076656C6F636974794900506F73205000C9
:103DA000706F735000506F73204900706F7349003B
:103DB00056657273696F6E206F6620544D432063A1
:103DC00068697000746D63747970650050494420AF
:103DD000707265636973696F6E20626974303D4902
:103DE00020626974313D502E20303D51382E3820EC
:103DF000313D2051342E3132007069645072656358
:103E0000005068694520736F75726365007068695A
:103E100065737263004F666673657420666C7578AF
:103E2000207363616C6520666F72206669656C64DF
:103E3000207765616B656E696E6700666C75786F7B
:103E400066667365740053657175656E7469616C3F
:103E500020504900736571706900436F756E74730B
:103E600020706572204100695363616C6500456E86
:103E7000636F6465722064697200656E6364697261
:103E800000456E636F64657220706F6C6172697457
:103E9000790061626E706F6C0054656D706572615F
:103EA0007475726520696E2043202A2031303000FD
:103EB00052656164206F7220777269746520612099
:103EC000544D432072656769737465722061742074
:103ED0006164720053706163652D766563746F72FF
:103EE0002050574D00737670776D0046696E6420E0
:103EF00061626E20696E646578006175746F686FC9
:103F00006D6500456E61626C652041424E20696EB0
:103F10006465780061626E696E6465780046756CF0
:103F20006C2063616C6962726174696F6E006361B9
:103F30006C6962726174650043616C69627261747C
:103F4000696F6E2076616C69640063616C6962728E
:103F5000617465640047657420737461746500550D
:103F6000736520544D4320666F72206D6F76656DCA
:103F7000656E742E2045787465726E616C20656E76
:103F8000636F64657220666F7220706F7369746905
:103F90006F6E00636F6D62696E65456E636F646519
:103FA0007200496E7665727420696E636F6D696E1A
:103FB0006720666F7263657300696E76657274461A
:103FC0006F72636500564D20696E206D5600766DE8
:103FD0000065787465726E616C2070686965006553
:103FE00078747068696500546F72717565206669D0
:103FF0006C746572206D6F64653A206E6F6E653B00
:104000006C6F77706173733B6E6F7463683B706540
:10401000616B0074727162715F6D6F646500546FE3
:10402000727175652066696C74657220667265715F
:104030002031303030206D61782E203020746F2098
:1040400064697361626C652E202853746F726564B5
:1040500020662F32290074727162715F6600546F9E
:10406000727175652066696C74657220712A3130D1
:10407000300074727162715F7100537461727420E8
:10408000504944206175746F72756E696E67007077
:1040900069646175746F74756E65005072656665EC
:1040A0007220656E657267792064697373697061E7
:1040B00074696F6E20696E206D6F746F7200666C2C
:1040C00075786272616B65004765742F7365742043
:1040D00070776D206672657175656E6379007077B3
:1040E0006D6672657100544D43454E4300456E63E5
:1040F0006F64657220646964206E6F74206D6F76E2
:104100006520647572696E6720616C69676E6D65A4
:104110006E7400456E636F646572206469726563D6
:1041200074696F6E2072657665727365642064755C
:1041300072696E6720636865636B00544D4320416C
:104140004443206F66667365742063616C696272B4
:104150006174696F6E206661696C65642E00544DF0
:10416000432063616C6962726174696F6E2066617D
:10417000696C656400456E636F64657220616C698B
:10418000676E6D656E74206661696C65640045726A
:10419000726F7220647572696E6720636865636B05
:1041A00000416C69676E6564207375636365737342
:1041B00066756C6C7900504944204175746F747554
:1041C0006E652073756363657373005049442041C5
:1041D00075746F74756E65206661696C65640074D2
:1041E0006D6300435553544F4D00456E636F6465D6
:1041F0007220696E646578206D6973736564004C24
:104200006F77206D6F746F7220766F6C7461676565
:1042100000544D43206E6F7420726573706F6E642E
:10422000696E6700544D4320656D657267656E6306
:10423000792073746F702074726967676572656442
:10424000004E6F2064726976657220636F6E6E65D2
:1042500063746564002076004E4F4E453D302C005F
:1042600044433D312C0053746570706572203250A8
:10427000683D322C00424C4443203350683D3300AB
:1042800041424E3D312C0053696E436F733D322CD9
:10429000005556573D332C0048414C4C3D342C00C2
:1042A00045787465726E616C3D35006578743D319A
:1042B0002C6F70656E6C6F6F703D322C61626E3D5D
:1042C000332C68616C6C3D352C61656E633D362C1A
:1042D00061656E63453D37004F46463D302C4C6F5F
:1042E00077706173733D312C4E6F7463683D322C6F
:1042F0005065616B3D3300544D43343637312028CF
:10430000435320322900544D43343637312028435B
:10431000532031290076312E332041435337323434
:10432000202836366D562F41290076312E322E3216
:10433000204C454D203130202838306D562F4129F2
:104340000076312E32204144383431372028312E46
:10435000356D4F686D290076312E30204144383458
:1043600031372028312E356D4F686D290043686143
:104370006E676520746F7271756520616E6420656B
:104380006E74657220746F72717565206D6F6465EF
:10439000004368616E676520706F7320616E6420F2
:1043A000656E74657220706F73206D6F6465004D6B
:1043B0006F7665206F70656E6C6F6F702028637507
:1043C0007272656E7420636F6E74726F6C6C65646C
:1043D000292E206164723D737472656E6774683B48
:1043E00076616C3D7370656564006F70656E6C6FAF
:1043F0006F707370656564004368616E67652076F1
:10440000656C6F6369747920616E6420656E746594
:10441000722076656C6F63697479206D6F646500D6
:1044200076656C6F63697479004368616E676520B7
:104430006D6F74696F6E206D6F6465004D6F76658A
:10444000206F70656E6C6F6F7020726177205057AF
:104450004D2E206164723D737472656E6774683BA3
:1044600076616C3D7370656564006F70656E6C6F2E
:104470006F70737065656470776D00436F6D706108
:104480007469626C65207769746820544D434C2DC3
:104490004944452E20546F2075736520746865204B
:1044A000464F43206D6F64657320706F7369746944
:1044B0006F6E2C2076656C6F6369747920616E6411
:1044C00020746F7271756520796F752066697273DB
:1044D00074206D757374206D616E75616C6C7920DC
:1044E00073656C6563742074686520656E636F64C2
:1044F000657220616E64207761697420666F722036
:10450000616C69676E6D656E742E0073746F703DBB
:10451000302C746F727175653D312C76656C6F63EC
:104520006974793D322C706F736974696F6E3D33B5
:104530002C70726273666C75783D342C7072627385
:10454000746F727175653D352C7072627376656C2F
:104550006F636974793D362C757175646578743D47
:10456000382C656E636D696E696D6F76653D3900D7
:1045700002303031355633303700544D43204465D6
:10458000627567204272696467650043414E206925
:1045900064206F66204F70656E4646426F6172649C
:1045A0002041786973006F66666263616E696400BA
:1045B00043414E206964206F662056455343007680
:1045C00065736363616E69640043414E2062617587
:1045D00064202120666F7220696E666F0056455315
:1045E00043206572726F7220737461746500657226
:1045F000726F72666C616773005645534320737423
:104600006174650076657363737461746500564503
:10461000534320737570706C7920766F6C7461678A
:104620006520286D562900456E636F64657220759C
:104630007064617465207261746500656E63726197
:104640007465005645534320706F736974696F6ECB
:104650000043757272656E74205645534320746F23
:104660007271756500466F726365206120706F73AB
:104670006974696F6E2075706461746500666F722D
:104680006365706F737265616400456E61626C652D
:10469000205645534320656E636F646572007573E1
:1046A00065656E636F64657200476574206F722084
:1046B00073657420656E636F646572206F666673E0
:1046C000657400564553432043414E20696E74651E
:1046D00072666163650076657363005645534320D7
:1046E0003200564553432031004F70656E204646D8
:1046F000426F617264004646426F617264204634C4
:1047000030375647004646426F6172642043444347
:10471000004646426F617264204849440046464262
:104720006F617264204D494449003230416E616CC2
:104730006F674178697350726F63657373696E67F1
:104740000000000028A705082A470508000000000F
:104750004447050855AE010885AE01083134436869
:104760006F6F7361626C65436C617373000000006E
:1047700028A705085C4705083132416E616C6F67F8
:10478000536F757263650000A8A80508784705088F
:104790000000000002000000704705080200000051
:1047A000D8600508020800000000000070470508F6
:1047B00000000000000000000000000009B7010830
:1047C000000000008847050800000000000000000D
:1047D000000000000DB7010811B70108F8FFFFFF46
:1047E00088470508000000000000000059910208F9
:1047F000599102083131417865734D616E61676589
:104800007200000028A70508F44705080000000012
:104810000448050895B90108F9B901085374313104
:104820005F4D757465785F62617365494C4E395FA1
:104830005F676E755F63787831325F4C6F636B5F73
:10484000706F6C69637945304545000028A70508FD
:104850001C480508466276450000000088A7050848
:1048600054480508537431395F53705F6D616B654F
:104870005F7368617265645F7461670028A70508EB
:1048800064480508537431365F53705F636F756E0B
:104890007465645F62617365494C4E395F5F676E32
:1048A000755F63787831325F4C6F636B5F706F6CEC
:1048B000696379453045450030A8050884480508F6
:1048C0004C48050835544D435F31000030A80508B9
:1048D000C44805087092050835544D435F32000006
:1048E00030A80508D8480508709205083441786951
:1048F00073000000A8A80508EC48050800000000A7
:1049000003000000D860050802000000805505087B
:1049100002080000645B05080228000031384D6F72
:10492000746F7253696D706C656D6F74696F6E3101
:104930000000000030A805081C4905084C82050845
:104940005A396164645F636C6173734931314D6FCF
:10495000746F7244726976657253305F45313163AA
:104960006C6173735F656E7472794954305F45533F
:1049700074386F7074696F6E616C49744545556C1D
:1049800076455F0028A7050840490508504662762D
:1049900045000000D8A705088C4905080000000064
:1049A0005C4805085A396164645F636C61737349DC
:1049B00035544D435F3131314D6F746F72447269BC
:1049C000766572453131636C6173735F656E7472C5
:1049D000794954305F455374386F7074696F6E61F4
:1049E0006C49744545556C76455F000028A705085D
:1049F000A44905085A396164645F636C6173734943
:104A0000384D6F746F7250574D31314D6F746F72F6
:104A1000447269766572453131636C6173735F65A9
:104A20006E7472794954305F455374386F7074698D
:104A30006F6E616C49744545556C76455F000000AA
:104A400028A70508F44905085A396164645F636C56
:104A50006173734931304F447269766543414E3119
:104A600031314D6F746F72447269766572453131C0
:104A7000636C6173735F656E7472794954305F451E
:104A80005374386F7074696F6E616C497445455525
:104A90006C76455F0000000028A70508484A050815
:104AA0005A396164645F636C617373493656455368
:104AB000435F3131314D6F746F7244726976657244
:104AC000453131636C6173735F656E7472794954FB
:104AD000305F455374386F7074696F6E616C4974E0
:104AE0004545556C76455F0028A70508A04A05088E
:104AF0005A396164645F636C6173734931384D6F17
:104B0000746F7253696D706C656D6F74696F6E311F
:104B100031314D6F746F724472697665724531310F
:104B2000636C6173735F656E7472794954305F456D
:104B30005374386F7074696F6E616C497445455574
:104B40006C76455F0000000028A70508F04A0508BC
:104B50005A396164645F636C617373493132526DB9
:104B6000644D6F746F7243414E3131314D6F746FCC
:104B700072447269766572453131636C6173735F3B
:104B8000656E7472794954305F455374386F707430
:104B9000696F6E616C49744545556C76455F0000E0
:104BA00028A70508504B05085A396164645F636C97
:104BB0006173734935544D435F3231314D6F746FBA
:104BC00072447269766572453131636C6173735FEB
:104BD000656E7472794954305F455374386F7074E0
:104BE000696F6E616C49744545556C76455F000090
:104BF00028A70508A84B05085A396164645F636CEF
:104C00006173734931304F447269766543414E3266
:104C100031314D6F746F724472697665724531310E
:104C2000636C6173735F656E7472794954305F456C
:104C30005374386F7074696F6E616C497445455573
:104C40006C76455F0000000028A70508F84B0508B2
:104C50005A396164645F636C6173734936564553B6
:104C6000435F3231314D6F746F7244726976657291
:104C7000453131636C6173735F656E747279495449
:104C8000305F455374386F7074696F6E616C49742E
:104C90004545556C76455F0028A70508504C05082A
:104CA0005A396164645F636C617373493132526D68
:104CB000644D6F746F7243414E3231314D6F746F7A
:104CC00072447269766572453131636C6173735FEA
:104CD000656E7472794954305F455374386F7074DF
:104CE000696F6E616C49744545556C76455F00008F
:104CF00028A70508A04C0508537432335F53705F32
:104D0000636F756E7465645F7074725F696E706CEA
:104D10006163654937456E636F64657253614976B7
:104D2000454C4E395F5F676E755F63787831325FEF
:104D30004C6F636B5F706F6C6963794530454500FC
:104D400030A80508F84C0508B848050853743135F3
:104D50005F53705F636F756E7465645F70747249E2
:104D60005037456E636F6465724C4E395F5F676E96
:104D7000755F63787831325F4C6F636B5F706F6C17
:104D8000696379453045450030A805084C4D050854
:104D9000B848050800000000CC48050851BE0108CD
:104DA000CDBE0108B5E3030813BC010831F40308C4
:104DB00093FB0308F9FA030885E503085BE403089D
:104DC000D9E30308F5230408F5E30308E918040808
:104DD00019080408C9E90308D7E90308FBED03082B
:104DE0006DE603089BE40308470204082F03040848
:104DF000B11D040831E403083FE40308C52B04088F
:104E000001DF0108C1E40308F0FFFFFFCC480508FB
:104E10009DBE0108E3BE0108DB030408E11E04088F
:104E2000E8FFFFFFCC480508A3BE0108E9BE010862
:104E3000D1E303081BBC0108B9E40308CFE9030868
:104E4000315B020805EA0308ED5A02084BEE03083D
:104E500089E60308DCFFFFFFCC48050817BC010802
:104E6000A9BE0108EFBE0108AD100208B11002088A
:104E7000A5360408511C0208C9E3030819DF01081C
:104E80003119020805170208F9100208CFBB010802
:104E9000F5100208B5100208FD1002087D10020886
:104EA000D3BB010875200208451B0208BCFFFFFFA9
:104EB000CC480508AFBE0108F5BE0108019B0208F9
:104EC000DDBB0108DFBB0108E1BB0108E3BB010852
:104ED00037E4030853E40308E5BB0108E9BB010814
:104EE0007CFFFFFFCC480508B5BE0108FBBE0108EA
:104EF0005902040878FFFFFFCC480508BBBE010833
:104F000001BF0108751C040835D9020840FFFFFFE6
:104F1000CC480508C1BE010807BF0108EBE403083F
:104F20003CFFFFFFCC480508C7BE01080DBF0108C4
:104F30004B08040800000000E04805088DBD01088A
:104F400009BE0108B5E3030813BC010831F40308E6
:104F500093FB0308F9FA030885E503085BE40308FB
:104F6000D9E30308F5230408F5E30308E918040866
:104F700019080408C9E90308D7E90308FBED030889
:104F80006DE603089BE40308470204082F030408A6
:104F9000B11D040831E403083FE40308C52B0408ED
:104FA00001DF0108C1E40308F0FFFFFFE048050846
:104FB000D9BD01081FBE0108DB030408E11E040877
:104FC000E8FFFFFFE0480508DFBD010825BE010836
:104FD000D1E303081BBC0108B9E40308CFE90308C7
:104FE000315B020805EA0308ED5A02084BEE03089C
:104FF00089E60308DCFFFFFFE048050817BC01084D
:10500000E5BD01082BBE0108AD100208B110020871
:10501000A5360408511C0208C9E3030819DF01087A
:105020003119020805170208F9100208CFBB010860
:10503000F5100208B5100208FD1002087D100208E4
:10504000D3BB010875200208451B0208BCFFFFFF07
:10505000E0480508EBBD010831BE0108019B0208CC
:10506000DDBB0108DFBB0108E1BB0108E3BB0108B0
:1050700037E4030853E40308E5BB0108E9BB010872
:105080007CFFFFFFE0480508F1BD010837BE0108BD
:105090005902040878FFFFFFE0480508F7BD010842
:1050A0003DBE0108751C040835D9020840FFFFFF0A
:1050B000E0480508FDBD010843BE0108EBE4030814
:1050C0003CFFFFFFE048050803BE010849BE010898
:1050D0004B08040800000000F4480508BDD401088E
:1050E00041D5010809D4010845D701085DBC010874
:1050F0001FBC010821DF01083DBF010811E50108BF
:10510000F8FFFFFFF448050823BC010831D501086A
:105110005FD50108AD100208B1100208CDEC0108FE
:10512000511C020871BC010839DF0108311902085D
:1051300005170208F9100208CFBB0108F510020894
:10514000B5100208FD1002087D100208D3BB01084B
:1051500075200208451B0208D8FFFFFFF448050828
:1051600039D5010857D5010865BF010800000000C6
:105170003449050821BD010865BD01082DBC0108A1
:10518000D9BB0108ED8F03086D8A0308618A030803
:10519000D18C0208AD86030895860308A1C50108D5
:1051A00027BC0108C386030899860308BF86030845
:1051B000F98F030829930308E1DE01088D8A0308AB
:1051C0004587030825870308F0FFFFFF34490508DA
:1051D00057BD010887BD010847BC0108D5BB0108C0
:1051E00021870308E9860308315B0208D75A0208C1
:1051F000ED5A0208A586030811900308E4FFFFFF9B
:1052000034490508CBBB010851BD010881BD010827
:10521000AD100208B1100208BF930308511C020828
:1052200041BC0108F9DE010831190208051702081E
:10523000F9100208CFBB0108F5100208B5100208EA
:10524000FD1002087D100208D3BB0108752002087A
:10525000451B0208C4FFFFFF344905085DBD010876
:105260007BBD0108118C0308618703083D87030893
:1052700000000000404D0508F1BC010811BD010807
:10528000F3BC01086DBF010815BF01080000000054
:10529000884D0508DFBC0108FBBC0108E1BC010822
:1052A00009BD0108EDBC010800000000000000007D
:1052B0003132427574746F6E536F7572636500009E
:1052C000A8A80508B0520508000000000200000070
:1052D0007047050802000000D860050802080000B9
:1052E00000000000C052050800000000000000009F
:1052F00000000000F5F1010800000000F9F10108CC
:10530000F8FFFFFFC0520508000000000000000089
:1053100059910208599102084E31326370705F66EC
:1053200072656572746F73313542696E617279535B
:10533000656D6170686F72654500000030A80508F2
:1053400018530508306505083743414E506F727495
:105350000000000030A8050848530508D86005087B
:10536000000000003C53050855F2010869F20108ED
:105370000000000054530508000000000000000079
:105380005991020859910208000000000000000035
:10539000000000000000000000000000000000000D
:1053A00000000000000000000000000000000000FD
:1053B000000000000000000041F20108BDF20108F9
:1053C000CDF201086DF301087DF20108E5F2010854
:1053D00045F2010800000000313043414E506F7229
:1053E000745F324200000000A8A80508D8530508E1
:1053F00000000000030000005453050802000000F4
:1054000080550508022400001C55050802440000D0
:1054100000000000E853050829F90108C5F9010852
:1054200007F801087BF7010867F6010833F6010861
:10543000E5F50108D7F601089DF6010811FC010801
:105440009DF80108CDF50108ADF70108BDF501088B
:10545000C7F5010853F6010841F20108BDF2010841
:10546000CDF201086DF301087DF20108E5F20108B3
:1054700045F20108B9F50108A5F60108F9F501089A
:1054800019F6010859FF010895F50108B1F5010861
:10549000DCFFFFFFE8530508B5F50108B5F9010881
:1054A000E1F90108AD100208B110020885010208F7
:1054B000511C0208A9F501087913020831190208E4
:1054C00005170208F9100208CFBB0108F510020801
:1054D000B5100208FD1002087D100208D3BB0108B8
:1054E00075200208451B0208BCFFFFFFE8530508B2
:1054F000BDF90108D9F90108510402082BF6010889
:1055000053040208CFF6010811F601083130436157
:105510006E48616E646C65720000000028A7050883
:105520000C550508000000001C550508E50402089C
:10553000010502085104020853040208530402083A
:10554000530402085304020839436D6450617273B6
:105550006572000028A705084855050800000000EE
:105560005455050851100208691002083134436F80
:105570006D6D616E6448616E646C65720000000060
:1055800028A705086C55050800000000805505088F
:10559000CBBB01080000000000000000AD100208B5
:1055A000B1100208F1100208511C020800000000AE
:1055B000791302083119020805170208F9100208C8
:1055C000CFBB0108F5100208B5100208FD10020853
:1055D0007D100208D3BB010875200208451B020894
:1055E0003136436F6D6D616E64496E7465726661CC
:1055F0006365000028A70508E0550508323253749A
:1056000072696E67436F6D6D616E64496E74657229
:10561000666163650000000030A80508FC550508B8
:10562000F455050832304344435F436F6D6D616E3E
:1056300064496E746572666163650000A8A8050818
:105640002456050800000000020000001856050856
:10565000020000006065050802300000323155414B
:1056600052545F436F6D6D616E64496E746572660E
:1056700061636500A8A805085C56050800000000E5
:1056800003000000B863050802000000606505081B
:105690000208000018560508024000000000000043
:1056A000F45505080000000000000000392602083B
:1056B00000000000CD2202080000000005330208AF
:1056C000D1220208D5220208000000001856050861
:1056D000000000000000000021260208D722020876
:1056E000CD2202080000000005330208D122020882
:1056F000D5220208000000003C56050819370208B0
:10570000513702080D290208D7220208CD220208CB
:105710002136020805330208E1220208EF230208BD
:10572000692C0208D0FFFFFF3C56050849370208E4
:1057300065370208C32C020835D9020800000000B2
:10574000745605086D370208BD370208C3240208E5
:10575000F5CF02084BD00208CB2C0208A135020875
:1057600035230208D5280208D7230208F8FFFFFFD7
:1057700074560508AD370208D93702083B2D0208D8
:1057800035D90208C0FFFFFF74560508B537020877
:10579000D137020805290208D7220208CD220208C3
:1057A000173602080533020853230208E7230208CC
:1057B00031374566666563747343616C63756C610C
:1057C000746F7200A8A80508B05705080000000013
:1057D00003000000D860050802000000805505089D
:1057E00002080000606505080028000031374566A2
:1057F0006665637473436F6E74726F6C4974660090
:1058000028A70508EC57050828A70508105805081B
:105810002A5A4E31374566666563747343616C631B
:10582000756C61746F72313073657446696C746540
:105830007273455031304646425F45666665637413
:1058400045556C5253743130756E697175655F7072
:105850007472493642697175616453743134646598
:105860006661756C745F64656C6574654953335F1C
:105870004545455F0000000028A705088058050839
:105880002A5A4E31374566666563747343616C63AB
:10589000756C61746F72313073657446696C7465D0
:1058A0007273455031304646425F456666656374A3
:1058B00045556C5253743130756E697175655F7002
:1058C0007472493642697175616453743134646528
:1058D0006661756C745F64656C6574654953335FAC
:1058E000454545305F00000028A70508F058050829
:1058F0002A5A4E31374566666563747343616C633B
:10590000756C61746F72313073657446696C74655F
:105910007273455031304646425F45666665637432
:1059200045556C5253743130756E697175655F7091
:1059300074724936426971756164537431346465B7
:105940006661756C745F64656C6574654953335F3B
:10595000454545315F00000028A705086059050846
:105960002A5A4E31374566666563747343616C63CA
:10597000756C61746F72313073657446696C7465EF
:105980007273455031304646425F456666656374C2
:1059900045556C5253743130756E697175655F7021
:1059A0007472493642697175616453743134646547
:1059B0006661756C745F64656C6574654953335FCB
:1059C000454545325F00000028A70508D059050865
:1059D0002A5A4E31374566666563747343616C635A
:1059E000756C61746F72313073657446696C74657F
:1059F0007273455031304646425F45666665637452
:105A000045556C5253743130756E697175655F70B0
:105A100074724936426971756164537431346465D6
:105A20006661756C745F64656C6574654953335F5A
:105A3000454545335F00000000000000C4570508DD
:105A4000714B0208D14B0208D53802080B440208FA
:105A5000F9370208E1370208A14F02081155020880
:105A60007947020881390208F8FFFFFFC45705088B
:105A7000E5370208C14B0208EF4B0208AD100208DF
:105A8000B1100208AD5A0208511C02080D38020874
:105A90008D4702083119020805170208F91002089B
:105AA000CFBB0108F5100208B5100208FD1002086E
:105AB0007D100208D3BB010875200208451B0208AF
:105AC000D8FFFFFFC4570508C94B0208E74B02087F
:105AD0009139020835D902082C2605083626050812
:105AE0003C260508442605084A26050854260508CC
:105AF0006126050870260508782605088026050811
:105B0000892605089326050837456E636F6465721C
:105B10000000000030A80508085B0508704705086C
:105B200000000000145B0508C95A0208DF5A020889
:105B3000B55A0208D5BB0108CB5A0208D35A02084D
:105B4000315B0208D75A0208ED5A0208DD5A0208F2
:105B5000CF5A020831324572726F7248616E646CBE
:105B60006572000028A70508545B050831324572AC
:105B7000726F725072696E7465720000A8A8050891
:105B80006C5B05080000000002000000645B050873
:105B9000000000006065050800040000000000002F
:105BA000645B0508915D0208AD5D0208855B020833
:105BB000000000007C5B0508C15D0208E95D020889
:105BC000C95B02084D650208FCFFFFFF7C5B05080E
:105BD000E15D0208FD5D0208A565020835D90208ED
:105BE00031314578746948616E646C6572000000FB
:105BF00028A70508E05B050800000000F05B050829
:105C0000ED66020845670208E96602083234464636
:105C1000426F6172644D61696E436F6D6D616E6458
:105C2000546872656164000030A805080C5C0508C2
:105C30006065050800000000285C0508A1690208ED
:105C4000E96902087168020835D90208056B020883
:105C500032304849445F436F6D6D616E64496E74C4
:105C60006572666163650000A8A80508505C0508B8
:105C70000000000002000000F455050802000000CA
:105C8000606505080208000000000000685C050867
:105C9000B1740208F97402088574020815750208C7
:105CA000CD22020819770208053302088173020821
:105CB000D5220208BF730208F8FFFFFF685C0508E1
:105CC000F17402080D750208FD73020835D9020847
:105CD0003648696446464200A8A80508D05C050815
:105CE00000000000020000007864050802000000C7
:105CF000005805080204000000000000D85C0508F8
:105D0000C9790208097A02084D8102085779020808
:105D100051790208A179020873790208837902088F
:105D20001D7A0208517A020893790208FCFFFFFFEE
:105D3000D85C0508497A02088B7902087B79020849
:105D4000C17902087938020819380208817A0208F4
:105D5000797A02081D3B0208993A020899790208EB
:105D600037493243506F727400000000A8A805083C
:105D7000605D050800000000030000007C5E05086F
:105D8000020000008055050802040000D8600508E4
:105D90000224000039493243446576696365000096
:105DA00028A70508945D0508000000006C5D050843
:105DB000D5820208198302086D82020897820208C0
:105DC000D3860208698702083D8302080585020818
:105DD0004982020865820208FCFFFFFF6C5D05082E
:105DE000698202080983020835830208AD1002089F
:105DF000B1100208B5890208511C02085D82020830
:105E0000791302083119020805170208F91002086F
:105E1000CFBB0108F5100208B5100208FD100208FA
:105E20007D100208D3BB010875200208451B02083B
:105E3000DCFFFFFF6C5D0508118302082D8302085B
:105E4000618302083585020800000000A05D050896
:105E5000C1820208C5820208758602081B870208F3
:105E6000C3820208C3820208E58602083130493243
:105E70004348616E646C65720000000028A7050845
:105E80006C5E0508000000007C5E0508018B0208BE
:105E90001D8B0208BD890208BD890208BD89020860
:105EA00031314D69646948616E646C65720000004F
:105EB00028A70508A05E050800000000B05E0508E0
:105EC00000000000000000003B8B02080000000002
:105ED00000000000318B0208378B0208338B020868
:105EE000358B0208398B020831314D6F746F724463
:105EF000726976657200000030A80508E85E050842
:105F00007047050831384D6F746F7253696D706C4E
:105F1000656D6F74696F6E320000000030A805086F
:105F2000045F05084C8205085A396164645F636C3C
:105F30006173734931384D6F746F7253696D706C52
:105F4000656D6F74696F6E3231314D6F746F72446D
:105F50007269766572453131636C6173735F656E2A
:105F60007472794954305F455374386F7074696F37
:105F70006E616C49744545556C76455F00000000C4
:105F800028A70508285F050800000000F85E05083E
:105F90002D8D0208458D0208418C0208D9BB0108ED
:105FA000558C0208598C0208578C0208D18C0208C3
:105FB000398C0208618C0208A1C501083D8C0208D9
:105FC000000000001C5F0508658C0208A98C02080F
:105FD000098C0208D9BB0108ED8F03086D8A0308FC
:105FE000618A0308D18C0208AD86030895860308F0
:105FF000A1C5010827BC0108C386030899860308C8
:10600000BF860308F98F030829930308E1DE01081E
:106010008D8A03084587030825870308F0FFFFFFE3
:106020001C5F05089B8C0208CB8C0208238C02089D
:10603000D5BB010821870308E9860308315B020804
:10604000D75A0208ED5A0208A586030811900308E2
:10605000E4FFFFFF1C5F0508CBBB0108958C02081D
:10606000C58C0208AD100208B1100208BF930308E6
:10607000511C02081D8C0208F9DE010831190208C2
:1060800005170208F9100208CFBB0108F510020835
:10609000B5100208FD1002087D100208D3BB0108EC
:1060A00075200208451B0208C4FFFFFF1C5F05089E
:1060B000A18C0208BF8C0208118C030861870308B9
:1060C0003D870308313750657273697374656E7468
:1060D00053746F726167650028A70508C4600508DE
:1060E00000000000D86005083992020855920208A5
:1060F000599102085991020837535049506F7274F0
:106100000000000030A80508F8600508B86205081E
:1061100039535049446576696365000028A705082E
:1061200010610508000000000461050821980208BC
:106130004D9802085993020883930208AD93020810
:10614000ADB10208ADB10208ADB10208D7930208A3
:10615000000000001C610508CD9A0208ED9A0208B3
:10616000019B0208DDBB0108DFBB0108E1BB0108A0
:10617000E3BB0108DB970208F9970208E5BB0108B9
:10618000E9BB0108313653656C65637461626C6507
:10619000496E70757473000028A7050884610508AE
:1061A0000000000098610508219F0208B19F0208C5
:1061B00071A102082FA10208EF9E0208E7A20208BF
:1061C000A3A20208C59F0208E59D020885A3020854
:1061D0003953657269616C4646420000A8A80508FB
:1061E000D06105080000000002000000805505088D
:1061F0000200000000580508022000000000000016
:10620000DC610508CBBB01081DA5020861A50208D9
:10621000AD100208B1100208B9AB0208511C020807
:106220009DA4020879130208311902080517020813
:10623000F9100208CFBB0108F5100208B5100208DA
:10624000FD1002087D100208D3BB0108752002086A
:10625000451B0208B1A40208BFA40208F3A4020867
:1062600001A502080FA50208E0FFFFFFDC61050899
:10627000F9A40208E9370208F1370208EBA4020882
:106280007938020819380208B7A4020807A50208DD
:106290001D3B0208993A020815A502080000FF7F7D
:1062A000FF7FFF7FFF7F0000313053706948616ED0
:1062B000646C65720000000028A70508A862050844
:1062C00000000000B862050841B202085DB2020891
:1062D000ADB10208ADB10208ADB10208ADB102081E
:1062E000ADB10208ADB10208ADB102083134537945
:1062F0007374656D436F6D6D616E647300000000B3
:1063000030A80508EC62050880550508000000006B
:10631000006305085DB3020899B30208B9B3020827
:10632000AD100208B1100208F110020855C30208AE
:1063300085B302087913020831190208051702080B
:10634000F9100208CFBB0108F5100208B5100208C9
:10635000FD1002087D100208D3BB01087520020859
:10636000451B0208313254696D657248616E646C78
:106370006572000028A70508646305080000000096
:106380007463050885CC0208DDCC020881CC0208C4
:106390003855415254506F727400000030A80508FF
:1063A00090630508486405083130554152544465EE
:1063B000766963650000000028A70508A863050842
:1063C000000000009C63050819CE02083DCE0208BB
:1063D00051CE02088DCE020800000000B863050807
:1063E000F7CD020805CE0208F5CD0208F5CF020868
:1063F0004BD00208395553426465766963650000E5
:1064000030A80508F4630508606505080000000071
:106410000064050881D0020895D00208B5D00208B2
:1064200035D90208A9D0020879D002087DD0020827
:1064300089D2020891D102083131556172744861E4
:106440006E646C657200000028A7050838640508B2
:106450000000000048640508A9D40208C5D4020859
:1064600015D4020815D402083133557362486964A3
:1064700048616E646C65720028A7050868640508A9
:106480000000000078640508C5D50208CDD50208D3
:10649000CBD50208C7D502084E31326370705F66F3
:1064A00072656572746F73354D757465784500005B
:1064B00028A70508986405084E31326370705F663E
:1064C00072656572746F7331334D7574657853748A
:1064D000616E64617264450030A80508B8640508FF
:1064E000B064050800000000B0640508000000006A
:1064F000000000000000000000000000000000009C
:10650000D86405080DD602081DD602085DD602081B
:1065100071D602084E31326370705F6672656572C3
:10652000746F733953656D6170686F7265450000F3
:1065300028A7050814650508000000003065050857
:106540007DD8020895D802084E31326370705F66BC
:1065500072656572746F7336546872656164450064
:1065600028A70508486505080000000060650508C3
:1065700000000000000000000000000035D9020803
:10658000313743414E5F6D73675F68656164657263
:106590005F72780028A705088065050800000000E4
:1065A000946505086DDD02086FDD02083137526918
:1065B0006E674275666665725772617070657200CB
:1065C00028A70508AC65050800000000C06505089F
:1065D00021E5020839E5020800000000040000007F
:1065E000080000000C00000001030401010102008A
:1065F000D4070120007A030A3C2B012037001B003E
:1066000050C300005E2D05081B001B00A086010082
:10661000532D050814001C0048E80100582D0508FA
:106620000B001A0090D003005D2D050805001A002C
:1066300020A10700622D050802001A0040420F0049
:10664000672D0508010000005066050802000000E3
:10665000A0860100000000000000000000400000D3
:10666000000000000000000000000000000000002A
:106670006D2D0508801A06000000000000000000D3
:1066800000400000000000000000000000000000CA
:1066900000000000752D0508003000100020374173
:1066A000445331313158000030A805089E66050872
:1066B000A05D05083230414453313131585F416E9D
:1066C000616C6F67536F757263650000A8A8050859
:1066D000B46605080000000005000000A866050873
:1066E0000200000088470508021C000080550508CC
:1066F000023800004447050802580000606505089C
:1067000002A4000000000000A8660508D9EA0208FB
:10671000F9EA0208B1EA02080DEB0208C382020896
:10672000C3820208E586020800000000CC66050866
:10673000B5EC020841ED0208B1EA02080DEB0208CF
:106740008FEC020813EC020813EB020821EB02089D
:1067500061F30208F9EE0208B9F00208B5EA02088E
:1067600035F00208A5EA020859F50208E4FFFFFF28
:10677000CC66050831ED020875ED0208D1EA020881
:10678000ADEA0208B1F10208DCFFFFFFCC660508A4
:1067900029ED02086DED0208B5EB020815F40208B8
:1067A000C8FFFFFFCC660508A9EA020821ED020830
:1067B00065ED0208AD100208B110020855F7020895
:1067C000511C0208C9EA02084DF0020831190208FA
:1067D00005170208F9100208CFBB0108F5100208DE
:1067E000B5100208FD1002087D100208D3BB010895
:1067F00075200208451B0208A8FFFFFFCC660508AC
:1068000019ED02085DED02085CFFFFFFCC6605088C
:1068100039ED020855ED02087BEF020835D9020870
:1068200010051105120513051405150516051705A4
:106830003943616E416E616C6F67494C68384545FC
:106840000000000030A8050830680508FC6B05084A
:106850005A396164645F636C6173734931314C6FA1
:1068600063616C416E616C6F673132416E616C6F58
:1068700067536F75726365453131636C6173735F24
:10688000656E7472794954305F455374386F707413
:10689000696F6E616C49744545556C76455F0000C3
:1068A00028A70508506805085A396164645F636C5D
:1068B000617373493943616E416E616C6F67494C16
:1068C000683845453132416E616C6F67536F757240
:1068D0006365453131636C6173735F656E747279A2
:1068E0004954305F455374386F7074696F6E616CD2
:1068F00049744545556C76455F00000028A705089A
:10690000A86805085A396164645F636C61737349F0
:106910003230414453313131585F416E616C6F67A1
:10692000536F757263653132416E616C6F67536F7F
:1069300075726365453131636C6173735F656E7445
:1069400072794954305F455374386F7074696F6E53
:10695000616C49744545556C76455F0028A705086C
:1069600004690508000000004468050869F702088A
:10697000A1F7020895FD02080DB7010811B701083B
:1069800003000308A5FE020865F8020801010308D8
:10699000B1FD0208F8FFFFFF446805088DF7020803
:1069A000B5F70208BFFE02082F000308E4FFFFFF4F
:1069B0004468050893F70208BBF702080FFE0208B7
:1069C0005304020853040208530402085304020843
:1069D000E0FFFFFF44680508CBBB010899F70208F8
:1069E000C1F70208AD100208B1100208090303083C
:1069F000511C0208A9FD0208A5F802083119020875
:106A000005170208F9100208CFBB0108F5100208AB
:106A1000B5100208FD1002087D100208D3BB010862
:106A200075200208451B02085A396164645F636C73
:106A30006173734931324C6F63616C427574746F6A
:106A40006E733132427574746F6E536F7572636515
:106A5000453131636C6173735F656E74727949544B
:106A6000305F455374386F7074696F6E616C497430
:106A70004545556C76455F0028A70508286A050836
:106A80005A396164645F636C617373493133535085
:106A9000495F427574746F6E735F31313242757441
:106AA000746F6E536F75726365453131636C6173DA
:106AB000735F656E7472794954305F455374386FF3
:106AC0007074696F6E616C49744545556C76455FAD
:106AD0000000000028A70508806A05085A3961648B
:106AE000645F636C617373493133536869667465BD
:106AF00072416E616C6F673132427574746F6E53A0
:106B00006F75726365453131636C6173735F656E78
:106B10007472794954305F455374386F7074696F7B
:106B20006E616C49744545556C76455F0000000008
:106B300028A70508DC6A05085A396164645F636C3C
:106B40006173734931345043463835373442757474
:106B5000746F6E733132427574746F6E536F7572E9
:106B60006365453131636C6173735F656E7472790F
:106B70004954305F455374386F7074696F6E616C3F
:106B800049744545556C76455F00000028A7050807
:106B9000386B05085A396164645F636C61737349CB
:106BA000313043616E427574746F6E733132427569
:106BB00074746F6E536F75726365453131636C61C8
:106BC00073735F656E7472794954305F45537438DE
:106BD0006F7074696F6E616C49744545556C76458C
:106BE0005F00000028A70508946B05083133436156
:106BF0006E416E616C6F674261736500A8A80508FD
:106C0000EC6B050800000000030000008847050841
:106C1000020000001C550508021C000080550508F4
:106C20000220000000000000FC6B050819FE0208AD
:106C300079FE020895FD02080DB7010811B7010899
:106C400003000308A5FE020865F802080101030815
:106C5000B1FD0208F8FFFFFFFC6B050869FE0208A2
:106C60009DFE0208BFFE02082F000308E4FFFFFF9D
:106C7000FC6B050861FE020895FE02080FFE020883
:106C80005304020853040208530402085304020880
:106C9000E0FFFFFFFC6B0508CBBB010871FE02089B
:106CA0008DFE0208AD100208B110020809030308A6
:106CB000511C0208A9FD0208A5F8020831190208B2
:106CC00005170208F9100208CFBB0108F5100208E9
:106CD000B5100208FD1002087D100208D3BB0108A0
:106CE00075200208451B0208F109DEAD3943616ECB
:106CF0004272696467650000A8A80508EC6C050885
:106D00000000000002000000AC7D05080200000049
:106D10001C5505080298000000000000F86C0508EA
:106D20006D040308D90403081903030811030308B9
:106D30009D6303083D0D0308690F0308996203086A
:106D400091620308916203081D0A030809060308FB
:106D5000D903030835030308F8FFFFFFF86C0508A3
:106D600015030308C9040308F7040308AD1002085B
:106D7000B1100208510B0308511C02082D0303082F
:106D8000410603083119020805170208F910020824
:106D9000CFBB0108F5100208B5100208FD1002086B
:106DA0007D100208D3BB010875200208451B0208AC
:106DB00068FFFFFFF86C0508D1040308EF0403081F
:106DC0003D04030843030308530402085304020864
:106DD00053040208313043616E427574746F6E73F0
:106DE00000000000A8A80508D46D050800000000F8
:106DF00003000000C0520508020000001C550508F1
:106E00000210000080550508021400000000000078
:106E1000E46D05087D120308DD120308351203082E
:106E2000F5F1010851120308F9F10108A91403084A
:106E300009130308C51503083F130308F8FFFFFFF4
:106E4000E46D0508CD120308011303083713030886
:106E5000F3140308F0FFFFFFE46D0508C5120308F3
:106E6000F91203085F1303085304020853040208CD
:106E70005304020853040208ECFFFFFFE46D050809
:106E8000CBBB0108D5120308F1120308AD100208AC
:106E9000B1100208E5170308511C02084912030843
:106EA000791302083119020805170208F9100208BF
:106EB000CFBB0108F5100208B5100208FD1002084A
:106EC0007D100208D3BB010875200208451B02088B
:106ED000313243414E496E7075744D61696E0000E8
:106EE000A8A80508D06E05080000000004000000F6
:106EF000AC7D050802000000D8600508029800007B
:106F00009861050802A000006065050802DC000029
:106F100000000000E06E0508DD1C0308511D030899
:106F2000ED17030811030308FD1803089162030815
:106F3000936203089962030891620308916203084F
:106F40008D200308351A0308091803085B19030884
:106F5000C3270308F8FFFFFFE06E050815030308C9
:106F6000411D03087F1D0308AD100208B11002087F
:106F7000D1250308511C020801180308491A030807
:106F80003119020805170208F9100208CFBB0108E1
:106F9000F5100208B5100208FD1002087D10020865
:106FA000D3BB010875200208451B020868FFFFFFDC
:106FB000E06E0508391D0308771D030855180308FE
:106FC000E119030860FFFFFFE06E0508311D0308AB
:106FD0006F1D030871A102082FA10208EF9E02088D
:106FE000E7A20208A3A20208C59F0208E59D0208C5
:106FF00085A3020824FFFFFFE06E0508491D030872
:10700000671D0308D527030835D902083132456EBC
:10701000636F64657242697373430000A8A8050832
:107020000C7005080000000005000000145B050856
:10703000020000001C610508020C000080550508D4
:10704000024C000060650508006C0000D86005086F
:1070500002A40000000000001C700508412903087C
:10706000D5290308DD270308D5BB0108F927030844
:10707000252A0308315B020841280308ED5A02085B
:10708000FD27030837280308EB280308872803088F
:10709000C52C0308ED2F0308792A0308092A0308E1
:1070A000172A0308F4FFFFFF1C700508C529030811
:1070B000012A0308019B0208DDBB0108B12A03086D
:1070C000E1BB0108E3BB01080F2A03081D2A0308DE
:1070D000E5BB0108E9BB0108B4FFFFFF1C70050810
:1070E000CBBB0108BD290308F9290308AD1002082C
:1070F000B110020891310308511C0208F12703085E
:10710000791302083119020805170208F91002085C
:10711000CFBB0108F5100208B5100208FD100208E7
:107120007D100208D3BB010875200208451B020828
:1071300094FFFFFF1C700508B5290308F129030817
:10714000712D030835D902085CFFFFFF1C7005088C
:10715000CD290308E929030839290308E32803088E
:107160003132456E636F6465724C6F63616C000011
:10717000A8A80508607105080000000005000000CF
:10718000145B050802000000F05B0508020C00001B
:107190007463050800100000805505080214000003
:1071A000D860050802340000000000007071050876
:1071B000BD3103083932030899310308D5BB0108F2
:1071C000B53103087B340308315B0208D75A020843
:1071D000ED5A020889340308CF5A0208F132030835
:1071E0007F35030895350308713303086D320308B2
:1071F0009F320308F4FFFFFF70710508293203086E
:107200006532030839330308F0FFFFFF707105088A
:10721000213203085D3203088B350308ECFFFFFFC2
:1072200070710508CBBB01081932030855320308F9
:10723000AD100208B110020821370308511C0208E2
:10724000AD310308B13303083119020805170208EC
:10725000F9100208CFBB0108F5100208B5100208AA
:10726000FD1002087D100208D3BB0108752002083A
:10727000451B0208CCFFFFFF70710508313203087F
:107280004D32030897320308E73203083130456E68
:10729000636F64657253534900000000A8A8050895
:1072A0008C7205080000000004000000145B050853
:1072B000020000001C610508020C00008055050852
:1072C000024C0000D8600508026C000000000000BD
:1072D0009C72050841380308B138030829370308B0
:1072E000D5BB0108173803081B380308315B0208B7
:1072F00051390308ED5A02082D38030839380308BC
:10730000DD380308CD3A0308D53C0308A53E030841
:10731000453703082F39030843390308F4FFFFFFFB
:107320009C720508A1380308D5380308019B0208A0
:10733000DDBB01080F380308E1BB0108E3BB01080E
:107340003B39030849390308E5BB0108E9BB0108DB
:10735000B4FFFFFF9C720508CBBB010899380308F6
:10736000CD380308AD100208B110020841410308EE
:10737000511C02083D370308ED3C0308311902088F
:1073800005170208F9100208CFBB0108F510020822
:10739000B5100208FD1002087D100208D3BB0108D9
:1073A00075200208451B020894FFFFFF9C72050828
:1073B000A9380308C538030827390308233B030805
:1073C000E7320508EB3205085A396164645F636C83
:1073D0006173734937456E636F64657253305F45FF
:1073E0003131636C6173735F656E747279495430C7
:1073F0005F455374386F7074696F6E616C49744582
:1074000045556C76455F000028A70508C873050838
:107410005A396164645F636C617373493132456EDC
:10742000636F6465724C6F63616C37456E636F6444
:107430006572453131636C6173735F656E74727927
:107440004954305F455374386F7074696F6E616C66
:1074500049744545556C76455F00000028A705082E
:10746000107405085A396164645F636C6173734911
:1074700031324D74456E636F6465725350493745C0
:107480006E636F646572453131636C6173735F6500
:107490006E7472794954305F455374386F707469F3
:1074A0006F6E616C49744545556C76455F00000010
:1074B00028A70508647405085A396164645F636C21
:1074C000617373493132456E636F646572426973EB
:1074D000734337456E636F646572453131636C6128
:1074E00073735F656E7472794954305F45537438B5
:1074F0006F7074696F6E616C49744545556C764563
:107500005F00000028A70508B87405085A396164AF
:10751000645F636C617373493130456E636F64659A
:107520007253534937456E636F64657245313163F9
:107530006C6173735F656E7472794954305F455343
:1075400074386F7074696F6E616C49744545556C21
:1075500076455F0028A705080C75050839464642A0
:10756000484944457874000030A805085C75050852
:10757000F4770508537432335F53705F636F756E31
:107580007465645F7074725F696E706C6163654985
:1075900031374566666563747343616C63756C610E
:1075A000746F7253614976454C4E395F5F676E75F3
:1075B0005F63787831325F4C6F636B5F706F6C69BB
:1075C000637945304545000030A805087475050805
:1075D000B8480508537432335F53705F636F756E3C
:1075E0007465645F7074725F696E706C6163654925
:1075F0003953657269616C46464253614976454C20
:107600004E395F5F676E755F63787831325F4C6FBC
:10761000636B5F706F6C69637945304545000000AE
:1076200030A80508D4750508B84805080000000012
:1076300068750508B94503086546030875440308DD
:107640001103030869450308916203089362030864
:1076500099620308914903082D4D03089D570308BB
:107660002145030859490308BD4C03086550030828
:10767000B94F03082D500308054A0308F8FFFFFF20
:10768000687505081503030855460308B346030843
:10769000AD100208B1100208195D0308511C020860
:1076A00089440308614503083119020805170208D7
:1076B000F9100208CFBB0108F5100208B510020846
:1076C000FD1002087D100208D3BB010875200208D6
:1076D000451B020868FFFFFF687505084D46030853
:1076E000AB460308A550030835D9020830FFFFFF59
:1076F0006875050845460308A34603088949030839
:10770000254D030828FFFFFF687505083D4603085F
:107710009B4603082550030824FFFFFF68750508F2
:107720003546030893460308CBD50208C7D502089F
:1077300020FFFFFF687505082D4603088B460308E8
:107740005D5003081CFFFFFF687505082546030808
:107750008346030871A102082FA10208EF9E0208C8
:10776000E7A20208A3A20208C59F0208E59D02083D
:1077700085A30208E0FEFFFF687505085D46030863
:107780007B460308394A030800000000C875050855
:1077900093440308F54403089D440308194503086E
:1077A000A544030800000000207605089144030862
:1077B000054503089544030813450308CD44030811
:1077C00032324849445F47616D657061645265704B
:1077D0006F72745F626173650000000028A705087E
:1077E000C077050831304646424849444D61696ECC
:1077F00000000000A8A80508E477050800000000C4
:1078000008000000AC7D0508020000006065050866
:1078100002980000D860050800D00000F05B050861
:1078200000D800007864050802DC0000645B0508ED
:1078300000E000009861050800E40000746305089A
:107840000020010031374849445F47616D65706130
:10785000645265706F7274496C45000030A8050869
:1078600044780508DC77050831374849445F4761AB
:107870006D657061645265706F7274497345000084
:1078800030A8050868780508DC77050800000000C6
:10789000F477050800000000000000000000000070
:1078A00011030308000000009162030893620308BB
:1078B00099620308914903082D4D03089D57030859
:1078C0002145030859490308BD4C030865500308C6
:1078D000B94F03082D500308054A0308F8FFFFFFBE
:1078E000F4770508150303080000000000000000FD
:1078F000AD100208B1100208195D0308511C0208FE
:10790000000000006145030831190208051702084C
:10791000F9100208CFBB0108F5100208B5100208E3
:10792000FD1002087D100208D3BB01087520020873
:10793000451B020868FFFFFFF47705080000000000
:1079400000000000A550030835D9020830FFFFFFF2
:10795000F4770508000000000000000089490308D2
:10796000254D030828FFFFFFF477050800000000FD
:10797000000000002550030824FFFFFFF4770508EE
:107980000000000000000000CBD50208C7D50208A7
:1079900020FFFFFFF4770508000000000000000052
:1079A0005D5003081CFFFFFFF4770508000000008E
:1079B0000000000071A102082FA10208EF9E02083A
:1079C000E7A20208A3A20208C59F0208E59D0208DB
:1079D00085A30208E0FEFFFFF47705080000000021
:1079E00000000000394A0308000000005C78050828
:1079F000AD480308FD480308014903080549030889
:107A0000114903082D4903081D490308000000001F
:107A1000807805082D4803087D480308814803083D
:107A20008548030891480308434903089D48030813
:107A300000000000E8030000010102010401080148
:107A400031314646424A6F79737469636B000000B6
:107A500030A80508407A0508F477050853743233D6
:107A60005F53705F636F756E7465645F7074725F8F
:107A7000696E706C61636549364869644646425375
:107A8000614976454C4E395F5F676E755F63787804
:107A900031325F4C6F636B5F706F6C696379453037
:107AA0004545000030A805085C7A0508B848050877
:107AB00000000000507A0508D55D0308795E0308D0
:107AC000215D030811030308855D03089162030823
:107AD0009362030899620308914903082D4D030836
:107AE0009D5703082145030859490308BD4C030865
:107AF00065500308B94F03082D500308054A0308D1
:107B0000F8FFFFFF507A050815030308695E0308B4
:107B1000C75E0308AD100208B1100208195D030822
:107B2000511C0208355D030861450308311902083C
:107B300005170208F9100208CFBB0108F51002086A
:107B4000B5100208FD1002087D100208D3BB010821
:107B500075200208451B020868FFFFFF507A0508E0
:107B6000615E0308BF5E0308A550030835D902080B
:107B700030FFFFFF507A0508595E0308B75E03081F
:107B800089490308254D030828FFFFFF507A05089F
:107B9000515E0308AF5E03082550030824FFFFFF72
:107BA000507A0508495E0308A75E0308CBD5020892
:107BB000C7D5020820FFFFFF507A0508415E030881
:107BC0009F5E03085D5003081CFFFFFF507A050805
:107BD000395E0308975E030871A102082FA102080D
:107BE000EF9E0208E7A20208A3A20208C59F0208AE
:107BF000E59D020885A30208E0FEFFFF507A050814
:107C0000715E03088F5E0308394A03080000000014
:107C1000A47A05083D5D0308715D03083F5D030814
:107C20007F5D0308495D030838464642576865652D
:107C30006C00000030A80508287C0508F4770508CA
:107C400000000000347C050861600308056103083A
:107C5000E55F03081103030801600308916203084C
:107C60009362030899620308914903082D4D0308A4
:107C70009D5703082145030859490308BD4C0308D3
:107C800065500308B94F03082D500308054A03083F
:107C9000F8FFFFFF347C050815030308F5600308AF
:107CA00053610308AD100208B1100208195D030802
:107CB000511C0208F95F03086145030831190208E5
:107CC00005170208F9100208CFBB0108F5100208D9
:107CD000B5100208FD1002087D100208D3BB010890
:107CE00075200208451B020868FFFFFF347C050869
:107CF000ED6003084B610308A550030835D902085D
:107D000030FFFFFF347C0508E5600308436103088A
:107D100089490308254D030828FFFFFF347C050827
:107D2000DD6003083B6103082550030824FFFFFFC3
:107D3000347C0508D560030833610308CBD50208FD
:107D4000C7D5020820FFFFFF347C0508CD6003087B
:107D50002B6103085D5003081CFFFFFF347C0508FE
:107D6000C56003082361030871A102082FA102085E
:107D7000EF9E0208E7A20208A3A20208C59F02081C
:107D8000E59D020885A30208E0FEFFFF347C05089C
:107D9000FD6003081B610308394A03083131464678
:107DA000426F6172644D61696E000000A8A8050809
:107DB0009C7D0508000000000200000070470508D7
:107DC00002000000805505080208000000000000C5
:107DD000AC7D0508F16303084D6403087162030874
:107DE000110303089D63030891620308936203086B
:107DF0009962030891620308916203088D62030887
:107E0000CD620308F8FFFFFFAC7D050815030308EA
:107E10004564030861640308AD100208B11002084C
:107E200005630308511C020885620308FD6203080C
:107E30003119020805170208F9100208CFBB010822
:107E4000F5100208B5100208FD1002087D100208A6
:107E5000D3BB010875200208451B020831314C6F65
:107E600063616C416E616C6F67000000A8A8050833
:107E70005C7E05080000000003000000884705083C
:107E80000200000080550508021C00004447050858
:107E9000023C0000000000006C7E05088D640308B1
:107EA000D9640308716403086964030869680308F6
:107EB000A565030805650308FD6803084566030812
:107EC000F8FFFFFF6C7E0508C9640308FD64030822
:107ED0000D6603089D650308E4FFFFFF6C7E05083F
:107EE0006D640308C1640308F5640308AD1002085B
:107EF000B1100208916A0308511C02088564030846
:107F0000896603083119020805170208F9100208EA
:107F1000CFBB0108F5100208B5100208FD100208D9
:107F20007D100208D3BB010875200208451B02081A
:107F3000C4FFFFFF6C7E0508D1640308ED640308ED
:107F400000050105020503050405050506050705ED
:107F5000080509050A050B050C050D050E050F059D
:107F600031324C6F63616C427574746F6E730000D4
:107F7000A8A80508607F05080000000002000000B6
:107F8000C0520508020000008055050800100000DE
:107F900000000000707F0508BD6A0308F56A030849
:107FA000A16A0308996A0308F56D0308F9F101084D
:107FB000196F0308796B0308196B0308596C0308E0
:107FC000F8FFFFFF707F0508E56A0308116B0308DF
:107FD000416B0308B36C0308F0FFFFFF707F0508D7
:107FE0009D6A0308ED6A0308096B0308AD100208D7
:107FF000B11002084D710308511C0208B56A03084C
:10800000B96B03083119020805170208F9100208B4
:10801000CFBB0108F5100208B5100208FD100208D8
:108020007D100208D3BB010875200208451B020819
:10803000384D6964694D61696E000000A8A80508A3
:10804000308005080000000003000000AC7D05083A
:1080500002000000B05E0508029800007463050885
:1080600000A00000000000003C800508AD7203087D
:1080700029730308A171030811030308CD730308D2
:10808000F971030893620308996203089162030877
:1080900091620308C97903084D77030859780308EA
:1080A0002772030883720308BD710308357703083C
:1080B000F8FFFFFF3C800508150303081973030848
:1080C0004F730308AD100208B1100208EF790308DE
:1080D000511C0208B57103086577030831190208BD
:1080E00005170208F9100208CFBB0108F5100208B5
:1080F000B5100208FD1002087D100208D3BB01086C
:1081000075200208451B020868FFFFFF3C80050838
:1081100011730308477303083B8B0208AF78030809
:108120007B720308A3720308378B0208F1710308FE
:10813000358B0208398B020860FFFFFF3C80050881
:10814000217303083F73030843770308384D6F74A6
:108150006F7250574D000000A8A805084C81050813
:108160000000000003000000F85E050802000000A7
:108170008055050802100000D86005080230000094
:1081800000000000588105082D7B0308B17B03081F
:10819000F9790308D9BB0108117D0308237A030884
:1081A000157A0308D18C0208398C0208618C020808
:1081B000A1C501083D8C0208377A0308997F03089E
:1081C00071830308217C0308F0FFFFFF5881050835
:1081D000CBBB0108A17B0308CD7B0308AD100208CF
:1081E000B1100208F1850308511C02080D7A03083A
:1081F000357C03083119020805170208F910020836
:10820000CFBB0108F5100208B5100208FD100208E6
:108210007D100208D3BB010875200208451B020827
:10822000D0FFFFFF58810508A97B0308C57B030821
:108230005D7A0308DD7F030831374D6F746F725329
:10824000696D706C656D6F74696F6E00A8A8050824
:10825000388205080100000004000000F85E0508EF
:1082600002000000145B050802100000805505089C
:10827000021C0000B8630508023C0000000000007A
:108280004C82050800000000000000000000000013
:10829000D9BB0108ED8F03086D8A0308618A0308C2
:1082A000D18C0208AD86030895860308A1C5010894
:1082B00027BC0108C386030899860308BF86030804
:1082C000F98F030829930308E1DE01088D8A03086A
:1082D0004587030825870308F0FFFFFF4C82050848
:1082E000000000000000000000000000D5BB0108F5
:1082F00021870308E9860308315B0208D75A020880
:10830000ED5A0208A586030811900308E4FFFFFF59
:108310004C820508CBBB01080000000000000000F3
:10832000AD100208B1100208BF930308511C0208E7
:1083300000000000F9DE01083119020805170208E3
:10834000F9100208CFBB0108F5100208B5100208A9
:10835000FD1002087D100208D3BB01087520020839
:10836000451B0208C4FFFFFF4C8205080000000007
:1083700000000000118C0308618703083D87030893
:1083800031324D74456E636F64657253504900001D
:10839000A8A805088083050800000000050000006B
:1083A000145B0508020000001C610508020C0000B7
:1083B000D8600508024C00008055050802540000F2
:1083C0006065050800740000000000009083050847
:1083D0002D960308BD960308DD950308D5BB01085B
:1083E000D995030805960308315B02084B970308EB
:1083F000ED5A0208F995030817960308919A0308A5
:10840000919B0308F3960308E19F0308B1970308C3
:10841000F4FFFFFF90830508AD960308EB96030871
:10842000019B0208DDBB0108DFBB0108EF970308D1
:10843000E3BB0108DB970208F9970208E5BB0108D6
:10844000E9BB0108B4FFFFFF90830508A596030868
:10845000E396030843970308019C0308ACFFFFFF62
:1084600090830508CBBB01089D960308DB960308A3
:10847000AD100208B110020865A40308511C0208DF
:10848000F19503087913020831190208051702084B
:10849000F9100208CFBB0108F5100208B510020858
:1084A000FD1002087D100208D3BB010875200208E8
:1084B000451B02088CFFFFFF90830508B596030853
:1084C000D39603081F9B030835D90208394F44721D
:1084D00069766543414E0000A8A80508CC840508CC
:1084E0000100000006000000F85E05080200000020
:1084F000D860050802100000145B0508021800008F
:108500001C550508022400008055050802280000BB
:10851000606505080048000031304F447269766597
:1085200043414E310000000030A8050818850508B9
:10853000D884050831304F447269766543414E3224
:108540000000000030A8050834850508D884050817
:1085500000000000D88405080000000000000000B2
:1085600000000000D9BB010815AC0308D1AD030819
:10857000FDAD0308D18C0208F9A40308B9A40308CF
:10858000A1C501086DA40308B9AC030821A703081D
:1085900055A50308E5A903084BA5030813A503087F
:1085A000BDA4030851A5030841A6030859A5030863
:1085B00051B103084DAE0308F0FFFFFFD884050852
:1085C000000000000000000019A7030839A60308F6
:1085D000E8FFFFFFD884050800000000000000004D
:1085E00000000000D5BB0108F5A7030843A5030858
:1085F00021AA0308D75A0208ED5A0208F1A4030879
:10860000EFA70308DCFFFFFFD88405080000000087
:1086100000000000A7A70308EDA703085304020801
:108620005304020853040208D8FFFFFFD88405084A
:10863000CBBB01080000000000000000AD100208E4
:10864000B110020865B50308511C020800000000C3
:1086500065AE03083119020805170208F91002086F
:10866000CFBB0108F5100208B5100208FD10020882
:108670007D100208D3BB010875200208451B0208C3
:10868000B8FFFFFFD88405080000000000000000CC
:10869000C9AD030835D90208000000002885050887
:1086A00085AB0308E1AB030871A40308D9BB01083B
:1086B00015AC0308D1AD0308FDAD0308D18C020849
:1086C000F9A40308B9A40308A1C501086DA403080F
:1086D000B9AC030821A7030855A50308E5A90308B9
:1086E0004BA5030813A50308BDA4030851A503085F
:1086F00041A6030859A5030851B103084DAE03086C
:10870000F0FFFFFF28850508D3AB03080DAC030875
:1087100019A7030839A60308E8FFFFFF2885050805
:10872000CDAB030807AC03088DA40308D5BB010833
:10873000F5A7030843A5030821AA0308D75A02088E
:10874000ED5A0208F1A40308EFA70308DCFFFFFFBE
:1087500028850508C7AB030801AC0308A7A70308D1
:10876000EDA7030853040208530402085304020847
:10877000D8FFFFFF28850508CBBB0108C1AB030864
:10878000FBAB0308AD100208B110020865B5030881
:10879000511C020885A4030865AE030831190208BC
:1087A00005170208F9100208CFBB0108F5100208EE
:1087B000B5100208FD1002087D100208D3BB0108A5
:1087C00075200208451B0208B8FFFFFF2885050831
:1087D000D9AB0308F5AB0308C9AD030835D90208C6
:1087E0000000000044850508F5AA030851AB030802
:1087F00095A40308D9BB010815AC0308D1AD030843
:10880000FDAD0308D18C0208F9A40308B9A403083C
:10881000A1C501086DA40308B9AC030821A703088A
:1088200055A50308E5A903084BA5030813A50308EC
:10883000BDA4030851A5030841A6030859A50308D0
:1088400051B103084DAE0308F0FFFFFF4485050852
:1088500043AB03087DAB030819A7030839A6030837
:10886000E8FFFFFF448505083DAB030877AB03082D
:10887000B1A40308D5BB0108F5A7030843A5030865
:1088800021AA0308D75A0208ED5A0208F1A40308E6
:10889000EFA70308DCFFFFFF4485050837AB03089B
:1088A00071AB0308A7A70308EDA703085304020848
:1088B0005304020853040208D8FFFFFF448505084B
:1088C000CBBB010831AB03086BAB0308AD1002084A
:1088D000B110020865B50308511C0208A9A40308D9
:1088E00065AE03083119020805170208F9100208DD
:1088F000CFBB0108F5100208B5100208FD100208F0
:108900007D100208D3BB010875200208451B020830
:10891000B8FFFFFF4485050849AB030865AB0308B2
:10892000C9AD030835D902083750434638353734C6
:108930000000000030A8050828890508A05D05088A
:10894000313450434638353734427574746F6E7322
:1089500000000000A8A805084089050800000000E4
:108960000400000034890508020000008055050855
:10897000020C0000C0520508022C000060650508CA
:10898000023C00000000000034890508A1B503087E
:10899000C1B50308758602081B870208C382020856
:1089A000C3820208E5860208000000005489050819
:1089B000D5B5030839B60308758602081B87020877
:1089C000C3820208D9B603088DB60308F1B70308BD
:1089D0006DB6030831B903088DBA030841B803081E
:1089E0009DB5030879B503086DB503086DBA030892
:1089F000F4FFFFFF5489050875B5030829B603087D
:108A000065B60308AD100208B1100208E9BC0308FE
:108A1000511C020895B5030885BA030831190208EC
:108A200005170208F9100208CFBB0108F51002086B
:108A3000B5100208FD1002087D100208D3BB010822
:108A400075200208451B0208D4FFFFFF5489050862
:108A500021B603085DB603088DB5030871B5030898
:108A6000C5B803083FB70308CCFFFFFF54890508CA
:108A700019B6030855B6030885B6030865B9030897
:108A8000C4FFFFFF5489050831B603084DB603083B
:108A900039B8030835D902083131526D644D6F740D
:108AA0006F7243414E000000A8A80508988A050887
:108AB0000100000006000000F85E0508020000004A
:108AC000D860050802100000145B050802180000B9
:108AD0001C550508022400008055050802280000E6
:108AE00060650508004800003132526D644D6F74B6
:108AF0006F7243414E31000030A80508E88A05082E
:108B0000A88A05083132526D644D6F746F7243410B
:108B10004E32000030A80508048B0508A88A050815
:108B200000000000A88A0508000000000000000006
:108B300000000000D9BB01088DC20308C5C00308AE
:108B40007BC20308D18C020841BD03083DBD030868
:108B5000A1C50108F1BC030875C4030825BE0308BC
:108B600089BD030851BD03084DC0030859BD030862
:108B700085BD0308D9C2030809C90308F0FFFFFF38
:108B8000A88A05080000000000000000A5BE030838
:108B90001BBE0308E8FFFFFFA88A050800000000CD
:108BA0000000000000000000D5BB0108EFBE030874
:108BB00095C00308315B0208D75A0208ED5A020833
:108BC0007DBD0308E9BE0308DCFFFFFFA88A050896
:108BD00000000000000000003DC403085304020828
:108BE000530402085304020853040208D8FFFFFF8D
:108BF000A88A0508CBBB01080000000000000000A7
:108C0000AD100208B11002084DCB0308511C020838
:108C10000000000079130208311902080517020844
:108C2000F9100208CFBB0108F5100208B5100208C0
:108C3000FD1002087D100208D3BB01087520020850
:108C4000451B0208B8FFFFFFA88A050800000000C6
:108C500000000000DDC4030835D902080000000050
:108C6000F88A0508EDC1030849C20308F5BC0308EA
:108C7000D9BB01088DC20308C5C003087BC2030825
:108C8000D18C020841BD03083DBD0308A1C5010800
:108C9000F1BC030875C4030825BE030889BD030899
:108CA00051BD03084DC0030859BD030885BD030825
:108CB000D9C2030809C90308F0FFFFFFF88A0508B5
:108CC0003BC2030875C20308A5BE03081BBE030808
:108CD000E8FFFFFFF88A050835C203086FC20308E2
:108CE00011BD0308D5BB0108EFBE030895C00308FA
:108CF000315B0208D75A0208ED5A02087DBD03080D
:108D0000E9BE0308DCFFFFFFF88A05082FC203084D
:108D100069C203083DC4030853040208530402084F
:108D20005304020853040208D8FFFFFFF88A05081D
:108D3000CBBB010829C2030863C20308AD100208B7
:108D4000B11002084DCB0308511C020809BD0308ED
:108D5000791302083119020805170208F9100208F0
:108D6000CFBB0108F5100208B5100208FD1002087B
:108D70007D100208D3BB010875200208451B0208BC
:108D8000B8FFFFFFF88A050841C203085DC2030867
:108D9000DDC4030835D9020800000000148B050863
:108DA0005DC10308B9C1030819BD0308D9BB010897
:108DB0008DC20308C5C003087BC20308D18C02081A
:108DC00041BD03083DBD0308A1C50108F1BC03086E
:108DD00075C4030825BE030889BD030851BD0308F7
:108DE0004DC0030859BD030885BD0308D9C2030857
:108DF00009C90308F0FFFFFF148B0508ABC1030886
:108E0000E5C10308A5BE03081BBE0308E8FFFFFF7A
:108E1000148B0508A5C10308DFC1030835BD03088D
:108E2000D5BB0108EFBE030895C00308315B0208FB
:108E3000D75A0208ED5A02087DBD0308E9BE0308AF
:108E4000DCFFFFFF148B05089FC10308D9C103088D
:108E50003DC40308530402085304020853040208E3
:108E600053040208D8FFFFFF148B0508CBBB010891
:108E700099C10308D3C10308AD100208B11002085C
:108E80004DCB0308511C02082DBD030879130208BD
:108E90003119020805170208F9100208CFBB0108B2
:108EA000F5100208B5100208FD1002087D10020836
:108EB000D3BB010875200208451B0208B8FFFFFF5D
:108EC000148B0508B1C10308CDC10308DDC4030834
:108ED00035D9020831315350495F427574746F6E51
:108EE00073000000A8A80508D48E05080000000043
:108EF00003000000C052050802000000805505086C
:108F0000021000001C61050802300000313353508C
:108F1000495F427574746F6E735F310030A8050845
:108F20000C8F0508E48E050800000000E48E05089B
:108F300000000000000000000000000055CB030806
:108F40004DCC0308F9F1010861D5030835CD0308BC
:108F50007DCB03082BD0030879CB0308F8FFFFFF74
:108F6000E48E05080000000000000000C7CB0308E5
:108F70009DD00308F0FFFFFFE48E050859CB0308DE
:108F80000000000000000000AD100208B11002084F
:108F900055D70308511C02080000000049CD030802
:108FA0003119020805170208F9100208CFBB0108A1
:108FB000F5100208B5100208FD1002087D10020825
:108FC000D3BB010875200208451B0208D0FFFFFF34
:108FD000E48E05080000000000000000019B02086C
:108FE000DDBB0108DFBB0108E1BB0108E3BB0108F1
:108FF000DB970208F9970208E5BB0108E9BB010805
:10900000000000001C8F050809CE030841CE0308AC
:109010005DCB030855CB03084DCC0308F9F10108DB
:1090200061D5030835CD03087DCB03082BD0030899
:1090300079CB0308F8FFFFFF1C8F05082DCE03082E
:1090400055CE0308C7CB03089DD00308F0FFFFFFF0
:109050001C8F050859CB030833CE03085BCE0308E9
:10906000AD100208B110020855D70308511C0208C0
:1090700071CB030849CD030831190208051702080E
:10908000F9100208CFBB0108F5100208B51002085C
:10909000FD1002087D100208D3BB010875200208EC
:1090A000451B0208D0FFFFFF1C8F050839CE0308BF
:1090B00061CE0308019B0208DDBB0108DFBB01088C
:1090C000E1BB0108E3BB0108DB970208F99702083E
:1090D000E5BB0108E9BB0108180000002000000002
:1090E000280000000702130E4E313353686966747E
:1090F0006572416E616C6F6732324732375368690F
:1091000066746572427574746F6E436C69656E74D3
:109110004500000030A80508E89005081C61050816
:10912000313353686966746572416E616C6F6700B4
:10913000A8A8050820910508000000000200000012
:10914000C05205080200000080550508001000000C
:10915000000000001491050821D8030835D8030841
:10916000019B0208DDBB0108DFBB0108E1BB010870
:10917000E3BB0108DB970208F9970208E5BB010889
:10918000E9BB0108000000003091050849DC030834
:109190009DDC0308F1D70308E9D70308B5DB030812
:1091A0000DD8030849D8030861DD030839E1030835
:1091B000C9DF0308F8FFFFFF309105088DDC0308C5
:1091C000B9DC0308ADD80308F9DD0308F0FFFFFFA1
:1091D00030910508EDD7030895DC0308B1DC0308DE
:1091E000AD100208B1100208ADE30308511C0208DB
:1091F00005D80308DDDF0308311902080517020846
:10920000F9100208CFBB0108F5100208B5100208DA
:10921000FD1002087D100208D3BB0108752002086A
:10922000451B020801010000000001014E37544DAA
:1092300043343637313331544D435F45787465726A
:109240006E616C456E636F646572557064617465C0
:10925000546872656164450030A805082C920508C1
:109260006065050837544D4334363731000000003F
:10927000A8A8050864920508010000000900000084
:10928000F85E050802000000D86005080210000022
:10929000145B050802180000805505080224000030
:1092A0001C61050802440000F05B05080284000010
:1092B0006065050802880000645B050800C00000C6
:1092C0007463050802C400000000000058920508FD
:1092D00009E403081DE4030891F2030835D90208E4
:1092E0000000000070920508CD140408D51504088C
:1092F000B5E3030813BC010831F4030893FB03082A
:10930000F9FA030885E503085BE40308D9E30308D9
:10931000F5230408F5E30308E9180408190804080C
:10932000C9E90308D7E90308FBED03086DE6030864
:109330009BE40308470204082F030408B11D040836
:1093400031E403083FE40308C52B040801DF0108EA
:10935000C1E40308F0FFFFFF70920508C51504087B
:1093600023160408DB030408E11E0408E8FFFFFFDE
:1093700070920508BD1504081B160408D1E3030804
:109380001BBC0108B9E40308CFE90308315B0208FC
:1093900005EA0308ED5A02084BEE030889E60308C4
:1093A000DCFFFFFF7092050817BC0108B515040823
:1093B00013160408AD100208B1100208A5360408FF
:1093C000511C0208C9E3030819DF0108311902081A
:1093D00005170208F9100208CFBB0108F5100208B2
:1093E000B5100208FD1002087D100208D3BB010869
:1093F00075200208451B0208BCFFFFFF709205089C
:10940000AD1504080B160408019B0208DDBB01081A
:10941000DFBB0108E1BB0108E3BB010837E4030837
:1094200053E40308E5BB0108E9BB01087CFFFFFF2B
:1094300070920508A51504080316040859020408CB
:1094400078FFFFFF709205089D150408FB150408BE
:10945000751C040835D9020840FFFFFF709205080B
:1094600095150408F3150408EBE403083CFFFFFF1F
:1094700070920508CD150408EB1504084B08040884
:109480001543050806000000000000000080BB44F2
:1094900000401C46006086450000B4420100000008
:1094A0001085973A0CC6D4C63C57733B295CF541EE
:1094B00020BCBE4B280000000000003FFF0B000056
:1094C0002A43050803000000000000000080BB44A0
:1094D00000401C46006086450000B44201000000C8
:1094E000F4017A3A0CC6D4C63C57733B295CF5416B
:1094F00020BCBE4B140000000000003FFF0B00002A
:109500004143050802000000E80300000080BB445E
:1095100000E0AB46006086450000B4420100000058
:10952000A03A5E3A0CC6D4C63C57733B295CF54161
:1095300020BCBE4B140000000000003FFF0B0000E9
:109540005743050801000000E80300000000000088
:1095500000000000000000000000B4420000000015
:10956000A03A5E3AB0CC40CE3C57733B295CF54103
:1095700020BCBE4B140000000000003FFF0B0000A9
:109580003134544D4344656275674272696467655E
:109590000000000030A8050880950508AC7D05088E
:1095A00000000000949505080537040841370408B9
:1095B000AD360408110303089D6303089162030894
:1095C0001941040899620308916203089162030833
:1095D000FD3B0408753B0408F8FFFFFF9495050860
:1095E000150303083937040855370408AD1002087D
:1095F000B1100208D53E0408511C0208C136040807
:109600008D3B04083119020805170208F9100208F9
:10961000CFBB0108F5100208B5100208FD100208C2
:109620007D100208D3BB010875200208451B020803
:10963000375665736343414E00000000A8A8050833
:10964000309605080100000006000000F85E0508DD
:1096500002000000D860050802100000145B050835
:10966000021800001C55050802240000805505085A
:109670000228000060650508004800003656455382
:10968000435F310030A805087C9605083C96050824
:1096900036564553435F320030A8050890960508BA
:1096A0003C960508000000003C96050800000000FC
:1096B00000000000418C0208D9BB0108F5490408EC
:1096C000114A040819440408D18C020827440408EC
:1096D00071440408A1C5010821440408594504083F
:1096E0009946040881440408474904086B44040867
:1096F00033440408C9460408614E0408155304089D
:10970000954F0408294C0408F0FFFFFF3C9605081C
:109710000000000000000000C14604085145040894
:10972000E8FFFFFF3C960508000000000000000075
:10973000B55A0208D5BB0108734504086344040800
:1097400065490408D75A0208ED5A0208054704087B
:10975000B9450408DCFFFFFF3C9605080000000047
:10976000000000008D4F040853040208530402084F
:109770005304020853040208D8FFFFFF3C96050873
:10978000CBBB01080000000000000000AD10020883
:10979000B110020891570408511C02080000000093
:1097A000AD4F04083119020805170208F910020824
:1097B000CFBB0108F5100208B5100208FD10020821
:1097C0007D100208D3BB010875200208451B020862
:1097D000B8FFFFFF3C9605080000000000000000F5
:1097E000F14C040835D902080000000084960508F1
:1097F000354B0408914B0408D1430408D9BB010838
:10980000F5490408114A040819440408D18C0208D7
:109810002744040871440408A1C501082144040830
:109820005945040899460408814404084749040836
:109830006B44040833440408C9460408614E040814
:1098400015530408954F0408294C0408F0FFFFFF46
:1098500084960508834B0408BF4B0408C1460408DE
:1098600051450408E8FFFFFF849605087D4B040876
:10987000B94B0408ED430408D5BB0108734504083F
:109880006344040865490408D75A0208ED5A0208DF
:1098900005470408B9450408DCFFFFFF8496050866
:1098A000774B0408B34B04088D4F04085304020897
:1098B000530402085304020853040208D8FFFFFFB0
:1098C00084960508CBBB0108714B0408AD4B040816
:1098D000AD100208B110020891570408511C02088B
:1098E000E5430408AD4F04083119020805170208C2
:1098F000F9100208CFBB0108F5100208B5100208E4
:10990000FD1002087D100208D3BB01087520020873
:10991000451B0208B8FFFFFF84960508894B040821
:10992000A74B0408F14C040835D9020800000000D8
:1099300098960508A54A0408014B0408F543040855
:10994000D9BB0108F5490408114A04081944040860
:10995000D18C02082744040871440408A1C50108F9
:109960002144040859450408994604088144040820
:10997000474904086B44040833440408C9460408F2
:10998000614E040815530408954F0408294C040837
:10999000F0FFFFFF98960508F34A04082F4B0408D0
:1099A000C146040851450408E8FFFFFF98960508E2
:1099B000ED4A0408294B040811440408D5BB0108EA
:1099C000734504086344040865490408D75A02082B
:1099D000ED5A020805470408B9450408DCFFFFFFFB
:1099E00098960508E74A0408234B04088D4F04089D
:1099F00053040208530402085304020853040208E3
:109A0000D8FFFFFF98960508CBBB0108E14A040880
:109A10001D4B0408AD100208B1100208915704084C
:109A2000511C020809440408AD4F0408311902080A
:109A300005170208F9100208CFBB0108F51002084B
:109A4000B5100208FD1002087D100208D3BB010802
:109A500075200208451B0208B8FFFFFF989605080D
:109A6000F94A0408174B0408F14C040835D90208D8
:109A70005A396164645F636C61737349313146467E
:109A8000426F6172644D61696E53305F453131637D
:109A90006C6173735F656E7472794954305F4553BE
:109AA00074386F7074696F6E616C49744545556C9C
:109AB00076455F0028A70508709A05085A39616441
:109AC000645F636C617373493846464257686565E5
:109AD0006C31314646426F6172644D61696E453149
:109AE00031636C6173735F656E7472794954305F72
:109AF000455374386F7074696F6E616C4974454575
:109B0000556C76455F00000028A70508BC9A05083B
:109B10005A396164645F636C6173734931314646DD
:109B2000424A6F79737469636B31314646426F61A3
:109B300072644D61696E453131636C6173735F6549
:109B40006E7472794954305F455374386F7074691C
:109B50006F6E616C49744545556C76455F00000039
:109B600028A70508109B05085A396164645F636C77
:109B700061737349394646424849444578743131E6
:109B80004646426F6172644D61696E453131636C66
:109B90006173735F656E7472794954305F455374B5
:109BA000386F7074696F6E616C49744545556C7699
:109BB000455F000028A70508689B05085A396164BD
:109BC000645F636C617373493134544D434465621F
:109BD000756742726964676531314646426F6172EA
:109BE000644D61696E453131636C6173735F656E9D
:109BF0007472794954305F455374386F7074696F6B
:109C00006E616C49744545556C76455F00000000F7
:109C100028A70508BC9B05085A396164645F636C1A
:109C200061737349384D6964694D61696E313146BC
:109C300046426F6172644D61696E453131636C619A
:109C400073735F656E7472794954305F455374382D
:109C50006F7074696F6E616C49744545556C7645DB
:109C60005F00000028A70508189C05085A396164A0
:109C7000645F636C617373493943616E42726964F6
:109C8000676531314646426F6172644D61696E4568
:109C90003131636C6173735F656E747279495430EE
:109CA0005F455374386F7074696F6E616C497445A9
:109CB00045556C76455F000028A705086C9C050893
:109CC0005A396164645F636C617373493132434133
:109CD0004E496E7075744D61696E31314646426F02
:109CE0006172644D61696E453131636C6173735F9C
:109CF000656E7472794954305F455374386F70746F
:109D0000696F6E616C49744545556C76455F00001E
:109D100028A70508C09C05080902A700040100E067
:109D200032080B00020202000009040000010202D6
:109D3000000405240020010524010001042402067A
:109D4000052406000107058203080010090401002C
:109D5000020A000000070501024000000705810219
:109D6000400000090402000001010006092401006E
:109D70000109000103090403000201030000072494
:109D80000100014100062402010100062402020232
:109D90000009240301030102010009240302040154
:109DA0000101000905020240000000000525010133
:109DB0000109058302400000000005250101030997
:109DC000026B00030100E032080B000202020000F7
:109DD00009040000010202000405240020010524FA
:109DE0000100010424020605240600010705820380
:109DF00008001009040100020A0000000705010222
:109E0000400000070581024000000904020002032F
:109E100000000509211101000122B000070583039C
:109E20004000010705020340000109026B00030125
:109E300000E032080B0002020200000904000001E9
:109E4000020200040524002001052401000104246D
:109E50000206052406000107058203080010090414
:109E60000100020A0000000705010240000007058A
:109E700081024000000904020002030000050921DC
:109E80001101000122BF04070583034000010705FB
:109E9000020340000109024B00020100E032080BFE
:109EA0000002020200000904000001020200040591
:109EB00024002001052401000104240206052406D3
:109EC00000010705820308001009040100020A00CE
:109ED0000000070501024000000705810240000064
:109EE00012010002000201400912B0FF000101024C
:109EF000030100003030303030303030303030301E
:109F00003030303020202020202020202020202011
:109F10002020202000202020202020202020282851
:109F20002828282020202020202020202020202019
:109F30002020202020881010101010101010101059
:109F40001010101010040404040404040404041089
:109F50001010101010104141414141410101010117
:109F600001010101010101010101010101010101E1
:109F700010101010101042424242424202020202ED
:109F800002020202020202020202020202020202B1
:109F90001010101020000000000000000000000061
:109FA00000000000000000000000000000000000B1
:109FB00000000000000000000000000000000000A1
:109FC0000000000000000000000000000000000091
:109FD0000000000000000000000000000000000081
:109FE0000000000000000000000000000000000071
:109FF0000000000000000000000000000000000061
:10A000000000000000000000000000000000000050
:10A0100000000000000000003030303030303030C0
:10A0200030303030303030302020202020202020B0
:10A030002020202020202020050000001900000002
:10A040007D000000000000000080E03779C341433C
:10A05000176E05B5B5B89346F5F93FE9034F384D8E
:10A06000321D30F94877825A3CBF737FDD4F15753A
:10A07000000000000000F03F00000000000024404D
:10A0800000000000000059400000000000408F4028
:10A09000000000000088C34000000000006AF84093
:10A0A0000000000080842E4100000000D0126341B7
:10A0B0000000000084D797410000000065CDCD412D
:10A0C000000000205FA00242000000E8764837420E
:10A0D000000000A2941A6D42000040E59C30A242AC
:10A0E0000000901EC4BCD64200003426F56B0C4321
:10A0F0000080E03779C3414300A0D88557347643C8
:10A1000000C84E676DC1AB43003D9160E458E14328
:10A11000408CB5781DAF154450EFE2D6E41A4B449D
:10A1200092D54D06CFF08044F64AE1C7022DB544E2
:10A13000B49DD9794378EA44000FC93F000F4940E4
:10A1400000CB9640000FC9400053FB4000CB1641A6
:10A1500000ED2F41000F49410031624100537B4126
:10A16000003A8A4100CB9641005CA34100EDAF412B
:10A17000007EBC41000FC94100A0D5410031E24141
:10A1800000C2EE410053FB4100F20342003A0A4292
:10A190000083104200CB164200141D42005C234293
:10A1A00000A5294200ED2F4200363642007E3C4297
:10A1B00000C74242000F4942A2000000F90000001F
:10A1C000830000006E0000004E000000440000000C
:10A1D0001500000029000000FC000000270000001E
:10A1E00057000000D1000000F5000000340000001E
:10A1F000DD000000C0000000DB0000006200000085
:10A2000095000000990000003C00000043000000A1
:10A210009000000041000000FE000000510000001E
:10A2200063000000AB000000DE000000BB00000087
:10A23000C500000061000000B7000000240000001D
:10A240006E0000003A000000420000004D000000D7
:10A25000D2000000E00000000600000049000000FD
:10A260002E000000EA00000009000000D1000000FC
:10A27000920000001C000000FE0000001D00000015
:10A28000EB0000001C000000B100000029000000ED
:10A29000A70000003E000000E8000000820000006F
:10A2A00035000000F50000002E000000BB0000009B
:10A2B0004400000084000000E90000009C00000051
:10A2C0007000000026000000B40000005F000000E5
:10A2D0007E000000410000003900000091000000F5
:10A2E000D600000039000000830000005300000089
:10A2F00039000000F40000009C0000008400000011
:10A300005F0000008B000000BD000000F9000000AD
:10A31000280000003B0000001F000000F8000000C3
:10A3200097000000FF000000DE00000005000000B4
:10A33000980000000F000000EF0000002F00000058
:10A34000110000008B0000005A0000000A0000000D
:10A350006D0000001F0000006D00000036000000CE
:10A360007E000000CF00000027000000CB000000AE
:10A3700009000000B70000004F0000004600000088
:10A380003F000000660000009E0000005F0000002B
:10A39000EA0000002D00000075000000270000000A
:10A3A000BA000000C7000000EB000000E50000005C
:10A3B000F10000007B0000003D00000007000000ED
:10A3C00039000000F70000008A0000005200000081
:10A3D00092000000EA0000006B000000FB0000009B
:10A3E0005F000000B10000001F0000008D000000B1
:10A3F0005D0000000800000056000000030000009F
:10A400003000000046000000FC0000007B0000005F
:10A410006B000000AB000000F0000000CF00000067
:10A42000BC000000200000009A000000F4000000C2
:10A43000360000001D000000A9000000E30000003D
:10A4400091000000610000005E000000E6000000D6
:10A450001B000000080000006500000099000000DB
:10A46000850000005F00000014000000A000000054
:10A4700068000000400000008D000000FF000000A8
:10A48000D8000000800000004D00000073000000B4
:10A490002700000031000000060000000600000058
:10A4A0001500000056000000CA0000007300000004
:10A4B000A8000000C900000060000000E2000000E9
:10A4C0007B000000C00000008C0000006B0000005A
:10A4D0000000C93F0000F0390000DA370000A23365
:10A4E0000000842E0000502B0000C2270000D02264
:10A4F0000000C41F0000C61B000044170400000039
:10A500000700000009000000FB21F93FFB21094082
:10A510007CD91240FB2119407A6A1F407CD9224025
:10A52000BBFD2540FB2129403A462C407A6A2F404A
:10A530005C4731407CD932409C6B3440BBFD354098
:10A54000DB8F3740FB2139401BB43A403A463C4050
:10A550005AD83D407A6A3F404C7E40405C4741407B
:10A560006C1042407CD942408CA243409C6B4440DA
:10A57000AC344540BBFD4540CBC64640DB8F474031
:10A58000EB584840FB21494083F9A200444E6E003D
:10A59000FC291500D1572700DD34F50062DBC0002F
:10A5A0003C999500419043006351FE00BBDEAB0037
:10A5B000B761C5003A6E2400D24D42004906E00062
:10A5C00009EA2E001C92D100EB1DFE0029B11C00EF
:10A5D000E83EA700F535820044BB2E009CE98400CC
:10A5E000B4267000417E5F00D69139005383390054
:10A5F0009CF439008B5F840028F9BD00F81F3B00F4
:10A60000DEFF97000F980500112FEF000A5A8B000C
:10A610006D1F6D00CF7E360009CB2700464FB70077
:10A620009E663F002DEA5F00BA277500E5EBC70084
:10A630003D7BF100F739070092528A00FB6BEA007C
:10A640001FB15F00085D8D00300356007BFC4600A3
:10A65000F0AB6B0020BCCF0036F49A00E3A91D00DC
:10A660005E619100081BE60085996500A0145F00FB
:10A670008D40680080D8FF0027734D00060631002A
:10A68000CA561500C9A873007BE260006B8CC0003D
:10A6900000000040FB21F93F000000002D44743E03
:10A6A000000000809846F83C0000006051CC783BE8
:10A6B00000000080831BF0390000004020257A381C
:10A6C000000000802282E336000000001DF369359F
:10A6D000020000000300000004000000060000006B
:10A6E00059F3F8C21F6EA501000000000000F03F02
:10A6F0004E31305F5F637878616269763131375F00
:10A700005F636C6173735F747970655F696E666FA8
:10A710004500000030A80508F0A6050864A8050853
:10A720000000000014A7050859FF04086DFF040885
:10A730009902050899020508D7FF040819FF0408C3
:10A74000BFFF040881FF04084BFF04084E31305F4F
:10A750005F637878616269763132305F5F66756E0B
:10A760006374696F6E5F747970655F696E666F455B
:10A770000000000030A805084CA7050864A80508DB
:10A780000000000074A70508D5000508E9000508C9
:10A7900099020508CF000508CD0205089D020508AD
:10A7A0004E31305F5F637878616269763131395F4D
:10A7B0005F706F696E7465725F747970655F696EE2
:10A7C000666F450030A80508A0A705085CA9050824
:10A7D00000000000C4A70508290105083D0105087F
:10A7E00023010508990205082D0805089D020508A2
:10A7F000510105084E31305F5F6378786162697698
:10A800003132305F5F73695F636C6173735F74795A
:10A8100070655F696E666F450000000030A805082E
:10A82000F4A7050814A70508000000001CA80508E7
:10A8300095010508A901050899020508990205086E
:10A84000D7FF040819FF04086D020508F90105087F
:10A85000BD010508537439747970655F696E666F60
:10A860000000000028A7050854A805084E31305FF5
:10A870005F637878616269763132315F5F766D69E6
:10A880005F636C6173735F747970655F696E666F27
:10A890004500000030A805086CA8050814A70508A5
:10A8A0000000000094A80508D1020508E50205088B
:10A8B0009902050899020508D7FF040819FF040842
:10A8C000E905050893030508F90205084E31305FD4
:10A8D0005F637878616269763132335F5F66756E87
:10A8E00064616D656E74616C5F747970655F696ECB
:10A8F000666F450030A80508CCA8050864A80508BF
:10A9000000000000F4A80508B9070508CD070508F0
:10A910009902050899020508CD0205089D0205085F
:10A92000446E000008A9050820A90508760000006B
:10A9300008A905082CA905084E31305F5F637878B7
:10A94000616269763131375F5F70626173655F7430
:10A950007970655F696E666F4500000030A8050874
:10A9600038A9050864A80508000000005CA90508CE
:10A97000050805081908050899020508990205083F
:10A980002D0805089D020508F1070508FFFFFFFFD8
:10A9900000000000000000004E31305F5F637878F7
:10A9A000616269763132395F5F706F696E746572AA
:10A9B0005F746F5F6D656D6265725F747970655FFE
:10A9C000696E666F4500000030A8050898A9050863
:04A9D0005CA9050871
:08A9D400AC16FB7F010000003E
:10A9DC007181040875D30008D9F101089D030208A0
:10A9EC0091660208616C02081D91020855D8020894
:10A9FC0065DA02084DDD0208D5E70208A5E8020871
:10AA0C0041F9020805FC0208E542030855710308E8
:10AA1C00F985030885D703082D5C0408BD5C040880
:10AA2C004DD3000875AD0108DDF1010881F5010871
:10AA3C00C9030208D5360208B5660208496802083F
:10AA4C00BD6C020821910208E1CD020871DA0208FE
:10AA5C0059DD020849E802083DEA02082DFA02080D
:10AA6C005DFD02083D4403085D860308D1D7030849
:08AA7C00315C0408295D0408A7
:10AA84000024F4000100000010000000AAAAAAAAF1
:10AA940010000C00F0240120600F050800000000E5
:10AAA40000000000000000000000000000000000A2
:10AAB4000000000000000000000000000000000092
:10AAC4000000000000000000000000000000000082
:10AAD4000000000000000000000000000000000072
:10AAE400000000000000000000000000FF00000063
:10AAF400A1450508010A0000D6200508010C000044
:10AB040088000010000000000000000000000000A9
:10AB14000000000000000000010000009B26050862
:10AB2400020A02004923050860000000B027050856
:10AB3400020C00004923050880000000E4290508F0
:10AB4400030A0000172D0508100002000100000090
:10AB5400000000000000000000000000001002409F
:10AB640001000000000000000000000000000000E0
:10AB7400001002400200000000000000000000007D
:10AB840000000000000C0240800000006419000076
:10AB9400295CF541A00F000088130000E8FD0000C7
:10ABA40001000000FC65050806000000C52E05082C
:10ABB40043000000632F050842000000063005082A
:10ABC4000C0000005530050825000000D7310508A9
:10ABD400050000004F3205086300000092320508AA
:10ABE40061000000E3320508640000001433050826
:10ABF40003000000FB3305080200000011340508BF
:10AC0400010000008034050800000000C634050877
:10AC14004100000026350508210000006A350508BA
:10AC24000D000100E935050884000000CF36050851
:10AC34008A000000DE360508890000007F37050819
:10AC4400620000009C38050886000000A83805084A
:10AC540085000000FF380508240000003E3A05087E
:10AC64008C000000513A05088B000000033B0508E6
:10AC740022000000763C0508230000006235050828
:10AC840081000000F7420508820000000643050821
:10AC94008100000080940508040000007A4505083E
:10ACA4000B000100DB46050888000000E2460508A9
:10ACB40087000000090400000000000000000000FC
:10ACC4000000000000000000000000000000000080
:10ACD4000000000000000000000000000000000070
:10ACE4000000000000000000000000000000000060
:10ACF40000000000FFFFFFFF000002000000000052
:10AD0400000000000000000080020010800200101B
:10AD140088020010880200109002001090020010B7
:10AD24009802001098020010A0020010A002001067
:10AD3400A8020010A8020010B0020010B002001017
:10AD4400B8020010B8020010C0020010C0020010C7
:10AD5400C8020010C8020010D0020010D002001077
:10AD6400D8020010D8020010E0020010E002001027
:10AD7400E8020010E8020010F0020010F0020010D7
:10AD8400F8020010F8020010000300100003001085
:10AD94000803001008030010100300101003001033
:10ADA40018030010180300102003001020030010E3
:10ADB4002803001028030010300300103003001093
:10ADC4003803001038030010400300104003001043
:10ADD40048030010480300105003001050030010F3
:10ADE40058030010580300106003001060030010A3
:10ADF4006803001068030010700300107003001053
:10AE04007803001078030010800300108003001002
:10AE140088030010880300109003001090030010B2
:10AE24009803001098030010A0030010A003001062
:10AE3400A8030010A8030010B0030010B003001012
:10AE4400B8030010B8030010C0030010C0030010C2
:10AE5400C8030010C8030010D0030010D003001072
:10AE6400D8030010D8030010E0030010E003001022
:10AE7400E8030010E8030010F0030010F0030010D2
:10AE8400F8030010F8030010000400100004001080
:10AE9400080400100804001010040010100400102E
:10AEA40018040010180400102004001020040010DE
:10AEB400280400102804001030040010300400108E
:10AEC400380400103804001040040010400400103E
:10AED40048040010480400105004001050040010EE
:10AEE400580400105804001060040010600400109E
:10AEF400680400106804001070040010700400104E
:10AF040078040010780400108004001080040010FD
:10AF140088040010880400109004001090040010AD
:10AF24009804001098040010A0040010A00400105D
:10AF3400A8040010A8040010B0040010B00400100D
:10AF4400B8040010B8040010C0040010C0040010BD
:10AF5400C8040010C8040010D0040010D00400106D
:10AF6400D8040010D8040010E0040010E00400101D
:10AF7400E8040010E8040010F0040010F0040010CD
:10AF8400F8040010F804001000050010000500107B
:10AF94000805001008050010100500101005001029
:10AFA40018050010180500102005001020050010D9
:10AFB4002805001028050010300500103005001089
:10AFC4003805001038050010400500104005001039
:10AFD40048050010480500105005001050050010E9
:10AFE4005805001058050010600500106005001099
:10AFF4006805001068050010700500107005001049
:10B0040078050010780500108005001080050010F8
:10B0140088050010880500109005001090050010A8
:10B024009805001098050010A0050010A005001058
:10B03400A8050010A8050010B0050010B005001008
:10B04400B8050010B8050010C0050010C0050010B8
:10B05400C8050010C8050010D0050010D005001068
:10B06400D8050010D8050010E0050010E005001018
:10B07400E8050010E8050010F0050010F0050010C8
:10B08400F8050010F8050010000600100006001076
:10B094000806001008060010100600101006001024
:10B0A40018060010180600102006001020060010D4
:10B0B4002806001028060010300600103006001084
:10B0C4003806001038060010400600104006001034
:10B0D40048060010480600105006001050060010E4
:10B0E4005806001058060010600600106006001094
:10B0F4006806001068060010700600107006001044
:10B104007806001078060010A00D0120430000000E
:10B11400000000000000000000000000000000002B
:10B1240000000000000000000000000043000000D8
:10B13400000000000000000000000000000000000B
:10B1440000000000000000000000000043000000B8
:10B1540000000000000000000000000000000000EB
:10B164000000000000000000000000004300000098
:10B1740000000000000000000000000000000000CB
:10B184000000000000000000000000004300000078
:10B1940000000000000000000000000000000000AB
:10B1A4000000000000000000000000004300000058
:10B1B400000000000000000000000000000000008B
:10B1C4000000000000000000000000004300000038
:10B1D400000000000000000000000000000000006B
:10B1E400000000000000000000000000D59B0408DF
:10B1F400CDAF040800000000149F0508A00F050847
:10B204002810050828100508281005082810050826
:10B214002810050828100508281005082810050816
:10B2240028100508FFFFFFFFFFFFFFFFFFFFFFFFE1
:10B23400FFFF0000010041534349490000000000A2
:10B2440000000000000000000000000000000000FA
:10B254000000000000004153434949000000000081
:10B2640000000000000000000000000000000000DA
:10B2740000000000000000000008001000000000B2
:10B2840000000000902E0120F82E0120602F0120E4
:10B2940000000000000000000000000000000000AA
:10B2A400000000000000000000000000000000009A
:10B2B400000000000000000000000000000000008A
:10B2C400000000000000000000000000000000007A
:10B2D400000000000000000000000000000000006A
:10B2E400000000000000000000000000000000005A
:10B2F400000000000000000000000000000000004A
:10B304000000000000000000000000000000000039
:10B314000000000000000000010000000000000028
:10B324000E33CDAB34126DE6ECDE05000B000000ED
:10B334000000000000000000000000000000000009
:10B3440000000000000000000000000000000000F9
:10B3540000000000000000000000000000000000E9
:10B3640000000000000000000000000000000000D9
:10B3740000000000000000000000000000000000C9
:10B3840000000000000000000000000000000000B9
:10B3940000000000000000000000000000000000A9
:0CB3A4000000000003000000902E0120BB
:0400000508045D6529
:00000001FF
#METADATA
#MCU_TARGET F407VG
#INC_TARGET_CONSTANTS_H_ 
#HW_TYPE "F407VG"
#HW_TYPE_INT 2
#FW_DEVID 0x413 
#DEFAULTMAIN 1 
#FFBWHEEL 
#FFBJOYSTICK 
#MIDI 
#TMCDEBUG 
#CANBRIDGE 
#FFBHIDEXT 
#RMDCAN 
#CANINPUTMAIN 
#LOCALBUTTONS 
#SPIBUTTONS 
#SHIFTERBUTTONS 
#PCF8574BUTTONS 
#ANALOGAXES 
#TMC4671DRIVER 
#PWMDRIVER 
#LOCALENCODER 
#CANBUS 
#ODRIVE 
#VESC 
#MTENCODERSPI 
#CANBUTTONS 
#CANANALOG 
#BISSENCODER 
#SSIENCODER 
#ADS111XANALOG 
#UARTCOMMANDS 
#SIMPLEMOTION 
#BTNFAILSAFE 
#TIM_ENC htim3
#TIM_PWM htim1
#TIM_MICROS_HALTICK htim7 
#TIM_USER htim9 
#TIM_TMC htim6 
#TIM_TMC_BCLK SystemCoreClock 
#TIM_FFB htim13
#UART_PORT_EXT huart1 
#UART_PORT_MOTOR huart3 
#UART_BUF_SIZE 1 
#I2C_PORT hi2c1
#ADC1_CHANNELS 8 	
#ADC2_CHANNELS 2		
#VSENSE_HADC hadc2
#ADC_CHAN_VINT 1	
#ADC_CHAN_VEXT 0 
#VSENSE_ADC_BUF ADC2_BUF
#TEMPSENSOR_ADC_VAL ADC1_BUF[6] 
#ADC_INTREF_VAL ADC1_BUF[7] 
#AIN_HADC hadc1	
#ADC_PINS 6	
#ADC_CHAN_FPIN 0 
#BUTTON_PINS 8
#HSPIDRV hspi1
#HSPI2 hspi2
#EXT3_SPI_PORT hspi3
#CANPORT hcan1
#DEBUGPIN 
#USE_EEPROM_EMULATION 
#PAGE0_ID FLASH_SECTOR_1
#PAGE1_ID FLASH_SECTOR_2
#EEPROM_START_ADDRESS ((uint32_t)0x08004000) 
#PAGE_SIZE (uint32_t)0x4000  
#DFU_JUMP_MAGIC_ADR BKPSRAM_BASE + 0
#CCRAM_SEC ".ccmram"
#SIGBNATUREBASEADR 0 
