:020000040800F2
:10000000000002204D550408C5EF0008C9EF0008A4
:10001000DDEF0008E1EF0008E5EF00080000000058
:100020000000000000000000000000005176010800
:10003000E9EF000800000000E1760108B94D010871
:100040000956040809560408095604080956040804
:1000500009560408095604080956040809560408F4
:10006000EDEF00080956040809560408095604086B
:1000700009560408F5EF000801F000080DF000082B
:1000800019F00008095604080956040825F000086C
:1000900031F0000809560408095604083DF000082C
:1000A00051F00008095604080956040809560408C6
:1000B0006DF0000879F000080956040885F0000882
:1000C00091F0000809560408095604089DF000083C
:1000D000A9F00008B5F0000809560408C1F00008AE
:1000E000CDF000080956040809560408095604080A
:1000F000D5F00008095604080956040809560408F2
:100100000956040809560408F1F00008FDF000083B
:10011000095604080956040809F1000815F10008F9
:1001200021F10008095604082DF1000839F10008F2
:1001300045F1000809560408095604080956040840
:1001400009560408095604080956040851F1000824
:1001500009560408095604080956040809560408F3
:1001600009560408095604080956040809560408E3
:10017000095604080956040809560408000000003E
:080180000956040809560408A1
:10C00000DCAE050800000010F00A0010000000205F
:10C010002033012007484FF480410160064807495A
:10C02000016007484FF0010101600648D0F800D0D8
:10C030004068004744380240004002400DF0ADBA6D
:10C04000003801400000FF1F000000000000000059
:10C0500000000000000000000000000000000000E0
:10C0600002780B78012A28BF9A4240F0D8806DE907
:10C07000044540EA0104CDE902676FF0000C4FEA85
:10C0800044721AB380EA010414F0070F6BD100F078
:10C09000070420F0070004F0030521F007014FEA30
:10C0A000C505F0E8042314F0040FF1E804670CFA66
:10C0B00005F462EA040266EA04060BD063EA0403AC
:10C0C000624667EA0407664604E000BFF0E804231E
:10C0D000F1E8046782FA4CF582EA0604A4FA8CF4CB
:10C0E0006CBB83FA4CF583EA0705A5FA8CF595B984
:10C0F00050E9022351E9026782FA4CF582EA06040C
:10C10000A4FA8CF483FA4CF583EA0705A5FA8CF5BA
:10C110002543DBD09CB92DBAB5FA85F424F0070489
:10C1200027FA04F1DDE9026723FA04F303F0FF00C4
:10C1300001F0FF01FDE80445A0EB0100704724BABF
:10C14000B4FA84F424F0070426FA04F1DDE9026766
:10C1500022FA04F202F0FF0001F0FF01FDE80445BD
:10C16000A0EB0100704714F0030F3CD110F0030462
:10C1700028D150F8082B51F8083B82FA4CF582EA96
:10C180000305A5FA8CF55DB950F8042C51F8043C70
:10C1900082FA4CF582EA0305A5FA8CF5002DE8D069
:10C1A0002DBAB5FA85F424F0070423FA04F122FA33
:10C1B00004F202F0FF0001F0FF01FDE80445A0EBEE
:10C1C000010070474FEAC40420F0030050F8082B28
:10C1D00021F0030151F8083B0CFA04F462EA04026E
:10C1E00063EA0403C9E710F003041DD0A1EB0401C6
:10C1F00020F00300E40750F8042B06D012D28B780D
:10C200005FFAA2F4E41A06D12BB1CB785FFAB2F44C
:10C21000E41A00D133B920465DF8104B7047A2EB09
:10C220000300704701F1040150F8042BCC0721F002
:10C23000030151F8043B48D824D222F07F4482FA0B
:10C240004CF594EA1325A5FA8CF50AD165B951F895
:10C25000043B84EA0204B4EB036F0ED150F8042BC4
:10C26000EBE74FEA132355E035F07F454DD10878D1
:10C27000FDE80445C0F1000070474FEA126203F088
:10C28000FF0347E002EA1C4482FA4CF594EA1345A6
:10C29000A5FA8CF50AD165B951F8043B84EA020489
:10C2A000B4EB034F0CD150F8042BEBE74FEA1343E8
:10C2B00030E015EA1C4528D10B884FEA124229E0EC
:10C2C0004FEA124203EA1C4324E002F0FF0482FA20
:10C2D0004CF594EA1365A5FA8CF50AD165B951F8C5
:10C2E000043B84EA0204B4EB032F09D150F8042B79
:10C2F000EBE74FEA13630DE015F0FF0F05D10B6874
:10C300004FEA122223F07F4304E04FF00000FDE8E3
:10C310000445704712BA1BBA82FA4CF482EA03044D
:10C32000A4FA8CF5B5FA85F402FA04F203FA04F3E0
:10C330004FEA1260FDE80445A0EB1360704700BFB0
:10C3400001F0FF01102A2BDB10F0070F08D010F8C6
:10C35000013B013A8B422DD010F0070F42B3F6D1CA
:10C36000F0B441EA012141EA014122F007047FF0E3
:10C3700000070023F0E80256083C85EA010586EA3A
:10C38000010685FA47F5A3FA87F586FA47F6A5FA76
:10C3900087F68EB9EED1F0BC01F0FF0102F0070282
:10C3A00032B110F8013B013A83EA010313B1F8D12D
:10C3B0000020704701387047002D06BF354603380E
:10C3C000073815F0010F07D1013015F4807F02BF47
:10C3D000013015F4C03F0130F0BC0138704700BF98
:10C3E000844641EA000313F003036DD1403A41D380
:10C3F00051F8043B40F8043B51F8043B40F8043B3F
:10C4000051F8043B40F8043B51F8043B40F8043B2E
:10C4100051F8043B40F8043B51F8043B40F8043B1E
:10C4200051F8043B40F8043B51F8043B40F8043B0E
:10C4300051F8043B40F8043B51F8043B40F8043BFE
:10C4400051F8043B40F8043B51F8043B40F8043BEE
:10C4500051F8043B40F8043B51F8043B40F8043BDE
:10C4600051F8043B40F8043B51F8043B40F8043BCE
:10C47000403ABDD2303211D351F8043B40F8043B6E
:10C4800051F8043B40F8043B51F8043B40F8043BAE
:10C4900051F8043B40F8043B103AEDD20C3205D37E
:10C4A00051F8043B40F8043B043AF9D2043208D076
:10C4B000D2071CBF11F8013B00F8013B01D30B88E8
:10C4C00003806046704700BF082A13D38B078DD0C6
:10C4D00010F003038AD0C3F10403D21ADB071CBF98
:10C4E00011F8013B00F8013B80D331F8023B20F802
:10C4F000023B7BE7043AD9D3013A11F8013B00F83B
:10C50000013BF9D20B7803704B7843708B788370C2
:10C5100060467047000000000000000000000000BE
:10C52000000000000000000000000000000000000B
:10C5300000000000000000000000000000000000FB
:10C5400030B490F800F020F007016FF0000C10F00C
:10C55000070491F820F040F048804FF000046FF09D
:10C560000700D1E9002391F840F000F1080082FAB9
:10C570004CF2A4FA8CF283FA4CF3A2FA8CF34BBB84
:10C58000D1E9022382FA4CF200F10800A4FA8CF2FD
:10C5900083FA4CF3A2FA8CF3E3B9D1E9042382FACB
:10C5A0004CF200F10800A4FA8CF283FA4CF3A2FAE0
:10C5B0008CF37BB9D1E9062301F1200182FA4CF218
:10C5C00000F10800A4FA8CF283FA4CF3A2FA8CF37F
:10C5D000002BC6D0002A04BF04301A4612BAB2FAA1
:10C5E00082F200EBD20030BC7047D1E9002304F0A6
:10C5F0000305C4F100004FEAC50514F0040F91F8DB
:10C6000040F00CFA05F562EA05021CBF63EA050377
:10C6100062464FF00004AAE781F0004102E000BF4B
:10C6200083F0004330B54FEA41044FEA430594EAF2
:10C63000050F08BF90EA020F1FBF54EA000C55EA2D
:10C64000020C7FEA645C7FEA655C00F0E2804FEAFE
:10C650005454D4EB5555B8BF6D420CDD2C4480EAE0
:10C66000020281EA030382EA000083EA010180EA10
:10C67000020281EA0303362D88BF30BD11F0004F5E
:10C680004FEA01314FF4801C4CEA113102D0404294
:10C6900061EB410113F0004F4FEA03334CEA1333CF
:10C6A00002D0524263EB430394EA050F00F0A780E7
:10C6B000A4F10104D5F1200E0DDB02FA0EFC22FAE2
:10C6C00005F2801841F1000103FA0EF2801843FAD6
:10C6D00005F359410EE0A5F120050EF1200E012AC7
:10C6E00003FA0EFC28BF4CF0020C43FA05F3C01805
:10C6F00051EBE37101F0004507D54FF0000EDCF17E
:10C70000000C7EEB00006EEB0101B1F5801F1BD326
:10C71000B1F5001F0CD349085FEA30004FEA3C0C2A
:10C7200004F101044FEA445212F5800F80F09A8020
:10C73000BCF1004F08BF5FEA500C50F1000041EB24
:10C74000045141EA050130BD5FEA4C0C404141EB28
:10C750000101013C28BFB1F5801FE9D291F0000F23
:10C7600004BF01460020B1FA81F308BF2033A3F1D2
:10C770000B03B3F120020CDA0C3208DD02F1140CC9
:10C78000C2F10C0201FA0CF021FA02F10CE002F104
:10C790001402D8BFC2F1200C01FA02F120FA0CFCFD
:10C7A000DCBF41EA0C019040E41AA2BF01EB045146
:10C7B000294330BD6FEA04041F3C1CDA0C340EDC44
:10C7C00004F11404C4F1200220FA04F001FA02F387
:10C7D00040EA030021FA04F345EA030130BDC4F145
:10C7E0000C04C4F1200220FA02F001FA04F340EA3A
:10C7F0000300294630BD21FA04F0294630BD94F0EB
:10C80000000F83F4801306BF81F480110134013DD1
:10C810004EE77FEA645C18BF7FEA655C29D094EA42
:10C82000050F08BF90EA020F05D054EA000C04BFC0
:10C830001946104630BD91EA030F1EBF00210020AB
:10C8400030BD5FEA545C05D14000494128BF41F04A
:10C85000004130BD14F580043CBF01F5801130BDAE
:10C8600001F0004545F0FE4141F470014FF0000039
:10C8700030BD7FEA645C1ABF194610467FEA655CEA
:10C880001CBF0B46024650EA013406BF52EA03358C
:10C8900091EA030F41F4002130BD00BF90F0000F7A
:10C8A00004BF0021704730B54FF4806404F13204B6
:10C8B0004FF000054FF0000150E700BF90F0000F6F
:10C8C00004BF0021704730B54FF4806404F1320496
:10C8D00010F0004548BF40424FF000013EE700BF66
:10C8E00042004FEAE2014FEA31014FEA02701FBFF6
:10C8F00012F07F4393F07F4F81F06051704732F028
:10C900007F4208BF704793F07F4F04BF41F400217E
:10C91000704730B54FF4607401F0004521F00041DC
:10C920001CE700BF50EA010208BF704730B54FF066
:10C9300000050AE050EA010208BF704730B511F067
:10C94000004502D5404261EB41014FF4806404F19F
:10C9500032045FEA915C3FF4D8AE4FF003025FEA25
:10C96000DC0C18BF03325FEADC0C18BF033202EBA9
:10C97000DC02C2F1200300FA03FC20FA02F001FA03
:10C9800003FE40EA0E0021FA02F11444BDE600BFA6
:10C9900070B54FF0FF0C4CF4E06C1CEA11541DBF55
:10C9A0001CEA135594EA0C0F95EA0C0F00F0DEF820
:10C9B0002C4481EA030621EA4C5123EA4C5350EA05
:10C9C000013518BF52EA033541F4801143F4801356
:10C9D00038D0A0FB02CE4FF00005E1FB02E506F0E7
:10C9E0000042E0FB03E54FF00006E1FB03569CF03C
:10C9F000000F18BF4EF0010EA4F1FF04B6F5007F42
:10CA000064F5407404D25FEA4E0E6D4146EB0606B3
:10CA100042EAC62141EA55514FEAC52040EA5E503C
:10CA20004FEACE2EB4F1FD0C88BFBCF5E06F1ED8E6
:10CA3000BEF1004F08BF5FEA500E50F1000041EB1D
:10CA4000045170BD06F0004646EA010140EA0200CA
:10CA500081EA0301B4EB5C04C2BFD4EB0C0541EAEC
:10CA6000045170BD41F480114FF0000E013C00F301
:10CA7000AB8014F1360FDEBF002001F0004170BD25
:10CA8000C4F10004203C35DA0C341BDC04F114043E
:10CA9000C4F1200500FA05F320FA04F001FA05F2CA
:10CAA00040EA020001F0004221F0004110EBD37097
:10CAB00021FA04F642EB06015EEA430E08BF20EAC3
:10CAC000D37070BDC4F10C04C4F1200500FA04F366
:10CAD00020FA05F001FA04F240EA020001F00041F8
:10CAE00010EBD37041F100015EEA430E08BF20EA6B
:10CAF000D37070BDC4F1200500FA05F24EEA020EB3
:10CB000020FA04F301FA05F243EA020321FA04F0E1
:10CB100001F0004121FA04F220EA020000EBD37098
:10CB20005EEA430E08BF20EAD37070BD94F0000F98
:10CB30000FD101F00046400041EB010111F4801FCC
:10CB400008BF013CF7D041EA060195F0000F18BF7D
:10CB5000704703F00046520043EB030313F4801FB9
:10CB600008BF013DF7D043EA0603704794EA0C0F73
:10CB70000CEA135518BF95EA0C0F0CD050EA410689
:10CB800018BF52EA4306D1D181EA030101F0004106
:10CB90004FF0000070BD50EA410606BF104619462E
:10CBA00052EA430619D094EA0C0F02D150EA01363A
:10CBB00013D195EA0C0F05D152EA03361CBF10467B
:10CBC00019460AD181EA030101F0004141F0FE411A
:10CBD00041F470014FF0000070BD41F0FE4141F49E
:10CBE000780170BD70B54FF0FF0C4CF4E06C1CEA9E
:10CBF00011541DBF1CEA135594EA0C0F95EA0C0F53
:10CC000000F0A7F8A4EB050481EA030E52EA03350D
:10CC10004FEA013100F088804FEA03334FF080552E
:10CC200045EA131343EA12634FEA022245EA11155B
:10CC300045EA10654FEA00260EF000419D4208BF0C
:10CC4000964244F1FD0404F5407402D25B084FEAB9
:10CC50003202B61A65EB03055B084FEA32024FF465
:10CC600080104FF4002CB6EB020E75EB030E22BFC2
:10CC7000B61A754640EA0C005B084FEA3202B6EB82
:10CC8000020E75EB030E22BFB61A754640EA5C0031
:10CC90005B084FEA3202B6EB020E75EB030E22BFC1
:10CCA000B61A754640EA9C005B084FEA3202B6EBC2
:10CCB000020E75EB030E22BFB61A754640EADC0081
:10CCC00055EA060E18D04FEA051545EA16754FEAE3
:10CCD00006164FEAC30343EA52734FEAC2025FEA01
:10CCE0001C1CC0D111F4801F0BD141EA00014FF090
:10CCF00000004FF0004CB6E711F4801F04BF014361
:10CD00000020B4F1FD0C88BFBCF5E06F3FF6AFAE7C
:10CD1000B5EB030C04BFB6EB020C5FEA500C50F10C
:10CD2000000041EB045170BD0EF0004E4EEA11318F
:10CD300014EB5C04C2BFD4EB0C0541EA045170BD96
:10CD400041F480114FF0000E013C90E645EA060EDA
:10CD50008DE60CEA135594EA0C0F08BF95EA0C0F08
:10CD60003FF43BAF94EA0C0F0AD150EA01347FF450
:10CD700034AF95EA0C0F7FF425AF104619462CE727
:10CD800095EA0C0F06D152EA03353FF4FDAE10468A
:10CD9000194622E750EA410618BF52EA43067FF4DB
:10CDA000C5AE50EA41047FF40DAF52EA43057FF46B
:10CDB000EBAE12E74FF0FF3C06E000BF4FF0010C76
:10CDC00002E000BF4FF0010C4DF804CD4FEA410CDA
:10CDD0007FEA6C5C4FEA430C18BF7FEA6C5C1BD0A7
:10CDE00001B050EA410C0CBF52EA430C91EA030F28
:10CDF00002BF90EA020F0020704710F1000F91EA85
:10CE0000030F58BF994208BF90422CBFD8176FEA52
:10CE1000E37040F0010070474FEA410C7FEA6C5C20
:10CE200002D150EA013C07D14FEA430C7FEA6C5C27
:10CE3000D6D152EA033CD3D05DF8040B704700BF53
:10CE40008446104662468C461946634600E000BFA1
:10CE500001B5FFF7B7FF002848BF10F1000F01BD73
:10CE60004DF808EDFFF7F4FF0CBF012000205DF83E
:10CE700008FB00BF4DF808EDFFF7EAFF34BF0120C3
:10CE800000205DF808FB00BF4DF808EDFFF7E0FF5C
:10CE900094BF012000205DF808FB00BF4DF808EDAD
:10CEA000FFF7CEFF94BF012000205DF808FB00BF14
:10CEB0004DF808EDFFF7C4FF34BF012000205DF8F6
:10CEC00008FB00BF4FEA410C7FEA6C5C02D150EADC
:10CED000013C0AD14FEA430C7FEA6C5C02D152EA72
:10CEE000033C02D14FF0000070474FF00100704743
:10CEF0004FEA410212F5001215D211D56FF4787382
:10CF0000B3EB625212D94FEAC12343F0004343EA24
:10CF1000505311F0004F23FA02F018BF40427047FF
:10CF20004FF00000704750EA013005D111F0004089
:10CF300008BF6FF0004070474FF00000704700BF1F
:10CF40004A0011D212F5001211D20DD56FF4787388
:10CF5000B3EB62520ED44FEAC12343F0004343EADD
:10CF6000505323FA02F070474FF00000704750EA28
:10CF7000013002D14FF0FF3070474FF00000704792
:10CF80004FEA4102B2F1E04324BFB3F5001CDCF1EB
:10CF9000FE5C0DD901F0004C4FEAC0024CEA507023
:10CFA000B2F1004F40EB830008BF20F00100704752
:10CFB00011F0804F21D113F13872BCBF01F0004055
:10CFC000704741F480114FEA5252C2F11802C2F187
:10CFD000200C10FA0CF320FA02F018BF40F0010008
:10CFE0004FEAC1234FEAD32303FA0CFC40EA0C00BA
:10CFF00023FA02F34FEA4303CCE77FEA625307D1F7
:10D0000050EA01331EBF4FF0FE4040F4400070472D
:10D0100001F0004040F0FE4040F40000704700BFC7
:10D0200080F0004002E000BF81F0004142001FBFDD
:10D030005FEA410392EA030F7FEA226C7FEA236CE6
:10D040006AD04FEA1262D2EB1363C1BFD2184140DB
:10D0500048404140B8BF5B42192B88BF704710F071
:10D06000004F40F4000020F07F4018BF404211F014
:10D07000004F41F4000121F07F4118BF494292EA7C
:10D08000030F3FD0A2F1010241FA03FC10EB0C00A8
:10D09000C3F1200301FA03F100F0004302D5494235
:10D0A00060EB4000B0F5000F13D3B0F1807F06D3E2
:10D0B00040084FEA310102F10102FE2A51D2B1F1DA
:10D0C000004F40EBC25008BF20F0010040EA0300CF
:10D0D0007047490040EB0000013A28BFB0F5000F4F
:10D0E000EDD2B0FA80FCACF1080CB2EB0C0200FA05
:10D0F0000CF0AABF00EBC25052421843BCBFD04054
:10D100001843704792F0000F81F4000106BF80F4CD
:10D1100000000132013BB5E74FEA41037FEA226C90
:10D1200018BF7FEA236C21D092EA030F04D092F05B
:10D13000000F08BF0846704790EA010F1CBF00208F
:10D14000704712F07F4F04D1400028BF40F00040EC
:10D15000704712F100723CBF00F50000704700F00C
:10D16000004343F0FE4040F4000070477FEA226233
:10D1700016BF08467FEA23630146420206BF5FEA04
:10D18000412390EA010F40F4800070474FF0000304
:10D1900004E000BF10F0004348BF40425FEA000CCB
:10D1A00008BF704743F0964301464FF000001CE073
:10D1B00050EA010208BF70474FF000030AE000BFC9
:10D1C00050EA010208BF704711F0004302D5404207
:10D1D00061EB41015FEA010C02BF84460146002079
:10D1E00043F0B64308BFA3F18053A3F50003BCFA94
:10D1F0008CF2083AA3EBC25310DB01FA02FC634441
:10D2000000FA02FCC2F12002BCF1004F20FA02F247
:10D2100043EB020008BF20F00100704702F120023A
:10D2200001FA02FCC2F1200250EA4C0021FA02F29B
:10D2300043EB020008BF20EADC7070477BB972B98B
:10D240000029BEBF00204FF0004106E008BF0028C3
:10D250001CBF6FF000414FF0FF3000F057B8ADF148
:10D26000080C6DE904CE002909DB002B1ADB43F022
:10D2700073FDDDF804E0DDE9022304B070474042AD
:10D2800061EB4101002B1BDB43F066FDDDF804E0A0
:10D29000DDE9022304B0404261EB4101524263EBFD
:10D2A00043037047524263EB430343F055FDDDF8FF
:10D2B00004E0DDE9022304B0404261EB4101704724
:10D2C000524263EB430343F047FDDDF804E0DDE940
:10D2D000022304B0524263EB4303704753B94AB987
:10D2E000002908BF00281CBF4FF0FF314FF0FF306E
:10D2F00000F00CB8ADF1080C6DE904CE43F02CFD44
:10D30000DDF804E0DDE9022304B07047704700BF98
:10D310000348044B834202D0034B03B118477047C4
:10D32000F00A0010F00A0010000000000548064B4B
:10D330001B1AD90F01EBA301491002D0034B03B113
:10D3400018477047F00A0010F00A001000000000B3
:10D3500010B5064C237843B9FFF7DAFF044B13B13D
:10D360000448AFF300800123237010BD00000020AB
:10D37000000000007810050808B5054B1BB10549F1
:10D380000548AFF30080BDE80840FFF7CFBF00BFFE
:10D39000000000000400002078100508704700BF5E
:10D3A000704700BF01F03AB84FF0500383F3118883
:10D3B000BFF36F8FBFF34F8F704700BFBFF34F8F27
:10D3C0000549064BCA6802F4E0621343CB60BFF321
:10D3D0004F8F00BFFDE700BF00ED00E00400FA053D
:10D3E00008B509480022022103F0BAFC06480022D1
:10D3F000012103F0B5FC05480022802103F0B0FCB8
:10D400001FF030FFFCE700BF00100240000C02409C
:10D4100010B5002294B0CDE90A22CDE90322CDE96E
:10D420000522294901920C920792086C274B40F083
:10D4300080500864096C01F08051019101990292B9
:10D44000196841F4804119601B6803F4804302931A
:10D45000022401204FF480039FED197BCDE90D04D8
:10D460000F930420A823CDE91003072308A88DED0E
:10D47000087BCDE91243029904F010FF98B900220D
:10D480000F214FF4A0530224CDE90523CDE9031465
:10D490004FF4805303A80521079305F01DF90022DE
:10D4A00038B914B010BD0A480022214603F058FCD8
:10D4B000E5E70748214603F053FC14B010BD00BF58
:10D4C0000900000000000100003802400070004028
:10D4D0000010024010B50D4C4FF0A04004224FF454
:10D4E000007302212060227120460022E380C4F8EC
:10D4F0000910E28104F062FE00B910BDBDE81040E1
:10D5000003480022022103F02BBC00BF20000120B1
:10D51000001002402DE9804800249FB001F06CFF0C
:10D52000FFF776FFCDE91544CDE91744C04D0294CD
:10D5300019942B6BBF4843F010032B632B6B03F044
:10D5400010030293029B03942B6B43F004032B63A1
:10D550002B6B03F004030393039B04942B6B43F0A6
:10D5600080032B632B6B03F080030493049B0594CF
:10D570002B6B012213432B632B6B13400593059BED
:10D5800006942B6B43F002032B632B6B03F0020317
:10D590000693069B07942B6B43F008032B632B6BBE
:10D5A00003F0080307931021079B03F0D9FBA2485F
:10D5B000224641F2030103F0D3FBA048224641F288
:10D5C000834103F0CDFB9E4822464FF4777103F070
:10D5D000C7FB224697484FF4004103F0C1FB0126E8
:10D5E0007C239648179615A9CDE9153403F008FA5F
:10D5F0004FF460439348159315A94FF010084FF06E
:10D60000030ACDE9164603F0FBF98A48179415A9D9
:10D61000022741F20309CDE91586CDF860A003F099
:10D62000EFF98548CDF8549015A94FF4881BCDE942
:10D630001664189703F0E4F904237F48179715A997
:10D64000CDE9153B03F0DCF980237C48159315A93F
:10D65000CDE91667189403F0D3F9CDE916B77748EA
:10D660004FF4807B15A9CDF854B003F0C9F94FF4FD
:10D6700080637248159315A9CDE91667189603F0D3
:10D68000BFF96E4815A9CDE91596CDE9174403F009
:10D69000B7F94FF443736A48159315A94FF400493D
:10D6A000CDE91664189603F0ABF94FF404136448FF
:10D6B000179415A9CDE9159303F0A2F961481794C1
:10D6C00015A9CDE915B403F09BF95A4815A9CDE980
:10D6D0001596CDE9174703F093F9D02358481593D1
:10D6E00015A94FF02009CDE91664189403F088F9C4
:10D6F0004FF444135248179615A9CDE9159303F03A
:10D700007FF930234C48159315A9CDE9164403F051
:10D7100077F922460621082002F05CFD082002F07D
:10D720008BFD22460D21172002F054FD172002F038
:10D7300083FD22460D21282002F04CFD282002F016
:10D740007BFD00942B6B43F480032B632B6B03F462
:10D7500080030093009B01942B6B43F400132B6315
:10D760002B6B03F400132246052101930D20019B2E
:10D7700002F030FD0D2002F05FFD224609210E204F
:10D7800002F028FD0E2002F057FD224609210F204D
:10D7900002F020FD0F2002F04FFD224605214046F9
:10D7A00002F018FD404602F047FD22460A213A20C9
:10D7B00002F010FD3A2002F03FFD224606213B20F8
:10D7C00002F008FD3B2002F037FD22460A213C20F2
:10D7D00002F000FD3C2002F02FFD1B4BCDF854A0C1
:10D7E0001A46C3E901491C619C61184B13604FF64E
:10D7F000FF73D36015A905231046CDE91C44CDE97C
:10D80000167618940E941B961A970F94199306F097
:10D8100039FB002840F03D8400240B480EA9CDE9D7
:10D820000E4406F037FD002840F0D08510E000BF20
:10D830000038024000000240000402400010024094
:10D84000000C024000080240440701200004004090
:10D85000BC4ABD4B13604FF4803353600123136106
:10D8600082F8303053614FF080564FF0106300243F
:10D87000C2E90A3610460823CDE91544CDE917441C
:10D880009460147682F82040D460D36101F012FED7
:10D89000002840F0948503210122CDE915120423CC
:10D8A000A848179315A901F0BDFF002840F0808516
:10D8B0000224A44815A9CDE9154401F0B3FF0028BE
:10D8C00040F06F850D2203239E4815A9CDE915234D
:10D8D00001F0A8FF002840F05D850C220423994840
:10D8E00015A9CDE9152301F09DFF002840F04B85D7
:10D8F0000B220523934815A9CDE9152301F092FFCA
:10D90000002840F039850A2206238E4815A9CDE962
:10D91000152301F087FF002840F0278510210722FA
:10D92000CDE9151203238748179315A901F07AFF53
:10D93000002840F0138511220823824815A9CDE95B
:10D94000152301F06FFF002840F001857F4B002474
:10D950001A46C3E901441C619C614FF08043136087
:10D9600010464FF0FF33CDE90A44CDE90C44CDE930
:10D970001544CDE91744CDE90E44CDE91044CDE975
:10D9800008441994D36006F0C5F9002840F0D88403
:10D990004FF480536D480A930AA905F0BFFF002891
:10D9A00040F0C784694806F03FFA002840F0BA8486
:10D9B00004246023CDE9154302250024634819940B
:10D9C00015A9CDE9175406F05FF8002840F0A384AC
:10D9D000002402255D480E9422460EA9CDE910448C
:10D9E0000F9506F0C5FB002840F08E840224012329
:10D9F000564804220EA9CDE90E4306F0B9FB0028D3
:10DA000040F07B840024514808A9CDE9084406F081
:10DA100041FC002840F06A8400242022214615A8F9
:10DA2000CDE90A44CDE90C44CDE90844CDE90E44E2
:10DA3000CDE91044CDE91244149439F0B7FD444BBC
:10DA40001A46C3E901441C615C61424B13604FF606
:10DA5000FF73D36010468023936106F05BF90028C2
:10DA600040F03D844FF4805339480A930AA905F0E9
:10DA700055FF002840F02C84354806F0A7F900280F
:10DA800040F01F840024324808A9CDE9084406F07C
:10DA900001FC002840F00E84002460232C481494DC
:10DAA00022460EA9CDE90E34CDE91044CDE9124449
:10DAB00006F0B0FA002840F0F783254804220EA9AA
:10DAC00006F0A8FA002840F0E983214808220EA9B0
:10DAD00006F0A0FA002840F0DB831D480C220EA9B6
:10DAE00006F098FA002840F0CD8300244FF400534C
:10DAF0001748199415A9CDE91544CDE917441C948C
:10DB00001A9306F009FC002840F0B6831048DFF8AD
:10DB10004CA001F0F9F8104B00241A46C3E9024466
:10DB2000C3E904441C625C629C624FF48273C2E9E4
:10DB300000A34FF4007B2023C2E906B310460A235A
:10DB40000EE000BFF40C0120002001408C070120F2
:10DB5000D407012000000140B40A01200038004031
:10DB6000D36204F089FF002840F08083C14ADFF8C7
:10DB70003C9353230024C2E9009310466423CDE96B
:10DB80000E44CDE91044CDE90A44CDE91544CDE970
:10DB90001744CDE919441B94946014619461D360D7
:10DBA00006F0B8F8002840F05B834FF48053B1488A
:10DBB0000E930EA905F0B2FE002840F04B83AD484D
:10DBC00006F004F9002840F03F830024A9480AA980
:10DBD000CDE90A4406F05EFB002840F02F830024C4
:10DBE0004FF060083223A34817940C2215A9CDE901
:10DBF0001583199406F00EFA002840F019839D4809
:10DC00000C2105F085FE9C4B00241A46C3E9014413
:10DC10001C619C61994B136010464FF0FF33CDE9B6
:10DC20000A44CDE90C44CDE91544CDE91744CDE9CA
:10DC30000E44CDE91044CDE908441994D36006F0B0
:10DC400069F8002840F0EE824FF480538A480A9326
:10DC50000AA905F063FE002840F0DE82864806F03F
:10DC6000E3F8002840F0D28200244FF0040C502347
:10DC70008148199415A9CDE915C3CDE9174405F0DC
:10DC800003FF002840F0BC82002401237A480E9450
:10DC900022460EA9CDE910440F9306F069FA002838
:10DCA00040F0A8820224744804220EA9CDE90E4453
:10DCB00006F05EFA002840F0778200246E4808A93A
:10DCC000CDE9084406F0E6FA002840F067826C4B84
:10DCD0006C4E00241A46C3E902441C625C629C62DA
:10DCE0004FF48273C2E9006302250123C2E90453A1
:10DCF0004FF400771023C2E9067310460A23D3625B
:10DD000004F0BAFE002840F043825F4A5F480623D1
:10DD1000C2E900034FF420254FF480130024C2E928
:10DD2000045310464FF08073C2E902449483936118
:10DD300001F024FE002840F02582554BDFF870B139
:10DD40001A4600249C601C7683F82040DC60012386
:10DD5000136182F8303053614FF48033C2E900B36D
:10DD60004FF040514FF0106302251046CDE91544A5
:10DD7000CDE91744C2E90A31D56101F09BFB0028C7
:10DD800040F0FA8101234FF00E0ACDE915A3404877
:10DD9000042315A9179301F045FD002840F0E68102
:10DDA0000F2302243A4815A9CDE9153401F03AFDB4
:10DDB000002840F0D581374BDFF8F89000241A4650
:10DDC000C3E90244C3E90544DC611C62324B1046DE
:10DDD000C2E900934FF48043136102F0DBFF002897
:10DDE00040F0B8812D4BDFF8D0E000241A46C3E99B
:10DDF0000244C3E904441C625C629C624FF4827377
:10DE0000C2E900E34FF400780823C2E90683104614
:10DE10000A23D36204F030FE002840F09581204BA5
:10DE2000DFF898C000241A46C3E902441C619C61D3
:10DE3000DC614FF4E133C2E900C310460C235361A7
:10DE400006F030FB002840F07981164B00241A467A
:10DE5000C3E901441C619C61134B136010464FF6EB
:10DE6000FF73CDE91544CDE91744D36005F052FFA7
:10DE700026E000BFFC060120B4060120000C004093
:10DE80000C0B012000300140C40B01200064004055
:10DE9000AC0C0120700B0120A08601005C0A01205F
:10DEA0004C050120DC050120004001400008004035
:10DEB0000021014000540040003C0040001001409F
:10DEC000002840F035814FF48053BA48159315A9C6
:10DED00005F024FD002840F02581B74AB74B1360B8
:10DEE000022440F6FF731046C2E9014304F038F9FA
:10DEF000002840F01181B24BB24E00241A46C3E90B
:10DF000002441C619C61DC614FF4E123C2E90063BF
:10DF100010460C23536106F0C5FA002840F0F68045
:10DF2000A94AAA4D53230024C2E900531046642392
:10DF3000946014619461D36005F0ECFE002840F019
:10DF4000DF80A34AA348A7230024C2E900034FF6B9
:10DF5000FF731046CDE9154494609461D36005F0D9
:10DF6000D9FE002840F0C6800024994815A9CDE9C3
:10DF7000154406F08FF9002840F0B68000242022D6
:10DF8000214615A8CDE90A44CDE90C44CDE9084461
:10DF9000CDE90E44CDE91044CDE91244149439F092
:10DFA00005FB8D4B1A46C3E901441C615C619C6111
:10DFB0008A4B136010464FF6FF73D36005F0AAFE3C
:10DFC000002840F08B804FF4805383480A930AA9BD
:10DFD00005F0A4FC00287BD17F4805F0C9FE00288D
:10DFE00070D1402300247C4808A9CDE9083406F00C
:10DFF00051F9002860D100247748149422460EA9D4
:10E00000CDE90E44CDE91044CDE9124405F0CAFF34
:10E0100000284BD100244FF400536F481C9415A9DD
:10E02000CDE91544CDE91744CDE9194306F074F95B
:10E03000B0BB00220621382002F0CCF8382002F0D4
:10E04000FBF8002206211D2002F0C4F81D2002F07A
:10E05000F3F8FFF73FFA62480122802102F080FEC8
:10E06000012211465F4802F07BFE012202215D4839
:10E0700002F076FE642001F0EBF906F0ABFE5A4A9E
:10E080005A48002106F0D6FE594B186006F0B4FE3F
:10E09000FEE754482246394602F062FEFFF7BCBB59
:10E0A00050482246022102F05BFEC2E74D4822465C
:10E0B000022102F055FEADE74A482246022102F055
:10E0C0004FFE98E747480022022102F049FE88E708
:10E0D00044480022022102F043FE7DE741482246E7
:10E0E000022102F03DFE6EE73E482246022102F088
:10E0F00037FE43E73B482246022102F031FE33E778
:10E1000038482246022102F02BFE1AE73548224603
:10E11000022102F025FE03E732482146002202F0E8
:10E120001FFEE8E62F480022022102F019FED4E685
:10E130002C482246022102F013FEC4E6294822465A
:10E14000022102F00DFE80E626482246022102F05E
:10E1500007FE64E623482246022102F001FE41E662
:10E1600020482146002202F0FBFD24E61D48002243
:10E17000022102F0F5FD13E61A482246294602F074
:10E18000EFFDFFE517482246022102F0E9FDD4E544
:10E1900014482246294602F0E3FDB6E5114822461E
:10E1A000022102F0DDFD92E50E482146002202F038
:10E1B000D7FD82E5DC050120640B01200030004022
:10E1C000040501200048004094050120001C004087
:10E1D0006C060120001000402406012000040140CC
:10E1E000000C02400010024058150508E1D3000859
:10E1F0001C00012079482246022102F0B1FD51E5C0
:10E2000076482246022102F0ABFD3DE5734800222C
:10E21000022102F0A5FD27E570480022022102F04C
:10E220009FFD1BE56D482246022102F099FD0BE59A
:10E230006A482246022102F093FDE0E46748224644
:10E24000022102F08DFDCAE464480022022102F09E
:10E2500087FDBAE461480022022102F081FDAEE4AC
:10E260005E482246022102F07BFD9EE45B48224686
:10E27000022102F075FD79E458482246022102F09D
:10E280006FFD43E455480022022102F069FD2CE4B1
:10E2900052480022022102F063FD1EE44F48002292
:10E2A000022102F05DFD10E44C482246022102F0FA
:10E2B00057FD02E449482246022102F051FDFFF7D2
:10E2C000EBBB46480022022102F04AFDFFF7DABB11
:10E2D00042480022022102F043FDFFF7CDBB3F4838
:10E2E0002246022102F03CFDFFF7BCBB3B48224620
:10E2F000022102F035FDFFF78FBB3848214600228E
:10E3000002F02EFDFFF77EBB34482246294602F07C
:10E3100027FDFFF76BBB31482246294602F020FD5E
:10E32000FFF756BB2D480022022102F019FDFFF72E
:10E330003FBB2A480022022102F012FDFFF732BB48
:10E3400026482246022102F00BFDFFF721BB23489D
:10E350000022022102F004FDFFF7F8BA1F48002254
:10E36000022102F0FDFCFFF7E6BA1C480022022160
:10E3700002F0F6FCFFF7D2BA18480022022102F0A0
:10E38000EFFCFFF7C0BA15480022022102F0E8FCBA
:10E39000FFF7AEBA11480022022102F0E1FCFFF7BC
:10E3A0009CBA0E480022214602F0DAFCFFF78ABA36
:10E3B0000A480022022102F0D3FCFFF779BA07488D
:10E3C0002246022102F0CCFCFFF765BA0348224640
:10E3D000022102F0C5FCFFF73BBA00BF001002406B
:10E3E00008B5024B024A1A60FEF7E8FF00400240FF
:10E3F000ADBE0FD008B5024B024A1A60FEF7DEFF31
:10E4000000400240EFBEADDE034B02689A4201D0ED
:10E410001FF070BA01F00AB8001400400248002250
:10E42000022102F09DBC00BF0010024082B00E4BE2
:10E4300000220092596C41F480415964586C00F4F8
:10E440008040009000980192186C40F08050186451
:10E450001B6C03F080530193019B0F216FF00100AF
:10E4600002B001F0B7BE00BF00380240000000005B
:10E4700010B5026854498CB000238A42CDE90633B6
:10E48000CDE9083304460A9304D050498A4251D05A
:10E490000CB010BD4E4A0193516C41F4807151642F
:10E4A000516C01F48071019101990293116B41F05B
:10E4B00004011163116B01F00401029102990393AD
:10E4C000116B41F001011163126B0F2002F0010288
:10E4D0000321CDE9060103923E48039A06A902F002
:10E4E0008FFA9FED357B00233B48089306A98DEDFD
:10E4F000067B02F085FA394A3948106000234FF450
:10E500008061C2E903314FF480504FF48041C2E989
:10E5100005014FF480711046C2E90133C2E90713C7
:10E52000536201F0A9FE2D4A002841D1A2639463F1
:10E530000CB010BD264A0493506C40F40070506437
:10E54000506C00F40070049004980593106B40F038
:10E5500004001063126B1F489FED197B02F0040248
:10E5600006A905928DED067B059A02F049FA1D4A2F
:10E570001D484FF00071C2E900014FF480604FF474
:10E580008051C2E904014FF480404FF48071C2E928
:10E59000060100231046C2E90233C2E9083301F044
:10E5A0006BFE104A0028C1D0FFF738FF0D4ABDE7C7
:10E5B000FFF734FF094AB9E70C0000000300000030
:10E5C0003000000003000000002001400021014055
:10E5D0000038024000080240000002404C0C0120BC
:10E5E00070640240EC0B0120406402400000000017
:10E5F00000B50168224B89B000229942CDE9022280
:10E60000CDE90422069201D009B000BD03F5EA333A
:10E610000092186C40F000701864186C00F00070E4
:10E62000009000980192186B40F0080018631B6B73
:10E6300014489FED117B03F008034FF0030C019386
:10E6400002A909238DED027BCDE905C3DDF804E0C5
:10E6500002F0D6F900220A21132001F0BBFD13209D
:10E6600001F0EAFD00220921142001F0B3FD14207D
:10E6700001F0E2FD09B000BD03000000020000004F
:10E6800000640040000C024000B50168284B89B0CE
:10E6900000229942CDE90222CDE90422069201D05E
:10E6A00009B000BD03F5F2330092186B9FED1C7B9F
:10E6B00040F002001863186B8DED027B9FED1A7B12
:10E6C00000F00200009002A94FF0040C1948DDF898
:10E6D00000E0CDF818C08DED047B02F091F9002226
:10E6E000154B0192D3F840C04CF4001CC3F840C055
:10E6F0001B6C03F40013082101931F20019B01F000
:10E7000069FD1F2001F098FD00220821202001F062
:10E7100061FD202001F090FD09B000BDAFF3008045
:10E7200000030000120000000100000003000000D0
:10E7300000540040000402400038024008B502685E
:10E740000D4B9A4200D008BD0C4A0D48136C23F4BF
:10E75000001313644FF4807102F058FA08484FF424
:10E76000007102F053FA1F2001F074FDBDE808406B
:10E77000202001F06FBD00BF00540040003802406F
:10E78000000402400000000010B50268AC498CB0E3
:10E7900000238A42CDE90633CDE9083304460A93C3
:10E7A00008D0A8498A426AD0A7498A4200F0C380AB
:10E7B0000CB010BDA54A0093506C40F480505064DA
:10E7C000506C00F48050009000980193106B40F062
:10E7D00001001063126B9FED947B02F00102019225
:10E7E00003200522CDE9090206A99948DDF804C0F5
:10E7F0008DED067B02F004F9964A97484FF0C06110
:10E800000023C2E900014FF48060C2E904034FF421
:10E8100080311046C2E90233C2E906331162536205
:10E8200001F02AFD8B4A002840F0E7808B4B8C4892
:10E83000E26494634FF0C0620021C3E9000240200B
:10E840004FF48062C3E902011A6118464FF4803226
:10E85000C3E90511C3E90712596201F00DFD7F4BB1
:10E86000002840F0C680A3640022062123209C6378
:10E8700001F0B0FC232001F0DFFC0CB010BD734AA6
:10E880000293106C40F480401064106C00F48040DF
:10E89000029002980393106B40F002001063126B19
:10E8A0009FED637B02F00202039203200522CDE973
:10E8B000090206A96B48DDF80CC08DED067B02F05D
:10E8C0009FF8694A6948106000234FF48061104640
:10E8D000C2E90133C2E90331C2E90533C2E90733B2
:10E8E000536201F0C9FC604A002840F08A80604B06
:10E8F0006048E264002194634022C3E900019A6009
:10E9000018464FF48062C3E90312C3E90511C3E955
:10E910000711596201F0B0FC554B002875D1A36472
:10E920000022092124209C6301F054FC242001F0E2
:10E9300083FC0CB010BD454A0493106C40F40040B9
:10E940001064106C00F40040049004980593106B60
:10E9500040F004001063126B9FED377B02F004025D
:10E96000059203200622CDE9090206A94248DDF8F6
:10E9700014C08DED067B02F043F8404A4048106019
:10E9800000234FF48061C2E9033110464FF4803117
:10E99000C2E90133C2E90533C2E90731536201F02C
:10E9A0006BFC364A002838D1364B3748E2640021E8
:10E9B000C3E9000194634FF480604022C3E903106F
:10E9C0009A6018464FF48032C3E90511C3E9071273
:10E9D000596201F051FC2B4BD8B9A36400220821E5
:10E9E00033209C6301F0F6FB332001F025FC0CB0D2
:10E9F00010BDFFF713FD194B35E7FFF70FFD154A63
:10EA000014E7FFF70BFD184A71E7FFF707FD184BF6
:10EA100085E7FFF703FD1B4BDFE7FFF7FFFC174A16
:10EA2000C2E700BFAFF30080E0000000020000007A
:10EA300000E0000002000000001C000002000000D6
:10EA40000030014000380040003C004000380240E7
:10EA500000000240FC090120106402409C090120D2
:10EA600058640240000402403C0901205860024002
:10EA7000DC08012070600240000802407C08012090
:10EA8000406002401C080120886002400000000035
:10EA900000B50368764991B000228B42CDE90A2285
:10EAA000CDE90C220E9237D0B3F1804F48D0714996
:10EAB0008B4224D070498B426DD070498B4200F05C
:10EAC00093806F498B4200F0A2806E498B4200F028
:10EAD000B1806D498B421DD16C4B0992196C41F08C
:10EAE000800119641B6C03F0800309930C212C2016
:10EAF000099B01F06FFB2C2001F09EFB0AE0634BA9
:10EB000003921A6C42F004021A641B6C03F00403B3
:10EB10000393039B11B000BD5C4B0092596C41F014
:10EB2000010159645B6C03F0010306210093182076
:10EB3000009B01F04FFB182001F07EFB11B000BDDF
:10EB400003F50E330192186C40F001001864186C44
:10EB500000F00100019001980292186B40F0010052
:10EB600018631B6B4A489FED3E7B03F00103029341
:10EB70000AA901238DED0A7BDDF808C00E9301F090
:10EB80003FFF002207211C2001F024FB1C2001F084
:10EB900053FB11B000BD3D4B0492186C40F00800CF
:10EBA0001864186C00F00800049004980592186B23
:10EBB00040F0010018631B6B35489FED2B7B03F081
:10EBC000010305930AA902238DED0A7BDDF814C029
:10EBD0000E9301F015FF00220621322001F0FAFA0F
:10EBE000322001F029FB95E7284B0692196C41F081
:10EBF000100119641B6C03F0100306930B213620DF
:10EC0000069B01F0E7FA362001F016FB82E71F4B66
:10EC10000792596C41F0020159645B6C03F00203E6
:10EC200007930C212C20079B01F0D4FA2C2001F033
:10EC300003FB6FE7154B0892596C41F4803159641E
:10EC40005B6C03F48033089306211820089B01F0C5
:10EC5000C1FA182001F0F0FA5CE700BFAFF30080C2
:10EC6000020000000200000001000000020000009D
:10EC70000000014000080040000C0040001000406F
:10EC80000004014000400140001C004000380240E8
:10EC9000000002400000000000B50168184A89B079
:10ECA00000239142CDE90233CDE90433069301D02C
:10ECB00009B000BD02F50D320093106C40F0020067
:10ECC0001064106C00F00200009000980193136B28
:10ECD0000C4843F004031363136B9FED077B03F0B1
:10ECE0000403019302A902238DED027B019A06938E
:10ECF00001F086FE09B000BDC00000000200000067
:10ED0000000400400008024000B50168144A89B0C0
:10ED100000239142CDE90233CDE90433069301D0BB
:10ED200009B000BD02F59C320193136B43F0100350
:10ED30001363136B9FED087B03F01003019301989D
:10ED400008480222012302A98DED027B0592069359
:10ED500001F056FE09B000BD006A0000020000008C
:10ED6000000001400010024000B5036838498BB034
:10ED700000228B42CDE90422CDE90622089204D07C
:10ED800034498B422ED00BB000BD334B0092586CEF
:10ED900040F010005864586C00F01000009000988B
:10EDA0000192186B40F0020018631B6B2B489FED1B
:10EDB000247B03F002034FF0030C019304A9072303
:10EDC0008DED047BCDE907C3DDF804E001F018FE0A
:10EDD00000220721252001F0FDF9252001F02CFA61
:10EDE0000BB000BD1C4B0292186C40F480201864DC
:10EDF000186C00F48020029002980392186B40F087
:10EE0000020018631B6B15489FED0F7B03F0020394
:10EE10004FF0030C039304A907238DED047BCDE988
:10EE200007C3DDF80CE001F0EBFD002207212720ED
:10EE300001F0D0F9272001F0FFF90BB000BD00BFB1
:10EE4000C000000002000000000C000002000000F2
:10EE50000010014000480040003802400004024019
:10EE600000B5036889B00022B3F1A04FCDE90222BA
:10EE7000CDE90422069201D009B000BD244B0092D6
:10EE8000196B41F001011963196B4FF4007001F027
:10EE900001010091029002A91E48DDF800C001F0B6
:10EEA000AFFD9FED177B8DED027B9FED177B02A9D8
:10EEB0004FF00A0C1748CDF818C08DED047B01F017
:10EEC0009FFD134BD3F834C000224CF0800CC3F8E4
:10EED00034C00192D3F844C04CF4804CC3F844C011
:10EEE0005B6C03F480430E2101934320019B01F0EE
:10EEF00071F9432001F0A0F909B000BDAFF3008023
:10EF000000180000020000000000000003000000E4
:10EF1000003802400000024030B58BB0244B002284
:10EF200004921A6C42F020021A641B6C03F0200356
:10EF30000493054603A905A8049B03F08DFC089BD8
:10EF4000D3B903F069FC03461A4A1B481B49A2FBCC
:10EF500003239B0C013B0022C0E9001340F2E7337E
:10EF60000261826082610446C36004F0D3FE0246FF
:10EF700030B110460BB030BD03F04EFC4300E3E768
:10EF8000204604F0B3FB02460028F2D1019037205E
:10EF900001F052F90F2D019A01D90122E9E7294622
:10EFA000372001F017F9064B019A1D60E1E700BF19
:10EFB0000038024083DE1B433C0D0120001400405A
:10EFC00008000010704700BF08B503480122022165
:10EFD00001F0C6FEFEE700BF00100240FEE700BFE2
:10EFE000FEE700BFFEE700BF704700BF042001F04E
:10EFF000C5BE00BF014801F077BA00BF7C08012000
:10F00000014801F071BA00BF3C090120014801F03C
:10F010006BBA00BFDC080120014801F065BA00BFEF
:10F020001C080120014800F063BF00BFC40B012091
:10F03000014800F05DBF00BFC40B012008B52020CF
:10F0400001F09CFEBDE808404FF4807001F096BED0
:10F0500008B5044804F04AFDBDE80840024804F041
:10F0600045BD00BFD4070120DC050120014804F0A4
:10F070003DBD00BF8C070120014804F037BD00BF33
:10F0800044070120014802F06DBA00BF700B012057
:10F09000014802F059BF00BF700B0120014804F085
:10F0A0003BB900BF0C0B0120014804F035B900BF8B
:10F0B000B40A0120014805F0D5BA00BF4C05012073
:10F0C000014805F0CFBA00BF040501204FF400400D
:10F0D00001F054BE08B5044804F008FDBDE808403E
:10F0E000024804F003BD00BF24060120940501205E
:10F0F000014804F0FBBC00BFB4060120014804F045
:10F100000BB900BF5C0A0120014804F0EFBC00BF4E
:10F110006C060120014804F0E9BC00BF3C0D012051
:10F12000014801F0E1B900BFFC090120014801F0EC
:10F13000DBB900BFEC0B0120014801F0D5B900BFDD
:10F140009C090120014801F0CFB900BF4C0C0120FF
:10F1500000200BF005BD00BF0120704708B538F056
:10F1600057FB162303604FF0FF3008BD08B538F099
:10F170004FFB16230360FEE770B5161E07DD0C4635
:10F180008D19AFF3008004F8010BA542F9D1304688
:10F1900070BD00BF70B5161E07DD0C468D1914F842
:10F1A000010BAFF30080A542F9D1304670BD00BF1E
:10F1B0004FF0FF30704700BF4FF400534B6000200A
:10F1C000704700BF01207047002070470D490E4A6C
:10F1D000DFF83CC008B50B68A2EB0C022BB1184459
:10F1E000904207D80860184608BD084B0B601844C9
:10F1F0009042F7D938F00CFB0C2303604FF0FF333B
:10F20000184608BD840D0120000002202033012093
:10F21000000400001249134BD1F88820DFF848C0E1
:10F2200042F47002C1F888201A68002042F00102FE
:10F230001A6098601A6822F0847222F480321A6090
:10F24000C3F804C01A6822F480221A60D8605A6F8A
:10F250004FF0006C42F080725A67C1F808C07047E6
:10F2600000ED00E0003802401030002400000000F3
:10F2700000B583B070B101900C201EF089F8019B9D
:10F28000186068B19FED087B002380ED007B03725E
:10F2900003B000BD38F0BCFA1623036003B000BD14
:10F2A00072B6FFF7BBF8FEE70000000000000000A8
:10F2B0001EF070B808B5A8B1037A012B0ED85A1CFD
:10F2C0000272EFF311824FF0500181F31188BFF306
:10F2D0006F8FBFF34F8F40F8232008BD72B6FFF742
:10F2E0009DF8FEE772B6FFF799F8FEE708B570B132
:10F2F000037A013BDBB2012B037204D850F82330B0
:10F3000083F3118808BD72B6FFF788F8FEE772B67E
:10F31000FFF784F8FEE700BF08B538B3BFF35B8F93
:10F320000378BFF35B8FDBB20BB1002008BD1D4B30
:10F330001A7A012A1ED8511C1972EFF311814FF06D
:10F34000500C8CF31188BFF36F8FBFF34F8F43F8CE
:10F350002210BFF35B8F0278BFF35B8FD2B28AB902
:10F3600043785BB901234370184608BD72B6FFF7B6
:10F3700055F8FEE772B6FFF751F8FEE772B6FFF7F1
:10F380004DF8FEE71A7A013AD2B2012A1A7204D86D
:10F3900053F8223083F31188C7E772B6FFF73EF8BF
:10F3A000FEE700BF880D012008B5D0B1BFF35B8F29
:10F3B0004FF001030370BFF35B8F43786BB10D4ACD
:10F3C00000234370137A013BDBB2012B13720CD87C
:10F3D00052F8233083F3118808BD72B6FFF71EF888
:10F3E000FEE772B6FFF71AF8FEE772B6FFF716F8F7
:10F3F000FEE700BF880D012008B50B4B1A6842F4E8
:10F4000000721A601A6842F480621A601A6842F444
:10F4100080721A60032000F0CBFE0420FFF77CFD11
:10F42000FFF704F8002008BD003C0240034A044BEB
:10F4300011681B780B441360704700BFB80D0120A2
:10F4400004000010014B1868704700BFB80D012080
:10F4500038B50446FFF7F6FF631C054602D0044B9F
:10F460001B781C44FFF7EEFF401BA042FAD338BDC7
:10F4700004000010014B1868000C7047002004E0E5
:10F48000024B1868C0F30B00704700BF002004E077
:10F49000014BD3F8100A70470070FF1F014BD3F8DF
:10F4A000140A70470070FF1F014BD3F8180A704709
:10F4B0000070FF1F002800F0A98010B5026C82B018
:10F4C000034642B11A6CD2060FD50120002283F800
:10F4D0003C2002B010BDCDE90020FEF7C9FFDDE9F8
:10F4E00000235A641A6CD206EFD41A6C4B4922F4EA
:10F4F000885222F0020242F002021A6448681A6836
:10F5000020F44030486048685C6820434860516897
:10F51000D3F810C0986821F480715160516841EAB5
:10F520000C2151605168D3F80CC021F0407151603A
:10F530005168014351609168986A21F400619160BB
:10F54000916841EA0C01916035498842916855D033
:10F5500021F07061D3F82CC09160916808439060ED
:10F56000916821F040519160916841EA0C019160ED
:10F57000916821F0020191609168187E41EA400192
:10F58000916093F82010002942D05168586A41F4E4
:10F5900000615160516821F4604151605168013847
:10F5A00041EA40315160D16AD869D3F814C021F4DE
:10F5B0007001D162D16A013841EA0051D16291688B
:10F5C00021F400719160916893F8300041EA402184
:10F5D0009160916821F4806191609168002041EA16
:10F5E0008C21916058641A6C22F0030242F00102EF
:10F5F0001A64002283F83C2002B010BD21F0706133
:10F600009160916821F040519160B1E7012070470D
:10F61000516821F400615160C5E700BF002301403B
:10F620000100000F10B5044682B094F83C30002071
:10F63000012B019000F092800123D4F800C084F8DF
:10F640003C30DCF80830D80716D4DCF8083043F03A
:10F650000103CCF80830454B1868454BA3FB00303C
:10F66000800C00EB40000190019B2BB1019B013B02
:10F67000019301980028F9D1DCF80830DB0505D5A5
:10F68000DCF8083023F48073CCF80830DCF808305C
:10F69000D80754D5206C20F4E06020F0010040F43D
:10F6A00080702064DCF804305B0505D5236C23F4FE
:10F6B000405343F480532364236CA06B13F48053B2
:10F6C0001CBF636C23F00603636413460A460021E3
:10F6D00084F83C102749C163274901642749C16464
:10F6E0006FF02201CCF80010DCF8041041F08061CA
:10F6F000CCF80410DCF8081041F48071CCF8081044
:10F700000CF14C0100F04CFE1D4A23685168C806FC
:10F7100020D11C498B4209D001F580718B4220D049
:10F7200019498B4213D15268D20610D49A6812F04C
:10F73000405F0CD19A6842F080429A6007E0236CE7
:10F7400043F010032364636C43F0010363640020FF
:10F7500002B010BD0B4A9342F9D1E7E7022002B094
:10F7600010BD5268D106E1D0F1E700BF00000010E3
:10F7700083DE1B43B9F7000891F70008A1F70008E2
:10F78000002301400020014000220140704700BFDB
:10F7900008B5806BFFF7FAFF08BD00BF704700BFD8
:10F7A000806B08B540230364436C43F00403436457
:10F7B000FFF7F4FF08BD00BF836B1A6C12F0500F07
:10F7C00010B51A6C23D142F4007219681A648A6861
:10F7D00012F0405F17D11A7EAAB9CA6A12F4700FEC
:10F7E00002D08A6850050ED44A6822F020024A608E
:10F7F0001A6C22F480721A641A6CD10403D41A6C45
:10F8000042F001021A6418461EF046F810BDD206F6
:10F8100004D49B6BBDE81040DB6C18471846FFF71B
:10F82000BDFF10BD70B590F83C3082B00022012BB6
:10F83000019200F09980D1F800E003688A68BEF177
:10F84000090F1FFA8EFC28D81D690EEB4E040726FF
:10F85000A24006FA04F425EA04041C611C69224350
:10F860001A614A68062A2AD8013A596B02EB8202C9
:10F870001F240CFA02FC04FA02F221EA02025A6383
:10F880005A6B4CEA02025A63394A93422CD0002345
:10F8900080F83C30184602B070BDACF10A04DD6857
:10F8A00004EB44040726A24006FA04F425EA040403
:10F8B000DC60DC682243DA604A68062AD4D90C2A64
:10F8C0003AD8073A196B02EB82021F240CFA02FCA9
:10F8D00004FA02F221EA02021A631A6B4CEA0202EB
:10F8E0001A63234A9342D2D1BEF1120F35D0AEF142
:10F8F0001003012BCBD81F4A5368BEF1100F43F4FD
:10F9000000035360C3D11C4B02F146721B6802F521
:10F910002E3202F28332A2FB03239B0C03EB830300
:10F920005B000193019B002BB1D0019B013B019334
:10F93000019B002BF9D1AAE70D3AD96A02EB8202AA
:10F940001F240CFA02FC04FA02F221EA0202DA6233
:10F95000DA6A4CEA0202DA6296E7D2F8043343F438
:10F960008003C2F8043392E7022002B070BD00BFEA
:10F9700000200140002301400000001000287BD03F
:10F9800038B590F820300446002B72D022681368F6
:10F9900043F001031360FFF755FD054604E0FFF750
:10F9A00051FD401B0A285BD823685A68D107F6D559
:10F9B0001A6822F002021A60FFF744FD054604E0CF
:10F9C000FFF740FD401B0A284AD823685A6892076F
:10F9D000F6D4227E012A1A680CBF42F0800222F07F
:10F9E00080021A60627E012A1A680CBF42F040024F
:10F9F00022F040021A60A27E012A1A680CBF42F06F
:10FA0000200222F020021A60E27E012A1A680CBF4E
:10FA100022F0100242F010021A60227F012A1A68B6
:10FA20000CBF42F0080222F008021A60627F012A2D
:10FA30001A680CBF42F0040222F004021A60D4E9F2
:10FA40000220216902430A43606961680243013967
:10FA50000A4300200121DA61606284F8201038BD79
:10FA6000636A052243F40033636284F82020012096
:10FA700038BDFEF7BDFD89E70120704790F82020D2
:10FA8000013A012A06D9426A034642F48022012043
:10FA90005A627047434BD3F800220120024310B44E
:10FAA000C3F80022D3F8002222F47C52C3F80022CB
:10FAB000D3F800224C6A42EA0422C3F800224A69C1
:10FAC00002F01F0C00FA0CF0D3F81CC22CEA000C58
:10FAD000C3F81CC2D1F81CC0BCF1000F47D1D3F849
:10FAE0000CC22CEA000CC3F80CC2D200CC688B8884
:10FAF00002F1804202F5C84243EA0443C2F84032B0
:10FB00008C680B8843EA0443C2F844328B69254A67
:10FB10003BBBD2F8043223EA0003C2F804320B697B
:10FB2000204AC3B9D2F8143223EA0003C2F81432CF
:10FB30000B6A012B05D11B4AD2F81C320343C2F8D1
:10FB40001C32184AD2F8003223F00103002010BC06
:10FB5000C2F800327047D2F814320343C2F81432AC
:10FB6000E6E7D2F804320343C2F80432D7E7BCF127
:10FB7000010FCBD1D3F80CC24CEA000CC3F80CC275
:10FB8000D2000C688B8802F1804202F5C84243EA39
:10FB90000443C2F840328C688B8943EA0443C2F8BC
:10FBA0004432B3E70064004038B590F82030012BB0
:10FBB000044605D0436A43F400234362012038BD64
:10FBC0000268022380F82030136823F001031360D9
:10FBD000FFF738FC054604E0FFF734FC431B0A2B13
:10FBE00007D823685B6813F00103F5D163621846F8
:10FBF00038BD636A052243F40033636284F8202031
:10FC0000DCE700BF38B590F82030022B044605D061
:10FC1000436A43F480134362012038BD02681368CD
:10FC200043F001031360FFF70DFC054604E0FFF706
:10FC300009FC431B0A2B0CD823685A68D207F6D557
:10FC40001A68012122F002021A6084F820100020B4
:10FC500038BD636A052243F40033636284F82020D0
:10FC6000DAE700BF10B590F820C01C460CF1FF3C4D
:10FC70000368BCF1010FD3F808E032D81EF0E05F52
:10FC800041D0CEF3016E012000FA0EF02060D1E9E0
:10FC9000020C60BB08684CEA40500EF1180C4FEAA9
:10FCA0000C1C43F80C0003EB0E1C0869CCF8840113
:10FCB000097D012905D1DCF8841141F48071CCF86B
:10FCC000841103EB0E135168C3F88C111268C3F84A
:10FCD0008821DCF8803143F001030020CCF880312A
:10FCE00010BD436A43F480234362012010BD4C6879
:10FCF00040EA0C000EF1180C4FEA0C1C40EAC4005C
:10FD000043F80C00CFE7436A43F400134362ECE787
:10FD100090F82020013A012A034605D9426A42F4AC
:10FD2000802201205A627047CA0704D500688268A1
:10FD300042F080028260880704D51868826842F425
:10FD4000004282604A0704D51A68936843F40003AE
:10FD500093600020704700BF90F82030013B012BDA
:10FD600001D900207047036898689A689B6812015F
:10FD7000C0F3806048BF0130DB00F3D5013070472D
:10FD800090F820C00CF1FF3CBCF1010F77D810B502
:10FD9000D0F800C051B9DCF80CE01EF0030F0AD116
:10FDA000436A43F400134362012010BDDCF810E005
:10FDB0001EF0030FF4D00CEB011EDEF8B04104F08E
:10FDC00004049460002C60D0DEF8B041E408546074
:10FDD000DEF8B04104F00204D460DEF8B441240738
:10FDE00056BFDEF8B441082404F00F041461DEF8B5
:10FDF000B441DEF8B4E10CEB011CC4F307249461B8
:10FE00004FEA1E4EDCF8B841C2F814E01C700268DC
:10FE100002EB0112D2F8B821120A5A70026802EB02
:10FE20000112D2F8B821120C9A70026802EB01128A
:10FE3000D2F8B821120EDA70026802EB0112D2F881
:10FE4000BC211A71026802EB0112D2F8BC21120A1D
:10FE50005A71026802EB0112D2F8BC21120C9A719D
:10FE6000026802EB0112D2F8BC21120EDA710368AB
:10FE700081B9DA6842F02002DA60002010BD436ADE
:10FE800043F48023436201207047DEF8B041640DE3
:10FE900014609DE71A6942F020021A61EDE700BF85
:10FEA00090F82030013B012B01D9002070470368F6
:10FEB00019B9D86800F003007047186900F0030012
:10FEC000704700BF90F82020013A012A034605D967
:10FED000426A42F4802201205A62704702685369E4
:10FEE0000B43002053617047704700BF704700BF4D
:10FEF00003682DE9F0435C695F689A68D9681E69F8
:10FF0000B0469E69B14614F0010683B005461FD085
:10FF1000D60700F182800026D0050BD52B684FF460
:10FF200080709860930500F1BA80500540F1D88048
:10FF300046F40056D0030BD52B684FF48030986000
:10FF4000930300F19F80500340F1CF8046F40046B8
:10FF5000230701D5C8065AD4620701D50B0771D40F
:10FF6000A00703D52B68DB68990772D1620602D51A
:10FF700018F0100F5CD1A30602D518F0080F73D14A
:10FF8000E00603D52B681B69990757D1A20301D559
:10FF9000FB0662D4E00301D539076CD4220431D5C5
:10FFA0007B072A682CD509F0010314F4807F43EA0B
:10FFB000060318BF1E46A70517D519F0020F14D067
:10FFC000600546F0020604F4006372D519F0040FD0
:10FFD0006DD193B9042353606B6A334328466B6237
:10FFE0001DF044FE03B0BDE8F083610504F4006336
:10FFF00002D519F0040F5AD113B119F070035DD175
:020000040801F1
:1000000004235360002EE7D103B0BDE8F0832B68D2
:10001000102246F40076DA609EE701269E6096077D
:1000200036D4530766D4160774D54FF4805673E759
:100030002B68102246F480661A619CE728461DF062
:10004000F7FCA3E72B680822DA6028461DF04EFD76
:1000500086E728461DF092FC88E72B6810225A603C
:100060002846FFF741FF95E72B6808221A612846CA
:100070001DF054FD84E72B6808225A602846FFF7DC
:1000800035FF8BE7284600911DF090FD00995FE752
:10009000CDE900211DF05AFDDDE900213BE72846AE
:1000A000CDE900211DF06AFDDDE9002142E746F0BF
:1000B0000406002B8ED019F070038BD0402B43D058
:1000C0001BD8202B5BD0302B50D0102B37D193690D
:1000D000042123F07003936146F0080651607BE72A
:1000E000130524D546F4804624E7120319D546F4B7
:1000F00080362DE74FF400660EE7502B2DD0602B95
:100100001DD19369042123F07003936146F4807636
:10011000516061E7CDE900211DF060FDDDE90021BE
:10012000F9E6284600911DF089FD009910E7284660
:10013000CDE900211DF06AFDDDE90021FAE69369B1
:1001400023F0700393615BE79369042123F070034C
:10015000936146F0400651603EE79369042123F025
:100160007003936146F08006516035E7936904217E
:1001700023F07003936146F0200651602CE79369E9
:10018000042123F07003936146F01006516023E7C9
:1001900090F82020013A012A034605D9426A42F428
:1001A000802201205A62704700205862704700BFC9
:1001B0000749CA6803024FF6FF0003F4E0630240F8
:1001C000134343F0BF6343F40033CB60704700BF79
:1001D00000ED00E0164BDB68C3F30223A3F1030C30
:1001E000BCF1040F00B519D84FF0FF3EC3F107036F
:1001F0000EFA03F30EFA0CFE22EA0E02DB4319405C
:1002000001FA0CF1114300284FEA01110ADB00F159
:10021000604000F5614080F8001300BD00220F230C
:100220009446ECE7034B00F00F00C318197600BDAD
:1002300000ED00E0FCEC00E0002807DB044A410987
:10024000012300F01F00834042F82130704700BFB7
:1002500000E100E000280CDB4309064900F01F0024
:1002600020330122824041F82320BFF34F8FBFF398
:100270006F8F704700E100E038B50446FFF7E2F801
:10028000002C6BD023680022022184F8351084F8FA
:1002900034201A6822F0010205461A6005E0FFF7D3
:1002A000D1F8401B052837D823681A68D107F6D43F
:1002B000D4E90120E16802430A43D4E90451A0696A
:1002C0002A430A43E1691D6802430A433149294030
:1002D000256A2A430A43616A042924D01A605A69AC
:1002E00022F007021143D8B22B4A59611038A2FB01
:1002F0000052120929496FF30903895CE1655F28FF
:1003000088BF04333F228A40A36500209A600123FE
:10031000606584F8353038BD03232022626584F897
:100320003530184638BDD4E90B51294311431960C3
:100330005969A26A21F00701114341F00401002D1F
:10034000D1D068B9012A21D032F00202CBD1EA0122
:10035000C9D540220123626584F83530012038BDBB
:10036000B0F5005F04D0022AF3D9032AEFD0BAE730
:10037000032AB8D801A050F822F000BF53030108A7
:100380004F030108530301088D030108B5F1C07F35
:10039000A9D1DEE73F8010F0ABAAAAAA9415050800
:1003A00090F834C0BCF1010F3FD010B58E46114615
:1003B000826D144690F835204FF0010C624580F8AC
:1003C00034C004D0002380F83430022010BD4FF038
:1003D000020C80F835C002684FF0000CC0F854C021
:1003E000D2F800C02CF4802CC2F800C0536083689F
:1003F000402B0EBF9160C2F808E0D160C16D08BF0C
:10040000C2F80CE03F238B40A3601368016C43F0FB
:100410001603136019B1136843F0080313601368DF
:1004200043F001030020136010BD0220704700BF9D
:1004300070B5836D04461E46FFF704F894F8353016
:10044000022B06D080236365002384F8343001201A
:1004500070BD23681A6822F016021A605A6922F0E9
:1004600080025A61226C054642B31A6822F00802E3
:100470001A601A6822F001021A6005E0FEF7E2FF36
:10048000401B052810D823681B6813F00103F5D121
:10049000E16D3F228A40184601210023B26084F8B2
:1004A000351084F8343070BD03232022626518466D
:1004B00084F83530002384F8343070BDA26C002AF3
:1004C000D3D1D6E790F83530022B03D08023436593
:1004D000012070470268052380F83530136823F047
:1004E000010300201360704770B584B07249846DB9
:1004F0000E6800230393C36D2268082199401142BE
:1005000007D0D0F800C0DCF800E01EF0040F40F087
:100510008A8001219940114205D00568D5F814C0A0
:100520001CF0800F79D104219940114205D0056853
:10053000D5F800C01CF0020F69D11021994011427A
:1005400006D0D0F800C0DCF800E01EF0080F44D15F
:1005500020219940114218D00268D2F800C01CF046
:10056000100F12D0A16090F8351005296DD01368D6
:1005700013F4802F136800F08780190340F19280F4
:10058000C36B13B1009098470098436D1BB3436D44
:10059000DA071AD50168494A052380F835300B6817
:1005A000A2FB064223F00103920A0B6002E00B68F3
:1005B000DB0704D5039B013393420393F7D9012250
:1005C000002380F8352080F83430C36C1BB104B0B0
:1005D000BDE87040184704B070BDA160DCF80010A1
:1005E00011F4802FDCF8001029D1CD0505D4DCF8FA
:1005F000001021F00801CCF80010016C0029A7D0F0
:10060000CDE9000288470098019AC36DA0E7A16078
:10061000416D41F0040141658FE7A160416D41F0FA
:10062000020141657FE7DCF800E02EF0040ECCF813
:1006300000E0A160416D41F00101416569E70903F6
:10064000DBD5816C0029DBD182E7116821F016012E
:100650001160516921F080015161016C39B3116859
:1006600021F0080111603F2202FA03F3016DA3603B
:100670000122002380F8352080F834300029AAD0E8
:1006800004B0BDE87040084713F480737FF478AF7E
:10069000116821F010011160012280F8352080F8E6
:1006A00034306DE7436C002B7FF46CAF6DE7816CE9
:1006B0000029D4D1D7E700BF00000010B5814E1B40
:1006C00090F83500704700BF1B4BDA68D10605D59E
:1006D0001A49CA6910200243CA61D860164BDA6809
:1006E000920606D51549CA69202042F00802CA615F
:1006F000D860114BDA68500606D51049CA69402007
:1007000042F00402CA61D8600B4BDA68110606D5C4
:100710000A49CA69802042F00202CA61D860064BC9
:10072000DA68920706D50549CA69022042F020021C
:10073000CA61D860704700BF003C0240BC0D012078
:10074000064B1A69002A01DB002070470449054A5C
:1007500059605A601869C00F704700BF003C0240E2
:1007600023016745AB89EFCD034A136943F000438A
:1007700000201361704700BF003C024038B5184BA1
:100780000022DA610446FEF75DFE164AD368DD03F7
:100790000CD5611C16D00546FCB1FEF753FE401B7C
:1007A000A0421AD80F4AD368D803F6D40D4BDA68A2
:1007B000D20744BF0122DA600A4BD86810F0F20079
:1007C00007D138BDD368DC03F0D5D368DC03F9D496
:1007D000ECE7FFF779FF012038BD032038BD00BFEB
:1007E000BC0D0120003C02402DE9F0412C4C984604
:1007F000237E012B2ED0074601234CF250300E46AB
:1008000015462376FFF7BAFF18B100232376BDE81B
:10081000F081244B0FB3012F34D01A6922F44072B7
:100820001A61022F1A6924D042F440721A611A69BF
:1008300042F001021A613560BFF36F8FC6F8048081
:100840004CF25030FFF79AFF164A136923F0010368
:100850001361DAE70220BDE8F0811A6922F44072E0
:100860001A611A691A611A6942F001021A61357037
:10087000E6E742F400721A611A6942F001021A6155
:100880003560DDE71A6922F440721A611A6942F490
:1008900080721A611A6942F001021A613580CFE74D
:1008A000BC0D0120003C02400D4B1A6922F440723D
:1008B0001A611A69022994BF09024FF440710A4370
:1008C0001A611A6922F0F8021A611A6942EAC00232
:1008D00042F002021A611A6942F480321A617047CA
:1008E000003C0240144B1A6891050FD51A6822F497
:1008F00000721A601A6842F400621A601A6822F4E0
:1009000000621A601A6842F400721A600A4B1A6890
:1009100052050FD51A6822F480621A601A6842F4F0
:1009200080521A601A6822F480521A601A6842F4DF
:1009300080621A60704700BF003C02402DE9F84316
:100940002D4F3B7E012B38D0012305464CF2503011
:100950000C4689463B76FFF711FF064640BB4FF039
:10096000FF3323602B68012B2BD0D5E902432344AE
:100970009C421BD2DFF8848005E0D5E902230134D4
:100980001344A34212D9297C2046FFF78DFF4CF275
:100990005030FFF7F3FED8F8103023F0FA03C8F810
:1009A00010300028E9D0C9F800400646FFF79AFF4A
:1009B00000233B763046BDE8F88302263046BDE88A
:1009C000F8830E4C2B69226922F44072226122695D
:1009D00042F00402226122691B029BB2134343F4DA
:1009E000803323614CF25030FFF7C8FE236923F0B7
:1009F000040306462361D9E7BC0D0120003C0240F8
:100A00002DE9F04FD1F800C0DFF8FCA1764C87B09B
:100A100000234FF0010B894603E00133102B00F057
:100A20008A800BFA03F202EA0C0832EA0C02F4D1D3
:100A3000D9F8041001F003055A006E1E03279740F1
:100A4000012E01977AD9032D09D0C668019F26EAA5
:100A5000070ED9F80860964046EA0E06C66005FA09
:100A600002F2019E056825EA06052A4311F4403F7B
:100A70000260D2D000220592DAF8442042F480428B
:100A8000CAF84420DAF8442002F480420592059A1C
:100A900023F0030202F1804202F59C3203F00306C8
:100AA0009568B6000F27B74025EA07054F4FB842B3
:100AB0001BD007F58067B84277D04D4FB84279D048
:100AC0004C4FB8427BD04C4FB8427DD04B4FB842D0
:100AD0007FD04B4FB84200F081804A4FB8420CBFE4
:100AE0000727082707FA06F635439560A268CF0264
:100AF00054BF22EA080248EA0202A260E2688E02BB
:100B000054BF22EA080248EA0202E26062688D03EA
:100B100054BF22EA080248EA020262602268C9035E
:100B200003F1010354BF22EA080248EA0202102B33
:100B300022607FF476AF07B0BDE8F08F866826EAC2
:100B4000070ED9F80C60964046EA0E0686604668A5
:100B500026EA080EC1F300169E4046EA0E064660DD
:100B6000C66826EA070ED9F80860964046EA0E06DF
:100B7000022DC6607FF473AFDE0800EB8606029696
:100B8000376AD9F81060039703F0070E4FEA8E0E0C
:100B90000F2706FA0EF607FA0EFE039F27EA0E0E3F
:100BA000029F46EA0E063E6259E7012707FA06F65B
:100BB00035439AE7022707FA06F6354395E70327F8
:100BC00007FA06F6354390E7042707FA06F6354399
:100BD0008BE7052707FA06F6354386E7062707FA67
:100BE00006F6354381E700BF003C014000000240AB
:100BF00000080240000C02400010024000140240B5
:100C000000180240001C0240003802402DE9F04F5D
:100C10000023DFF83CA101264FF00F094FF0030B32
:100C200002E00133102B6FD006FA03F232EA01041E
:100C300002EA010CF5D123F0030505F1804505F525
:100C40009C3503F00304A400D5F808E009FA04F881
:100C50005045274608EA0E0E18D0354CA04255D014
:100C6000344CA04255D0344CA04255D0334CA04215
:100C700055D0334CA04255D0324CA04255D0324CC6
:100C8000A0420CBF07240824BC4000E00024A64575
:100C900015D12E4C2D4F246824EA0C043C607C684E
:100CA00024EA0C047C60FC6824EA0C04FC60BC6848
:100CB00024EA0C04BC60AC6824EA0804AC60056853
:100CC0005C000BFA04F44FEAD30C25EA040500EBB0
:100CD0008C0C056003F00705DCF820E0AD0009FA94
:100CE00005F52EEA0505CCF82050C56825EA04056F
:100CF000C560456825EA020242608268013322EA43
:100D00000402102B82608FD1BDE8F08F06FA07F441
:100D1000BDE70224BC40BAE70324BC40B7E7042483
:100D2000BC40B4E70524BC40B1E70624BC40AEE7B4
:100D30000004024000080240000C02400010024083
:100D40000014024000180240001C0240003C014018
:100D5000000002400369194214BF012000207047BF
:100D600002B9090481617047436901EA030221EA7B
:100D7000030141EA02418161704700BF044A5169A1
:100D8000014200D1704708B550611CF0C5FD08BD97
:100D9000003C0140002800F0BE8038B590F83D309E
:100DA000044603F0FF02002B00F0A18023682422F8
:100DB00084F83D201A6822F001021A601A6842F491
:100DC00000421A601A6822F400421A6001F024FD01
:100DD000524B62689A4227D8514B984227D95149C1
:100DE0005300A1FB002C421EB2FBF3F223685968AA
:100DF00021F03F0141EA9C415960196A4FEA9C4E3B
:100E00000EF1010E21F03F0141EA0E011962D9698C
:100E100040F6FC70013221F44F41024221F0FF0103
:100E200075D0C2F30B0238E03F4B984201D8012045
:100E300038BD3C4B3D4DA3FB003E2368D3F804C0B6
:100E40002CF03F0C4CEA9E4CC3F804C04FEA9E4184
:100E50004FF4967C0CFB01F1A5FB01C1D3F820C037
:100E6000A568890901312CF03F0C41EA0C01196297
:100E7000D96921F44F41013821F0FF01002D3BD009
:100E800002EB820202EB8202B0FBF2F20132C2F309
:100E90000B02002A3DD042F440420A43DA61D4E911
:100EA00007201968024321F0C0010A431A609968BB
:100EB000D4E9030221F40341024321F0FF010A4374
:100EC0009A60D4E90520D968024321F0FF010A4362
:100ED000DA601968002241F00101202019602264C3
:100EE00084F83D00226384F83E20104638BD80F827
:100EF0003C20FDF7C9FB59E702EB4202B0FBF2F2DE
:100F00000132C2F30B0222B142F40042C5E70422CF
:100F1000C3E70122C1E70120704700BFA08601009E
:100F20007F841E0083DE1B43FF083D00D34D62100B
:100F3000C8B100B50168242283B080F83D200A685A
:100F4000019022F001020A60FDF7F8FB0022019BEC
:100F500010461A6483F83C2083F83D201A6383F816
:100F60003E2003B000BD0120704700BF10B582B025
:100F70008446002001909CF83D00202825D19E4603
:100F80002E4B18682E4BC008A3FB0030000A00EB64
:100F9000800000EB8000019004E0DCF800309869EC
:100FA000840715D5019B013B019301980028F4D1DA
:100FB0002023CCF830008CF83D308CF83E00DCF873
:100FC000403043F02003CCF84030022002B010BD86
:100FD0009CF83C000128F8D01868C00703D41868B2
:100FE00040F0010018601868164C20F4006018608A
:100FF000CCF8242022228CF83D20002010228CF8EE
:101000003E20CCF84000ACF82AE0BCF82A208CF84E
:101010003C00CCF82C40CCF84410ACF828205A689E
:1010200042F4E0625A601A6842F480621A601A68F8
:1010300042F480721A6002B010BD00BF00000010C0
:1010400089B5F8140000FFFF70B582B01E4600237A
:10105000019390F83D30BDF81CE0202B25D1324B98
:1010600084461868314BC008A3FB0030000A00EB2F
:10107000800000EB8000019004E0DCF8003098690B
:10108000840715D5019B013B019301980028F4D1F9
:101090002023CCF830008CF83D308CF83E00DCF892
:1010A000403043F02003CCF84030022002B070BD45
:1010B0009CF83C000128F8D01868C00703D41868D1
:1010C00040F0010018601868194D20F400601860A5
:1010D0000698CCF8240021208CF83D000024402004
:1010E0008CF83E00CCF84040ACF82AE0BCF82A006E
:1010F000CCF82C50CCF84410CCF84820CCF84C60FC
:10110000CCF850401A68ACF8280042F480721A609B
:101110004FF000028CF83C205A68204642F4E0620E
:101120005A6002B070BD00BF0000001089B5F8140D
:101130000000FFFF70B582B01E460023019390F8B7
:101140003D30BDF81CE0202B22D12F4B1B684FEA0D
:10115000D30C2E4BA3FB0C3C4FEA1C2C0CEB8C0C41
:101160000CEB8C031546019303E003689A6994071E
:1011700011D5019B013B0193019B002BF5D120224E
:10118000036380F83D2080F83E30036C1343036412
:10119000022002B070BD90F83C20012AF8D01A68F5
:1011A000D20703D41A6842F001021A601A68184C78
:1011B00022F400621A60069A4262222280F83D20E0
:1011C0004FF0000C402280F83E20C0F840C0A0F84C
:1011D0002AE0428DC46241648564C664C0F850C090
:1011E000196892B241F4806102851960196841F46E
:1011F0008071196080F83CC01AB15A6842F4E0620C
:101200005A60002002B070BD0000001089B5F814CB
:101210000000FFFF704700BF704700BF704700BF6E
:10122000704700BF08B590F83D20016D034659B9DD
:10123000C26C0168012A826C1BD0C2F307220A61CA
:10124000026D0132026508BD016D012909D0016DF1
:10125000022914D003685A69120644BF00221A6199
:1012600008BD826C0168D2B20A61026D013202656A
:1012700008BDD2B20A61026D0232026508BDD2B267
:10128000222A22D0418D89B2D9B9418D89B2002953
:10129000D9D1212AD7D10268D2F804C02CF4E06C4D
:1012A000C2F804C0D2F800C04CF4007CC2F800C000
:1012B0002022016380F83D2080F83E101CF070FD74
:1012C00008BD212A0AD05B8D08BD01680A6842F476
:1012D00080720A60026D0132026508BD416A0268CF
:1012E00011F8010B10615A8D5962013A5A8508BDF7
:1012F000704700BF3E4B3F4A1B68806B10B5DB0850
:10130000A2FB032382B01B0A002203EB830301929A
:10131000C3EBC30390F83DC00268019305E0019B55
:10132000013B019313689B0506D5019B002BF6D169
:10133000036C43F020030364D0E90D1381B34FF035
:10134000000EC1F83CE013B31468C3F83CE024F489
:1013500080641460A0F82AE0C1F850E0002119650B
:10136000136823F00103136090F83D30602B2ED0FA
:101370000CF0280CBCF1280F1CD02022002380F890
:101380003D2080F83E301CF00FFD02B010BDD2F8B9
:1013900000E02EF4806EC2F800E043850B65DFE7C5
:1013A00003B3D2F800E0D9632EF4806EC2F800E0F7
:1013B0004185D3E7136843F00103136013680021EC
:1013C00043F480631360016380F83DC0DBE70023D2
:1013D000202280F83D2080F83E300364FFF788FF2C
:1013E00002B010BD116821F4806111604385B7E738
:1013F0000000001089B5F81410B590F83D2090F861
:101400003E30102B0446D2B239D0D9B2402936D062
:1014100002F02801282923683CD05968080507D420
:10142000602A05D02021002284F83D1084F83E2057
:10143000002222635A6812F4006233D194F83D10FE
:10144000602974D05A69500605D5626A1B69137009
:10145000636A0133636220461CF0A6FC236C190703
:1014600004D02268536823F4E063536094F83D305D
:10147000226C5207DBB201D5282B2ED010BD222AB8
:10148000C6D123681A6822F400621A605A681205ED
:10149000C8D5CDE70022226384F83D105A6812F4C3
:1014A0000062CBD05A68606B22F400625A6090F8F8
:1014B0003530012B1ED0294B0365FFF703F80028B8
:1014C000CCD02268606B1368202123F001031360E5
:1014D00084F83D10036D9847C0E700232049E1627E
:1014E00020222363204684F83D2084F83E30FFF715
:1014F00097FE10BDA06B194B0365FEF7E3FF0028B4
:10150000ACD023685A69510606D5626A1B6913700C
:10151000626A2368013262621A68A06B22F00102DB
:1015200020211A6084F83D10036D984796E720212A
:1015300084F83D1022645A69520606D5626A1B6916
:101540001370626A2368013262621A6822F0010233
:1015500020461A60FFF7CCFE80E700BFF5120108B5
:101560000000FFFF30B502685468D0F82CE090F816
:101570003E10034690F83D00102991B0C0B25FFACA
:1015800081FC26D0BCF1400F23D0196C002900F05B
:10159000E18051694FF0000C11F0020E00F09E80C6
:1015A000A50540F19D80196C09B1D2F818C093F8D7
:1015B0003D1001F02801282900F0488200210E91F9
:1015C00050690E9092690E920E9A83F83C1011B0F9
:1015D00030BD91690D46516911F0010F1BD1BEF567
:1015E0002A0FF4D0BEF12A4FF1D011F0080E39D0F5
:1015F00014F4007F3AD0596C586BC9B211610028BD
:1016000000F01182C16B002900F00D82536843F491
:1016100000635360DBE714F4007F27D0D96AB1F58B
:101620002A0F00F00982D96AB1F12A4F04BF0821BC
:10163000D96293F83E10402900F001821969B1F592
:10164000804F00F0DF81196D002900F06C81196D69
:101650000129BCD15B6CDB1103F0060343F0F103FD
:101660001361B4E711F0020F40F046816D0775D5A4
:10167000D2F804E01EF4006FA9D101F0040E0906AF
:1016800040F15981650540F15681BEF1000F40F0EF
:10169000568193F83D101C8D93F83E00D3F82CC072
:1016A000C9B2C0B2002C40F0A482212900F06E83A0
:1016B00040288CD122298AD1598D89B2002976D02F
:1016C00093F83E10402900F04481596A11F8010B4B
:1016D00010615A8D5962013A5A8578E7CD066BD46C
:1016E00000F0F70CBCF1210F01F0040000F0BF8006
:1016F000490640F1F280650540F1EF80002840F096
:10170000EF8093F83D00598D89B2C0B200293FF4B3
:101710005EAF596A12690A705A8D596A013A5A8540
:101720005A8D013192B25962002A7FF450AF2A28B3
:101730007FF44DAF19684A684FF0220C282422F438
:1017400080624A601846C3F830C083F83D40FFF716
:1017500063FD3CE7D2F818C051691DE750680005E9
:101760003FF535AF01F00400490640F1F88065050A
:1017700040F1F580002840F0F58093F83D102229D3
:101780007FF425AFDC6A598D89B2032940F21683B4
:10179000596A12690A705A8D596A013A5A855A8DE6
:1017A00092B20131032A59627FF411AF1A6853686B
:1017B00023F4806353600AE7A50591D593F83D4073
:1017C000516821F4E0615160CDF83CE051690F911E
:1017D000116841F0010111600F99116821F48061D5
:1017E000116051680905E4B200F1D9805A8D92B2B6
:1017F00002B31A6851694D0709D5596A12690A700E
:101800005A6A598D501C01391A68586259855169B4
:10181000480608D5596A12690A70596A5A8D013109
:10182000013A59625A855A8D92B21AB11A6C42F035
:1018300004021A641A6C002A40F0DE802A2C00F0A0
:101840006D8193F83D20282A00F05B811A6B222AD3
:1018500002D0222C7FF4BBAE002220211A6318464E
:1018600083F83D1083F83E20FFF7D6FCAFE609066B
:1018700027D5650525D538BB93F83D00598D89B22C
:10188000C0B200293FF4A3AE596A11F8014B1461AC
:101890005962598D01395985598D89B200297FF4D2
:1018A00096AE29287FF493AE5168282421F48061F4
:1018B00051601846C3F830C083F83D40FFF7AAFCDA
:1018C00085E600283FF483AEA0057FF580AE598DF4
:1018D00089B200293FF47BAEF7E600283FF477AEEB
:1018E000A1057FF574AE598D89B200293FF46FAE22
:1018F000596A12690A704BE014F4007F3FF4B6AEE7
:1019000093F83E10DC6AD3F830C093F83D002228EB
:10191000C9B200F0DA80CDF830E053690C939369D6
:101920000C930C9B53E65B6CDB1103F0060343F056
:10193000F00313614BE6BEF1000F3FF448AEA4057F
:101940007FF545AE212800F02981BCF1400F7FF4DE
:101950003EAE184611B0BDE83040FFF763BC00282A
:101960003FF435AEA1057FF532AEDC6A598D586A79
:1019700089B2042900F00B81598D89B2032900F046
:101980004A81598D89B2022900F07C811269027066
:10199000596A5A8D0131013A59625A8517E604F0A5
:1019A000F70122296DD0586B016849685985598D16
:1019B00089B219B1196C41F004011964516801939D
:1019C00021F400615160FEF77BFE0128019B0AD0E3
:1019D000586B984A0265FEF775FD019B18B1586B6C
:1019E000026D9047019B5A8D92B2002A7FF401AF9D
:1019F0001A6C002A3FF425AF184611B0BDE83040FC
:101A0000FFF7FABC93F83D102129596C16BF41F03D
:101A1000010101F0FE01C9B21161596B19B1C96B25
:101A200000297FF4F3AD9B6B002B3FF4D0ADDB6B53
:101A3000002B7FF4EBADCAE50121D962F9E5196D00
:101A40005B6CC9B903F0FE031361C0E550681CF07C
:101A5000800F20F480605060CCF380010CBFDA6806
:101A60009A69002081F0010183F83C00C9B292B26A
:101A70001846FFF7D3FBAAE543F00103DBB213617D
:101A8000A5E5986B016849685985598D89B219B1E6
:101A9000196C41F0040119645168019321F400614B
:101AA0005160FEF70DFE0128019B3FF49FAE986B3D
:101AB000604A0265FEF706FD019B00283FF496AEE2
:101AC000986B026D9047019B90E6186D10B9402904
:101AD00000F08880196D21B91869B0F5404F00F009
:101AE0008C80598D89B259BB0591516905919169D5
:101AF00005910599116841F40071116000221A6581
:101B000065E500224C48D86220211A63184683F804
:101B10003D1083F83E20FFF783FB58E528211A6328
:101B2000184683F83D100193FFF776FB019B93F86D
:101B30003D20282AE5D01A6B222A7FF448AD8BE697
:101B4000598D89B201297BD0598D89B2022900F0C3
:101B5000E280116841F480611160516808050ED57A
:101B6000202C00F2A681072C40F29F813349083CCB
:101B7000E140C90703D5516841F48051516000210B
:101B80000B9151690B9192690B920B9AB6E75168D0
:101B900021F48061516012690270F9E6D86A93F805
:101BA0003D1021297FF413AD598D89B200297FF4AE
:101BB0008CAD082800F0D280202800F0CF8010F5EE
:101BC000803F00F0CB80506820F4E060506011242A
:101BD00020221C63184683F83E1083F83D201CF039
:101BE000BFF8F4E403905369039393690393039B51
:101BF000EDE421297FF45CAD5EE504915169049127
:101C0000916904910499116841F4807111601A6D11
:101C100001321A65DBE45168042C21F480615160C3
:101C20003FF4B4AE022C3FF4B1AE116821F48061F0
:101C30001160ABE6F51201080000FFFF0101000191
:101C400014F5803F00F01A81082C00F0F380202C5E
:101C500000F0F080BCF1120F00F04E81102C00F269
:101C60004D81A1492141CC0700F14881116841F41F
:101C70008061116000210891516908919269089270
:101C8000089A3BE7611E0F2909D8DFE801F03F3AC7
:101C9000083A08080808080808080808083F1168F2
:101CA00041F400711160126902705A8D596A013A4B
:101CB0005A851A68481C126958624A705A8D186809
:101CC000596A013A5A854268013122F440725962D8
:101CD0004260202283F83D2093F83E20402A4FF0B6
:101CE000000283F83E2000F0E980082C00F0DA8042
:101CF000202C00F0D78012221A6318461CF040F8FE
:101D000065E4116841F480611160CCE7116821F449
:101D100080611160C7E7102C00F29C807349E1409C
:101D2000C80740F19780116841F4806111605168E3
:101D30000D050BD5072C40F2D2806D49083CE140DF
:101D4000CC0703D5516841F48051516000210A91BC
:101D500051690A9192690A920A9ACFE6506820F472
:101D6000E06050601068002140F400702024106092
:101D7000196383F83D4093F83E2083F83E10402AD3
:101D800018467FF42CAF1CF00BF820E4BCF1080FD0
:101D9000E4D0BCF1200FE1D01CF5803FDED05168CB
:101DA00021F4E0615160112420221C63184683F85D
:101DB0003EE083F83D201BF0D3FF08E4D3F82CC0AD
:101DC000BCF1020F3FF4F3AC01293FF6F0AC4949F6
:101DD0000D90096846F2A810B1FBF0F101EB81010A
:101DE0000D9104E0116811F4007100F08C800D99E0
:101DF00001390D91DDF834C0BCF1000FF2D1196C3E
:101E0000586A41F020011964516821F4E061516081
:101E100012690270598D5A6A0139013220205985A0
:101E20005A6283F83D00184683F83EC01BF0BCFFA1
:101E3000FFF7CDBB1168002021F48061116009908B
:101E400051690991916909910999116841F40071E9
:101E5000116053E6116821F480611160116841F44A
:101E600000611160516809057FF570AF202C7FF685
:101E700061AF14F5803F7FF469AF63E7116821F427
:101E800080611160516811F400611DD0116800205B
:101E900021F4806111600690516906919269069261
:101EA000069A2BE600221A6327E7012C7FF467AE1F
:101EB00061E614F5803F7FF462AE5CE618461A6373
:101EC0001BF070FFFFF783BB079151690791916980
:101ED00007910799116841F4007111600EE6012C19
:101EE0007FF434AF2EE700BFEBFFFEFF14000100CC
:101EF0000101000100000010012C9BD1116821F4A8
:101F000080611160B6E6106820F48060106050684F
:101F100020F4E060506010695A6A10705A8D2020D9
:101F2000013A5A8583F83D005A6A93F83E0083F8D7
:101F30003E10013240285A627FF4D7AE184619632A
:101F40001BF030FFFFF743BBF0B501684B69D1F8D8
:101F500004E090F83E2013F480745FFA82FC85B0B0
:101F600003F4007210D003F480641EF4807F2646D0
:101F70000ED06FF4807EC1F814E0002A4CD1002C02
:101F800000F0858001220AE022B11EF4807F23D177
:101F900005B0F0BD5E0538D51EF4807FF8D0B0F8EE
:101FA0002AE01FFA8EF590F83DE0046BBCF1200F9B
:101FB0005FFA8EF640D06FF4806EBCF1100FC1F85E
:101FC00014E042F0040E2CD0BCF1400F29D01D05C6
:101FD00025D54EF008020DE02546022203F4806666
:101FE0006FF4007EC1F814E0002ED8D11F0504D58F
:101FF00045F00A026FF400634B61036C1A430264FC
:1020000005B0BDE8F040FFF7F7B91B05C0D51EF4D9
:10201000807FBDD00822EDE703220125E0E772466C
:10202000EBE7D1F800C01C054CF4007CC1F800C0FF
:10203000F5D542F00C02DDE715BB06F0F70CBCF15C
:10204000210F03D0282E1BD1212C19D190F83DC08F
:10205000D0F82CE0BEF1080F5FFA8CFC4FD0BEF137
:10206000200F4CD0BCF1210F03F4006315D06FF4A6
:10207000806CC1F814C0002B3DD042F00802B9E7D3
:102080006FF4806CC1F814C042F0040E9FE71A058B
:1020900001D50922AEE70122AFE7DFF8C0E0C0F8C2
:1020A0002CE0C0F830C04FF0000E4FF0200C80F84C
:1020B0003DC080F83EE0D1F804C001902CF4E06C03
:1020C000C1F804C06FF4806CC1F814C0D1F800C02E
:1020D0002CF4806CC1F800C0D1F814C01CF0800F43
:1020E00018BFC1F810E0CDE90223FFF793F8039B76
:1020F000DDE901026BBB002A7FF47FAF48E7BCF14A
:10210000280FAFD1DFF854C0C0F82CC0D1F804C0FC
:1021100001902CF4E06CC1F804C06FF4806CC1F83D
:1021200014C0D1F800C02CF4806CC1F800C00021AC
:102130004FF0200C016380F83DC080F83E10CDE9DF
:102140000223FFF76DF8039B13F4006FDDE9010232
:10215000D1D0016842F008024CE700BF0000FFFF49
:1021600018B338B5D0E90031826804464CF6CC404B
:10217000186045F25550186059609A60FDF762F991
:1021800023680546DA6891070AD0FDF75BF9401B22
:1021900031282368F6D9DA689207F3D0032038BDD6
:1021A0004AF6AA221A60002038BD0120704700BFFD
:1021B00003684AF6AA2200201A60704730B583B03F
:1021C00000B390F895340568044603F0FF02002B35
:1021D0005DD028460323B5F1A04F84F8953404BFA1
:1021E0000023A37102F06AFC237C8DF80030251DCA
:1021F00095E80E00206802F019FC014630B1022378
:1022000084F895340125284603B030BD206802F0DB
:102210005DFC0028F3D194F804C0BCF1000F21D07C
:10222000234622464FF0010E01461075D08501303D
:102230006045C2E9071182F815E0117642F8241FC3
:10224000F3D100210A4683F8541201316145C3E9F4
:10225000972283F8552283F85822C3F8642203F1A9
:102260002403F0D1207C95E80E008DF80000206852
:1022700002F0B2FC05460028C1D101236074206839
:1022800084F8953402F088FD284603B030BD80F80C
:102290009424FCF7E5FD20689CE700BF002800F0CF
:1022A0006B8170B50368DD0782B0044630D59F4965
:1022B0008A6802F00C02042A00F0F1808A6802F0B9
:1022C0000C02082A00F0E7806368B3F5803F00F055
:1022D000F080B3F5A02F00F07C8194490A6822F4C5
:1022E00080320A600A6822F480220A60002B40F0E3
:1022F000E580FDF7A7F8054605E0FDF7A3F8401BCC
:10230000642800F20781894B1B689E03F5D423687B
:102310009D0729D5854A916811F00C0F00F0948033
:10232000916801F00C01082900F08A80E368002B15
:1023300000F011817E4B01221A60FDF783F80546FB
:1023400005E0FDF77FF8401B022800F2E380774BA1
:102350001B689E07F5D5754922690B6823F0F803C1
:1023600043EAC2030B6023681A0754D45D0731D5D2
:102370006E4A136C13F0805300F0818000266D4B81
:102380001B68D80540F1B480A368012B00F0C5801C
:10239000052B00F02E8165490A6F22F001020A67C1
:1023A0000A6F22F004020A67002B40F0BB80FDF7A1
:1023B00049F8054607E0FDF745F841F28833401B30
:1023C000984200F2A780594B1B6F9B07F3D4002E55
:1023D00040F00981A369DBB1544A926802F00C0213
:1023E000082A00F0CB80022B514B4FF000021A66F6
:1023F00000F00981FDF726F8044605E0FDF722F814
:10240000001B022800F28680484B1B689B01F5D414
:10241000002002B070BD636903B3454B0122C3F8CD
:10242000802EFDF70FF8054604E0FDF70BF8401B82
:1024300002286FD83D4B5B6F9B07F6D5236895E765
:10244000526851023FF572AF384A1268920743D57D
:10245000E268012A40D0012002B070BD344AC2F8BF
:10246000803EFCF7EFFF054604E0FCF7EBFF401B66
:1024700002284FD82D4B5B6F9E07F6D4DEE7019301
:10248000136C43F080531364136C03F08053019377
:10249000019B012673E74A6851027FF515AF234A75
:1024A000126892037FF534AF6268002A7FF430AF80
:1024B000D1E71E4A136843F480331360FCF7C2FF70
:1024C000054604E0FCF7BEFF401B642822D8174BEA
:1024D0001B689B03F6D51AE7144920690A6822F0A5
:1024E000F80242EAC0020A601A077FF53FAF92E79E
:1024F000104A136843F480731360FCF7A3FF05468A
:102500000C4B1B68D9053FF53FAFFCF79BFF401B09
:102510000228F5D9032002B070BD044A136F43F0BE
:1025200001031367FCF78EFF05460CE000380240FC
:102530000000474200700040FCF784FF41F28833FE
:10254000401B9842E6D8484B1B6F9A07F4D5002EE3
:102550003FF440AF47E0454A1360FCF773FF054680
:1025600004E0FCF76FFF401B0228D3D83E4B1B68EA
:102570009907F6D42368F7E601207047012B3FF452
:102580006AAF394BE2695B6803F4800191427FF4E2
:1025900062AF226A03F03F0191427FF45CAF616A4F
:1025A00047F6C0721A40B2EB811F7FF454AFA26AA3
:1025B000520803F44031013AB1EB024F7FF44BAFC4
:1025C000E26A03F07063B3EB026F14BF01200020D6
:1025D0001FE7254B1A6842F480221A601A6842F4F9
:1025E00080321A606AE7204A136C23F08053136428
:1025F000F0E61D4B1A6F42F004021A671A6F42F0A0
:1026000001021A678EE7FCF71DFF054605E0FCF79F
:1026100019FF401B02283FF67DAF134B1B68990141
:10262000F5D4D4E90731626A0B4343EA8213D4E953
:102630000A2052080D490C4C43EA0063013A0A484B
:1026400043EA0243012243600A66FCF7FBFE0546AB
:1026500005E0FCF7F7FE401B02283FF65BAF23685E
:102660009A01F6D5D4E600BF003802400000474288
:10267000164908B58B6803F00C03042B1BD0082BFC
:1026800001D0134808BD4A684B68496813F48003B9
:1026900002F03F0211D10E48C1F38811A1FB0001E5
:1026A000FAF71CFE094B5B68C3F3014301335B007F
:1026B000B0FBF3F008BD074808BD0648C1F3881118
:1026C0000023A1FB0001FAF709FEEBE70038024006
:1026D0000024F40000127A0058B1474A136803F04E
:1026E00007038B4207D21170136803F007038B4274
:1026F00001D00120704703689A072DE9F04114D5F5
:102700005F0704D53D4CA26842F4E052A2601E0768
:1027100004D53A4CA26842F46042A260374C856806
:10272000A26822F0F0022A43A260DD07884607462D
:1027300021D54268012A58D0931E012B2F4B1B68CC
:1027400050D9990724D52D4CA36823F003031343D4
:10275000A360FCF777FE41F28835064604E0FCF7FB
:1027600071FE801BA84245D8A3687A6803F00C0369
:10277000B3EB820FF3D1204A136803F007034345FC
:1027800009D982F80080126802F00702424502D09F
:102790000120BDE8F0813B685A0706D51749F86863
:1027A0008A6822F4E05202438A601B0707D5134A65
:1027B0003969936823F4604343EAC1039360FFF7E8
:1027C00057FF0E4A0E4C92680E49C2F3031203469D
:1027D000A25C0D48D34000680B60FCF79DFB002015
:1027E000BDE8F0819801AED4D2E7044B1B689C038E
:1027F000A9D4CDE70320CCE7003C024000380240DA
:10280000841505080000001008000010014B18682E
:10281000704700BF00000010044B05499B68054A43
:102820000868C3F38223D35CD84070470038024065
:10283000000000107C150508044B05499B68054AFB
:102840000868C3F34233D35CD84070470038024075
:10285000000000107C1505080D4BDFF838C00F2272
:1028600002609A6802F0030242609A6802F0F00285
:1028700082609A6802F4E052C2609B68DB0803F44D
:10288000E0530361DCF8003003F007030B6070478E
:1028900000380240003C02402DE9F04383B0154669
:1028A00098460C460A9E0746FCF7CCFD4644361A6D
:1028B000FCF7C8FD304B3A681B68C3F3CB3306FB0B
:1028C00003F30193936834EA03030CBF012300234D
:1028D000AB420CD0B8F1FF3F18BF81461CD19368C2
:1028E00034EA03030CBF01230023AB42F7D10020DD
:1028F00003B0BDE8F083019B002B019B03F1FF3384
:1029000001933B689B6808BF002634EA03030CBFB1
:1029100001230023AB42EAD0FCF794FDA0EB0900B1
:10292000B042E8D3D7E900315A68B1F5827F22F08E
:10293000E0025A6013D0BA6AB2F5005F07D11A6894
:1029400022F400521A601A6842F400521A600122FE
:10295000002387F8512087F850300320C8E7BA6871
:10296000B2F5004F02D0B2F5806FE4D11A6822F0C0
:1029700040021A60DFE700BF0000001070B586B0AB
:102980000B460E4615460092022101220446FFF72F
:1029900083FF38BB174B18491B68A1FB03135B0D62
:1029A0004FF47A7101FB03F305936368B3F5827FFB
:1029B000024607D10CE0059B2168013B05938B681B
:1029C0001B0602D5059B002BF5D1104606B070BD45
:1029D00003900095334680212046FFF75DFF039A60
:1029E0000028F2D0636D032243F020031046636594
:1029F00006B070BD00000010819F5E1610B50B463A
:102A000011464268B2F5827F82B0044607D0009139
:102A100000220121FFF740FF80B902B010BD82689B
:102A2000B2F5004F22D0B2F5806F0ED00091002297
:102A300080212046FFF730FF0028EED0636D032091
:102A400043F02003636502B010BDD0F800C0DCF88D
:102A5000002022F04002CCF8002000910022012149
:102A6000FFF71AFF0028E9D102B010BD0068026824
:102A700022F040020260D9E7002863D030B5416AF5
:102A800083B0034600294BD00022C0E9042293F80A
:102A900051200020986202F0FF0C002A46D0054623
:102AA00018689C69022283F85120026822F04002D3
:102AB000026001F0100C5A68996802F4827201F405
:102AC00004410A43D96801F400610A43196901F01D
:102AD00002010A43596901F001010A43D96904F46A
:102AE000007401F0380E196A224301F0800142EAB5
:102AF0000E020A439969090C01F004012A4341EAD4
:102B00000C0102604160C169002221F40061C161D1
:102B10004FF0010C10465A6583F851C003B030BD28
:102B20004268B2F5827FB2D0C161B0E783F850C08D
:102B300018460193FBF728FE019BD3E9091202F422
:102B40000055ADE701207047F0B5044685B01D463D
:102B500001911746FCF776FC94F85130012B53D1C4
:102B600001990646D8B200294CD0002F4AD094F8DB
:102B70005030012B48D0A26884F850000023032075
:102B8000B2F5004F84F85100C4E910336365A363C4
:102B9000A387E7862163E387A786236807D11A689E
:102BA00022F040021A601A6842F480421A601A68E1
:102BB00052062CD5E2686068B2F5006F30D000286C
:102BC0004DD10A7801E0226B12781A73226BE38EE2
:102BD0000132013B2263E386E38E9BB2002B41D09E
:102BE00023689A689207EED4FCF72CFC801BA8425D
:102BF000F2D36B1CF0D0012384F85130002384F809
:102C00005030032005B0F0BD022005B0F0BD1A68B9
:102C1000606842F040021A60E268B2F5006FCED1FF
:102C200000283CD0012F3AD0E28E92B262B919E06E
:102C3000226B32F8021BD960E38E2263013BE386EC
:102C4000E38E9BB273B123689A689007F0D4FCF7C7
:102C5000F9FB801BA842F3D3691CF1D0CBE7012F0D
:102C6000BAD1AEE7324629462046FFF787FE08B1C3
:102C700020236365A36833B922680393D368039361
:102C800093680393039B012384F85130606D002304
:102C9000C01A18BF012084F8503005B0F0BD31F8DB
:102CA000022BDA60E28E2163013AE286BCE700BFC4
:102CB0002DE9F041044684B0904601911F460A9DDB
:102CC000FCF7C0FB94F8513062680199012B06466D
:102CD00008D0B2F5827F75D1D8B2A368002B71D12C
:102CE00004286FD1002976D0B8F1000F73D0002FDF
:102CF00071D094F85030012B64D094F85130C4F85E
:102D00003880042B1CBF052384F8513000236365F1
:102D10000120C4E910332368E78784F85000E78670
:102D20001868A78740062163A78603D4186840F077
:102D300040001860E068B0F5006F50D0002A00F045
:102D40008880012F00F085800127E38E9BB223B994
:102D5000E38F9BB2002B00F085802268936899076F
:102D60000ED5E38E9BB25BB157B1236B1B78137307
:102D7000226BE38E0132013B22632268E386002747
:102D8000936813F001030CD0E18F89B249B11F465B
:102D9000A36BD2681A70A36B0133A363E38F013B6B
:102DA000E387FCF74FFB801BA842CED36B1CCCD033
:102DB000012384F851300320002384F8503004B0FC
:102DC000BDE8F081022004B0BDE8F081202200239C
:102DD000626584F85030012004B0BDE8F081002A1B
:102DE0005BD131F8022BDA60E38E2163013BE3868D
:102DF0000127E38E9BB21BB9E38F9BB2002B31D02E
:102E0000226893689B070CD5E38E9BB24BB13FB110
:102E1000236B33F8021BD1602363E38E013BE3860F
:102E20000027936813F001030BD0E18F89B241B101
:102E30001F46A36BD26823F8022BA363E38F013BE9
:102E4000E387FCF7FFFA801BA842D2D3681CD0D0DE
:102E5000AEE70A781A73226BE38E0132013B2263DC
:102E6000E38671E7324629462046FFF787FD0028B2
:102E7000ACD1A36833B922680393D36803939368F2
:102E80000393039B012384F85130606D0023C01A23
:102E900084F8503018BF012095E7012FA8D1A0E792
:102EA000002939D0002A37D090F85130012B31D188
:102EB00090F85030012B2DD000234FF0030C80F8F8
:102EC00051C0836343658387C2860364C387C36835
:102ED0000163828613BB124A83684264B3F5004FD4
:102EE000026807D1136823F040031360136843F4AA
:102EF0008043136013685B0603D4136843F04003F8
:102F00001360002380F85030516841F0A00118464A
:102F1000516070470220704701207047014ADBE78B
:102F2000E93101080932010838B5044690F851002A
:102F300001280BD05FFA80FC6068B0F5827F48D131
:102F4000A068002845D1BCF1040F42D100293ED031
:102F5000002A3CD0002B3AD094F85000012838D0F9
:102F6000012084F8500094F85100216304281CBF0C
:102F7000052084F8510000206065E386E38794F81B
:102F80005110A386C4E910000429E06CA3872849E6
:102F900014BF284B284BA2630364E38FC1642168EC
:102FA00014BFDFF898C0DFF898C0C0F83CC0002517
:102FB00005659BB20C31FDF7F3F9054658B1636D19
:102FC0004FF0000243F0100384F8502063650120A5
:102FD00038BD022038BD2268A06C5368216B43F0D5
:102FE00001035360E38E0C32C0E90F55C0E913555D
:102FF0009BB2FDF7D5F998B923681A68520603D435
:103000001A6842F040021A60002284F850205A6880
:1030100042F020025A605A6842F002025A6038BDFB
:10302000636D84F8505043F010036365CFE700BF31
:103030002D3201084D31010841310108BD3201082E
:103040005132010870B590F85130012B5DD1D0F8A4
:1030500008E004468C46DDB2BEF1000F48D0BCF15A
:10306000000F43D0002A41D094F85030012B4CD0AF
:103070000121002384F85010BEF5004F4FF00401E9
:1030800084F85110C4E9103363652168E287C4F8FD
:1030900038C0A287A386E38643D0E06CE38F624604
:1030A000DFF890C0C0F840C0DFF88CC0C0F83CC06A
:1030B0000026DFF888C0C0F84CC00C319BB2066512
:1030C000FDF76EF920BB23681A68520603D41A680C
:1030D00042F040021A60002584F850505A6842F0CD
:1030E00020025A605A6842F001025A60284670BDB8
:1030F0004368B3F5827FB2D1042580F8515013465E
:10310000BDE870400A46FFF70FBF0225284670BD94
:10311000636D4FF0000243F0100384F850206365A4
:10312000E4E70B6823F040030B600B6823F4804353
:103130000B60B2E741310108513201082D3201081C
:1031400008B5806B1AF0DCFD08BD00BF08B5806BC8
:103150001AF0E6FD08BD00BF10B5214B214A1B68DF
:10316000A2FB0323642182B05B0A01FB03F3044644
:103170000093FCF767F92168024605E0009B013BDC
:1031800000938B689B0706D4009B002BF6D1636DE0
:1031900043F0200363654B6823F0A0034B60204697
:1031A0006421FFF7EBFB18B1636D43F02003636507
:1031B000A36833B922680193D3680193936801939C
:1031C000019B012384F85130636D20461BB11AF036
:1031D000B7FD02B010BD1AF063FD02B010BD00BF14
:1031E00000000010F1197605016B0268097811736F
:1031F000C28E016B013AC286C28E013192B2016366
:1032000002B17047FFF7A8BF016B10B4046831F832
:10321000022BE260C28E0163013AC286C38E9BB26A
:103220000BB110BC704710BCFFF796BF806B0268F3
:1032300008B5536823F003035360436D012143F045
:103240001003436580F851101AF07AFD08BD00BFE5
:1032500038B50546846BFCF7F5F82B681B68DB0571
:1032600017D42368A268596821F020015960BAB1C7
:10327000596821F001015960024664212046FFF798
:10328000BDFB50B901230022E28784F85130636D01
:103290007BB920461AF014FD38BD20236365F1E7A1
:1032A0006268B2F5827FE3D15A6822F003025A6065
:1032B000E2E720461AF044FD38BD00BF38B50546A8
:1032C000846BFCF7BFF82B681B68DB051BD42568F3
:1032D0006B6823F02003024664216B602046FFF7F1
:1032E0004DFB18B1636D43F02003636521684B68A3
:1032F000002223F0030301204B60E286E28784F87A
:103300005100636D1BB920461AF0EAFC38BD204617
:103310001AF016FD38BD00BF00B50168D1F804C031
:103320008A6812F0400F87B00346C2F3801E1AD19C
:1033300012F0010F37D1900754D4900600F1A78006
:10334000D2050ED51CF0200F0BD05A6D002042F094
:1033500008025A6505908A680592059A5A6D002AF6
:103360006CD107B000BD12F0020024D01CF0800F19
:1033700040F0928012F0200039D11CF0200FF0D0E4
:1033800093F851E0BEF1030F00F08C80D3F854E0C5
:103390004EF0040EC3F854E00290C86802908868AA
:1033A0000290029845E01CF0400FC4D0036C07B0B7
:1033B0005DF804EB18471CF0200FD2D093F851E0D1
:1033C000BEF1030F6ED0D3F854E04EF0040EC3F8F4
:1033D00054E00290C86802908868029002989006B3
:1033E00027D519E01CF0800F56D19006A8D51CF007
:1033F000200FB6D0BEF1000F0ED093F85100032875
:1034000050D0586D40F00400586500200290C86804
:103410000290886802900298586D40F0010058654B
:103420000020049088680490086820F0400008603C
:103430000498D20589D45A6D002A92D04A68012096
:1034400022F0E0021CF0030F4A6083F8510036D0EE
:103450004A68D86C22F003024A6030B11A4A026509
:103460000193FDF72FF8019B20BB986C00283FF4D7
:1034700078AF154A02650193FDF724F800283FF460
:1034800070AF019B5A6D42F040025A6569E71CF02B
:10349000200F3FF466AFBFE75A6C184607B05DF8DF
:1034A00004EB104700230393CB6803938B680393CB
:1034B000039B56E75A6D42F040025A65D5E718461D
:1034C0001AF03EFC4DE700BFCD34010808B5806B13
:1034D0000023C387C3861AF033FC08BD036A026A5F
:1034E000DFF860C022F0010210B58E46026241682A
:1034F0008269DEF8004022F073022243DEF80840C1
:1035000023F00203604543EA04030BD00CF5806C02
:10351000604507D0DEF804C041608261C0F834C065
:10352000036210BD21F4407CDEF80C1023F0080388
:103530000B43DEE90514214323F0040341EA0C01A7
:10354000E8E700BF00000140036A026ADFF860C0DC
:1035500022F4807210B58E4602624168C269DEF8BC
:10356000004022F073022243DEF8084023F4007387
:10357000604543EA04230BD00CF5806C604507D00E
:10358000DEF804C04160C261C0F83CC0036210BDF7
:1035900021F4405CDEF80C1023F4006343EA0123BD
:1035A000DEE90514214323F480634CEA0111E7E7C7
:1035B00000000140036A026A22F4805210B50262E0
:1035C000D0F804C0C2690C68DFF838E022F4E642A3
:1035D00042EA04228C6823F40053704543EA043322
:1035E0000AD00EF5806E704506D04968C0F804C058
:1035F000C2610164036210BD4C692CF4804C4CEA3A
:10360000841CF2E700000140026848689368D1F822
:1036100000C023F07003034323F007034CEA0303C5
:103620005028936049D011D960282FD0702819D123
:10363000D1E902C39068096943EA0C0320F47F4092
:1036400043EA0123034393600020704740280BD0D6
:1036500008D82028F8D045D830F0100314BF012036
:103660000020704701207047BCF1050FFAD0106AA6
:10367000136A096923F001031362936923F0F003CD
:1036800043EA01139361106200207047136A106AC5
:10369000D1F808C020F0100000B5D1F810E0106299
:1036A000916923F0A00321F4704141EA0E3143EA0D
:1036B0000C1391610020136200BDD2F820C0136A80
:1036C0008868096923F00103136293692CF00A0CDE
:1036D00023F0F00340EA0C0043EA01139361106207
:1036E00000207047303818BF0120704790F83D30F7
:1036F000012B2FD103681849022280F83D20DA6897
:103700008B4242F00102DA6019D0B3F1804F16D03B
:10371000124A934213D002F5806293420FD002F511
:10372000806293420BD002F57842934207D002F5B3
:103730007052934203D0A2F59432934204D19A6816
:1037400002F00702062A03D01A6842F001021A604A
:103750000020704701207047000001400004004035
:103760000368DA6822F00102DA601A6A41F2111184
:103770000A4208D1196A40F24442114203D11A6840
:1037800022F001021A60012380F83D3000207047CA
:10379000704700BF69BB90F83E30012B35D1022342
:1037A00080F83E30036801F01F01186A01228A4048
:1037B00020EA02001862186A254902438B421A6205
:1037C00025D0244A934222D0B3F1804F06D0224A1A
:1037D000934203D002F5806293422DD19A6802F0A1
:1037E0000702062A03D01A6842F001021A6000207C
:1037F0007047042910D0082916D090F84130012BC9
:1038000003D1022380F84130CCE7012070475A6C85
:1038100042F400425A64E1E790F83F30012BF4D1C2
:10382000022380F83F30BDE790F84030012BECD107
:10383000022380F84030B5E7084A9342CED0084AC8
:103840009342CBD0A2F594329342CCD1C6E700BFCD
:10385000000001400004014000040040000C004052
:1038600000400140036800B51A6A01F01F0E4FF0D6
:10387000010C0CFA0EFC22EA0C021A62224AD3F85E
:1038800020C0C3F820C0934217D002F58062934253
:1038900013D0D3F820C041F211121CEA020F06D156
:1038A000D3F820C040F244421CEA020F22D0012388
:1038B000B1B980F83E30002000BDD3F820C041F2FD
:1038C00011121CEA020FE4D1D3F820C040F24442A6
:1038D0001CEA020FDDD15A6C22F400425A64D8E788
:1038E00004290CD008290CBF80F8403080F8413002
:1038F000002000BD1A6822F001021A60D7E780F8A4
:103900003F30002000BD00BF00000140704700BFF5
:10391000FFF740BFFFF7A6BF704700BF90F83C20FD
:10392000012A7CD003460268022010B483F83D00CF
:103930009068D1F800C020F47F4020F07700BCF1FF
:10394000600F906000F086800CD8BCF1400F68D00A
:103950002BD8BCF1200F59D055D83CF0100155D0D0
:1039600001201AE0BCF5805F16D0BCF5005F38D0AE
:10397000BCF1700FF4D188684C68D2F808C0C968EF
:10398000204340EA01202CF47F4C40EA0C00906078
:10399000916841F07701916000200121002283F8B5
:1039A0003D1083F83C2010BC7047BCF1500FD7D1BC
:1039B0004868D1F80CC0116A21F00A010843116A65
:1039C00021F001011162916921F0F00141EA0C112D
:1039D00091611062916821F0700141F0570191608E
:1039E000DAE788684C68D2F808C0C968204340EA22
:1039F00001202CF47F4C40EA0C009060916841F467
:103A000080419160C8E7BCF1300FA9D1916821F0E5
:103A1000700141EA0C0141F007019160BCE702200E
:103A200070474868D1F80CC0116A21F00A010843B8
:103A3000116A21F001011162916921F0F00141EA5E
:103A40000C1191611062916821F0700141F0470101
:103A50009160A1E74868D1F80CC0116A21F0A0017B
:103A600041EA0011106A20F010001062906920F401
:103A7000704040EA0C3090611162916821F0700151
:103A800041F06701916087E790F83C20012A22D03D
:103A900000B5022283B080F83D200190FFF7B4FD0D
:103AA000019B80B91A68D16821F04001D160D168CA
:103AB0004FF0010C21F48041D16083F83DC083F8C0
:103AC0003C0003B000BD0121002283F83D1083F8C3
:103AD0003C2003B000BD0220704700BF704700BF0C
:103AE000704700BF704700BF704700BF036870B5E4
:103AF000DE681C69A107054601D5B20751D46107EC
:103B000001D572073AD4230701D5300724D4E20641
:103B100001D5F30610D4E00701D5F10757D42206EA
:103B200001D533065BD4600601D571065FD4A206C9
:103B300001D5B30642D470BD2B686FF010021A6134
:103B400008222A77DB6913F4407F284663D0FFF709
:103B5000C7FF00232B77DEE72B686FF008021A619E
:103B600004222A77DB699907284651D1FFF7B6FF6F
:103B70002846FFF7B7FF00232B77C8E72B686FF0C5
:103B800004021A6102222A779B6913F4407F2846B7
:103B90003BD1FFF7A3FF2846FFF7A4FF00232B77B5
:103BA000B1E76FF002021A61012202779B699B075D
:103BB00025D0FFF795FF00232B77A0E72B686FF048
:103BC000200228461A61BDE8704000F0D1BB2B6886
:103BD0006FF001021A612846FAF716FC9FE72B687E
:103BE0006FF080021A61284600F0C4FB9BE72B6847
:103BF0006FF040021A612846FFF776FF97E7FFF75C
:103C00006DFF2846FFF76EFFD5E7FFF769FFC5E7B1
:103C1000FFF766FFAFE7FFF761FF2846FFF762FF98
:103C200097E700BF10B5364C0A680368D1F814E076
:103C3000D1F808C0A0422FD0B0F1804F2CD0314C29
:103C4000A04248D004F58064A04244D02E4CA0424B
:103C500041D02E4CA0423ED02D4CA0423FD004F586
:103C60008064A0423BD004F58064A04237D0A4F524
:103C70009834A04233D004F58064A0422FD004F5DC
:103C80008064A0422BD023F0800343EA0E0303603C
:103C9000C0F82CC0826214E04C6823F07003234308
:103CA000CC6823F44073234323F0800343EA0E03DC
:103CB0000360134BC0F82CC09842826201D10B699B
:103CC0000363012343610369DB0703D5036923F021
:103CD0000103036110BD4C6823F070032343CC68DB
:103CE00023F44073234323F0800343EA0E0303606D
:103CF000064BC0F82CC098428262E2D1DFE700BFD9
:103D00000000014000040040000C0040000401409D
:103D10000040014050B310B590F83D30044603F028
:103D2000FF02F3B12146022384F83D3051F8040B21
:103D3000FFF778FF012384F8463084F83E3084F89A
:103D40003F3084F8403084F8413084F8423084F8C1
:103D5000433084F8443084F8453084F83D30002006
:103D600010BD80F83C20FAF793FEDBE70120704796
:103D700050B310B590F83D30044603F0FF02F3B1A4
:103D80002146022384F83D3051F8040BFFF74AFF27
:103D9000012384F8463084F83E3084F83F3084F8BC
:103DA000403084F8413084F8423084F8433084F85D
:103DB000443084F8453084F83D30002010BD80F850
:103DC0003C20FFF7E5FCDBE70120704750B310B55E
:103DD00090F83D30044603F0FF02F3B12146022380
:103DE00084F83D3051F8040BFFF71CFF012384F8E1
:103DF000463084F83E3084F83F3084F8403084F810
:103E0000413084F8423084F8433084F8443084F8F8
:103E1000453084F83D30002010BD80F83C20FFF78D
:103E200075FDDBE70120704750B310B590F83D30C9
:103E3000044603F0FF02F3B12146022384F83D302B
:103E400051F8040BFFF7EEFE012384F8463084F8A6
:103E50003E3084F83F3084F8403084F8413084F8B4
:103E6000423084F8433084F8443084F8453084F894
:103E70003D30002010BD80F83C20FFF74DFDDBE712
:103E800001207047002853D070B590F83D300446AB
:103E90000D4603F0FF02002B45D02146022384F893
:103EA0003D3051F8040B836823F4804323F007036B
:103EB0008360FFF7B7FED0F808C08369A969AA68D4
:103EC0002E6A23F4407323F0030342EA01221A43CB
:103ED0002B69E9691B0143EA0123E96822F47C426A
:103EE0000B4322F0FC0243EA0633016A6E69134376
:103EF0006A6821F0AA0142EA061211432A684CEAD4
:103F00000202826001228361016284F8462084F803
:103F10003E2084F83F2084F8422084F8432084F82F
:103F20003D20002070BD80F83C20FAF7B5FEB4E7D4
:103F300001207047036A026ADFF864C022F01002B1
:103F400010B58E46026241688269DEF8004022F4B4
:103F5000E64242EA0422DEF8084023F020036045EE
:103F600043EA04130BD00CF5806C604507D0DEF8F3
:103F700004C041608261C0F838C0036210BD21F402
:103F8000406CDEF80C1023F0800343EA0113DEE9F5
:103F90000514214323F040034CEA8101E7E700BF09
:103FA0000000014090F83C30012B30D000B50346B2
:103FB00083B00C2A08D8DFE802F0180707071E07AD
:103FC0000707240707070D000120002283F83C2083
:103FD00003B000BD18680193FFF7ECFA019B0020C5
:103FE000002283F83C2003B000BD18680193FFF75E
:103FF00075FA019BF3E718680193FFF79BFF019B9C
:10400000EDE718680193FFF79FFA019BE7E70220AD
:10401000704700BF90F83C30012B6AD000B50346D2
:1040200083B00C2A08D8DFE802F0270707073B0710
:104030000707500707070D000120002283F83C20E6
:1040400003B000BD186801910093FFF7B3FAC2698D
:104050000199009B096942F40062C261C26922F4BD
:104060008062C261C26942EA0122C261002000226C
:1040700083F83C2003B000BD186801910093FFF75E
:104080002DFA82690199009B096942F00802826158
:10409000826922F00402826182690A438261E5E753
:1040A000186801910093FFF745FF82690199009B11
:1040B000096942F400628261826922F4806282614D
:1040C000826942EA01228261D0E718680191009377
:1040D000FFF73AFAC2690199009B096942F00802A8
:1040E000C261C26922F00402C261C2690A43C261AC
:1040F000BCE70220704700BF10B5D0F820E014469E
:10410000026A22F001020262184AD0F818C09042F6
:104110001DD0B0F1804F1AD0A2F57C42904216D04B
:1041200002F58062904212D002F5806290420ED079
:1041300002F5784290420AD002F57052904206D0C1
:10414000A2F59432904202D04CF0010203E02CF030
:10415000030C4CEA04022EF00A0E01F00A0163F38C
:10416000071241EA0E018261016210BD00000140A8
:1041700038B590F83C30012B00F089800C4605469C
:104180000C2A08D8DFE802F0300707073F070707C7
:10419000620707070C000120002385F83C3038BD7A
:1041A0000368D4F80CC0A468D1E90020196A12038E
:1041B00021F4204102F420420A43196A21F480517B
:1041C0001962D96921F4407141EA00216CF30F3181
:1041D000D9611A62DA6922F44062DA61DA6942EA84
:1041E0000422DA610020D7E70068CB68D1E9001229
:1041F000FFF782FF8369A26823F00C038361836960
:1042000013438361EEE70368D4F80CC0A468D1E9D6
:104210000020196A120121F0A00102F0A0020A4355
:10422000196A21F010011962996921F4407141EA7B
:1042300000216CF30F3199611A629A6922F440628D
:104240009A619A6942EA04229A61CBE70368D4F83A
:104250000CC0186AA468D1E90021120220F4206081
:1042600002F420620243186A20F480701862D86950
:1042700020F0030001436CF30711D9611A62DA6977
:1042800022F00C02DA61DA692243DA61AAE702203D
:1042900038BD00BF90F83C20012A39D0034602689F
:1042A000022010B483F83D0050680C68D2F808C0B2
:1042B00020F0700020435060164882421AD0B2F1BC
:1042C000804F17D0A0F57C40824213D000F580606B
:1042D00082420FD000F5806082420BD000F578401A
:1042E000824207D000F57050824203D0A0F594308E
:1042F000824205D149682CF0800C4CEA01019160A2
:104300000020012283F83D2083F83C0010BC704758
:10431000022070470000014090F83C30012B24D06F
:1043200010B4CB68D1F81CC00246D1E9010423F4D3
:104330004073234323F480630C68034323F4006336
:104340000869234323F480530343486923F400534B
:10435000034323F480431068002143EA0C034364C1
:1043600082F83C10084610BC70470220704700BF1E
:10437000704700BF704700BF026802F10C0353E8AA
:10438000003F23F4907302F10C0C4CE8003100293B
:10439000F3D102F1140353E8003F23F0010302F1CB
:1043A000140C4CE800310029F3D1036B012B05D02C
:1043B0002022002380F842200363704702F10C039F
:1043C00053E8003F23F0100302F10C0C4CE80031DD
:1043D0000029F3D1ECE700BF0268116938B5044643
:1043E000C068A36821F4405101432069116103436F
:1043F0006069D1680343E06921F4164121F00C01A2
:1044000003430B43D3605369A069234923F44073EA
:1044100003438A42536105D0204B9A4202D0FEF7F3
:10442000FBF901E0FEF708FAE2691921B2F5004F45
:10443000D4E90053A0FB010113D09A009B0FF8F7B9
:104440004DFF174AA2FB00135B09642101FB130017
:1044500000013230A2FB00201B0103EB5013AB60C4
:1044600038BDDA184FF000035B41F8F737FF0C4A0C
:10447000A2FB00314909642303FB1103DB00323343
:10448000A2FB0323C3F342121B0902EB011203F444
:10449000F8731344AB6038BD0010014000140140B4
:1044A0001F85EB5170B310B590F84130044603F00E
:1044B000FF0213B32268242384F84130D36823F425
:1044C00000532046D360FFF787FF2368196921F462
:1044D00090411961596921F02A015961D968002276
:1044E0004FF0200C41F40051D960626484F841C05F
:1044F00084F842C01046626310BD80F84020FAF78D
:1045000033FCD7E70120704790F84130202B15D1BC
:1045100001B10AB901207047D0F800C00162002340
:104520002121C284436480F84110DCF80C1082849D
:1045300041F08001CCF80C101846704702207047FB
:1045400090F84230202B03D101B11AB901207047F5
:1045500002207047D0F810C081620023222103633B
:104560008285C2854364036880F84210BCF1000F65
:1045700003D0DA6842F48072DA605A6942F00102CC
:104580005A61DA6842F020020020DA60704700BF0A
:10459000704700BF08B5806B0023C385C384FFF755
:1045A000F7FF08BD704700BF90F84230222B47D17B
:1045B00083680168826AB3F5805F42D0002B49D1DD
:1045C0000369002B46D14B681370826A0132C38D98
:1045D0008262013B9BB2C385002B31D100B50268DA
:1045E000D16821F0200183B0D160D16821F48071BD
:1045F000D16051694FF0200C21F00101516180F828
:1046000042C04363016B012928D1036302F10C030B
:1046100053E8003F23F0100302F10C0C4CE800318A
:104620000029F3D11368DB0605D5019113680193C6
:1046300053680193019B818DFFF7B4FF03B000BD68
:1046400070470369002BBED14B68C3F3080322F8FF
:10465000023BBCE74B6803F07F03B5E719F06EF946
:1046600003B000BD026810B51168D468D2F814E038
:1046700011F00F0F84B00346944613D18A0602D579
:10468000A20600F1F4801A6B012A46D00A0602D570
:10469000200600F1BB80490602D5620600F1DA80EF
:1046A00004B010BD1EF0010040F0998014F4907F1A
:1046B000E9D011F0010F10D014F4807F00F0738165
:1046C000D3F844C011F0040F4CF0010CC3F844C0FF
:1046D00000F0DE80002840F0878011F0020F00F02B
:1046E000DA80080700F11D81586C0028D8D08806B0
:1046F00002D5A10600F15C815169586C01F04001BE
:1047000000F0080051EA000440F0D38018460093FE
:10471000FFF73EFF009B5C64C2E7CA06B6D5E00621
:10472000B4D500220392DCF800200392DCF80420C8
:104730000392039ADCF81420510640F1FA80D86BFA
:104740000268526892B2002AAAD0998D9142A7D9E4
:10475000DA85C269B2F5807F38D00CF10C0252E8DC
:10476000002F22F480720CF10C0444E8002100298F
:10477000F3D10CF1140252E8002F22F001020CF1E7
:10478000140444E800210029F3D10CF1140252E88A
:10479000002F22F040020CF1140444E8002100290B
:1047A000F3D1202283F8422019630CF10C0252E865
:1047B000002F22F010020CF10C0444E80021002923
:1047C000F3D10093FBF734FE009B998D02225A63CC
:1047D000DA8D891A184689B2FFF7E4FE60E711F016
:1047E000010F4ED1480747D5586C40F0020058647D
:1047F000880743D5586C40F00400586408077FF5DB
:1048000073AF586C40F0080058646DE793F841208E
:10481000212A7FF445AF99681A6AB1F5805F00F0EC
:10482000CE80511C19621278CCF80420DA8C013A3F
:1048300092B2DA84002A7FF433AFDCF80C3023F034
:104840008003CCF80C30DCF80C3043F04003CCF89B
:104850000C3025E7DCF80C20202122F04002CCF8B7
:104860000C20184683F8411019F078F818E704B0C6
:10487000BDE81040FFF798BE8807BBD40807C0D436
:1048800032E714F4807F7FF41BAF11F0040FABD13B
:1048900011F0020F49D111F0080F3FF425AF04F0D9
:1048A000200C5CEA000CACD1596C00297FF424AFD9
:1048B000F6E6184601920093FFF75EFD019A009B11
:1048C000516911F0400F28D002F1140151E8001F86
:1048D00021F04001143242E8001068B1D3F800C062
:1048E0000CF1140252E8002F22F040020CF11400E7
:1048F00040E800210029F3D1D86B70B1364A026537
:104900000093FBF7DFFD00283FF4CAAE009BD86B95
:10491000036D04B0BDE8104018471846FFF738FE95
:10492000BEE6A0063FF56DAFBEE700283FF4D9AE66
:1049300060E7D88DDA8D92B2002A3FF4B1AE998D3E
:10494000091A89B200293FF4ABAE0CF10C0252E80F
:10495000002F22F490720CF10C0444E8002000288F
:10496000F3D10CF1140252E8002F22F001020CF1F5
:10497000140444E800200028F3D1202283F84220C8
:1049800018630CF10C0252E8002F22F010020CF117
:104990000C0444E800200028F3D102225A63184690
:1049A000FFF700FE7CE611F0040F7FF496AE6FE790
:1049B00018460093FFF7F8FD009B1A689CE61969FA
:1049C00000297FF42EAF32F8021BC1F30801CCF8A6
:1049D00004101A622AE700BF9545010882B000233F
:1049E000019302E00369002B09DB019B0133019372
:1049F000019BB3F1706FF5D9032002B0704700231B
:104A00000193036943F00103036103E0036913F0B9
:104A1000010307D0019B01330193019BB3F1706F38
:104A2000F4D9E9E7184602B0704700BF84B010B56A
:104A30000DF10C0C8CE80E009DF81130012B044692
:104A400024D1836B9DF8182023F480338363C368DB
:104A500023F4840323F04003C360C368012A23F4D2
:104A60004013C36025D02046FFF7B8FF9DF80E30F5
:104A7000012B07D1A36843F00603A360A36843F0AA
:104A80002003A360BDE8104004B07047C36843F042
:104A90004003C360FFF7A2FF9DF8153023B9A36B55
:104AA00043F48033A363E1E7A36B23F48033A36370
:104AB000DCE7C36843F48013C360D4E703460020F7
:104AC0009A6822F001029A60704700BF38B5C36847
:104AD000012923F0C0430546C36018D0A9B9C368B3
:104AE00043F080430C46C36001E0C82C0DD00A207F
:104AF000FAF7AEFC6B69DB0704F10A04F5D4A4F104
:104B0000C800B0FA80F0400938BD012038BDC36844
:104B100043F000530024C36001E0C82CF5D00A2004
:104B2000FAF796FC6B69DA0704F10A04F5D5A4F1EB
:104B3000C800B0FA80F04009E6E700BF82B0002369
:104B4000019302E00369002B09DB019B0133019310
:104B5000019BB3F1706FF5D9032002B07047890152
:104B6000002341F020010193016103E0036913F088
:104B7000200307D0019B01330193019BB3F1706FB8
:104B8000F4D9E9E7184602B0704700BF82B00023AD
:104B9000019302E00369002B09DB019B01330193C0
:104BA000019BB3F1706FF5D9032002B0704700226A
:104BB00010230192036103E0036913F0100307D08F
:104BC000019B01330193019BB3F1706FF4D9EBE7C3
:104BD000184602B0704700BF84B0F8B507AC84E84F
:104BE0000E0000239DF81C509DF8266004461946CF
:104BF00004EB830201330F2BC2F80411F8D104F542
:104C00000067002E40F0A6807B6843F002037B60C3
:104C1000A36B43F40013A363A36B23F40023A363E8
:104C2000A36B23F48023A3630023C4F8003E9DF804
:104C30002130012B00F09E80D4F8003843F00303AC
:104C4000C4F8003810212046FFF778FF01462046BF
:104C5000FFF79CFF41EA000E5FFA8EFE0022BEF1D4
:104C6000000E3A6118BF4FF0010E7A61FA61002D13
:104C70003DD0D4F80019002904F510635FDB002152
:104C80001960013200204FF67F31AA421861996005
:104C90000DD053F820CFBCF1000FF0DA01324FF005
:104CA000904CAA42C3F800C018619960F1D1D4F8C1
:104CB000002B002A04F5306346DB00220021196036
:104CC00001324FF0000C4FF67F30AA42C3F810C0FB
:104CD00098600CD053F8201F0029EFDA01324FF012
:104CE0009041AA421960C3F810C09860F2D13B69A4
:104CF00023F480733B6100229DF81E30A2616FF0A7
:104D0000804262611BB9A36943F01003A361A269E9
:104D1000204B13439DF82220A3611AB1A36943F0ED
:104D20000803A361012E05D1A36943F0804343F03A
:104D30000403A3617046BDE8F84004B070474FF02B
:104D40000061C4F800199CE74FF00062C4F8002B22
:104D50000022B5E7A36B23F40013A363A36B43F412
:104D60000023A3630023C4F8003E9DF82130012BEB
:104D70007FF462AF9DF81F3023B9D4F80038C4F82F
:104D800000385FE7D4F8003843F00103C4F8003876
:104D900058E700BF00383C80D0F8002E034622F0D0
:104DA0000302C3F8002ED3F80438014643F002038F
:104DB0000020C1F80438704708B54FF0E0231B69A4
:104DC00001F00EFF012800D108BDBDE8084002F047
:104DD000B9BC00BFEFF305832BB9064B186828B99F
:104DE00001221A6070476FF0050070474FF0FF30E6
:104DF000704700BFB0150120EFF3058090B90B4B51
:104E00001A68012A0BD100B5094983B00222C8777C
:104E100001901A6001F028FA019803B000BD4FF02C
:104E2000FF3070476FF00500704700BFB0150120DC
:104E300000ED00E070B586B0002394460593EFF3D3
:104E40000582A2BB98B3BCF1000F23D0DCF8183068
:104E500083BB1823DCF80420D20728D4DCF8002018
:104E60001546DCF814205AB39608DCE9024E4CB320
:104E7000BEF51A7F1BD3DCF810C0BCF1000F16D0B2
:104E8000AAB10093CDE901C40B463246294600F091
:104E9000FFFF0DE04022182300930B4661460DF101
:104EA000140CCDF804C001F035F8012814D000200E
:104EB00006B070BD03F1FF3EBEF1370FCAD9F6E769
:104EC0004026D2E7BEF1000FF1D1DCF81020002A15
:104ED000EDD1B2B2AC46DFE70598E9E708B5EFF3EC
:104EE00005832BB908B9002008BD01F067FBFAE77C
:104EF0006FF0050008BD00BF0346DFF814C0C3F81B
:104F000000C0024808604023136070474812012027
:104F1000481301200346DFF814C0C3F800C002485C
:104F20000860802313607047DC0D0120E00F012032
:104F300000F108034FF0FF310022C0E90131C0E960
:104F400003330260704700BF00230361704700BF56
:104F500042680368D2F808C00133C1E9012CCCF8DB
:104F60000410916008610360704700BF0A68531C19
:104F700010B5864612D000F1080318465B681C681D
:104F80009442FAD9DEF800204B60013299608860C3
:104F90004160C1F810E0CEF8002010BD0069436800
:104FA000F0E700BF0369D0E90112D3F804C08A60BA
:104FB0008445516008BF5A601A680021013A0161B6
:104FC0001A601868704700BF30B51546026C846BD4
:104FD00083B003463AB90268002A2AD0002001347F
:104FE0009C6303B030BD75B940680093F7F7F8F9DA
:104FF000009B5A68186C996802448A425A60EDD343
:105000001A685A60EAE7C0680093F7F7E9F9009B6D
:10501000DA68196C1868521A8242DA6002D29A6809
:10502000521ADA60022DD9D1002C18BF013C0020A1
:10503000D5E780680192009301F02CFEDDE9003293
:105040009A60CCE770B5054602F014FB95F8454030
:1050500064B2002C03DC10E0013CE4B26CB16B6A7A
:1050600005F124004BB101F0FBFB0028F4D0013C1A
:10507000E4B201F093FC002CF1D1FF2385F8453018
:1050800002F01AFB02F0F6FA95F8444064B2002CE4
:1050900003DC10E0013CE4B26CB12B6905F11000B7
:1050A0004BB101F0DDFB0028F4D0013CE4B201F08B
:1050B00075FC002CF1D1FF2385F84430BDE8704029
:1050C00002F0FABA00B310B582B00C46019002F0BB
:1050D000D1FA019BD3E90F021968596002FB00F075
:1050E000821A08449860002098630A44FF2083F8DD
:1050F0004400DA6083F845007CB91A69E2B902F02D
:10510000DBFA012002B010BD4FF0500383F3118889
:10511000BFF36F8FBFF34F8FFEE703F110000193D2
:10512000FFF706FF019B03F12400FFF701FF02F0E8
:10513000C3FA012002B010BD03F1100001F090FB92
:105140000028DCD04FF0E0234FF08052C3F8042D4C
:10515000BFF34F8FBFF36F8FD1E700BF10B584B09F
:105160009DF8184040B94FF0500383F31188BFF306
:105170006F8FBFF34F8FFEE7A3B1002A36D0D1B1B6
:105180004FF0500CCDF80CC0DDF80CC0BCF1500F46
:105190001AD04FF0500383F31188BFF36F8FBFF322
:1051A0004F8FFEE74FF0500383F31188BFF36F8FEB
:1051B000BFF34F8FFEE74FF0500383F31188BFF327
:1051C0006F8FBFF34F8FFEE7DDF80CC01A60C3E9A5
:1051D0000F01012183F8461018460193FFF772FF73
:1051E000019B184683F84C4004B010BD39B95022D9
:1051F0000392039A502ACCD1039A1A46E6E74FF05D
:10520000500383F31188BFF36F8FBFF34F8FFEE717
:1052100040B94FF0500383F31188BFF36F8FBFF392
:105220004F8FFEE710B5034601FB00F082B050300F
:105230001446CDE9003102F09BFB024690B1DDE956
:105240000031002082F8460079B102F15000C2E935
:105250000F311060012110460092FFF733FF009AD2
:1052600082F84C40104602B010BD1046EFE700BF78
:10527000F0B585B0019200287ED0044600296BD09D
:10528000022B0BD1E26B012A08D04FF0500383F3BD
:105290001188BFF36F8FBFF34F8FFEE71E460F4697
:1052A00001F09EFC002870D002F0E4F9A26BE36BE1
:1052B0009A4276D3022E74D0002215460EE002F0F8
:1052C000FBF92046FFF7BEFE01F068F902F0D2F9C3
:1052D000A16BE36B99424FF0010262D30198002861
:1052E00076D0002A44D002F0E7F901F00FF802F07E
:1052F000C1F994F84430FF2B08BF84F8445094F867
:105300004520FF2A08BF84F8455002F0D5F901A9CD
:1053100002A801F0F9FA00285ED102F0ABF9A26B05
:10532000E36B9A42CBD102F0C7F9019904F1100066
:1053300001F05AFA2046FFF785FE01F02FF9002808
:10534000C4D14FF0E0234FF08052C3F8042DBFF3D7
:105350004F8FBFF36F8FB9E7026C002A90D04FF0E8
:10536000500383F31188BFF36F8FBFF34F8FFEE7B6
:1053700002A801F0BDFAB6E74FF0500383F311889D
:10538000BFF36F8FBFF34F8FFEE7019B002B8BD0D6
:105390004FF0500383F31188BFF36F8FBFF34F8F2C
:1053A000FEE7324639462046FFF70EFE636ACBB968
:1053B00048B14FF0E0234FF08052C3F8042DBFF303
:1053C0004F8FBFF36F8F02F077F9012005B0F0BD6A
:1053D00002F072F90020F9E72046FFF733FE01F0F2
:1053E000DDF8F7E704F1240001F03AFA0028EAD0EA
:1053F000DFE700BF70B50646502002F0B9FA044658
:1054000070B30025012380F846502060C0E90F35B5
:1054100002F030F9D4E90F232168616003FB02F246
:10542000D31A0B440A44E360FF23A260A56304F18E
:10543000100084F8443084F84530FFF779FD04F11A
:105440002400FFF775FD02F037F984F84C60A56081
:105450002560E5602B462A4629462046FFF708FFCF
:10546000204670BD59B310B584B050230393039BFD
:10547000502B08D04FF0500383F31188BFF36F8F88
:10548000BFF34F8FFEE70C4600230121C4E90F1341
:10549000019084F84610039824602046FFF712FE1E
:1054A0000023019A84F84C20A3602360E3601A462D
:1054B00019462046FFF7DCFE204604B010BD4FF031
:1054C000500383F31188BFF36F8FBFF34F8FFEE755
:1054D00000284ED0F0B5044683B049B3022B0BD15F
:1054E000E06B012808D04FF0500383F31188BFF31D
:1054F0006F8FBFF34F8FFEE7019317460E4602F002
:10550000D7F9EFF311834FF0500282F31188BFF304
:105510006F8FBFF34F8FA16BE26B91421D46019BD2
:1055200012D3022B10D0002085F3118803B0F0BDF8
:10553000006C0028D2D04FF0500383F31188BFF3E2
:105540006F8FBFF34F8FFEE71A4694F84530A06B7C
:105550005BB2314620460193FFF736FD019B5A1C92
:1055600010D0013384F84530012085F3118803B051
:10557000F0BD4FF0500383F31188BFF36F8FBFF37B
:105580004F8FFEE7636A002BEED004F1240001F098
:1055900067F90028E8D0002FE6D001233B60E3E75D
:1055A00080B3036C43B14FF0500383F31188BFF312
:1055B0006F8FBFF34F8FFEE7036863B310B582B000
:1055C0000C46019002F074F9EFF311824FF0500392
:1055D00083F31188BFF36F8FBFF34F8F0198836BF5
:1055E000C16B994223D990F845100133FF29836399
:1055F0004BB221D0013380F84530012082F311886D
:1056000002B010BD4FF0500383F31188BFF36F8FCA
:10561000BFF34F8FFEE78368002BCFD04FF05003CE
:1056200083F31188BFF36F8FBFF34F8FFEE7002026
:1056300082F3118802B010BD436A002BDDD0243004
:10564000019201F00DF9019A0028D6D0002CD4D097
:1056500001232360D1E700BF70B584B00192002818
:1056600000F089800446002947D00E4601F0B8FAC0
:1056700000284ED001F0FEFFA36B002B40F0848089
:10568000019A002A34D002A8009301F031F9009D5C
:1056900002F012F800F03AFE01F0ECFF94F844300A
:1056A000FF2B04BF2B4684F8443094F84530FF2B81
:1056B00004BF2B4684F8453001F0FEFF01A902A883
:1056C00001F022F9002830D101F0D4FFA36B002BA8
:1056D00038D001F0F1FF2046FFF7B4FC00F05EFF88
:1056E00001F0C8FFA36B002B4ED1019B002BCFD143
:1056F00001F0E2FF002004B070BD036C002BB4D0B9
:105700004FF0500383F31188BFF36F8FBFF34F8FB8
:10571000FEE7019B002BADD04FF0500383F31188BF
:10572000BFF36F8FBFF34F8FFEE72046FFF78AFC72
:1057300000F034FF01F09EFFA36B002BD8D001F0E6
:10574000BBFFCDE701F0B8FF019904F1240001F09F
:105750004BF82046FFF776FC00F020FF0028BFD171
:105760004FF0E0234FF08052C3F8042DBFF34F8F6A
:10577000BFF36F8FB4E74FF0500383F31188BFF38B
:105780006F8FBFF34F8FFEE7226C62B1E168A068B4
:10579000009311448142E16024BF2168E1603046FA
:1057A000F6F71EFE009B013BA36323691BB901F0C2
:1057B00083FF01209FE704F1100001F051F8002859
:1057C000F5D04FF0E0234FF08052C3F8042DBFF323
:1057D0004F8FBFF36F8FEAE730B585B00191002896
:1057E00059D0036C044643B14FF0500383F3118842
:1057F000BFF36F8FBFF34F8FFEE701F0F1F9002881
:1058000052D001F037FFA36B002B40F09D80019A2E
:10581000002A00F08D8002A8009301F069F8009D35
:1058200001F04AFF00F072FD01F024FF94F84430CB
:10583000FF2B04BF002384F8443094F84530FF2B3D
:1058400004BF002384F8453001F036FF01A902A807
:1058500001F05AF8002833D101F00CFFA36B002BA4
:105860003DD001F029FF2046FFF7ECFB00F096FE4B
:1058700001F000FFA36B002B66D1019B002BCFD161
:10588000002D55D04FF0500383F31188BFF36F8F75
:10589000BFF34F8FFEE74FF0500383F31188BFF340
:1058A0006F8FBFF34F8FFEE7019B002BA9D04FF006
:1058B000500383F31188BFF36F8FBFF34F8FFEE761
:1058C0002046FFF7BFFB00F069FE01F0D3FEA36B9B
:1058D00003BB01F0F1FE05BB002005B030BD01F0B7
:1058E000EBFE23683BB3019904F1240000F07CFF38
:1058F0002046FFF7A7FB00F051FE0028B8D14FF07B
:10590000E0234FF08052C3F8042DBFF34F8FBFF355
:105910006F8FADE701F0D0FEAAE701F0ABFE616A40
:1059200019B1236B1968C1F13801A06801F0FAF9C7
:1059300001F0C2FED0E701F09DFEA06801F060F921
:10594000054601F0B9FECEE72268013BA3632AB108
:1059500023693BB901F0B0FE0120BEE701F0ECFA8B
:10596000A060F5E704F1100000F07AFF0028F1D004
:105970004FF0E0234FF08052C3F8042DBFF34F8F58
:10598000BFF36F8FE6E700BF48B30346D9B12DE9F7
:10599000F04182B0174601930E4601F089FFEFF304
:1059A00011834FF0500282F31188BFF36F8FBFF362
:1059B0004F8F1D46019B9C6BD4B9204685F31188FF
:1059C00002B0BDE8F081006C0028E0D04FF0500339
:1059D00083F31188BFF36F8FBFF34F8FFEE74FF054
:1059E000500383F31188BFF36F8FBFF34F8FFEE730
:1059F00093F844204FFA82F81A6C62B1D96898681B
:105A0000019311448142D96024BF1968D96030469E
:105A1000F6F7E6FC019B013CB8F1FF3F9C6309D01F
:105A200008F1010283F84420012085F3118802B0B7
:105A3000BDE8F0811A69002AF6D003F1100000F0E9
:105A40000FFF0028F0D0002FEED001233B60EBE7E2
:105A500060B100B583B0019001F00CFE0198806B3D
:105A6000019001F029FE019803B000BD4FF05003F2
:105A700083F31188BFF36F8FBFF34F8FFEE700BF33
:105A800060B11549002351F83320904211D0013301
:105A9000082BF8D190F846304BB170474FF05003C7
:105AA00083F31188BFF36F8FBFF34F8FFEE702F0D0
:105AB00001B89FED077B094A02EBC30383ED007B2E
:105AC00090F84630002BE8D1F1E700BFAFF300803B
:105AD0000000000000000000BC150120B8150120E6
:105AE00010B4094A002352F8334002EBC30C24B12E
:105AF0000133082BF7D110BC704710BC42F83310AB
:105B0000CCF80400704700BFB815012070B50446FA
:105B10000D46164601F0AEFD94F84430FF2B04BF4D
:105B2000002384F8443094F84530FF2B04BF002351
:105B300084F8453001F0C0FDA36B23B12046BDE8D9
:105B40007040FFF77FBA04F124003246294600F086
:105B500065FE2046BDE87040FFF774BA2DE9F041BC
:105B6000054601F087FD334A334E13680133136055
:105B70003368002B31D0314CE86A236833B3304F9F
:105B8000304A3149136801331360AB640B688342B8
:105B900038BF086000EB800007EB8000291DFFF78D
:105BA000D7F901F089FD236873B13268EB6AD26AD4
:105BB0009A4209D24FF0E0234FF08052C3F8042DEF
:105BC000BFF34F8FBFF36F8FBDE8F08133681C4F79
:105BD000DB6A834298BF3560D2E735601368012BDA
:105BE00003D0E86A164F154CCAE7154F3C4607F537
:105BF0008C6820461434FFF79BF9A045F9D1DFF8F3
:105C00006480124C4046FFF793F92046FFF790F965
:105C10000F48FFF78DF90F48FFF78AF90E48FFF795
:105C200087F90E4BE86AC3F800800D4B1C60034CEB
:105C3000A6E700BF20160120F41A01201416012047
:105C40009416012004160120181601206C1601205C
:105C5000501601203C160120241601206816012050
:105C60006416012080160120F8B51C4B1C4D1C68E1
:105C70002B680646181D0F46FFF794F9731C0FD0CA
:105C80002B68A4195C6010D2164B1868296804317F
:105C9000FFF76CF9144B1A68A24200D91C60F8BDDA
:105CA000A7B92B68621E5A603CB1104B186829686E
:105CB000BDE8F8400431FFF759B90A4B1868296864
:105CC0000431FFF753F9084B1B68F8BD29680848F1
:105CD000BDE8F8400431FFF73BB900BF1C160120B6
:105CE000F41A012068160120001601206416012014
:105CF0002416012010B50446603031F011FD94F8EF
:105D0000653263B1012B13D0022B10D04FF050033A
:105D100083F31188BFF36F8FBFF34F8FFEE7206BC4
:105D200001F0C8FE2046BDE8104001F0C3BE10BD22
:105D30002046BDE8104001F0BDBE00BF80B5164C46
:105D4000164E174DDFF85CA04FF0E0294FF0805859
:105D500011E001F08FFCF368DF68381DFFF722F9CE
:105D60002B68013B2B602368013B236001F0A4FCFE
:105D70003846FFF7BFFF2368002BEAD1DAF800307E
:105D8000012B05D9C9F8048DBFF34F8FBFF36F8F77
:105D9000F7F706FBEFE700BF381601203C1601209D
:105DA00020160120941601202DE9F041089C950051
:105DB0002A4607460E46206BA521984631F0F6FB91
:105DC000236B043D1D4425F007056564002E4DD06E
:105DD000731E04F1330C0F3613F8012F0CF8012F4A
:105DE0000AB1B342F8D1002384F84330069E372E1F
:105DF00028BF372600216165E6622665201DFFF772
:105E0000A3F804F11800FFF79FF8C6F13806002147
:105E1000C4F86012A661A16584F864124FF40072A0
:105E20002461646204F1600031F0C0FB144E154B34
:105E300063662846144D9FED107BC4E94065134D01
:105E4000C4F8085103F16805D033E3660B23A4F8C6
:105E50000C3184ED3E7B42463946A56601F0E4FBF9
:105E6000079B206003B11C60BDE8F08184F83460BA
:105E7000BCE700BFAFF3008001000000000000009D
:105E80000E33CDAB1430012034126DE6ECDE05008C
:105E900030B587B00B9CE4B10C9C8CB14FF41A7CEC
:105EA000CDF814C0DDF814C0BCF51A7F1AD04FF03D
:105EB000500383F31188BFF36F8FBFF34F8FFEE75B
:105EC0004FF0500383F31188BFF36F8FBFF34F8FF1
:105ED000FEE74FF0500383F31188BFF36F8FBFF3DA
:105EE0004F8FFEE7DDE90B544FF0020C84F865C2DA
:105EF0000DF1100C2563CDE901C40A9C0094DDF876
:105F000014C0FFF751FF0C98FFF728FE049807B064
:105F100030BD00BF2DE9F041064686B09000154621
:105F20000F46984601F024FD00B305904FF41A7017
:105F300001F01EFD059B0446A8B12A460025036317
:105F400084F865520D9D01950C9D02944346394697
:105F500030460095FFF728FF2046FFF7FFFD0120A0
:105F600006B0BDE8F081184601F0A4FD4FF0FF3007
:105F700006B0BDE8F08100BF70B504462B4D01F0BE
:105F800079FB002C38D0261D3046FFF70BF8A36AAA
:105F90001BB104F11800FFF705F8254A1368013317
:105FA00013602B68A3421ED0224A13682046013B8F
:105FB0001360FFF79FFE204B1A68126872B11A68CF
:105FC0001E4BD268D26852681A6001F075FB1C4BF8
:105FD0001B6813B12B68A34210D070BD174B4FF054
:105FE000FF321A60F1E717483146FEF7B1FF164A53
:105FF000136801331360E8E72C68C4E7134B1B6890
:1060000043B14FF0500383F31188BFF36F8FBFF399
:106010004F8FFEE74FF0E0234FF08052C3F8042D7E
:10602000BFF34F8FBFF36F8F70BD00BFF41A012015
:1060300004160120201601206816012000160120F8
:10604000141601203C16012038160120FC150120F1
:1060500040B3204B1B68834222D010B584B001901E
:1060600001F008FB01981C4B1C491A684369029215
:1060700001930C68039001F01FFBDDE901329342AC
:106080001BD0A34219D0164A0398934213D0154A45
:1060900093421CD0002B0CBF0420012004B010BD83
:1060A000002070474FF0500383F31188BFF36F8FC8
:1060B000BFF34F8FFEE7836A13B1022004B010BD17
:1060C00090F86432012B0CBF02200320E6E7042085
:1060D000E4E700BFF41A01206816012064160120CD
:1060E000241601203C16012098B1274A13688342E8
:1060F0000ED000B583B0009001F0BCFA009B23499C
:10610000586988420ED003B05DF804EB01F0D4BAB0
:1061100070474FF0500383F31188BFF36F8FBFF3C5
:106120004F8FFEE7996A1A488142ECD00029EAD1E4
:10613000191D084601930091FEF734FF019BDFF81B
:1061400054C0D86ADCF800E000990093704588BF1D
:10615000CCF80000DFF840C000EB80000CEB8000C2
:10616000FEF7F6FE084A009B1168DA6ACB6A9A428B
:10617000C9D34FF0E0234FF08052C3F8042DBFF392
:106180004F8FBFF36F8FBEE7F41A01202416012052
:10619000501601201816012094160120D0B110B518
:1061A00084B0019001F084FBEFF311834FF05002B3
:1061B00082F31188BFF36F8FBFF34F8F1C46019B93
:1061C000234A596991420ED0002284F31188104667
:1061D00004B010BD4FF0500383F31188BFF36F8FED
:1061E000BFF34F8FFEE79A6A1A488242ECD0002A2A
:1061F000EAD1194A126832BB1849DA6A086803936F
:10620000C06A191D824234BF002201220846029250
:106210000191FEF7C7FE1248039BD0F800C0DB6A6D
:106220006345DDE9011288BF03600E48019203EB6C
:10623000830300EB8300FEF78BFE019A84F3118841
:10624000104604B010BD03F11801FEF781FEBBE754
:106250002416012050160120FC150120F41A0120FB
:10626000181601209416012010B588B0002407AA42
:1062700006A905A8CDE90544FEF73EFEDDE90523A4
:106280001B491C480094CDE90132079A2346FFF7C9
:10629000FFFD70B100F0BEFF01280CD0013008D125
:1062A0004FF0500383F31188BFF36F8FBFF34F8F0D
:1062B000FEE708B010BD4FF0500383F31188BFF321
:1062C0006F8FBFF34F8F0C4B0C4A1B680C49603328
:1062D00013600C4A0C4B4FF0FF3CC1F800C010603B
:1062E0001C60F7F75BF808B0BDE8104001F054BA45
:1062F000E01205083D5D0108F41A0120D4040010E5
:1063000000160120141601201C160120024A1368F1
:1063100001331360704700BFFC150120014B186862
:10632000704700BF1C160120014B1868704700BF62
:10633000201601204B4B1B68002B48D12DE9F04F54
:10634000494B1D68013583B01D60002D45D0474B7A
:106350000193019B1B689D424CD3454FDFF824916C
:106360003B68DFF824A11E68002E6ED0DFF81C8188
:10637000002621E0FEF716FEA36A04F118000BB117
:10638000FEF710FEE06AD8F80030984288BFC8F8DF
:10639000000000EB8000211D09EB8000FEF7D8FD16
:1063A000DAF80030E26ADB6A9A4228BF46F001065A
:1063B0003B681B68002B48D03B68DB68DC6863687F
:1063C0009D4204F10400D5D2019A136017E0294AD6
:1063D00013680133002013607047254B1A68126858
:1063E0000AB34FF0500383F31188BFF36F8FBFF3ED
:1063F0004F8FFEE7DFF88C90DFF88CA00026DAF8EC
:1064000000301D4ADB6A03EB83039B0059F803004D
:106410001368012898BF002B14BF012000203043CF
:1064200003B0BDE8F08F154A186811681960144967
:1064300010600A6801320A601A68126852B90B4A81
:1064400001924FF0FF33136083E7019A4FF0FF335F
:106450001360D4E71B68054ADB680192DB685B6860
:10646000136076E7FC1501201C16012000160120A0
:1064700068160120101601200C1601206416012058
:106480000816012094160120F41A01201816012084
:106490002DE9F04701F0EEF8364B1A68013A1A6020
:1064A0001B68002B55D1344B1B68002B51D0334D4A
:1064B0002B68002B5AD0324EDFF8D880314FDFF8EE
:1064C000D890EB68DC6804F11800FEF76BFD201D26
:1064D000FEF768FDE36A326803EB8300934204F140
:1064E000040108EB800088BF3360FEF731FD3B6894
:1064F000E26ADB6A9A4224BF0123C9F800302B68A4
:10650000002BDED1204B1A68126842BB1F4B4FF0A4
:10651000FF321A601E4E346844B10125FFF70AFFAE
:1065200008B1C9F80050013CF8D13460D9F8003006
:106530007BB14FF0E0234FF08052C3F8042DBFF33E
:106540004F8FBFF36F8F012401F0B6F82046BDE8EE
:10655000F087002401F0B0F82046BDE8F0871A6803
:106560000A4BD268D26852681A60D3E7DFF82890E5
:10657000D0E700BFFC150120201601205016012095
:1065800018160120F41A01206816012000160120B7
:1065900010160120941601200C160120064B1B68D2
:1065A00043B94FF0500383F31188BFF36F8FBFF3EC
:1065B0004F8FFEE7FFF76CBFFC15012008B550B9FF
:1065C0004FF0E0234FF08052C3F8042DBFF34F8FFC
:1065D000BFF36F8F08BD114B196841B14FF05003E5
:1065E00083F31188BFF36F8FBFF34F8FFEE71A68F5
:1065F00001321A60FFF738FB084B1B6843B94FF0B4
:10660000500383F31188BFF36F8FBFF34F8FFEE703
:10661000FFF73EFF0028D3D008BD00BFFC150120C6
:10662000334B1B681BB1334B01221A607047314A50
:1066300010B5136016F0B0FE2F4B304C196888422D
:1066400007D9D4F800C0DCF85820521A0244CCF81C
:10665000582022681860136B1A68B2F1A53F07D161
:106660005A68B2F1A53F03D19A68B2F1A53F39D07B
:10667000206821683431F6F795FEDFF88CC0204998
:10668000DCF8003003EB8302920098008A5842B98C
:10669000FBB1013B03EB8302980051F82220002A52
:1066A000F6D0184401EB800E0EF10802DEF804105B
:1066B0004968CEF80410914204BF4968CEF804102E
:1066C000CA682260CCF8003023680E4A6033136039
:1066D00010BD4FF0500383F31188BFF36F8FBFF3EA
:1066E0004F8FFEE7DB68B3F1A53FC1D1C5E700BF1F
:1066F000FC1501200C160120F8150120F41A0120C8
:1067000094160120D40400101816012070B5044618
:106710002E4E00F0AFFF002C3AD0251D2846FEF784
:1067200041FCA36A1BB104F11800FEF73BFC2946AB
:106730002748284DFEF70CFC94F86432012B04BF67
:10674000002384F8643200F0B7FF2B688BB93368FC
:10675000A34200D070BD2B680BB31F4B1B6833B333
:106760004FF0500383F31188BFF36F8FBFF34F8F48
:10677000FEE700F07FFF194B1A68126852B11A68E1
:10678000174BD268D26852681A6000F095FFDEE7B6
:106790003468C2E7124B4FF0FF321A60F5E70C493C
:1067A000104A0968126891420CD1336070BD4FF0F5
:1067B000E0234FF08052C3F8042DBFF34F8FBFF397
:1067C0006F8F70BDBDE87040FFF72ABFF41A01203B
:1067D0002416012014160120FC1501206816012042
:1067E000001601202016012060B110B50A4B0C469E
:1067F00019681831FEF7BAFB20460121BDE81040A8
:10680000FFF732BA4FF0500383F31188BFF36F8F55
:10681000BFF34F8FFEE700BFF41A0120A8B100B507
:1068200083B0CDE900120D4909681831FEF790FBDD
:10683000019A009B002A11460CBF18464FF0FF300A
:1068400003B05DF804EBFFF70FBA4FF0500383F38A
:106850001188BFF36F8FBFF34F8FFEE7F41A01204B
:1068600010B5C368DC6882B0002C2CD004F118018C
:1068700008460191FEF796FB174B01991B6873B10F
:106880001648FEF765FB164BE26A1B68DB6A9A4204
:1068900085BF144B01200020186002B010BD211DDF
:1068A00008460191FEF77EFB0F4AE36A10680199E2
:1068B00083420E4888BF136003EB830300EB830021
:1068C000FEF746FBDFE74FF0500383F31188BFF379
:1068D0006F8FBFF34F8FFEE7FC150120501601208C
:1068E000F41A01200C16012018160120941601201C
:1068F000034A044B12681B68C0E90023704700BFBD
:10690000081601201C16012028B3D9B170B50C4619
:1069100082B00E46019000F0ADFE23681D4A591C5E
:10692000D2F800C02DD001981B49D0E9005E0C6858
:10693000A54219D0E64517D800F0BEFE0124204636
:1069400002B070BD4FF0500383F31188BFF36F8F17
:10695000BFF34F8FFEE74FF0500383F31188BFF36F
:106960006F8FBFF34F8FFEE7ACEB0E04A3420ED93F
:10697000A3EB0C03D1F800C0126873443360C0E984
:1069800000C200F099FE0024204602B070BD002332
:106990003360D1E71C16012008160120014B0122AB
:1069A0001A6070470C16012010B59C4684B060B385
:1069B000034603F13400C1E90030D86A0861186B5E
:1069C000C861986C8860186D4861986D8861BCF1E9
:1069D000050F22D02A480068984219D0BCF1030F55
:1069E00081F80CC026D06AB11A6B1378A52B44D15C
:1069F00013469C4613F8010FA528FAD0C2F10102F4
:106A0000624492080A8404B010BD1D4B1B68D0E795
:106A100000200873002AF5D0E6E71846CDE90212F7
:106A20000193FFF715FB0299039A019B0873002A53
:106A3000E8D0D9E71348D0F800C00CF1010CC0F839
:106A400000C09C6A1CB14FF0020C81F80CC00068B9
:106A500040B94FF0500383F31188BFF36F8FBFF33A
:106A60004F8FFEE7CDE902120193FFF711FD039A64
:106A7000DDE90131002AC5D0B6E70022C2E700BF38
:106A8000F41A0120FC1501204B682DE9F0475D68E0
:106A900001F10808454508BFCD680E46D5F80C90B1
:106AA00092460446002701E07568243468687060E7
:106AB000804504BFD8F804007060C56853460122C1
:106AC00021462846FFF770FFA94507F10107EBD1E2
:106AD0003846BDE8F08700BF2DE9F047DFF8FC80BD
:106AE000D8F800300133C8F80030364B1B688B42B1
:106AF0005DD8354F00268246914607F24C45382432
:106B0000B44600E0143D013C04EB84030CEB0600AA
:106B100057F82330012229460AEB800043B1FFF7E2
:106B2000B3FF064406EBC6004FEAC60C0AEB800032
:106B3000AF42E7D1254B19680B683BB10222FFF742
:106B4000A3FF064406EBC6000AEB8000204B196841
:106B50000B683BB10222FFF797FF064406EBC60025
:106B60000AEB80001B490B683BB10422FFF78CFF46
:106B7000064406EBC6000AEB800017490B681BB100
:106B80000322FFF781FF0644B9F1000F03D016F08E
:106B900003FCC9F80000D8F800306BB94FF050037F
:106BA00083F31188BFF36F8FBFF34F8FFEE7D8F8E1
:106BB00000300026002BF1D0FFF76AFC3046BDE81C
:106BC000F08700BF201601209416012068160120CE
:106BD000641601203C16012024160120FC1501201A
:106BE000054B1B6833B1054B1868B0FA80F04009BB
:106BF000400070470120704714160120FC15012049
:106C0000E8B1214AC36A1168C96A8B4218D210B52B
:106C10008169002982B004DB1168C96AC1F13801B9
:106C200081611A4C416903EB830304EB83039942AE
:106C30000ED01368DB6AC362012002B010BD70473A
:106C40001368006DDB6A98422CBF0020012070475A
:106C5000011D019008460091FEF7A4F90A4ADFF8E9
:106C600030C01268019BD06AD862DCF8003000990D
:106C70009842064B88BFCCF8000000EB800003EB85
:106C80008000FEF765F9D7E7F41A01209416012079
:106C900018160120A8B1204B1B68834208D04FF082
:106CA000500383F31188BFF36F8FBFF34F8FFEE75D
:106CB0005A6D42B1D86A196D013A88425A6500D0BE
:106CC00052B1002070474FF0500383F31188BFF397
:106CD0006F8FBFF34F8FFEE700B5191D83B00846D5
:106CE00001930091FEF75EF9019B0C481A6DDA6280
:106CF000C2F1380CC3F818C0036800999A4288BFE3
:106D00000260074802EB820200EB8200FEF720F9E6
:106D1000012003B000BD00BFF41A012018160120A5
:106D200094160120B8B1436D63B110B5046DC26A09
:106D3000A14238BF21468A4282B001D0012B0BD03C
:106D400002B010BD4FF0500383F31188BFF36F8F73
:106D5000BFF34F8FFEE770471A4B1B68834227D063
:106D60008369C162002BA8BFC1F13801164BA8BFCF
:106D7000816102EB8202416903EB82039942DFD118
:106D8000011D019008460091FEF70CF90F4A019B86
:106D90000099D86A136898420B4B88BF106000EBCB
:106DA000800003EB800002B0BDE81040FEF7D0B8D1
:106DB0004FF0500383F31188BFF36F8FBFF34F8FF2
:106DC000FEE700BFF41A01209416012018160120D6
:106DD0002DE9F047274B1D681B684FF0000803EBB7
:106DE000C30382B0044680F80080980000F0C0FD24
:106DF00000283BD0294642468146FFF76DFE78B316
:106E000000EBC000DFF874A04D4609EB80072B7B38
:106E10006968042B20464FF0000698BF1AF80360FB
:106E200030F03EFC031B0E2B4FF0200104D8221A39
:106E30000F3230F0BBFB0F2304F80380AA680E4921
:106E40001C442B6901922A8C00922046324630F075
:106E5000D5F92046F5F774FB2435AF420444D6D16A
:106E6000484602B0BDE8F04700F024BE02B0BDE8DD
:106E7000F08700BF20160120E81205089C150508C0
:106E80002DE9F043284B1D681B68002203EBC30368
:106E900083B004460270980000F06AFD002840D0DC
:106EA00001AA2946214E8146FFF716FE019BA6FB4B
:106EB00003267609632B019630D978B300EBC00026
:106EC0004D4609EB80080BE02435B7FBF6F330F0B4
:106ED00095F9A845204621D0F5F732FB019E0444E0
:106EE0006968AF69204630F0DBFB031B0E2B4FF0C7
:106EF000200104D8221A0F3230F058FB0F23002251
:106F0000E254B7421C44AA6909492046DCD2094927
:106F1000243530F073F9A8452046DDD1484600F00D
:106F2000C9FD03B0BDE8F083201601201F85EB5199
:106F3000F812050804130508044B1A681AB11968F9
:106F40004A6D01324A651868704700BFF41A012083
:106F500070B51C4C82B006460D4600F08BFB2368D2
:106F6000D3F8603223B92368012183F86412D5B9BC
:106F700000F0A2FB00F07EFB2368D3F8600220B192
:106F8000236866B10022C3F86022236801900022C2
:106F900083F8642200F090FB019802B070BD421E9D
:106FA000C3F86022F1E72846FEF75EFE4FF0E023CB
:106FB0004FF08052C3F8042DBFF34F8FBFF36F8F94
:106FC000D6E700BFF41A012038B310B584B0CDE97C
:106FD00002310192044600F04DFBDDE901230399E3
:106FE00013B1D4F86002186094F864320220DBB266
:106FF00084F86402042A56D8DFE802F007181E0558
:107000000300022B3CD0C4F86012012B1AD00124DB
:1070100000F052FB204604B010BD4FF0500383F344
:107020001188BFF36F8FBFF34F8FFEE7D4F8602254
:107030000A43C4F86022E8E7D4F860220132C4F8B9
:107040006022E2E7211D08460191FDF7ABFF1C4AD3
:10705000E36A1068019983421A4888BF136003EB02
:10706000830300EB8300FDF773FFA36A53B14FF076
:10707000500383F31188BFF36F8FBFF34F8FFEE789
:107080000024C5E7104BE26A1B68DB6A9A42BED94E
:107090004FF0E0234FF08052C3F8042DBFF34F8F21
:1070A000BFF36F8FB3E7D4F860220132ADD04FF059
:1070B000500383F31188BFF36F8FBFF34F8FFEE749
:1070C0001816012094160120F41A012008B370B597
:1070D00082B004460E4600F0EBFBEFF311824FF056
:1070E000500383F31188BFF36F8FBFF34F8F0223D9
:1070F000154694F8642284F86432D4F86032012A88
:1071000003F10103C4F860320CD085F3118802B09A
:1071100070BD4FF0500383F31188BFF36F8FBFF33F
:107120004F8FFEE7A36A43B14FF0500383F31188FA
:10713000BFF36F8FBFF34F8FFEE7144B1B688BB10C
:10714000134804F11801FDF703FF124BE26A1B68B4
:10715000DB6A9A42D9D90EB1012333600E4B01226A
:107160001A60D2E7211D08460191FDF71BFF0B4B6A
:10717000E06A1A680199904288BF1860084B00EBDA
:10718000800003EB8000FDF7E3FEDEE7FC15012045
:1071900050160120F41A01200C16012018160120A7
:1071A0009416012010B5134C84B000F063FA2368E4
:1071B00023B104B0BDE8104000F07EBA0E4803933E
:1071C000FDF7B6FE0D48FDF7B3FE0D49039B0A4AD5
:1071D00000930A600B4A094810600B4B0B4A1021C0
:1071E0000A20FDF7BBFF20600028E2D00849FEF727
:1071F00077FCDEE7F01B0120101C0120FC1B0120A6
:10720000F81B0120F41B0120F81A0120481B012063
:107210001013050800B589B0FFF7C4FF134B1B68B6
:10722000DBB1002307AA06A905A8CDE90533FDF7C0
:1072300071FEDDE905024FF0020CCDE901200023CB
:107240000B49079A0B48CDF800C0FEF721FE0A4B08
:10725000186010B1012009B000BD4FF0500383F356
:107260001188BFF36F8FBFF34F8FFEE7F01B012034
:107270001813050861730108EC1B0120F0B110B56B
:10728000174CD4F800C084B0BCF1000F13D005290E
:10729000CDE9001202901ADCFFF7A2FC2468022854
:1072A0004FF000030CBF069A1A4669462046FDF7C8
:1072B000DFFF04B010BD604604B010BD4FF05003B6
:1072C00083F31188BFF36F8FBFF34F8FFEE71A462A
:1072D000694600236046FEF7FBF804B010BD00BF0E
:1072E000F01B0120F0B51C4E83B00CE0DB68DC68BD
:1072F0001F68201DFDF756FE236A2046984794F824
:1073000028305B0709D433681A68002AEED1134A83
:1073100011683160136003B0F0BDA3693B449F4224
:1073200020463A4604F1040105D2306863602461C6
:10733000FDF71CFEE7E7002300931946FFF79EFFC9
:107340000028E0D14FF0500383F31188BFF36F8F13
:10735000BFF34F8FFEE700BFF81B0120F41B012095
:107360002DE9F04F8D4E8E4D8E4C89B04FF0E029B7
:107370004FF0805832681768002F40F09D80FEF76C
:10738000C5FFFEF7CBFF2A6890428346C0F0A3807A
:10739000854B28601A681268B2FA82F25209206896
:1073A000A7EB0B01FEF7B2FBFFF7F8F828B9C9F815
:1073B000048DBFF34F8FBFF36F8F2068002204A9A5
:1073C000FEF74AF90028D5D0049B002B6CDB069F02
:1073D0007B6913B1381DFDF7E5FDFEF79FFF2B68B4
:1073E000984283467ED3049BC5F800B0092BE4D8AD
:1073F000DFE803F00505054A345105054A3497F8DE
:107400002820059BB9693F6142F0010287F82820D6
:107410005A182CBF012000205A457A6065D8ABEB82
:10742000030399422AD83B6A3846984797F8283090
:107430005907C2D5BB69059A1A4400230093384600
:107440001946FFF71BFF0028B7D14FF0500383F315
:107450001188BFF36F8FBFF34F8FFEE797F8282097
:10746000059BBB6142F0010287F82820002B00F049
:1074700087805B445B457B603F613AD84A4B391D4E
:107480001868FDF773FD98E797F8283023F001039B
:1074900087F8283091E797F828309A0749D523F0E4
:1074A000010387F8283088E7059BDDE90601984746
:1074B000049B002B81DB8AE7D3681F68FEF726FF59
:1074C000FEF72CFF2A689042834604D38742286047
:1074D00014D9002263E7FFF705FFC5F800B0FFF7F6
:1074E0005DF86AE7FFF7FEFE7DE75B4501D90028FE
:1074F00099D03068391DFDF739FD5EE7FFF74EF88A
:107500003268D268D2F80CA00AF10401084603914F
:10751000FDF748FD9AF82820039912F0040F0CD1CA
:1075200022F001028AF82820DAF8203050469847E5
:1075300043E7384600F0BEFA3FE7DAF81800CAF829
:1075400010A03A185A45CAF8042003D93068FDF74C
:107550000DFDE9E7ABEB070B58451AD800233A4677
:10756000009319465046FFF789FE0028DCD14FF002
:10757000500383F31188BFF36F8FBFF34F8FFEE784
:107580004FF0500383F31188BFF36F8FBFF34F8F1A
:10759000FEE7054B1868FDF7E9FCC5E7F81B01207D
:1075A000E81B0120F01B0120F41B012008480068A3
:1075B000006880F308884FF0000080F3148862B6FA
:1075C00061B6BFF34F8FBFF36F8F00DF00BF0000C6
:1075D00008ED00E0DFF80C00016841F47001016083
:1075E0007047000088ED00E00E4B1B6882B000225F
:1075F0000133019208D04FF0500383F31188BFF399
:107600006F8FBFF34F8FFEE74FF0500383F3118866
:10761000BFF36F8FBFF34F8F019B002BFCD002B0E5
:10762000704700BF0C000010DFF81CC04FF08073E3
:1076300040F8043C21F001016FF0020340E903C16E
:1076400040E9093244387047E9750108000000003C
:10765000074B19680868B0E8F04F80F30988BFF35A
:107660006F8F4FF0000080F311887047AFF30080F8
:10767000F41A01204FF0500383F31188BFF36F8F8A
:10768000BFF34F8F0B4A13680133012B136000D0F7
:1076900070474FF0E023D3F8043DDBB2002BF7D066
:1076A0004FF0500383F31188BFF36F8FBFF34F8FF9
:1076B000FEE700BF0C000010084A136843B94FF002
:1076C000500383F31188BFF36F8FBFF34F8FFEE733
:1076D000013B13600BB983F3118870470C00001055
:1076E000EFF30980BFF36F8F154B1A681EF0100F70
:1076F00008BF20ED108A20E9F04F106009B44FF068
:10770000500080F31188BFF34F8FBFF36F8FFEF7E8
:1077100087FF4FF0000080F3118809BC19680868E2
:10772000B0E8F04F1EF0100F08BFB0EC108A80F3E5
:107730000988BFF36F8F7047AFF30080AFF300800D
:10774000F41A012008B54FF0500383F31188BFF3FA
:107750006F8FBFF34F8FFEF7EDFD28B14FF0E023A1
:107760004FF08052C3F8042D002383F3118808BD25
:107770004FF0E02200230649136193610B6805492D
:10778000A1FB03139B090720013B53611061704764
:1077900000000010D34D62104FF0E0233E4AD3F8B2
:1077A000001D914241D0D3F8002D3C4B9A4233D07A
:1077B00000B53B4BDFF8F4C01A783A4883B0FF219C
:1077C000D2B2019219701B788DF803309DF8033006
:1077D0009DF8032003F05003072112068CF80030B7
:1077E000016048BF06220ED59DF803305B008DF87E
:1077F00003309DF803301B06114602F1FF32F3D42B
:1078000003291BD001604FF0500383F31188BFF3AD
:107810006F8FBFF34F8FFEE74FF0500383F3118854
:10782000BFF36F8FBFF34F8FFEE74FF0500383F32B
:107830001188BFF36F8FBFF34F8FFEE71849019A8E
:107840004FF0E0234FF4407CC0F800C00A70D3F83A
:10785000202D42F47002C3F8202DD3F8202D42F0E1
:107860007042C3F8202DFFF783FF0F4A00201060FD
:10787000FFF7B0FE4FF0E023D3F8342F42F0404240
:10788000C3F8342FFFF792FEFEF7CAFEFFF7ACFEF7
:10789000002003B000BD00BF71C20F4170C20F4194
:1078A00000E400E0241C01200C000010281C012032
:1078B000EFF305830F2B0ED91149124A5B5C127846
:1078C0009A4208D94FF0500383F31188BFF36F8FAA
:1078D000BFF34F8FFEE74FF0E0230B4AD3F80C3D88
:1078E000126803F4E063934208D94FF0500383F326
:1078F0001188BFF36F8FBFF34F8FFEE7704700BF54
:10790000F0E300E0281C0120241C012000B5164BE8
:107910001A461B688342FBD3D2F804C0416802EBCD
:107920000C0E704514D000EB010C634504D00360CD
:10793000824218BF106000BDDFF830C0DCF800C024
:107940006345F4D0D3E9003C614403604160EFE754
:107950006144501883425160EDD10448006883426D
:10796000E9D01046EEE700BF441C0120401C012076
:10797000F0B583B00446FEF7C9FCDFF834E1DEF869
:107980000030002B67D0434B1D682C4234D1002CB3
:1079900032D004F1080C2CF00703083314F0070F61
:1079A00018BF9C46BCF1000F26D03B4B1C686445B9
:1079B00022D33A48036803E01A6822B118461346F6
:1079C00059686145F8D3DEF800209A4214D0066861
:1079D000A1EB0C023746102A1E6806601CD903EB87
:1079E0000C00410710D04FF0500383F31188BFF310
:1079F0006F8FBFF34F8FFEE7FEF7D0FDF5F7D4FC96
:107A00000024204603B0F0BD4260C3F804C00193D7
:107A1000FFF77CFF019B59681F48621A02602048EB
:107A20000668B24238BF02601E4A0D430021C3E916
:107A30000015136807F1080401331360FEF7AEFD6B
:107A40006307DED04FF0500383F31188BFF36F8FCD
:107A5000BFF34F8FFEE7144B144A104D580718BF61
:107A6000073322F0070218BF23F007030C482B60EE
:107A70001946D31A03600848CEF80020036000209E
:107A80006860C2E90000C1E90023024B4FF00045E5
:107A90001D607AE72C1C01203C1C0120441C0120A5
:107AA000381C0120341C01201C0000201300012080
:107AB000401C0120D0B11C4A50F8043C126813420B
:107AC0000BD050F8081C91B14FF0500383F311888C
:107AD000BFF36F8FBFF34F8FFEE74FF0500383F379
:107AE0001188BFF36F8FBFF34F8FFEE7704700B56C
:107AF00023EA020383B040F8043C0190FEF706FC41
:107B00000A4A0198116850F8043C08380B44136085
:107B1000FFF7FCFE064A13680133136003B05DF8FB
:107B200004EBFEF73BBD00BF2C1C01203C1C0120D8
:107B3000301C0120014B1868704700BF3C1C01201D
:107B4000014B1868704700BF381C012010B5254A4A
:107B5000254BB2F800E01A8892B282B00C461FFAA8
:107B60008EF33ABB4EF6EE62B3EB020E18BF4FF047
:107B7000010E1E4BDFF878C00EF500520132BEF147
:107B8000000F08BF9C46BCEB823F4FEA823103D80E
:107B90001AE004318C4517D90B680133F9D122461C
:107BA0000023044601200191F8F71EFE019988B1D7
:107BB00002B010BD5BB94EF6EE6EA2EB0E0EBEFA31
:107BC0008EFE4FEA5E1ED4E7802002B010BDAB20CF
:107BD00002B010BD0346224602310120F8F704FE30
:107BE00002B010BD0040000800800008FF7F0008C0
:107BF000FFBF0008134B144A1B8812889BB200B5C4
:107C0000DBB192B2AAB9114B9646114ADFF848C0CF
:107C1000BEF1000F18BF944602E0043B9C450AD217
:107C20001A8892B28242F8D133F8023C0B800020CD
:107C300000BDAB2000BD012000BD064B4FF0010E82
:107C4000E3E700BF0040000800800008FEBF000816
:107C500002400008FE7F0008028000082DE9F04382
:107C600087B006460C46FFF771FF802802D007B0A8
:107C7000BDE8F083274928480B880022009202883B
:107C80009BB292B2002B3ED0002A40D14FF00209A5
:107C900088464EF6EE62002341460120F8F7A4FD27
:107CA0000028E4D121463046FFF750FF0028DED1FE
:107CB0001A4C04F5A47725881949AE4228460AD003
:107CC000FFF798FF0128284605D0154B1988FFF7C4
:107CD0003DFF0028CBD10234BC42ECD1002201246C
:107CE0000223694601A8CDE904430192CDF80C9026
:107CF000F8F724FE0028BAD100220023414620468E
:107D0000F8F772FDB3E74FF001098046C1E7AB20F9
:107D1000ADE700BF004000080080000870170508AC
:107D20004C1C012000B5012289B00123CDE90423B8
:107D30000022CDE9012202210E4B0F4806914FF699
:107D4000FF711A8892B28A4203F1040309D1834277
:107D5000F7D10849002200230120F8F745FD09B0BA
:107D600000BD01A902A8F8F7E9FD0028F1D009B08B
:107D700000BD00BF00400008008000082DE9F0436E
:107D80005E4D5F4F2C883B8889B00022CDE90122EF
:107D9000A4B24EF6EE620120012102269442CDE902
:107DA00004019BB2069664D04FF6FF718C4245D019
:107DB00024B1FFF7B7FF09B0BDE8F083002BF8D07E
:107DC0008B4239D04F4EDFF840914FF0FF38FB889F
:107DD00035884D499BB2AB4208BF0FFA84F8A045E5
:107DE00028460AD0FFF706FF0128284605D0B9F833
:107DF0000010FFF7ABFE0028DDD10134A42C06F102
:107E00000206E4D13E49002200230120F8F7ECFCF1
:107E10000028D0D101220123CDE904233848374B73
:107E2000022206924FF6FF711A8892B28A4203F13B
:107E3000040356D18342F7D10020BCE783B19342BB
:107E4000B7D12B889BB2A34205F104054ED1BD42A8
:107E5000F7D12B49002200230120F8F7C5FCAAE73F
:107E60002B889BB2A34205F104053AD1BD42F7D15C
:107E7000E2E74BBBDFF88C80234E99464FF0FF378B
:107E8000EA88B8F80040204992B2A24208BF0FFA2F
:107E900089F74F45204609D0FFF7ACFE0128204660
:107EA00004D03188FFF752FE002884D109F101097E
:107EB000B9F1A40F08F10208E2D110490022002311
:107EC0000120F8F791FC76E74FF6FF7293427FF4BA
:107ED00070AF00220023294601200496F8F784FCA5
:107EE00069E701A902A8F8F729FD64E701A902A83A
:107EF000F8F724FD0028ACD05DE700BF0040000883
:107F000000800008701705084C1C012040EA01039E
:107F10009B070ED0F2B100B501F1FF3C01380CF126
:107F200002035B1A1CF801EF00F801EF9A42F6D841
:107F300000BD9307EFD192080BD001EB8202043809
:107F40000439131F51F8042F40F8042F9942F9D136
:107F500070477047704700BF12B1531E1A4001D0DE
:107F600000207047C0E90022C0E9023101207047BB
:107F7000D0E9003293423EBF81685B180133981A02
:107F8000704700BFD0E90032806893423CBF1B18A5
:107F900001339A1A801A7047F0B504460368D4F882
:107FA00008C0C06803EB020EE64583B015461844CE
:107FB00017D90CF1010CACEB03031A460F46AEEBDC
:107FC0000C060193FFF7A2FF019BE0683246F91807
:107FD000FFF79CFF2268A36815441D40256003B08D
:107FE000F0BDFFF793FFF5E770B5D0F804E08468C3
:107FF0000B460EEB020CC168A44582B0714413D944
:108000000134A4EB0E02064618461546ACEB0404F8
:108010000193FFF77BFF019BF1682246581902B0DC
:10802000BDE87040FFF772BF184602B0BDE870406F
:10803000FFF76CBFD0E9012311441940416070473C
:108040000023C0E90033704700B583B0D9B10128DF
:108050000ED80B7863B1DFF858C0012B0CF8003054
:1080600002D0012003B000BD01F0ACFA0028F8D125
:108070004FF0E023D3F8F03DDB0702D4002003B03B
:1080800000BD00BEFAE70122084601A9ADF80420B0
:1080900001F098FA012238B94FF0E023D3F8F03D0F
:1080A000DA07ECD500BEEAE7014B1A70E7E700BF3C
:1080B000501C012030B5037813F0010483B01DD1AA
:1080C00003780246580702D5204603B030BD084663
:1080D0000D464FF0FF31CDE90032FDF77DFB019AEF
:1080E000009B117811F001040CD113785B070BD4BD
:1080F000137843F004030124137005E000242046A4
:1081000003B030BDC3F3800400231A461946284645
:10811000FDF7AEF8204603B030BD00BF70B50D4688
:1081200004464FF0FF312846FDF756FB2378C3F392
:1081300080065B0708D5237813F0010303BF22787C
:1081400063F382022270002600231A46194628464D
:10815000FDF78EF8304670BDC378828803F00300C7
:108160000228C2F30A0215D003280AD001281CD124
:10817000022940F2FF3308BF4FF4806393420DD3CE
:108180007047022914BF40234FF48063934205D304
:108190000120704702290AD0402AF9D94FF0E02384
:1081A000D3F8F03DDB0700D500BE00207047B2F5E4
:1081B000007FEDD0F2E700BF0A44914205D370473B
:1081C00091F800C061448A421FD991F801C0BCF106
:1081D000050FF5D100B591F802C00CF07F0E00EB51
:1081E0004E0E4FEADC1C0EF80C3091F800C06144D2
:1081F0008A4209D991F801C0BCF1050FEBD091F882
:1082000000C061448A42F5D800BD704770B505468C
:1082100001F0C8F900B970BD01F0CCF9044600289E
:10822000F9D1EB78002BF6D005F1100001F096F8AB
:108230003F28F0D9E978204601F0B6FF0028EAD0BF
:1082400005F1100001F08AF83F28E97807D905F513
:10825000DB6220464023BDE8704001F0C5BF2046E8
:10826000BDE8704001F0B0BF10B5044601F09AF9C6
:1082700008B9002010BD01F09DF90028F9D1044B88
:108280004FF4EB6202FB0433187900F0010010BDDB
:10829000581C01204FF4EB6370B503FB00F44FF65C
:1082A000FF739A42074D28BF1A4604F1100092B29C
:1082B000284401F065F806462819FFF7A7FF304665
:1082C00070BD00BF581C01202DE9F04182B0054669
:1082D00001F068F918B9002002B0BDE8F08101F0A2
:1082E00069F904460028F6D14FF4EB631A4E03FBFC
:1082F00005F505F124039F19384601F015F800280B
:10830000E9D0721920469178A046144601F04CFF3E
:108310000028E0D005F5E361314440223846009161
:1083200001F02EF894F802C0034670B10190009A53
:108330006146404601F058FF58B94FF0E023D3F8AA
:10834000F03DDB07C7D500BEC5E7614601F03CFF45
:10835000C1E70198C0E700BF581C012070B50E4C62
:108360004FF4EB6303FB00444FF6FF739A4228BFC0
:108370001A4692B20546204601F066F806462046A7
:1083800000F0D2FF3F2801D8304670BD2846FFF7E5
:108390009BFF304670BD00BF7C1C012008B5044B1C
:1083A0004FF4EB6202FB003000F0D8FF08BD00BFC5
:1083B0007C1C0120F0B54FF4EB6283B000211F4814
:1083C0002FF0F4F81E4A1D4800250095FF234FF4B6
:1083D000E1311570082207460124437181608273E0
:1083E00000F1380101234FF40072103000F066FFF5
:1083F00023464FF4806207F50E71009407F12400C4
:1084000000F05CFF07F5C7612046FDF72BF807F584
:10841000D16106462046FDF725F806B140B94FF078
:10842000E023D3F8F03DDB0700D500BE03B0F0BD7C
:10843000C7E90756C7E90C0503B0F0BD581C012079
:10844000541C012038B5094C206A256B20B1FDF77A
:1084500017FB0023C4E9073335B12846FDF710FBAD
:1084600000220023C4E90C23012038BD581C012040
:108470001049114808B50B78002202600271DA0732
:1084800007D59B070CD5BDE808400C48012101F039
:1084900007B8103000F0E4FF06490B789B07F2D4D0
:1084A000064800F0DDFFBDE808400448012100F067
:1084B000F7BF00BF541C0120581C01207C1C012068
:1084C00070B54B79022B84B002D18B79022B03D08B
:1084D0000024204604B070BD274B9B788BBB05461B
:1084E00025488B7803700B781944092491F801C052
:1084F000BCF1240F09D02CE00B781944234491F8E7
:1085000001C0BCF1240F9CB223D1A242F4D24B781B
:10851000042B12D14B790A2B0FD1184B0A780193F7
:108520000133009302231646114428461A4601F0EF
:1085300005FE30B10E3433199CB20F48FFF766FECA
:10854000C7E74FF0E023D3F8F03DDB07C0D500BE0E
:10855000BEE7BCF1050FDAD12846039101F0BEFD5C
:1085600003990028EDD0044A8B7853700B781C4493
:10857000A4B21944CBE700BF581C01205A1C0120AB
:10858000137803F06003202B11D110B52B4BB2F8F8
:1085900004C093F800E0E64582B00AD194465278D0
:1085A000203A032A05D8DFE802F00E1A220700203D
:1085B0007047002002B010BD012932D0032934D009
:1085C000012002B010BD01290BD00329F8D11C4BAA
:1085D000002BF5D01B490020AFF30080F0E7012904
:1085E000EED1184A0723614601F0A2FEE8E701290F
:1085F00017D00329E4D1BCF8022013481A7102F005
:10860000010484F00101019200F04AFF0F4B002B9E
:10861000D6D0019A2146C2F340020020AFF3008079
:10862000CEE7614601F06AFECAE7094B002BC7D0CE
:10863000BCF802100020AFF30080C1E7581C0120F5
:1086400000000000601C01207C1C012000000000D4
:10865000000000002DE9F041364CE2788A4282B0F9
:108660000D4607461E462FD0A3788B4209D04FF007
:10867000E023D3F8F03DDB0724D4002002B0BDE8AE
:10868000F0812D4B13B1002015F0CEFB0020FFF739
:108690001BFE002849D1294800F046FE002844D19D
:1086A000002E42D016F03F053FD1A178384601F0A8
:1086B0007BFD002839D0A1782B462A46384601F0A8
:1086C00093FD32E000BED8E79AB204F5DB6104F115
:1086D000100000F0B9FE1A4BDBB16279FF2A18D006
:1086E000BEB104F2D76303EB060802E0434510D0A5
:1086F000627913F8011F9142F8D11248019300F0FA
:1087000023FE019B0028F1D16179AFF30080019B2A
:10871000ECE70D4B1BB10B4800F016FE38B10548D5
:10872000FFF774FDA378AB42ABD00120A6E715F0AC
:108730006BFBF4E7581C012029DE02087C1C012099
:1087400000000000681C012009DE0208704700BF1D
:1087500001207047704700BF704700BF10B50C4B39
:10876000CC2202FB00335B781C4600F01BFF08B9EB
:10877000002010BD00F01EFF0028F9D1002CF7D01A
:10878000214601F06BFD80F00100C0B210BD00BFBA
:10879000B02301202DE9F0471A4DCC2400FB04F44E
:1087A00005EB040806468A46002098F80110914619
:1087B0001F4601F0F9FC10B34C342C44BAF1000F01
:1087C00011D1402F1BD849463A462046F3F708FE00
:1087D000CC2303FB0655224669783B460020BDE8C2
:1087E000F04701F001BD3F2F88F84CA007D83A466A
:1087F0004946601C0137F3F7F3FDBFB2E8E70020FC
:10880000BDE8F087B02301200248CC2200212EF0E1
:10881000CDBE00BFB0230120012070470248CC220A
:1088200000212EF0C3BE00BFB02301202DE9F0418E
:108830004B79032B82B017D191F804C0CCEBCC0458
:108840001234A4B2944208D8244A52782AB90A7839
:1088500016468A185578212D0BD04FF0E023D3F817
:10886000F03DDA0700D500BE0024204602B0BDE886
:10887000F0811A4DAA600F46895D1144624605F1E8
:10888000010CCDF804C005F1020CCDF800C0804603
:1088900001F054FC0028E0D0BB79012B02D10F4A33
:1088A000FB79D3700D4901238B718B68BA78B3F8CB
:1088B00007300A708B8089780029D6D0084A402377
:1088C000404601F091FC0028CFD14FF0E023D3F8CF
:1088D000F03DDB07C9D500BEC7E700BFB0230120CC
:1088E0003C24012070B592F800C00CF01F0EBEF1C0
:1088F000010F82B014D1734CB2F804E024785FFA0F
:108900008EFE74450CD11CF0600C054614460AD14D
:10891000012902D0012002B070BD5378062B23D06C
:10892000002002B070BDBCF1200FF9D15378013B9B
:108930000A2BF5D801A252F823F000BF238A0108C0
:10894000118A0108018A0108218901082189010889
:10895000218901082189010821890108C7890108A5
:10896000A58901088D89010853881B0A212B00F075
:108970008680222BD4D1604615F044FA514B024632
:108980009B882146284601F0D3FCC3E7012915D076
:108990000329BFD161884B4BC9B200209971FFF701
:1089A000D5FEB7E70129B5D16188464BC1F3072150
:1089B0000020D971FFF7CCFE0028B1D0214628460F
:1089C00001F09CFCA6E7012965D00329A2D1B4F8E7
:1089D00006C063886046402828BF402013F0FF018E
:1089E000C3F3072206D0BCF1010F03D9354B1B7B23
:1089F0008B4262D0344B0090002015F017FA89E7C3
:108A0000012987D10B46314A214601F091FC81E7CB
:108A100001297FF47FAF0B462D4A214601F088FCE7
:108A200078E701297FF476AFB4F806E06388BEF1F9
:108A3000400FF44628BF4FF0400C13F0FF00C3F383
:108A4000072231D0BEF1010F2ED91E4B0CF1FF3C95
:108A500018731FFA8CFC0E460D330146CDF800C08A
:108A6000002015F007FA33189BB203BB4FF0E02348
:108A7000D3F8F03DDB077FF553AF00BE50E7114B55
:108A80009A68002A3FF44CAF1378214602B0BDE843
:108A9000704001F04DBCE388402B21463FF640AFCB
:108AA000094A01F045FC35E7074B0026D5E7064AA1
:108AB0002146284601F03CFC2CE70138054B80B2EA
:108AC00099E700BFB0230120BC230120B623012079
:108AD000B7230120BD23012030B51F4C05461046A9
:108AE000A27894F801C08A4283B00BD08C451FD085
:108AF0004FF0E023D3F8F03DDB0700D500BE0020A7
:108B000003B030BD944513D09BB2C0B9009302228C
:108B100004F18C03014615F089F9104AA17840232D
:108B2000284601F061FB0028E2D0012003B030BDEF
:108B30009BB258B90A491A46FFF70CFEF5E704F153
:108B40008C0202210020FFF707FEE6E7044A01211C
:108B50000020FFF701FEE8E7B02301203C240120BC
:108B6000FC23012030B5044683B0243000F0DCFB48
:108B700010B9002003B030BD6178002001F014FB73
:108B80000028F6D004F5CC7104F1240040220191B4
:108B900000F0F6FB6478054670B10346019A214661
:108BA000002001F021FB58B94FF0E023D3F8F03D4D
:108BB000DB07DED500BEDCE7214601F005FBD8E788
:108BC0002846D7E770B50446103000F0C7FB3F28B1
:108BD00000D870BDA178002001F0E6FA0028F8D096
:108BE00004F1100000F0BAFB3F28A17807D904F582
:108BF000AC724023BDE87040002001F0F5BABDE83A
:108C00007040002001F0E0BA38B5DFF834C04FF40E
:108C1000EC7300FB03F30CEB0304A07800B938BD40
:108C200003F110000422604400F0AAFB0546204630
:108C3000FFF7C8FFA5F10400B0FA80F0400938BD85
:108C40008024012070B582B0194D19484FF4EC72A0
:108C5000002100242EF0AAFC164917480094012395
:108C6000402200F02BFB0123402205F17801009403
:108C700005F1240000F022FB05F1B8010120FCF70A
:108C8000F1FB05F5847106460120FCF7EBFB40B9CA
:108C90004FF0E023D3F8F03DDB0700D500BE02B073
:108CA00070BDC5E90746C5E90C0402B070BD00BF40
:108CB00080240120B82401209024012038B5094CDB
:108CC000206A256B20B1FCF7DBFE0023C4E90733E3
:108CD00035B12846FCF7D4FE00220023C4E90C235A
:108CE000012038BD8024012010B5084C002304F178
:108CF0001000C4E90033C4E9023300F0B1FB04F111
:108D00002400BDE8104000F0ABBB00BF8024012070
:108D10004B79012B02D00022104670478B79012B32
:108D2000F9D1CB79002BF6D1F0B591F800C001EB69
:108D30000C0385B093F801E0BEF1240F0AD00FE0D8
:108D400019780B44614493F801E0BEF1240F1FFA37
:108D500081FC05D16245F3D20022104605B0F0BD7A
:108D6000BEF1040FF8D159790129F5D19979032978
:108D7000F2D1D9790029EFD12549497839B14FF09D
:108D8000E023D3F8F03DDB07E6D500BEE4E7204959
:108D900089780D460029F2D11D4993F804E0164662
:108DA0009A780A70197801EB0C02074692B2BEF16C
:108DB000000F27D0194406E091F800C0AE45624488
:108DC000614492B21ED996421CD348780528F3D14B
:108DD0003846CDE90232019101F080F9DDE9011355
:108DE000039A0028CBD08878094C93F804E05FEA16
:108DF000D01C14BF6070A070681CC5B20878024413
:108E00000144D9E702480192FFF7DCFE019AA4E78A
:108E1000802401200020704730B5224CA2788A427D
:108E200083B015D062788A4209D04FF0E023D3F89E
:108E3000F03DDB0700D500BE002003B030BD054685
:108E400020460193FFF78EFE90B1012003B030BDA4
:108E50009AB204F5AC7104F1100000F0F5FA124B6F
:108E600013B1002015F016F80E48FFF7ABFEECE743
:108E700004F1240000F058FA0028E6D1019B002BF1
:108E8000E3D013F03F03E0D161780193284601F06D
:108E90008BF9019B0028D8D061781A46284601F04A
:108EA000A3F9D2E78024012095DE02082DE9F043E2
:108EB00085B0B0F804E0BDF830C0A3EB0C04A4B258
:108EC0000E4604EB4E0189B2634538BF0C46054699
:108ED0009DF83400B4B3A64538D3A24228BF224639
:108EE000E64594B205D8ACEB0E0C1FFA8CFCE645B7
:108EF000F9D9EB88AEEB0C01A4EB0E0EC3F30E0216
:108F0000E6441EFB02FE2B6889B21FFA8EF8012888
:108F100011FB02FE02FB0C3C1FFA8EF721D18C42A2
:108F20002BD814FB02F290B2C2F38D0232B10CEBDB
:108F300082035CF8041B31609C45FAD110F00302F7
:108F400040F08680204605B0BDE8F0839E4594BF82
:108F5000A3EB0E0373441FFA83FCA5F80AC0744602
:108F6000BBE78C4266D804FB02F261463046F3F759
:108F700037FA204605B0BDE8F08327F0030291B22E
:108F80003AB10CEB0105624652F8040B3060AA427C
:108F9000FAD117F003022BD0C2F10405ADB245455A
:108FA00028BF45460020A8EB050E0390614403A8A6
:108FB00000931FFA8EF80192F3F712FA009BADB1FD
:108FC000019A03A9013A51FA82F2C3F1010C9444C7
:108FD00005F1FF3E1A461D4402EB0C0112F8010B8D
:108FE0000870AA42F8D15A1C52FA8EF3039A3260E2
:108FF000B8F1000FA6D05FEA980C5FFA88F210D0A3
:1090000003EB8C05194651F8040B3060A942FAD1E4
:1090100012F0030296D00CF1FF3188B2191D01EB5A
:10902000800300201946039003A8F3F7D9F9039BA6
:10903000336087E761463A463046F3F7D1F929684D
:109040004246F019F3F7CCF9204605B0BDE8F083AD
:109050000023614603A80393F3F7C2F9039B33602F
:1090600070E700BF2DE9F04F0546C06885B00F4698
:109070001646994618B14FF0FF31FCF7ADFBE87981
:109080002B896989AC88C0099BB289B256D18B42C1
:1090900036BFC1EB4401591AC91889B2A14241D265
:1090A000611A89B2B14228BF31468EB206EB03087D
:1090B0001FFA88F8A342184603D3001B80B2A042CF
:1090C000FBD2E988A6EB040EC1F30E02A4EB000C60
:1090D00086441EFB02FE1FFA8CFC1FFA8EFB1CFB53
:1090E00002F1D5F800E089B2B9F1010F02FB00E00E
:1090F000009153D0B445C0F0B28002FB06F239466D
:109100000093F3F76DF9AC88009B98454FEA440C47
:1091100002D3B8EB440F01DBA8EB0C08A5F80880DC
:10912000344600E00024E86820B100231A461946BE
:10913000FCF79EF8204605B0BDE8F08FA64211D39B
:10914000B9F1000F05D1EB88361BC3F30E0303FB07
:109150000677002CE7D001EB04081FFA88F80B46CD
:109160002646A7E78B4236BFC1EB4400581AC01809
:1091700080B24FEA440C3044604597DB01EB0408B1
:109180001FFA88F8A8EB06039BB2994201D89C45C8
:1091900090DCA3EB0C0C1FFA8CF387E7B44518D3D3
:1091A00012FB06F2C2F38D0192B231B100EB810CD9
:1091B000396840F8041B6045FAD112F00302A4D0CC
:1091C0003968039103A90093F3F70AF9AC88009B6F
:1091D0009BE7009A22F003021FFA82FC3AB100EBEF
:1091E0000C040246396842F8041BA242FAD1009AE4
:1091F00012F003022ED08444C2F1040080B258451C
:1092000028BF5846ABEB0001013AD2B21FFA81FBEE
:109210003968039103AC0CF1FF31944414F801EB6D
:1092200001F801EF6145F9D1D5F800E090B103A94B
:109230000A4400F1FF3CCEF1010414445FFA8CFCB7
:1092400070447246115D02F8011B8242FAD10EF1A0
:10925000010EE644BBF1000F0FD1AC8855E7009C2E
:10926000019322463946F3F7BBF8391928685A4664
:10927000F3F7B6F8AC88019B47E75FEA9B015FFA1A
:109280008BF210D00EEB810C70463C6840F8044B1A
:109290006045FAD112F00302DFD0013989B20EF134
:1092A000040E0EEB810E39680391704603A90093FA
:1092B000F3F796F8AC88009B27E700BF2DE9F04153
:1092C000B2F5004F9DF818502AD80446C068984659
:1092D0000F46164618B14FF0FF31FCF77DFA2069B2
:1092E00018B14FF0FF31FCF777FAC8F30E0CE068C5
:1092F000276000234CEAC53C6381A680A4F806C021
:10930000238118B11A461946FBF7B2FF206920B134
:1093100000231A461946FBF7ABFF0120BDE8F08198
:109320000020BDE8F08100BF03894289808892B2A5
:109330009BB2934236BFC2EB40029B1A9B189BB272
:10934000984228BF184670470289438990B29BB261
:10935000C01AB0FA80F04009704700BF0389428903
:10936000808892B29BB2934236BFC2EB40029B1AF6
:109370009B189BB2984286BFC01A80B200207047EB
:1093800030B50446006985B00D4628B14FF0FF3175
:109390000392FCF721FA039A2389618989B200912B
:1093A000294600259BB201952046FFF77FFD628983
:1093B000A18892B283189BB29A4205464FEA4102B5
:1093C0000DD8B3EB410F0ADA2069638120B1002385
:1093D0001A461946FBF74CFF284605B030BD9B1ACC
:1093E000F2E700BF30B50446006985B00D4628B1EC
:1093F0004FF0FF310392FCF7EFF9039A238961895B
:1094000089B20091294601259BB201952046FFF7BC
:109410004DFD6289A18892B283189BB29A4205469B
:109420004FEA41020DD8B3EB410F0ADA206963819C
:1094300020B100231A461946FBF71AFF284605B04B
:1094400030BD9B1AF2E700BF12B10023FFF70ABE3E
:109450001046704712B10123FFF704BE1046704753
:1094600010B50446C06818B14FF0FF31FCF7B4F9ED
:10947000206918B14FF0FF31FCF7AEF9E068002326
:109480006381238118B11A461946FBF7F1FE206962
:1094900020B100231A461946FBF7EAFE012010BD51
:1094A00038B50446C0680D4618B14FF0FF31FCF7DF
:1094B00093F9206918B14FF0FF31FCF78DF9E3798A
:1094C000E06865F3C713E37120B100231A4619461B
:1094D000FBF7CEFE206920B100231A461946FBF7A0
:1094E000C7FE012038BD00BF002070472DE9F041C4
:1094F0001B4DDFF878802A781A4F00240646234651
:109500000DE03B6813EB441321D0DB6830469847ED
:109510002A780134E4B2911CA142234606DBA24220
:10952000A3EB0203EDD808EB4313EEE72C220E4821
:1095300000212EF03BF80C4A4FF0FF33C2E9013313
:10954000C2E90333C2E90533D361BDE8F0814FF0CE
:10955000E023D3F8F03DDB07F7D500BEBDE8F0818E
:1095600070270120742701207C270120A4150508FD
:10957000704700BF704700BF002070470020704751
:1095800000207047704700BF014B9878704700BFBC
:109590007C270120024B187800F00100704700BFC3
:1095A0007C270120024B5878003818BF01207047F3
:1095B0007C270120024B1878C0F38000704700BF61
:1095C0007C2701202DE9F043334E3378FF2B83B005
:1095D00052D1002954D02C228946804600212F48A0
:1095E0002DF0E4FF2E4B2F49002401201C70FBF7C7
:1095F00039FF2D4B1860002842D02C4B009433F8D3
:109600000A1C33F80C0C53F8082C1D46FBF7A6FD7A
:1096100055F8041C0446FCF763FA254B1C607CB328
:10962000244B23B12448AFF30080244B1860224D13
:10963000224F2A78002423460DE03B6813EB4413A5
:109640001ED05B68E3B198472A780134E4B2911CDC
:10965000A142234606DBA242EFD89B1A184A02EB2E
:109660004313EEE74946404686F8008001F0ECF8E7
:1096700030B1404601F04AF9012003B0BDE8F08363
:109680004FF0E023D3F8F03DDB0700D500BE00200B
:1096900003B0BDE8F08300BF6C0000107C27012000
:1096A000782701205C260120582601201C0000108C
:1096B000AC26012000000000702701207427012043
:1096C000A4150508A94B1B78FF2B00F01B812DE981
:1096D000F04FA74BA74CDFF8AC92DFF8ACA24FF4E9
:1096E0007A7707FB00F8A3FB08238DB006469F0995
:1096F000751C206800F0DC80002E00F0D980B8F5E1
:109700007A7F2CBF3A46012209A9FBF7A5FFA0B139
:109710009DF82530013B072B00F2B883DFE803F00A
:10972000A89FBFB3973B10040A9B0BB10B989847B7
:109730002068FCF78DF90028DAD10DB0BDE8F08F74
:109740009DF8281001F07F0009EB400303EBD113D3
:1097500093F8202022F0010283F8202093F82020A3
:1097600022F0040283F82020002800F0AB80824A17
:109770001B7D1278934280F09D80804A126812EB24
:10978000431300F0C0809D699DF829200B9B9DF834
:109790002400A847CCE79AF80030002B00F0B380F3
:1097A0009AF80030013B8AF800309AF8003003F054
:1097B000FF00002BBCD1DFF8CCB19BF8003043F0A8
:1097C00001038BF800309BF8203060F300038BF826
:1097D00020309BF8203060F382038BF820309BF818
:1097E000213060F300038BF821309BF8213060F3C7
:1097F00082038BF821309DF82430019300F0D8FDCE
:109800009DF8283003F06002602A69D0402A00F0F9
:10981000F68103F01F03012B00F0B880022B7BD0F0
:10982000002B5DD1202A00F0F681002A58D19DF846
:109830002930092B54D8DFE813F0AE019E01530004
:10984000C00153008F01660153005A01EC0099F8E2
:109850000030D9077FF56CAF14F042FB68E79DF844
:109860002400FFF743FE00F099FD14F029FB5FE7A9
:109870009DF82400FFF73AFE00F090FD9DF8283097
:1098800089F8023054E799F80030D8077FF550AFD7
:1098900099F80000C0F3C000FFF774FE48E799F89C
:1098A0000330DA077FF544AF0A98FFF763FE3FE71E
:1098B000324629E7901C984225DB9B1A304A02EB7E
:1098C000431360E70B9B9DF829209DF8240000F0CE
:1098D00081FD2DE714F080FA0246002840F08681D1
:1098E0004FF0E023D3F8F03DDD0700D500BE9DF832
:1098F0002400002101F010F99DF82400802101F0DE
:109900000BF915E770474FF0E023D3F8F03DDC0783
:109910007FF513AF00BE10E79DF82C1001F07F0516
:10992000052DDDD80BEB450303EBD113187D124B4E
:109930001B7898425CD303F1020C8445C0F29081FD
:10994000C01A0F4B03EB4013002A00F08D815869B9
:10995000029300F02DFD029B01985B690AAA012188
:10996000984700287FF4E4AEC1E700BF6C00001008
:10997000D34D6210AC2601207027012074270120EE
:10998000A41505087C270120782701209DF82C309C
:109990000F2BACD8AE4A5B4412781B79934232D37A
:1099A000911C9942A3DBAB4D9B1A05EB43156869EB
:1099B00000F0FEFC6B6901980AAA01219847002873
:1099C0007FF4B6AE9DF8283013F060058FD19DF876
:1099D00029300A3B012B8AD800F0EAFC9DF8293097
:1099E0000A2B00F0E98101980AA900F087FC9FE6A4
:1099F000994B1B6803EB4013002A00F03581002BC4
:109A00003FF475AFA3E7944A156815EB4315CED123
:109A10006DE79BF801309DF82A509D4200F0778158
:109A20009BF80130002B40F090818BF80150002D05
:109A300000F06B81681EC0B214F0CEF9002800F06F
:109A4000D6814378022B40F0D281C2799BF8001076
:109A5000C2F340131B01C2F3801221F0300143EA2C
:109A600042130B438BF8003043880496CDE902780B
:109A7000C318059300F10906059BB34240F2D0815B
:109A800072780B2A00F0FD810123042A40F0E58161
:109A9000059A921B92B206926D4A002531461278C1
:109AA000A8461E461BE06C4B1F6817EB451700F0DD
:109AB000D4813B69069A019807919847082807992D
:109AC00005F1010303D9069A824280F0AF81DDB22D
:109AD0005F4B1A78931C9D42A84600F38581AA42E9
:109AE000A8EB0202DFD85B4B03EB4217E1E79BF8E0
:109AF00001308DF82230019801230DF122020AA9CC
:109B000000F016FC14E6BDF82A00030A5A1EC0B283
:109B10000E2A3FF6ECAE01A151F822F09B9D010800
:109B2000DB9B01088B9D0108EF980108EF98010865
:109B30006D9D0108DB9B0108EF980108EF98010873
:109B4000EF980108EF980108EF980108EF980108D5
:109B5000EF980108139E01080AA800F02FFC019855
:109B60009DF82A1000F0E8FE9BF8003043F0020355
:109B70008BF80030DCE5BDF82A30012B7FF4B7AE5E
:109B80009BF80030019823F008030AA98BF80030F5
:109B900000F0B4FBCCE59BF8003001989A0802F085
:109BA0000202C3F340131343ADF822300DF1220239
:109BB00002230AA900F0BCFBBAE5BDF82A30012B4C
:109BC0007FF495AE9BF80030019843F008030AA992
:109BD0008BF8003000F092FBAAE5022B3FF47AAE3E
:109BE000FFF7CEFC024600283FF481AE019853886F
:109BF0000AA900F09DFB00287FF49AAD77E617488C
:109C000000F0D6FB01980AAA0121FFF76DFC00289D
:109C10007FF48EAD6BE69DF82C300F2B3FF667AED0
:109C20000B4A5B4412781B79934231D20A4A156879
:109C300015EB43153FF45BAE686900F0B9FB6B6947
:109C400001980AAA0121984700287FF471AD4EE6D9
:109C500070270120A415050874270120E994010844
:109C6000002A7FF444AE13469DF829C00CF0FD0293
:109C7000012A16D0BCF1000F7FF432AE0BEB450386
:109C800003EBD113019893F82030C3F340038BE723
:109C9000911C9942FFF62BAE814D9B1A05EB4315A3
:109CA000CAE7BDF82A20D2B97E48BCF1010F00787E
:109CB00032D0CDE9021300F02FFF0299039B0BEB8A
:109CC000450202EBD11292F8201041F0020182F815
:109CD000201092F8201041F0010182F82010002B92
:109CE0003FF426AD5869029300F062FB029B019895
:109CF0005B690AAA01219847002000F059FB9BF8F4
:109D00002130DB073FF514AD6DE614F0D9F801986A
:109D10000AA900F0F3FA0BE5CDE90332029100F055
:109D2000FFFE0299049A039B0BEB450505EBD1114D
:109D300091F8200062F3410081F8200091F82000A2
:109D400062F3000081F82000C9E70021019800F0CB
:109D500021FE019800F05AFE9BF802300198029310
:109D6000FFF7C4FB029B8BF802305EE6FFF706FCB0
:109D7000024600283FF4BBAD019813780AA900F011
:109D8000D7FA00287FF4D4ACB1E5BDF82C1014F05C
:109D90002BF802460028EFD1A9E514F015F8024689
:109DA00000283FF49DAD019812230AA900F0C0FAE3
:109DB00000287FF4BDAC9AE501988DF822500AA9DD
:109DC00001230DF1220200F0B3FAB1E42B46314633
:109DD00035480692FEF7F0F9344B069A1B780233A9
:109DE00043451644BFF648AEDDE90278049E4FF0C5
:109DF000E023D3F8F03DD90700D500BE4FF0E023B3
:109E0000D3F8F03DDA0700D500BE00238BF801300F
:109E10006DE5FFF7B1FB024600287FF4E7AE66E58B
:109E2000DDE90278049E14F053F870E73346012B05
:109E30000E4602461BD0002BC8D096F802E0002048
:109E400003E00D71C1B29942C0D20EEB00015BFA82
:109E500081F101300F79FF2FF3D04FF0E023DDE9DE
:109E60000278D3F8F03D049ED807C7D5C5E7386916
:109E70000F4FB84208BF02230E4FB84208BF02235B
:109E8000DBE73278F37816447278FEE54FF0E02392
:109E9000D3F8F03DDB077FF54BAC00BE48E400BFD4
:109EA000A41505086C0000109027012070270120E0
:109EB000C1840108118D010830B54378023B87B099
:109EC00004460D46042B13D8DFE803F0034F6F78E8
:109ED00046007C4B1A7822F001021A701A78002191
:109EE00022F002021A7059701A7861F382021A7015
:109EF000754B186885B92B464FF0FF322146FBF7AA
:109F0000B7F9401B18BF0120E8B1617820782A46D4
:109F1000FFF72EFB07B030BD002303AA21460393B1
:109F2000FBF7D6FA039B4BB14FF0E0234FF0805282
:109F3000C3F8042DBFF34F8FBFF36F8F003818BFE6
:109F400001200028E1D14FF0E023D3F8F03DDB07FA
:109F5000E0D500BE07B030BD5C4A13780133137002
:109F6000594B1868002DD7D1C5E7594A00231178FD
:109F70001A4613E0574A126812EB431206D0D26910
:109F800022B16168207801939047019B504A117873
:109F90000133DBB2881C98421A4618DB9942E9D893
:109FA000521A4D4901EB4212E9E7464B1A78D107A4
:109FB000B0D51A7842F004021A7099E7414B1A782A
:109FC000D207A7D51A7822F004021A7090E73D4A0A
:109FD000137858072ED5137823F0040313703A4BE7
:109FE00018680023CDE90333059322788DF80C20FF
:109FF00005228DF80D2003A9002D52D002AA02934C
:10A00000FBF766FA029B4BB14FF0E0234FF0805212
:10A01000C3F8042DBFF34F8FBFF36F8F003818BF05
:10A020000120002845D14FF0E023D3F8F03DD907B7
:10A0300000D500BE234BDB78DA077FF56BAF2248F3
:10A040002178636800688DF80C1003228DF80D20CC
:10A05000049385B92B464FF0FF3203A9FBF708F9AB
:10A0600000283FF470AF9DF80D109DF80C002A46B3
:10A07000FFF77EFA4EE7002302AA03A90293FBF73B
:10A0800027FA029B4BB14FF0E0234FF08052C3F808
:10A09000042DBFF34F8FBFF36F8F00283FF453AFF2
:10A0A000E1E74FF0FF32FBF7E3F8401B18BF012058
:10A0B000B7E79DF80D109DF80C002A46FFF758FAF7
:10A0C000B8E700BF7C270120AC26012078270120BB
:10A0D0007027012074270120A41505088B7803F050
:10A0E0007F03052B08D94FF0E023D3F8F03DDA07C2
:10A0F00000D500BE0020704710B50B460D490E4A32
:10A100008978147882B018460193FEF725F848B98B
:10A110004FF0E023D3F8F03DDB0700D500BE002070
:10A1200002B010BD0199204602B0BDE8104000F019
:10A130004DBC00BF7C2701206C0000102DE9F843C6
:10A14000DDF8208062B30C461F46064615464FF0E8
:10A15000000915E094F803C00CF0030CBC4514D1C1
:10A16000FFF7BCFF88B1A378DA0916BF099A88F80F
:10A1700000301370237809F10109A9451C440FD060
:10A180006378052B21463046E4D04FF0E023D3F826
:10A19000F03DDB0702D40020BDE8F88300BEFAE7FB
:10A1A0000120BDE8F88300BFCB09054A054801F04E
:10A1B0007F01203303EB410318441168FDF77ABF98
:10A1C000582601207C270120CB09054A054801F0CB
:10A1D0007F01203303EB410318441168FDF79EBF54
:10A1E000582601207C27012010B51A4C01F07F0071
:10A1F00004EB400404EBD11494F82000C00708D508
:10A200004FF0E023D3F8F03DDA0700D500BE002080
:10A2100010BD94F820C010484CF0010C007884F870
:10A2200020C000F03FFC0028F2D194F8202060F319
:10A23000000284F8202094F820204FF0E02160F301
:10A24000820284F82020D1F8F03DDB07DFD500BE84
:10A25000DDE700BF7C2701206C000010054B01F0FA
:10A260007F0203EB420303EBD11393F8200000F0CD
:10A27000010070477C2701201D4A10B5D18992F951
:10A2800000C004469089431A9BB2402B28BF40234C
:10A29000BCF1000F82B009DB884220D0154A0021B2
:10A2A000204602B0BDE81040FFF79EBF88420ED0A6
:10A2B0009168104801931A46F2F792F80D4A019BF3
:10A2C0008021204602B0BDE81040FFF78DBF8021FD
:10A2D0000022204602B0BDE81040FFF785BF0021F4
:10A2E0000A46204602B0BDE81040FFF77DBF00BF20
:10A2F000E8270120A8270120704700BF0B4A00B5BE
:10A300008C46864608684968134603C39CF80010CB
:10A31000002381F0FF01C2E90233704601F08001A1
:10A320005DF804EB1A46FFF75FBF00BFE827012086
:10A33000DFF864C038B50C46054608684968CCF8B3
:10A340000820E646AEE803000021ACF80E10E088D5
:10A35000834228BF0346ACF80C3038B103B18AB150
:10A360002846FFF789FF68B1012038BD217881F0C8
:10A37000FF010346024601F080012846FFF734FF43
:10A380000028F1D14FF0E023D3F8F03DDB0700D5F2
:10A3900000BE002038BD00BFE8270120034B00228B
:10A3A000C3E90022C3E902221A617047E8270120AD
:10A3B000014B1861704700BFE82701200346044A9B
:10A3C00059680068134603C30023C2E9023370478B
:10A3D000E827012030B52E4C2278C909B1EBD21FF5
:10A3E00083B0054617D053B14FF0E023D3F8F03DCA
:10A3F000DB0702D4002003B030BD00BEFAE72146DF
:10A40000FFF77AFF23691BB12246032128469847AC
:10A41000012003B030BD94F90020002A08DBA068B9
:10A420000028E7D01A461B490193F1F7D9FF019B99
:10A43000A168E28919441A44A160E18892B291426C
:10A44000E28107D03F2B05D92846FFF715FF0028EA
:10A45000DED1C9E7236923B10D4A02212846984776
:10A4600068B12178002381F0FF011A4601F08001D4
:10A470002846FFF7B9FE0028B6D00120C9E70146FB
:10A48000284600F049FB8021284600F045FBBFE745
:10A49000E8270120A8270120284B03EB001C00B56A
:10A4A0009CF808C001F07F0EF4451BD9A0F1010013
:10A4B000B0FA80F04009000103329208C909185827
:10A4C000134618D1C2F30D0308336344426A5B009C
:10A4D0009BB29A4204D21A4A12889A4202D3436229
:10A4E000012000BD4FF0E023D3F8F03DD80700D5A0
:10A4F00000BE002000BD8168090613D5DFF840C00A
:10A50000416A1144BCF800208A42EBD3D21A92B2BD
:10A51000ACF8002042EA0342BEF1000F06D182628D
:10A520000120DEE753009BB21A46E7E70EF13F0E2B
:10A5300000EB8E0042600120D3E700BF041605083F
:10A54000FE27012000B5DFF844E0A0F101030EEB87
:10A550000012B3FA83F35B09117AD2681B014FEA48
:10A56000920C5EF80320DFF828E001F118035B008D
:10A5700053624FEA0C4313FA8CF3D365AEF800C074
:10A5800040225DF804EB8021FFF786BF0416050822
:10A59000FE27012010B5A0F10100B0FA80F091F87B
:10A5A00002C01D4CDFF874E08B88400900010CF0FC
:10A5B0007F022058540004EBDC140EEB041EC3F39E
:10A5C0000A03AEF80A308C798EF80C40C97801F095
:10A5D000030EBEF1010118BF012143EA8E4343EA95
:10A5E00001735FEADC1C43F400430CD102F1580113
:10A5F000490110324350D0F81C18012393400B43FB
:10A60000C0F81C3810BD02F14801490143EA8253E9
:10A610004350D0F81C18F0E704160508082801205C
:10A62000A0F10100B0FA80F040093F4B000100B5F5
:10A6300001F07F0EC9091B5833D1BEF1000F08D1BC
:10A6400071461944D1F8003B43EA4253C1F8003B3C
:10A6500000BD03EB4E1C4FEA4E11DCF8000B002846
:10A66000EFDAD3F8040840F40070C3F8040858691E
:10A670000006FCD5DCF8000B002A4FD02B4A104313
:10A68000CCF8000B1944D1F8082B9207FBD5022215
:10A69000C1F8082BD3F8042842F48062C3F80428D8
:10A6A00000BDBEF1000F1CD003EB4E1C4FEA4E1153
:10A6B000DCF80009002816DB1944002AD1F800094B
:10A6C0000CBF4FF000624FF002621043C1F8000966
:10A6D0004FEA8E1242F020021A611A699206FCD4E7
:10A6E00000BD7146E8E7DCF8000940F00060CCF8F6
:10A6F0000009DCF808094006FBD5DCF8000982B93E
:10A700004FF080421043CCF800091944D1F80809F1
:10A710008007FBD50222C1F80829D9E74FF0804213
:10A72000ADE7024AEEE700BF04160508000020402E
:10A7300010B5A0F10100B0FA80F04009DFF804E1A3
:10A74000BDF808C000015EF800E071B93B483C4C20
:10A7500000EB0210B0F80AC034F81200844528BF9C
:10A760008446A0EB0C0024F81200012A0EEB4112E3
:10A7700030D0D2F8100B00F06040C2F8100BD2F8C5
:10A78000100B40EAC34040EA0C00C2F8100BD2F8AC
:10A79000003B03F44023B3F5802F06D0D2F8003BF2
:10A7A00043F00443C2F8003B10BD244B03EB4113BC
:10A7B0001B7B012BF2D1DEF80818D2F8003B11F414
:10A7C000807F0CBF4FF000514FF080510B43C2F817
:10A7D000003BE3E74CEAC343C2F81039D2F8003932
:10A7E00043F00443C2F80039D2F8003903F440239F
:10A7F000B3F5802F0AD0BCF1000FD5D0DEF8342895
:10A8000001238B401343CEF8343810BD0B4B03EBC0
:10A8100041131B7F012BEED1DEF8083813F4807F43
:10A82000D2F800390CBF4FF000504FF08050034376
:10A83000C2F80039BCF1000FB6D0DFE708280120CC
:10A840000028012004160508A0F10103B3FA83F3E0
:10A8500030B55B092B4A1B0183B0D4580546012152
:10A86000204600F04DFC01460190284600F052FCC5
:10A87000019900283CD0A36943F01003A361D4F8E8
:10A88000043843F00203C4F80438D4F8003829BB74
:10A8900043F00303C4F80038E3681B4A23F0C043C5
:10A8A00043F08043E360236823F0D00343F0C00308
:10A8B0002360D4F8003843F00403C4F80038A369D7
:10A8C0001A43A261A36843F08103A360D4F804385B
:10A8D00023F00203C4F8043803B030BDA26CC2F305
:10A8E0008112022A23F00303D4D143F48043D1E739
:10A8F0004FF0E023D3F8F03DDB07EDD500BE03B009
:10A9000030BD00BF0416050804380080084B03EB77
:10A91000001393F90430002B08DB06495809012283
:10A9200003F01F0302FA03F341F82030704700BF21
:10A930000416050800E100E0A0F10103B3FA83F377
:10A940005B09114A1B0110B5D458104AD4F80038DD
:10A9500023F4FE6343EA01139FED097B82B0C4F840
:10A9600000380B4C00210123009182ED047B118300
:10A9700061801A46FFF7DCFE02B010BDAFF3008025
:10A98000000000000000000004160508082801204F
:10A9900000280120A0F10100B0FA80F04009094B25
:10A9A000094A000111701B5831B108225A619A6995
:10A9B00042F008029A6170479A6922F008029A618F
:10A9C000704700BF04160508FC27012030B58A88AF
:10A9D00083B00C46C2F30A0289780546FFF75CFD96
:10A9E000034648B94FF0E022D2F8F02DD20700D547
:10A9F00000BE184603B030BD019021462846FFF73F
:10AA0000C9FD019B184603B030BD00BF234AA0F129
:10AA10000103B3FA83F302EB00115B091B0170B56C
:10AA20000E7AD358012E4FF001120546C3F81C28A8
:10AA300024D9DFF86CC001214FF0000E03EB411266
:10AA40000131D2F80049002CC8B205DAD2F8004929
:10AA500044F09044C2F80049D2F8004BACF83AE018
:10AA6000002C05DAD2F8004B44F09044C2F8004BB9
:10AA7000B042ACF82AE00CF1200CDFD34FF4846232
:10AA80001A611A699106FCD410221A611A69D20659
:10AA9000FCD42846BDE87040FFF754BD04160508F5
:10AAA0000828012030B501F07F0E194C9C464FEA72
:10AAB0004E0303EBD1131546CA0904EB03111B0126
:10AAC00083B0E5500023A1F808C04B60BEF1000F31
:10AAD0000BD1104B714623F812C00123CDF800C0F2
:10AAE000FFF726FE012003B030BD4989CDF800C034
:10AAF0000CF1FF330B44B3FBF1F39BB2012B38BFD6
:10AB000001237146FFF714FE012003B030BD00BFE2
:10AB100008280120002801200122FFF781BD00BF85
:10AB2000A0F10100B0FA80F040090C4B0001CA0905
:10AB300082F001021B5801F07F0101EB021103EBCF
:10AB40004113D3F8002922F40012C3F80029D3F8E6
:10AB5000002942F08052C3F8002970470416050806
:10AB60002DE9F04FA0F10106B6FA86F67609A64F58
:10AB700036018DB0BC590390A36965691D40E90495
:10AB8000A04600F1DB80A80419D54FF4005363619F
:10AB9000D4F80828C2F3410312F0060F1DBF023B90
:10ABA000B3FA83F35B0902238DF828300121039B5C
:10ABB0008DF8243009A88DF82510FFF77DF92905B7
:10ABC00000F19E80002DC0F2AB806A0707D5D4F853
:10ABD000049019F0040F40F0FD81C4F804902B0795
:10ABE00014D58A4B1A7808236361D4F80838C3F364
:10ABF0000D23002A7FD00A93039B8DF82430012176
:10AC0000032309A88DF82530FFF756F9E80637D554
:10AC1000A369DFF80092DFF800A2059523F0100386
:10AC2000A361226A0992C2F34343013B02F00F0B76
:10AC3000052B58D8DFE803F00B2D0B11570304F553
:10AC400080542368CAF800302368CAF80430D8F862
:10AC50001430DA060DD5BC59E3E704EB4B12D2F8F9
:10AC6000103B43F0C043C2F8103BD8F81430DA066A
:10AC7000F1D4D8F81830059D43F01003C8F8183007
:10AC80002B0300F1CB80680300F12B810DB0BDE8F0
:10AC9000F08F09EB4B13BDF824205868C2F30A1259
:10ACA0004FEA4B15002800F0888104F5805104928A
:10ACB000FEF7D0FB049A09EB050148899042C6D9FA
:10ACC0006319D3F8102B0B89C2F312029B1A0B8164
:10ACD000BBF1000FBBD14E4A1188A2F800B05B1A3D
:10ACE000A9F80830B3E74FF0E023D3F8F03DD907D7
:10ACF000ADD500BEABE7A26922F00802A2617AE7F7
:10AD00004FF400636361039B8DF824300121042319
:10AD100009A88DF82530FFF7CFF8002DBFF655AF05
:10AD20004FF000436361039B8DF82430012105231C
:10AD300009A88DF82530FFF7BFF846E74FF4805398
:10AD4000636107EB0013C022324893F8089000219A
:10AD50002CF02CFC2D4A00231370B9F1000F1AD0EF
:10AD600004EB43110133D1F8002B4B4542F0006254
:10AD7000C1F8002BF4D1002304EB43120133D2F8C5
:10AD80000019002905DAD2F8001941F09041C2F803
:10AD900000194B45F0D14FF48463236123699A066F
:10ADA000FCD4102323612369DB06FCD409234FF074
:10ADB0000112C4F81C280398C4F81438C4F81038D9
:10ADC000FFF7C0FB134B40225A835A81D4F8003856
:10ADD00023F4FE63C4F80038D4F8003923F00303E9
:10ADE000C4F80039D4F8003B23F00303C4F8003B57
:10ADF000D4F8103B43F0C043C4F8103BA36943F4BC
:10AE00004023A361BFE600BF04160508FC2701200C
:10AE10000028012008280120C8280120039B07EBF7
:10AE2000031393F808A0BAF1000F3FF42FAFCDE958
:10AE3000045657F80680DFF87892DFF880B20024D5
:10AE4000D8F8183804F11002D340DE073FD508EBDC
:10AE500044126301D2F8081BD2F8080B450700F131
:10AE60001981D8F8400058450CD9880644BF2020E5
:10AE7000C2F8080B0A0405D508EB03024FF40040A2
:10AE8000C2F8080B0E0701F001057CD4FDB1434464
:10AE90000122C3F8082B48F22803194217D124B91C
:10AEA000824B1B88002B40F0A780039B8DF8243039
:10AEB000B9F808300B9307238DF8253001210023C2
:10AEC00009A88DF828408DF82930FEF7F5FF0134E8
:10AED000544509F12009B3D1DDE9045668037FF533
:10AEE000D5AE039B07EB031393F808A0BAF1000F4C
:10AEF0003FF4CCAEBE596E4D002406F5805BD6F80B
:10AF00001838E340D90734D506EB4413E2B2049273
:10AF1000D3F80829D2074FEA44191DD50122C3F8F6
:10AF200008291CB9614B5B88002B5ED1039B8DF80F
:10AF300024304FF007038DF825304FF000038DF8D3
:10AF400029302B8B0B93E3B263F07F03012109A817
:10AF50008DF82830FEF7B0FF06EB0907D7F808395F
:10AF60001B0606D5D6F83438012202FA04F018423E
:10AF70004AD1013454450BF5805B05F12005BED163
:10AF80000DB0BDE8F08F08EB03060821039BC6F85F
:10AF9000081B8DF82430474B06218DF8251093E8C7
:10AFA0000300CDE90A01012109A8FEF785FF002D64
:10AFB0008DD00122C6F8082B89E759F805100492B4
:10AFC000204600F0ADF959F80510049A114449F8EB
:10AFD000051070E6039B8DF824300121022309A897
:10AFE0008DF82530FEF768FFF7E5009303981346C8
:10AFF0002146FFF79DFBAFE70093039813462146D8
:10B000002246FFF795FB62E7D7F81019C1F3C94153
:10B0100089B3CDE9054A4FF0000882460C46CDF8C9
:10B020001C9007E0FEF7DEF908F101081FFA88F32B
:10B030009C421CD9D7F810091F4BD7F8182903EAEE
:10B0400082026B8B80B2834228BF034693425946EB
:10B0500099461A460BD868690028E3D12A690499F1
:10B06000304600F089F92A694A442A61DCE75046F3
:10B07000DDE906A9059CB144D9F81039C3F31203E0
:10B08000002B7FF476AFD6F8343823EA0003C6F8F5
:10B0900034386EE74FF0E023DDE90456D3F8F03D95
:10B0A000DC077FF5F0AD00BEEDE500BF0028012014
:10B0B00008280120C8280120FCFF03000930544F54
:10B0C000036943F001030361036C44F209229BB25C
:10B0D000934206D80369DA07FCD40369002BFCDA33
:10B0E000704703699B00FCD5036923F0005323F0EC
:10B0F000010343F0005303610369002BEDDAEFE72E
:10B10000012905D0806C10F0C00018BF01207047E5
:10B1100000207047A0F10100B0FA80F0400908B5A6
:10B120000001734B734A1858036C6FF30F0393427B
:10B1300017D0714A934214D002F58032934210D056
:10B140004FF0E023D3F8F03DD90700D500BE4FF013
:10B15000E023D3F8F03DDA0700D500BE0021084611
:10B1600008BD836823F001038360002955D0C168BE
:10B17000836CC3F38113022B00F09980036D13F4E9
:10B18000404F1ABF21F0500141F0080121F0580151
:10B19000C160836C13F0C00F836B78D023F48033CD
:10B1A0008363FFF78DFF036D13F4404F0CBF4FF423
:10B1B00010534FF4A05321F470511943C160836CB4
:10B1C00013F0C00F0BD14D4B4D4A1B6893423BD33C
:10B1D0004FF4C052C36823F470531343C360C36871
:10B1E00043F00703C360D0F8003E4FF4846223F0BD
:10B1F0000F03C0F8003E026103699B06FCD41023D4
:10B200000361036913F01003FBD14FF0FF320121FA
:10B21000426142608361084608BDC168394A41F015
:10B220004003C360836B904243F48033836345D013
:10B23000FFF746FF314B324A1B6821F4705141F44D
:10B24000A2519342C160C3D22F4A93422CD82F4AB5
:10B2500093423AD22E4A93423AD8A2F5DB12A2F593
:10B26000BA52934237D8A2F5B712A2F55872934258
:10B2700034D8284A934234D2274A934234D2274AB8
:10B28000934234BF4FF470524FF46052A2E71D4A0C
:10B2900043F480339042836383D1A2F5E432136D8B
:10B2A00023F0804313657CE74FF4E05292E721F4EA
:10B2B000681121F0C80141F0100169E7A2F5E432FC
:10B2C000136D23F080431365B2E74FF4005281E71A
:10B2D0004FF410527EE74FF420527BE74FF4305288
:10B2E00078E74FF4405275E74FF4505272E700BFD1
:10B2F000241605080000544F0000315500000010CE
:10B300000048E80100000440DF9DA30100366E0103
:10B310003FA44C01807306010024F400C0E1E40066
:10B320005FEA920C30B5154604468E4610D00CF1FB
:10B33000FF3398B201EB8C0C0B4604F58052116878
:10B3400043F8041B6345FAD10EF1040E0EEB800E98
:10B3500015F003020ED004F58054A90723688EF877
:10B36000003044BF190A8EF80110032A04BF1B0CD9
:10B370008EF8023030BD00BF70B501F1010E9908A2
:10B380004FEA0E36044600EB0E3E0DD0481E85B245
:10B39000944602EB81005CF8041BCEF80010844553
:10B3A000F9D1043202EB850213F0030103D09B07AD
:10B3B00002D41378A35170BD0329138804BF927877
:10B3C00043EA0243F6E700BF83685BB1B3F1807FD5
:10B3D0000AD0B3F1007F09D0B3F1407F0CBF062043
:10B3E000002070470C2070470A20704708207047E3
:10B3F000034B186818B19968091A34F0E9BF70470F
:10B40000D028012038B504460D4602F10803AC42AD
:10B41000A3F1080000D138BD224643F8083C52F899
:10B42000081B914217D1626818460132F0F7D8FF25
:10B430000346D4E906013033626843F8342C43E90B
:10B440000801D4E9080194F8282003F8102C43E9F6
:10B4500006013034DBE7A26843F8081C1A60E8E70D
:10B4600070B5D0E900560446AE4207D1206818B145
:10B47000A168091A34F0ACFF204670BD28460BF0D5
:10B4800071FB2C35F0E700000A4B10B50446036051
:10B49000C06B18B1616C091A34F09AFFE06918B1F9
:10B4A000616A091A34F094FF04F11000FFF7D8FF25
:10B4B000204610BD304B050810B50446FFF7E4FFE9
:10B4C00020464C2134F084FF204610BD70B5D0E9F1
:10B4D00004562DED028B0446B54204D1BDEC028B1F
:10B4E0000023236370BD28469FED051AD4ED0B0A97
:10B4F00094ED0A0A00210BF05BFE2C35ECE700BF4F
:10B50000000000000430704782B08180090C817116
:10B5100002B070472DE9F04790F848305B072DEDF9
:10B52000028B04460E4622D500F13C0399421ED000
:10B53000D1E90085C76B436CA5EB0805A3EB070AAF
:10B54000554526D9284634F0C1FF2A464146814652
:10B55000F0F746FF1FB15146384634F039FF09EB8A
:10B560000503C4F83C906364E36B2B442364594F98
:10B570009FED598A0025D6E90023A1689B1A9B10EC
:10B580008B4228BF0B469D422BD3BDEC028BBDE8FE
:10B59000F087026CD21B95420CD8042D05DD2A469B
:10B5A000414638462BF070FFDEE7DDD1D8F8003099
:10B5B0003B60D9E7042A0FDD414638462BF064FF93
:10B5C000D4E90F3031687268C31A1944521A002A3C
:10B5D000CADDF0F705FFC7E704BFD8F800303B60CD
:10B5E000EEE702EB850393ED000A63794FEA8508E5
:10B5F000B3B1D4E904239B1A9B107B439D420FD225
:10B600002C2000FB0520B8EEC00A0BF0AFFAD4E9FD
:10B610000C32934298BF0133BDEEC00A98BF23633A
:10B62000D4E907135B1AB5EBE30F40D22379E800A6
:10B63000A3B1D4E90C239A4201D8637973B90A18EB
:10B6400010EE10CA53686345ACBF5360C2F804C023
:10B650000B586345D4BF0B5041F800C00B180A5873
:10B660005B689B1A981E4FF6FD7188421FD8A1791E
:10B67000E9B907EE903AF8EEE77AB8EEC00A88EE3C
:10B68000277AD4ED0E7ADFED156A67EE277A07EE9A
:10B69000102A20EE270AB8EEC77ABDEEC00AE7EE00
:10B6A000276AB8EEC00A30EE660ABDEEC00A10EE98
:10B6B000101A0B4B32689942B8BF19460B4647F631
:10B6C000FF718B42D4BF42F8083042F808100135B0
:10B6D00051E700BFA38B2EBA00FF7F4700FEFF4655
:10B6E0000180FFFF00F00102002362F30703C0F3B3
:10B6F000400060F30F2382B023F47F0002B0704754
:10B700004278007840EA4200704710B5044600686D
:10B7100020B163683021594334F05AFE204610BDF1
:10B720002DE9F04F036A022B85B00E46934601D0F7
:10B73000202B0BD1D0E90432134314BF0123002383
:10B740008BF80030012005B0BDE8F08F012B01D04F
:10B75000102B63D1D6E901439C4214D09BF8002002
:10B76000002304F10801C4E906232372C4E900138D
:10B7700000220023C4E90823022384F828307368D8
:10B7800030337360DEE7D6F80080DFF89C90244AFF
:10B79000A4EB080A4FEA2A1309FB03F3934202D1F0
:10B7A000204835F09DF9012B2CBFDB180133934263
:10B7B00028BF1346302202FB03F5284634F086FEEC
:10B7C0009BF80010039600EB0A030746002203F1E2
:10B7D000080047F80A00C3E906125A601A720020EE
:10B7E00000210222C3E9080183F8282021463A46B5
:10B7F0004046FFF707FEB368CDF80480A3EB0803CB
:10B800001B11044609FB03F301A802933034FFF730
:10B810007CFF37602F447460B76093E7022092E7A3
:10B82000AAAAAA02281E0508ABAAAAAA2DE9F04FC7
:10B83000D0E901439C4285B006468B4616D00B6882
:10B8400004F10802D917226000222272C4E90631ED
:10B85000626000230022C4E90823022384F8283010
:10B8600043683033436005B0BDE8F08FD0F8008006
:10B87000DFF89890234AA4EB080A4FEA2A1309FB41
:10B8800003F3934202D1204835F02AF9012B2CBF53
:10B89000DB180133934228BF1346302202FB03F525
:10B8A000284634F013FEDBF80020039600EB0A0371
:10B8B000074603F1080147F80A10D0170021C3E931
:10B8C000062059601972002000210222C3E90801F4
:10B8D00083F8282021463A464046FFF793FDB36897
:10B8E000CDF80480A3EB08031B11044609FB03F306
:10B8F00001A802933034FFF708FF37602F447460CB
:10B90000B760B0E7AAAAAA02281E0508ABAAAAAA8D
:10B910000B68A3F52A63F7B505460C461646052BBA
:10B9200000F2A680DFE803F00319502980570B6A64
:10B93000012B40F09F80C06803681B699847D0E9DD
:10B940000045AC4201D1012027E054F8043B0193AB
:10B9500001A93046FFF76AFFF3E70B6A012B40F0BD
:10B960008980D0E90F45AC42EDD054F8043B0193F7
:10B9700001A93046FFF75AFFF5E70B6A022B03D106
:10B98000D1E9043213430AD195F848301B0706D594
:10B990002A1D31462046FFF7C3FE03B0F0BDD5E9AE
:10B9A000070300211B1ADFF8D0C0DB100A4647F658
:10B9B000FF779342ECD900EBC20E013140F83270B0
:10B9C000CEF804C0CAB2F4E70B6A022B01D1FFF72C
:10B9D0007DFD6A1DDDE7D1E90273002B4ADB826839
:10B9E000BA424FF000029A4144DBD1E9043247F6F3
:10B9F000FF7018184FF6FF7142F10002884272F191
:10BA0000000237D2226A102A07D1E96901EBC70187
:10BA100004313046FFF70AFF95E7202A2AD1EA6968
:10BA200002EBC70253608EE7D1E90213002B21DB42
:10BA300082688A424FF000029A411BDBD4E904324B
:10BA400047F6FF7018184FF6FF7742F10002B84230
:10BA500072F100020ED2226A102A03D1EB6903EBC5
:10BA6000C101D6E7202A05D1EA6942F831306AE7F8
:10BA7000002092E7022090E70180FFFF30B5074DDC
:10BA800000F108030A4647F6FF7412B900EBC10043
:10BA900030BD083343E90445013AF6E70180FFFF72
:10BAA0002DE9F74F05460C4651B1D0E9019BABEBB0
:10BAB0000903B1EBE30F06D84846FFF7DFFF6860E4
:10BAC00003B0BDE8F08FD0F800806FF07042A9EBB2
:10BAD0000803A2EBE301A1424FEAE30A02D21948AC
:10BAE00034F0FEFF54452CBF0AEB04070AEB0A07AB
:10BAF000974228BF1746FF003846019334F0E6FC12
:10BB0000019B064621461844FFF7B8FF32464346DC
:10BB100099450FD1B8F1000F04D0ABEB08014046B6
:10BB200034F056FC544406EBC4042E603E446C6072
:10BB3000AE60C5E793E80300083202E9030008336A
:10BB4000E6E700BF421E05082DE9F04F8BB01D4609
:10BB50009DF850B0664B9DF8546003600023C0E927
:10BB60000212C0E90433C0E90633C0E90833C0E972
:10BB70000F339DF858800371914643715D4A83717C
:10BB8000036343646BF300039DF85C70826266F3A9
:10BB900041034FF07C52C26268F382034FF4FA72A1
:10BBA000426367F3C303544A826304468A4680F8BB
:10BBB000483006B947B1BAF1000F00F08E80514607
:10BBC00004F11C00FFF76CFFBBF1000F00F0888050
:10BBD0004A4B9A4502D94A4834F082FFBAF1000F25
:10BBE00063D14FF0000AD346DA445B469A4564D1EC
:10BBF000D4E90412A3690993C4E904BA0023C4F880
:10BC000018A007A8CDE90712CDE904330693FFF782
:10BC100027FC04A8FFF724FC002D5AD0032300932F
:10BC20003849394B40F6A222284606F0BFF9002ECB
:10BC300051D0032300933549354B40F6A3222846C3
:10BC400006F0B4F9B9F1000F08D00123009331498F
:10BC5000314B4FF42A62284606F0A8F9B8F1000FDC
:10BC600032D0012300932D492D4B40F6A1222846C6
:10BC700006F09CF997B130262A4B2B49009640F6E6
:10BC8000A422284606F092F9284B2949009640F64E
:10BC9000A522284606F08AF90023A3712046FFF763
:10BCA00015FC20460BB0BDE8F08F2C2303FB0AFAED
:10BCB000504634F00BFC834696E7184603930AF08F
:10BCC0004DFF039B2C3391E7002FE7D0002DE5D0EB
:10BCD000D1E7002EB6D12671B4E7BBF1000F80D1B9
:10BCE00084F805B0002EF6D0002DA2D1AAE700BF3F
:10BCF000304B05088FC2F53C6666863F2EBAE802D7
:10BD00005C1E0508A41E05088D1E0508B71E050843
:10BD1000AB1E0508D62F0508BF1E0508E31E050843
:10BD2000D41E0508EA1E0508051F0508091F050899
:10BD3000241F050800207047052070471030704709
:10BD4000084B10B5044640F8083B0DF019F9064BB6
:10BD500023601C33A3600023C4E90433A36120469D
:10BD600010BD00BF8C4B0508A44B0508084B10B54F
:10BD700003601C3304468360006918B1A169091A85
:10BD800034F026FB04F108000DF08CF9204610BDBC
:10BD9000A44B050838B50D4BC0E90031136883602A
:10BDA0005368C360044613B15A6801325A600025D3
:10BDB000C4E905552582E561042034F087FB031DA5
:10BDC00020620560A3626362204638BDF04B05081F
:10BDD00070B5D0E905560446AE4207D1A06850B10F
:10BDE00004F11401BDE8704008F004BE55F8040BDE
:10BDF00001F0B2FBF0E770BD38B5D0E90545AC42C3
:10BE000000D138BD54F8040B01F0D4FDF7E770B54C
:10BE1000D0E905450E46AC4200D170BD54F8040B84
:10BE2000314601F08BF9F6E738B5D0E90545AC426B
:10BE300000D138BD54F8040B01F09AF9F7E738B592
:10BE4000D0E90545AC4200D138BD54F8040B01F0EF
:10BE50009EF9F7E738B5D0E90545AC4200D138BDC9
:10BE600054F8040B002101F099F8F6E738B5D0E951
:10BE700005452DED028BB0EE408AAC4202D1BDECFF
:10BE8000028B38BD54F8040BB0EE480A01F024FED2
:10BE9000F3E710B50446006810B103685B68984783
:10BEA000204610BD2DE9F04F4B1EDBB2012B85B0B3
:10BEB00004460F4600F2A0800026258AAF422BDB05
:10BEC0006FF06048AF4248DC6368D4F820800022FD
:10BED0009A70A36AA3EB0809B5EBA90F18D9AD00B6
:10BEE0002846666A34F0F2FAA6EB080607461EB149
:10BEF00032464146F0F774FAB8F1000F03D04946D4
:10BF0000404634F065FA3E4427622F446662A762D9
:10BF1000012005B0BDE8F08F6369D4F81880013DB9
:10BF2000EDB203EB85031A1D904512D1A0690438C8
:10BF3000A061FFF7AEFF238A013B2382BDE71868AB
:10BF40005A685E6045F8042C10B103685B68984736
:10BF50002B461D1D4545F2D1E8E74FF41470666885
:10BF600034F0B4FA05F15801C9B23246824602F003
:10BF700093F8D4E906518D420CD045F804ABA56185
:10BF8000002303A80393FFF784FF258A0135ADB290
:10BF9000258297E76369A5EB0309B8EBA90F4FEA80
:10BFA000A90602D1154834F09BFD012E2CBFB6190D
:10BFB0000136464528BF4646B6003046CDE9001357
:10BFC00034F084FA019B40F809A0009983461A4690
:10BFD00095420CD10435ED1A5D441BB1C91A1846BF
:10BFE00034F0F6F95E44C4E905B5E661C8E752F8F5
:10BFF00004CB40F804CBEBE700208AE7281E0508B5
:10C00000F8B5D0E90567BE42044607D03546284654
:10C010000435FFF73EFFAF42F9D1A661002323822A
:10C02000F8BD000070B5174B03600446FFF7E8FF4A
:10C03000206A18B1A16A091A34F0CAF9D4E9055680
:10C04000AE4219D1606918B1E169091A34F0C0F93A
:10C05000E5687DB16B68013B6B605BB92B68284676
:10C060009B689847AB68013BAB601BB92B682846BF
:10C07000DB689847204670BD2846FFF70AFF043565
:10C08000DEE700BFF04B050810B50446FFF7CAFF16
:10C0900020462C2134F09CF9204610BD2DE9F843B0
:10C0A000D0E900846FF06043A4EB0804B3EBA40F65
:10C0B000074689464FEAA40002D1144834F010FD27
:10C0C00001282CBF00180130984228BF184686006E
:10C0D000304634F0FBF9D9F80030035105461CB165
:10C0E00022464146F0F77CF904342C44B8F1000FA5
:10C0F00005D0B9684046A1EB080134F069F9C7E9F9
:10C1000000543544BD60BDE8F88300BF281E050813
:10C11000D0E90832934273B5044618BF4362002544
:10C12000D4E905239B1AB5EBA30F03D304F1200038
:10C1300002B070BD52F8250000F02AFF80B10368FC
:10C140001B69984760B1636953F8250001F02EF828
:10C15000D4E909329342019004D043F8040B63629E
:10C160000135DDE701A904F12000FFF797FFF7E7AC
:10C170000120704700207047808B70477047062071
:10C18000704703207047704770477047704708300A
:10C19000704784B030B504AC84E80E0000F10805A7
:10C1A0000FCC0FC50FCC0FC50FCC0FC594E8030003
:10C1B00085E80300BDE8304004B0704703207047B5
:10C1C00003207047032070470720704707207047FF
:10C1D00001207047034A034692E8030083E8030006
:10C1E00018467047B4010010A1F11C01F2E7A1F15B
:10C1F0001001EFE7024B187880F00100704700BF94
:10C20000E52F0120034A034692E8030083E8030078
:10C210001846704770000010A1F10801FFF7F2BF47
:10C22000C1F30E0121B9B0F8B210A0F8B4107047F4
:10C23000B0F8B030A0F8B230F7E77F29B7EE007A57
:10C2400015DD7F23C0F8443207EE903AD0ED936AB3
:10C25000B8EEE76A002BC6EE267AF0EEE77A77EEC4
:10C26000877A01DAC7EE277AC0ED927A70476FF0CD
:10C270007E038B42B8BF0B46C0F844320029E3D19D
:10C28000F0EE477AF0E77047C06810B103685B686A
:10C2900018477047002070477047C3680C301B6810
:10C2A000184710B51021044634F092F8204610BD0E
:10C2B00008B5FFF7F6FF08BD10B51821044634F0A5
:10C2C00087F8204610BD182134F082B8094B10B50C
:10C2D00003F15C020360026103F19002E833C3637F
:10C2E000054BC261044600221A701BF0B5FE2046C1
:10C2F00010BD00BF50550508E52F0120A0F11C001E
:10C30000E4E7A0F11000E1E7A0F13C00DEE700BFA8
:10C3100010B50446FFF7DAFF20464FF4B87134F049
:10C3200057F8204610BDA0F13C00F1E7A0F11C0039
:10C33000EEE7A0F11000EBE7114B03F1740210B52A
:10C34000026103F18C02826103F1C002426203F5D3
:10C350008C72426403F5A672C0F8842003F5B072B3
:10C360000360C0F8882003F5BC7203F5C673044669
:10C37000C0F8C020C0F8C43024F040FC204610BDF6
:10C3800018530508A0F11000D6E7A0F11800D3E774
:10C39000A0F12400D0E7A0F14400CDE7A0F1840093
:10C3A000CAE7A0F18800C7E7A0F1C000C4E7A0F188
:10C3B000C400C1E710B50446FFF7BEFF20464FF4A6
:10C3C0004A7134F005F8204610BDA0F11000F1E7E5
:10C3D000A0F11800EEE7A0F12400EBE7A0F1440083
:10C3E000E8E7A0F18400E5E7A0F18800E2E7A0F12A
:10C3F000C000DFE7A0F1C400DCE70000114B03F14F
:10C40000740210B5026103F18C02826103F1C00273
:10C41000426203F58C72426403F5A672C0F8842070
:10C4200003F5B0720360C0F8882003F5BC7203F511
:10C43000C6730446C0F8C020C0F8C43024F0DEFB48
:10C44000204610BD78510508A0F11000D6E7A0F1F4
:10C450001800D3E7A0F12400D0E7A0F14400CDE715
:10C46000A0F18400CAE7A0F18800C7E7A0F1C000EE
:10C47000C4E7A0F1C400C1E710B50446FFF7BEFF52
:10C4800020464FF44A7133F0A3FF204610BDA0F1BF
:10C490001000F1E7A0F11800EEE7A0F12400EBE7AF
:10C4A000A0F14400E8E7A0F18400E5E7A0F18800EE
:10C4B000E2E7A0F1C000DFE7A0F1C400DCE7000084
:10C4C000074B994210B50446084602D104F10C000E
:10C4D00010BD044934F0CAF80028F7D1F8E700BFCE
:10C4E00084560508584C050810B504467AB10A6808
:10C4F000C36E9A420BD10A7990F870309A4206D1F5
:10C50000C06D03689B699847002384F8683010BDAC
:10C51000A0F12800FFF7E8BF08B578B1084B9842B2
:10C5200006D9084B984201D934F0D4FA34F0CFFA46
:10C5300030235843BDE8084033F0C8BF08BD00BFF2
:10C54000AAAAAA02555555051AB1012A04D00020FD
:10C550007047024B0360FAE70160F8E7CC5005082A
:10C560001AB1012A04D000207047024B0360FAE799
:10C570000160F8E7745005081AB1012A04D00020C0
:10C580007047024B0360FAE70160F8E724500508A2
:10C590001AB1012A04D000207047024B0360FAE769
:10C5A0000160F8E7CC4F05081AB1012A04D0002039
:10C5B0007047024B0360FAE70160F8E77C4F05081B
:10C5C0001AB1012A04D000207047024B0360FAE739
:10C5D0000160F8E7244F05081AB1012A04D00020B1
:10C5E0007047024B0360FAE70160F8E7C44E0508A4
:10C5F0001AB1012A04D000207047024B0360FAE709
:10C600000160F8E7744E05081AB1012A04D0002031
:10C610007047024B0360FAE70160F8E71C4E05081B
:10C620001AB1012A04D000207047024B0360FAE7D8
:10C630000160F8E7C84D05082AB1012A06D0022A90
:10C6400005D10B6800E0034B036000E001600020AF
:10C65000704700BF704D0508036818471AB1012ADA
:10C6600004D000207047024B0360FAE70160F8E74E
:10C67000604D050810B5B82033F028FF01210446AD
:10C680001FF0F4FB0A4B236003F15C02226103F10B
:10C690007402A26103F1A802626203F1CC0203F505
:10C6A0009273A364034BA26201221A70204610BD4C
:10C6B000B4910508EA2F012010B54FF4867033F0CD
:10C6C00005FF0121044627F0DFFC0B4B236003F13B
:10C6D0006402226103F17C02A26103F1B002626292
:10C6E00003F1D40203F59673A364044BA262012202
:10C6F0001A70204610BD00BF849D0508053001203A
:10C7000010B5CC2033F0E2FE012104461DF0C8FD37
:10C710000A4B236003F16802226103F18002A261E7
:10C7200003F1B402626203F1D80203F59873A364C3
:10C73000034BA26201221A70204610BDFC8B050833
:10C74000E82F012013B54FF44A7033F0BFFE0121EA
:10C75000044616480CF098FD0223009390E80C0064
:10C760001249204624F062FF114B236003F174024A
:10C77000226103F18C02A26103F1C002626203F53F
:10C780008C72626403F5A672C4F8842003F5B0725B
:10C79000C4F88820204603F5BC7203F5C673C4F8BC
:10C7A000C020C4F8C43002B010BD00BF8C2E0120E0
:10C7B0001853050810B5B82033F088FE0021044650
:10C7C0001FF054FB0A4B236003F15C02226103F16A
:10C7D0007402A26103F1A802626203F1CC0203F5C4
:10C7E0009273A364034BA26201221A70204610BD0B
:10C7F00078900508EB2F012010B54FF4B87033F096
:10C8000065FE002104461CF063F8074B236003F12A
:10C810005C02226103F19002E833E363034BE261BF
:10C8200001221A70204610BD50550508E52F012041
:10C8300010B54FF4867033F049FE0021044627F00E
:10C8400023FC0B4B236003F16402226103F17C02A1
:10C85000A26103F1B002626203F1D40203F59673A0
:10C86000A364044BA26201221A70204610BD00BFCF
:10C87000409C05080630012010B5CC2033F026FE80
:10C88000002104461DF00CFD0A4B236003F16802F1
:10C89000226103F18002A26103F1B402626203F13A
:10C8A000D80203F59873A364034BA26201221A70A5
:10C8B000204610BDB48A0508E92F012010B5482094
:10C8C00033F004FE04461AF0FFFF204610BD0000BE
:10C8D00013B54FF44A7033F0F9FD002104461648B1
:10C8E0000CF0D2FC0123009390E80C001249204682
:10C8F00024F09CFE114B236003F17402226103F1CA
:10C900008C02A26103F1C002626203F58C72626460
:10C9100003F5A672C4F8842003F5B072C4F8882029
:10C92000204603F5BC7203F5C673C4F8C020C4F8F2
:10C93000C43002B010BD00BF8C2E01207851050814
:10C9400002686FF000439A4210B502D30B4834F0EE
:10C95000C7F88A4208D9B2EB410F4FEA410403D22B
:10C960009C4203D204602246501C02E0044A02604A
:10C970001846BDE8104033F0A9BD00BF281F0508C8
:10C98000FEFFFF7F034653F8082B9A4204D08168CC
:10C990001046013133F01CBD70472DE9F8430646BF
:10C9A000894600F1080502F1080400274E45A4F16C
:10C9B000080001D1BDE8F88344F8084C55F8083C5C
:10C9C000AB42A84621D155F8042C29460132204615
:10C9D000EFF706FD303458F8043C44F8343CD5E910
:10C9E0000423303545E90E8705F8307C44E90823F7
:10C9F00055E9062344E9062315F8103C04F8103CD9
:10CA00003046FFF7BFFF3036D0E744F8083C2B68CC
:10CA10002360DFE74368013B10B50446436063B918
:10CA200003689B689847A368013BA3602BB9236800
:10CA30002046DB68BDE81040184710BD38B50B68CC
:10CA40004C6883600546C068844207D014B16368AF
:10CA50000133636008B1FFF7DDFFEC6038BD836828
:10CA600010B5044613B1032201469847204610BD75
:10CA7000012A02D10B78037070470AB1EFF7B0BCFE
:10CA8000704700002DE9F34100F10805044688468F
:10CA9000056011B9104834F020F80846EFF750FD52
:10CAA0000F280746019014D9002101A8FFF748FF7D
:10CAB000019E20600546A6603A4628464146FFF79B
:10CAC000D7FF23686660002220469A5502B0BDE871
:10CAD000F0810646F0E700BF401F050813B5044982
:10CAE00001AA0446FFF7CEFF204602B010BD00BFEA
:10CAF000721F0508A1F11C01F0E700BF13B504493E
:10CB000001AA0446FFF7BEFF204602B010BD00BFD9
:10CB10008F1F0508A1F12401F0E700BF13B50449F8
:10CB200001AA0446FFF7AEFF204602B010BD00BFC9
:10CB3000A11F0508A1F10801F0E700BF2DE9F047AA
:10CB400081EAE174A4EBE1748946B4B00646234659
:10CB5000012542F20F7142F21072092B02D9632BA8
:10CB600042D8013505EBD978002306F10807B8F162
:10CB70000F0F376073603372CDF8048010D90F2126
:10CB800001A8FFF7DDFE394601228246FFF770FF5C
:10CB90003046FFF7F7FE019BC6F800A0B36057468A
:10CBA0002D233B70C9221F4907EBD97701A8EFF766
:10CBB00017FC3D446422632C23D8092C85BF34AB79
:10CBC00003EB4404303414F8CB3C84BF14F8CC4C51
:10CBD0007B703C703368C6F804800022304603F84E
:10CBE000082034B0BDE8F087B3F57A7F01D2023572
:10CBF000B8E78B4201D80335B4E70435B3FBF2F351
:10CC0000ABE7B4FBF2F102FB11430C4634A901EB94
:10CC1000430313F8CB1C13F8CC3C05F8011C05F8B2
:10CC2000023DC8E7AA1F05082DE9F34703464568FA
:10CC300053F8089B9945884614BF81680F21AF18A7
:10CC40008F42044616460CD822B1414609EB050036
:10CC5000FFF70EFF236867600022DA5502B0BDE8D7
:10CC6000F08701A80197FFF76BFE8246ADB12A4617
:10CC70004946FFF7FDFEB8F1000F06D02EB132464F
:10CC800041460AEB0500FFF7F3FE2046FFF77AFE68
:10CC9000019BC4F800A0A360DCE7B8F1000FF4D05A
:10CCA000EDE7000038B5044608460D46EFF748FCAE
:10CCB0006368C3F1FF4303F5FF0303F5FF437E33CE
:10CCC0009842024602D9044833F00AFF294620461A
:10CCD000BDE83840FFF7A8BF732005080B4B70B5BF
:10CCE0000360002304468360182033F0EFFB012328
:10CCF0000546C0E90133064B45F80C3B064628467D
:10CD000008F018FFC4E90256204670BD7463050898
:10CD10005456050810B5102033F0D8FB0446FFF731
:10CD2000DDFF204610BD0000F7B500F10804032523
:10CD300020465D4B5D490095002205F037F92046FD
:10CD40005B4B5C4900950122012605F02FF9204636
:10CD5000594B5A490095022205F028F92A462046E7
:10CD6000574B5849009605F021F92046564B574934
:10CD70000095042205F01AF92046554B55490095B7
:10CD8000052205F013F92046534B5449009506221D
:10CD900005F00CF92046524B52490095162205F039
:10CDA00005F90B272046504B50490095172205F0F6
:10CDB000FDF820464E4B4F490097072205F0F6F844
:10CDC00020464D4B4D490097082205F0EFF82046CC
:10CDD0004B4B4C490096092205F0E8F820464A4B97
:10CDE0004A4900950A2205F0E1F83A462046484BA8
:10CDF0004849009505F0DAF82046474B4749009529
:10CE00000C2205F0D3F82046454B464900960D22EA
:10CE100005F0CCF82046444B444900960E2205F01C
:10CE2000C5F82046424B434900960F2205F0BEF854
:10CE30002046414B41490096102205F0B7F82123C6
:10CE4000009320463E4B3F49112205F0AFF82046A3
:10CE50003D4B3E490095142205F0A8F820463C4B76
:10CE60003C490096122205F0A1F820463A4B3B4976
:10CE70000096132205F09AF82046394B394900965E
:10CE8000152205F093F82046374B384900951822B3
:10CE900005F08CF8364B374900961922204605F0EC
:10CEA00085F803B0F0BD00BF882005089F20050865
:10CEB000A5200508BB200508C3200508D5200508C6
:10CEC000DC200508E6200508EE200508FA20050804
:10CED0000121050816210508212105083B21050827
:10CEE00046210508622105086F2105088A210508E9
:10CEF00096210508B0210508B8210508D7210508A5
:10CF0000DF210508683C0508F02105080522050811
:10CF10000E2205082D2205083B2205087A22050865
:10CF2000822205088E22050898220508A6220508F7
:10CF3000AD220508B8220508BF220508CA22050847
:10CF4000D3220508042305080E2305083823050805
:10CF500049230508702305087C230508A323050839
:10CF6000AF230508C4230508C82305080F240508B6
:10CF7000FB2305081424050810B50446C06D03689A
:10CF8000DB6A984710B994F8590010BDFF20FCE700
:10CF9000C06D10B103685B6A184770474FF07C534F
:10CFA00010B5C0F88C304FF07A53C0F890300C4672
:10CFB000FFF7EEFF28B1036821465B6ABDE8104029
:10CFC000184710BD30B5C56D85B00446012128460F
:10CFD00024F0F2F92B6828465B6D9847B4F80A31C3
:10CFE000A4F8983004F1A00393E807008DE8070047
:10CFF000943494E80E00284621F07DFB2846002258
:10D00000012121F0A7FD05F1880005B0BDE8304001
:10D0100010F044BA07EE901AF8EE677AF8B580F887
:10D020003C22044680F83D1217EE900A1546EFF7B1
:10D0300057FC0E4B0022EFF7F5FA07EE905AF8EE88
:10D04000677A064617EE900A0F46EFF749FC074B42
:10D050000022EFF7E7FA02460B4630463946EFF773
:10D06000C1FDEFF78DFFC4F84002F8BD0000F03FAE
:10D07000D0B504462DED028BB0EE408A3AB947F6A2
:10D08000FF7342600360BDEC028B2046D0BD07EE0B
:10D09000902ADFED136AF8EE677A86EEA77A27EE1C
:10D0A000007ABDEEC77A80ED007A17EE900AEFF7AE
:10D0B00017FC02460B4600204FF08041EFF792FD2F
:10D0C000064618EE100A0F46EFF70AFC02460B461A
:10D0D00030463946EFF75CFCEFF752FF6060D2E76D
:10D0E00000FF7F47D0B5044609B30B6808469B692B
:10D0F000984710EE100AEFF7F3FB0E4B0022EFF704
:10D1000047FC0646D4F840020F46EFF7E9FB0B4612
:10D11000024639463046EFF73BFCEFF731FF94F813
:10D12000143100EE100A0BB1B1EE400AD0BD9FEDF4
:10D13000020AFBE7008076400000000038B5054693
:10D14000C06D03680C461B690021984734B14FF04D
:10D150007C53C5F88C300023C5F89030E86D036827
:10D160002146DB6998476B6D84F001041C7038BD63
:10D1700010B50446C06D48B1036800211B6998478B
:10D18000E06D0368BDE810405B69184710BD4FF0C3
:10D190007C53C0F88C300023C0F89030C06D10B1C3
:10D1A00003689B6918477047CC307047DFED0C7AF5
:10D1B00090ED367A27EE277AB4EEE77AF1EE10FAA0
:10D1C00008DCDFED087AF4EEC77AF1EE10FAD8BF8A
:10D1D000F0EE477AFDEEE77A17EE900A704700BF4F
:10D1E0000000004F000000CFD0F8D43090ED487A16
:10D1F000B0F91E015B4207EE903AF8EEE77A424240
:10D2000067EE877AFDEEE77A17EE903A9A42B8BF5A
:10D210001A468342D8BF10467047000007EE901AA6
:10D22000DFED096A80F81C11F8EE677AB6EE007A35
:10D23000A7EEA67A01EB8103C3EBC303A0F81E316E
:10D2400080ED487A704700BF0AD7233C38B51446B2
:10D2500012780D461AB911B1184609F0A9FC2570CB
:10D2600038BD00000000000038B500232DED028B12
:10D270000446C0F8043119B9FFF7B6FFC4F8040139
:10D2800094F85C3183B307EE903A94ED347AD4F895
:10D290005831F8EE677A04F5DC7067EE877A94ED22
:10D2A0000D7A67EE877A07EE103AB8EEC70AF4EE09
:10D2B000C07AF1EE10FA0BDC5B4200EE103AB8EEE9
:10D2C000C00AB4EEE70AF1EE10FAD8BFB0EE670A72
:10D2D00009F04CFCD4ED417AF8EEE77A77EEC07AAB
:10D2E000FDEEE77AC4ED417A94F85E3183B307EE40
:10D2F000903A94ED337AD4F85831F8EE677A04F521
:10D30000047067EE877A94ED0E7A67EE877A07EEFF
:10D31000103AB8EEC70AF4EEC07AF1EE10FA0BDC60
:10D320005B4200EE103AB8EEC00AB4EEE70AF1EE46
:10D3300010FAD8BFB0EE670A09F018FCD4ED417AB4
:10D34000F8EEE77A77EEC07AFDEEE77AC4ED417A3F
:10D3500094F85D51002D75D0DFED417AD4ED348A1B
:10D360009FED407A68EEA78AB7EE008AF0EEE87A81
:10D37000F4EEC77AF1EE10FA1CD59FED3B7A67EE1A
:10D38000877A17EE900AEFF7ABFA384B0022EFF7E7
:10D3900047F92FA3D3E90023EFF7FAFAEFF7F0FDEF
:10D3A00000EE100A2FF074FB30EE080AB6EE008A89
:10D3B00020EE088AF5EEC08AF1EE10FA45DB012373
:10D3C00007EE905A07EE103AF8EE677AB8EEC77A91
:10D3D00067EE887A67EE877A17EE900AEFF780FAA1
:10D3E0001DA3D3E90023EFF7D3FA214B0022EFF777
:10D3F000CFFAEFF7C5FDD4F8583107EE103A07EE33
:10D40000900AB8EEC70A04F5F270F4EEC07AF1EEB5
:10D4100010FA0BDC5B4200EE103AB8EEC00AB4EE34
:10D42000E70AF1EE10FAD8BFB0EE670A09F09EFBEA
:10D43000D4ED417AF8EEE77A77EEC07AFDEEE77A3E
:10D44000C4ED417ABDEC028B38BD4FF0FF33B7E736
:10D45000182D4454FB210940666666666666E63F01
:10D460000000344200008045000080390000E03FA9
:10D470000000404010B52DED028B044682B0B0EEA6
:10D48000408A18220021CC302AF090F8B0EE480AE9
:10D49000B4F8B02084ED378A21466846FFF7E8FDEE
:10D4A000009BC4F8D430019BC4F8D8301822002166
:10D4B00004F1E4002AF07AF804F5B07009F078FB82
:10D4C00004F5C67002B0BDEC028BBDE8104009F057
:10D4D0006FBB70B500F1CC06044600F1E4050FCE39
:10D4E0002DED028B82B00FC596E80300B4F8B02092
:10D4F00085E80300214684ED370A6846B0EE408A8D
:10D50000FFF7B6FDD4ED3D7A009BC4F8D43038EE79
:10D51000678AD4ED557A019BC4F8D83028EE278A63
:10D5200004F5B070B0EE480A09F020FB84ED340A2F
:10D5300094ED3F0A04F5C67038EE400A09F016FB78
:10D54000D4ED557A84ED3F8A67EE807AC4ED337A64
:10D5500002B0BDEC028B70BD70B52DED028BC36DBA
:10D5600082B0044633B902B0BDEC028BBDE8704016
:10D5700010F00EBDFFF70CFD01462046FFF7B2FD8F
:10D58000B4F8B450B4F8B060B542B0EE408A0FD0F1
:10D590002A4621466846FFF76BFD009B002BB8BF6B
:10D5A0005B4247F6FE729342DCBFA4F8B0502E46B1
:10D5B0003246B0EE480A21466846FFF759FD009B07
:10D5C000002BB8BF5B42B3F5803F15DBE06D03680D
:10D5D0001B6A984798B1E06D03685B69984710F043
:10D5E000D7FC94F8683053B9012384F8683004F10B
:10D5F0006C0008F0EFFD02E0B3F5004F1BDB94F880
:10D60000243173B1E06D03681B6A984748B1002369
:10D6100084F824314FF07E53C4F88C300023C4F8D2
:10D620009030B0EE480A204602B0BDEC028BBDE857
:10D630007040FFF74EBF002384F86830DFE700003A
:10D6400008B507EE901A2DED028BF8EEE77A9FED04
:10D650000E8AD0ED920A87EE880AB5EEC00AF1EE86
:10D6600010FA0CD5B1EE400A2FF03AF920EE488AB4
:10D67000FDEEC87ABDEC028B17EE900A08BD2FF0C4
:10D680002FF920EE088AF3E700FEFF4690F80831F4
:10D69000DFED0B6A07EE903AF8EE677AB0F80A31E0
:10D6A00087EEA67A07EE903ADFED066A80ED447ABF
:10D6B000F8EE677A87EEA67A80ED437A704700BF6E
:10D6C00000007F4300FEFF4610B5A0F80A11FFF7E7
:10D6D000DDFFC06D0C4650B1054A0649002332F00B
:10D6E0007BFE20B12146BDE8104020F0B9BF10BD3F
:10D6F00098960508DC620508F8B5D0F8D430B3F583
:10D70000004F05464CDA13F5004F4BDC4FF0FF3469
:10D7100007EE904AB8EEE77AD5ED377A67EE277ACA
:10D7200017EE900AEFF7DCF80646B5F8B00007EE02
:10D73000900AF8EE677A0F4617EE900AEFF7D0F8E6
:10D74000194B0022EFF724F90B46024639463046C2
:10D75000EEF766FFEFF714FC95F81531D5ED466A44
:10D7600007EE103AB8EE477A07EE900A27EE267ACF
:10D77000634227EE277A07EE903AF8EEE77A0B4BF2
:10D7800067EE877AFDEEE77A17EE900A9842B8BF07
:10D79000184647F6FF739842A8BF184600B2F8BD76
:10D7A0000124B5E70020FAE70000E03F0180FFFF19
:10D7B000C0F800117047000070B5D0F80031002BA0
:10D7C000B8BF5B4247F6FE7293422DED028B0446D2
:10D7D0000E4601DD10F0E6FBD4ED927AD4F800118C
:10D7E000B7EE008AF4EE487AF1EE10FA03D0204644
:10D7F000FFF726FF014607EE901A94ED447AD4F81D
:10D800000431F8EEE77A204667EE877AFDEEE77A94
:10D8100017EE905A1D44FFF76FFF431907EE903A39
:10D8200094ED436AB4F8B620B4F80A31F8EEE77A1A
:10D8300067EE867AFDEEE77A17EE900A002A53D05B
:10D840000028B7EE007AFFEE007AC8BFF0EE477A04
:10D8500007EE102AD4ED346ADFED545AB8EE477A59
:10D8600096EEA77A07EE902AF8EEE77AC5EEA76A59
:10D87000D4ED307A27EE267AD4ED316A67EE277A36
:10D88000E6EE276A07EE903AF8EEE77AF4EEE76AFA
:10D89000F1EE10FA08DCDFED467AF4EEE67AF1EE0E
:10D8A00010FAD8BFF0EE667AD4ED2F6AC4ED317A63
:10D8B000E6EE877A002807EE100AB8EEC77A5BDD3D
:10D8C000F4EEC77AF1EE10FA65DCDFED396AF4EEBA
:10D8D000E76AF1EE10FAC8BFF0EE667A37EE677AC3
:10D8E000FDEEC77A17EE900AD4F8B820D4F8F810F5
:10D8F00032B15518854254DB8A1A9042B8BF10469F
:10D9000094F8682094ED247A002AB4EEC87A18BFFF
:10D910000020F1EE10FA13D507EE900AF8EEE77A40
:10D9200094ED236AD4ED556A67EE877AFDEEE77AC7
:10D9300017EE900AC6EE267A77EE877AC4ED247A3F
:10D9400094F8142102B140428342C4F8E0002ADB7B
:10D950005D428542B8BF054685EAE572441AA2EBEE
:10D96000E57218BF0124934201D110F01BFBBDECFE
:10D97000028B2046356070BDF5EEC07AF1EE10FAEC
:10D980000CD4F1EE677AB4EEE77AF1EE10FAC8BF84
:10D99000F0EE477AA2E7F0EE477A9FE7DFED047AF0
:10D9A0009CE72846ACE71D46D6E700BF00FEFF46D1
:10D9B0000000000013B501A90446FFF7FDFE68B1A1
:10D9C000E06D03681B6A984740B1E06DBDF9041033
:10D9D00003681B6902B0BDE81040184702B010BDD3
:10D9E00038B580F8521100EB8101D0ED557AB1F8CD
:10D9F000263100EE103AB8EEC00A044680EE270A3F
:10DA000000F5B07009F0BAFB94F8523104EB8303CF
:10DA100093F82801EEF752FF00222E4BEFF7E2F8C1
:10DA2000EFF7AEFA00EE100A04F5B07009F0BCFB97
:10DA300094F85231D4ED557A04EB830304F5C670A3
:10DA4000B3F8363100EE103AB8EEC00A80EE270A7D
:10DA500009F094FB94F8523104EB830393F83801F6
:10DA6000EEF72CFF00221B4BEFF7BCF8EFF788FA1C
:10DA700000EE100A04F5C67009F096FBB4F84631C2
:10DA8000D4ED557A00EE103AB8EEC00A04F5DC7019
:10DA900080EE270A09F072FBB4F84E3104F50470E9
:10DAA00000EE103AD4ED557AB8EEC00A80EE270A9F
:10DAB00009F064FBB4F84A3104F5F27000EE103A54
:10DAC000D4ED557AB8EEC00ABDE8384080EE270A9A
:10DAD00009F054BB0000594090F8521180ED550AEE
:10DAE000FFF77EBFC0F38513002263F3070200F047
:10DAF0003F0363F30F2282B0104602B07047034623
:10DB00009B0103F47C63C0F3052082B0184302B08C
:10DB1000704710B5828F0446806DFFF7F0FF014615
:10DB200010460FF087FDB4F8B610E08F0FF082FDBD
:10DB300094F8083194F81511B4F8420043EA012131
:10DB40000FF078FDB4F80A11B4F844000FF072FD3C
:10DB5000B4F8B01094F81431B4F84600C1F30E01D3
:10DB600041EAC33189B20FF065FD94F81C3194F895
:10DB70005C11B4F8480043EA01210FF05BFDB4F8F2
:10DB80005D11B4F84A000FF055FDB4F83C12B4F83A
:10DB90004C0049BA89B20FF04DFD94F85211B4F817
:10DBA0004E000FF047FD94F84412B4F85000BDE861
:10DBB00010400FF03FBD10B50446006808B1FEF7F5
:10DBC00029FF204610BD00001B4B10B503F12C02AD
:10DBD0000360843304468260836200F5047008F0B9
:10DBE000C1FF04F5F27008F0BDFF04F5DC7008F029
:10DBF000B9FF04F5C67008F0B5FF04F5B07008F081
:10DC0000B1FF04F17400FEF7BDFE04F16400FFF7FC
:10DC1000D2FFE06D10B103685B68984704F12800FB
:10DC200008F09EF904F1080004F002F920460BF018
:10DC300039FA204610BD00BFB8540508A0F108000D
:10DC4000FFF7C2BFA0F12800FFF7BEBF10B5044622
:10DC5000FFF7BAFF20464FF4147132F0B9FB2046AB
:10DC600010BDA0F12800FFF7F1BFA0F10800FFF7F9
:10DC7000EDBF0023C0E900338360704738B500234F
:10DC80000446C0E9003383600D46FFF7F2FF034B03
:10DC9000E360034B2560A360204638BD59C60108E8
:10DCA00039C6010873B50F2A05460E46019214467F
:10DCB00006D9002101A8FEF743FE019C2860AC6054
:10DCC0002868621C3146FEF7D3FE6C6002B070BD5E
:10DCD000826810B50AB932F00AFFBDE81040C36887
:10DCE000184700002DE9FF41036BD3E900320446D9
:10DCF0000F469A4203D1002384F859302CE09988CA
:10DD0000B94203F12803F4D1E06D0368DB6A984758
:10DD10000028F0D1236B84F85970D3E900680546D8
:10DD2000B04526D1102032F0D1FB0123C0E90133E8
:10DD3000204B03600023CDE90033236EC5600293BE
:10DD40002566636E606603A80393FFF734FF01A89E
:10DD5000FFF731FFE06D00BB2046FFF719F90146E0
:10DD60002046FFF7BFF9204604B0BDE8F041FFF7B9
:10DD700081BBB388BB420ED106F11800FFF7A8FFA4
:10DD800048B133690BB932F0B2FE736906F108008D
:10DD90009847054687802836C2E70368DB6A9847BC
:10DDA0000028D9D1E06D036804F160019B6A9847AF
:10DDB000D2E700BF70560508C36AD3E900322DE9E7
:10DDC000F04104460F469A4201D1BDE8F08199889E
:10DDD000B94203F12803F6D1F9F74CFCE36A0026B7
:10DDE000D3E9005812E0AB88BB420ED105F1180010
:10DDF000FFF76EFF48B12B690BB932F078FE6B6903
:10DE000005F108009847064687802835A845EAD1DD
:10DE1000E06DE66510B103685B689847E06D18B97E
:10DE2000BDE8F041F9F748BC84F858700368DB6A34
:10DE3000984728B9E06D036804F160019B6A984730
:10DE4000E06D40B10B4A0C49002332F0C5FA10B125
:10DE50002046FFF7B7F8FBF79DFB28B9636D5870B4
:10DE60002046FFF785F9DBE7E06D03689B6998477B
:10DE7000D6E700BF98960508DC62050830B585B086
:10DE800004460122808F69460FF008FC002800F04C
:10DE9000F380BDF80000FFF725FEA4F8580094F8C1
:10DEA00058102046FFF788FF94F859102046FFF7D6
:10DEB00019FFE08F012269460FF0F0FB002800F007
:10DEC000DE80BDF80030A4F8B630B4F8420001227C
:10DED0000DF102010FF0E2FB30B1BDF8023084F821
:10DEE00008311B0A84F81531B4F84400012201A955
:10DEF0000FF0D4FB20B1BDF804102046FFF7E4FB7F
:10DF0000B4F8460001220DF106010FF0C7FB58B12D
:10DF1000BDF80630C3F30E01DB0BA4F8B01084F893
:10DF200014312046FEF77CF9B4F84800012202A91A
:10DF30000FF0B4FB002800F0A580BDF808509DF854
:10DF400008102046FFF76AF904F5AE7204F5DC7399
:10DF5000290AFFF77BF9B4F84A00012202A90FF061
:10DF60009DFB90B19DF8081004F5F27304F25D1268
:10DF70002046FFF76BF9BDF8081004F5047304F5AB
:10DF8000AF72090A2046FFF761F9B4F84C0001228C
:10DF90000DF10A010FF082FB38B1BDF80A209DF89F
:10DFA0000A10120A2046FFF735F8B4F84E00012295
:10DFB00003A90FF073FB00284ED0BDF80C3084F895
:10DFC0005231DBB204EB8303D4ED557AB3F826313A
:10DFD00000EE103AB8EEC00A04F5B07080EE270AE1
:10DFE00009F0CCF894F8523104EB830393F828013C
:10DFF000EEF764FC0022274BEEF7F4FDEEF7C0FFCE
:10E0000000EE100A04F5B07009F0CEF894F8523121
:10E01000D4ED557A04EB830304F5C670B3F83631BA
:10E0200000EE103AB8EEC00A80EE270A09F0A6F812
:10E0300094F8523104EB830393F83801EEF73EFC79
:10E04000144B0022EEF7CEFDEEF79AFF00EE100A19
:10E0500004F5C67009F0A8F8B4F8500001220DF1DB
:10E060000E010FF01BFB98B19DF90E10204605B074
:10E07000BDE83040FEF7E1B80FF08AFF0FE70FF080
:10E0800087FF22E794F81C112046FFF7C7F862E7E4
:10E0900005B030BD000059402DE9F04F2DED028B49
:10E0A000044689B004F10807884691460AF068FFE3
:10E0B000D749002340F60122384603F011FB04F152
:10E0C000280007F0F1FED34B236003F12C028433C8
:10E0D000A362D14BE362D14B2363D14B6363D14B3A
:10E0E000A363D14BE36303F5403304332364CF4B85
:10E0F000636403F500230633A364A3F5FF33A3F59C
:10E10000FF730025E3644FF44373A4F85030A2601A
:10E1100084F8585084F85950102032F0D7F9064648
:10E12000FEF7DCFDC4E91765C149656601AA84F8FC
:10E13000685002A8FEF7A6FC1F23E3664FF0010A11
:10E1400004F17C03DDE90212636704F17400B94E47
:10E1500084F870A0FFF7A6FD02A8FEF713FC0FCE0F
:10E160004FF07E5B04F1940CC4F88CB0C4F890B00E
:10E17000ACE80F0096E803008CE80300AE49C4F851
:10E18000B8504FF46172C4E92C12AC4AC4F8BC20F8
:10E19000AB4AC4F8C0200023CC22C4F8AC30C4F889
:10E1A000C430C4F8CC30C4F8D030C4F8D830C4F887
:10E1B000DC30C4F8E430C4F8E830C4F8F030C4F817
:10E1C000F430C4F8D450C4F8E050C4F8EC50C4F8AB
:10E1D000F85084F8082141F28832A4F80A2147F661
:10E1E0000172A4F81421C4E94055964AC4F81821D4
:10E1F0007F22C4F8FC30C4F80C31C4F8103184F824
:10E200001C21C4F82031A4F81E5106F1080384F83B
:10E2100024A104F59372183653F8041B42F8041B2A
:10E22000B342F9D1884B04F59B7203F1100153F806
:10E23000040B42F8040B8B42F9D1844A9FED848A87
:10E2400094F82C0184ED558A3C23A4F846314FF014
:10E250001413C4E952231423A4F8503144F6206364
:10E260000025C4F858314FF0010A1E23A4F85C3190
:10E2700084F852A184F85E51EEF720FB0022754B22
:10E28000EEF7B0FCEEF77CFEB4F82A319FED721A7F
:10E2900000EE103AB8EEC00A00EE900A80EE080ACE
:10E2A000294604F5B07008F09FFF94F8526104EB22
:10E2B000860696F83801EEF701FB0022654BEEF773
:10E2C00091FCEEF75DFEB6F83631D4ED557A9FED50
:10E2D000621A00EE103AB8EEC00A00EE900A80EE24
:10E2E000270A294604F5C67008F07EFF94F8480115
:10E2F000EEF7E4FA0022574BEEF774FCEEF740FE1F
:10E30000B4F84631D4ED557A9FED531A00EE103A29
:10E31000B8EEC00A00EE900A80EE270A294604F5FE
:10E32000DC7008F061FF94F84C01EEF7C7FA0022A8
:10E33000484BEEF757FCEEF723FEB4F84A31D4ED24
:10E34000557A9FED451A00EE103AB8EEC00A00EE7D
:10E35000900A80EE270A294604F5F27008F044FF7F
:10E3600094F85001EEF7AAFA3A4B0022EEF73AFC85
:10E37000EEF706FEB4F84E31D4ED557A9FED361A1D
:10E3800000EE103AB8EEC00A00EE900A80EE270ABE
:10E39000294604F5047008F027FF304BA4F83C52DE
:10E3A000B8F1580FC4F840B2C4F84452C4F848B2A7
:10E3B000C4F84C3284F8C880C4F8549054D1284B27
:10E3C000E3622946384603F09FF9264B04F13C02EC
:10E3D00003F1100618685968154603C50833B3429F
:10E3E0002A46F7D118689B88106093802046FFF773
:10E3F00045FD384603F056FE2046FEF795FC2046C4
:10E40000FFF744F909B0BDEC028BBDE8F08F00BF07
:10E41000A51F0508B8540508D42B0120282F01207A
:10E42000E1E0E03D1AE7333C010304030203030388
:10E430001E24050890100508840384039A99993EC8
:10E440008FC2F53C0000C841B81005083700320003
:10E4500000007A44000059400000000000004842DB
:10E46000E8280120C8100508B8F1590F13D1144B42
:10E47000E3625146384603F047F9124B04F13C027F
:10E4800003F1100618685968154603C50833B342EE
:10E490002A46F7D1A6E7B8F15A0FA7D1022138468C
:10E4A00003F032F9084B04F13C0203F1100618683E
:10E4B0005968154603C50833B3422A46F7D191E798
:10E4C000DC280120DE100508F4100508D0E900035F
:10E4D0001B1A094810B51B11084C4343E01A884227
:10E4E00002D2104632F0FCFA8B422CBFD8185818D2
:10E4F000A04228BF204610BDABAAAAAAAAAAAA0277
:10E500002DE9FF47D0E901439C4205468A4615D0D4
:10E510000A88002304F10801C4E906232372C4E930
:10E52000001300220023C4E90823022384F82830C2
:10E5300043683033436004B0BDE8F0871D4A0121D1
:10E54000FFF7C4FFD5F800800746FDF7E5FFA4EB11
:10E55000080900EB09030646BAF8001003950022EB
:10E5600003F1080046F80900C3E906125A601A725E
:10E57000002000210222C3E9080183F82820214657
:10E5800032464046FEF709FAAB680B4ACDF80480E4
:10E59000A3EB08031B115343044601A80293FDF7A4
:10E5A000B4F830232E60303403FB07666C60AE6035
:10E5B000C1E700BF281E0508ABAAAAAA2DE9FF479C
:10E5C000D0E901439C4205468A4615D00A780023CB
:10E5D00004F10801C4E906232372C4E900130022F0
:10E5E0000023C4E90823022384F828304368303329
:10E5F000436004B0BDE8F0871D4A0121FFF766FFC4
:10E60000D5F800800746FDF787FFA4EB080900EB6B
:10E61000090306469AF800100395002203F108004A
:10E6200046F80900C3E906125A601A720020002158
:10E630000222C3E9080183F82820214632464046D9
:10E64000FEF7ABF9AB680B4ACDF80480A3EB0803E7
:10E650001B115343044601A80293FDF756F83023DB
:10E660002E60303403FB07666C60AE60C1E700BF0C
:10E67000281E0508ABAAAAAA2DE9FF47D0E9014345
:10E680009C4205468A4616D00B6804F10802D91749
:10E69000226000222272C4E9063162600023002257
:10E6A000C4E90823022384F82830436830334360E8
:10E6B00004B0BDE8F0871E4A0121FFF707FFD5F837
:10E6C00000800746FDF728FFA4EB080900EB0903CB
:10E6D0000646DAF80020039503F1080146F8091010
:10E6E000D0170021C3E906205960197200200021CB
:10E6F0000222C3E9080183F8282021463246404619
:10E70000FEF74BF9AB680B4ACDF80480A3EB080386
:10E710001B115343044601A80293FCF7F6FF302374
:10E720002E60303403FB07666C60AE60C0E700BF4C
:10E73000281E0508ABAAAAAA2DE9F04FD0E901537B
:10E740009D4285B004468B4617D0086832F0B4FA73
:10E7500005F108032B6000232B726B60002200235D
:10E76000C5E90823022385F8283063683033C5E9FA
:10E770000601636005B0BDE8F08F1F4A0121FFF775
:10E78000A5FED4F800900746FDF7C6FEA5EB090AE2
:10E7900000EB0A080646DBF80000039432F08CFA1E
:10E7A00008F1080346F80A300023C8F8043088F856
:10E7B000083000220023C8E908230223C8E9060123
:10E7C0003246294688F828304846FEF7E6F8A3681E
:10E7D0000A4ACDF80490A3EB09031B1153430546E5
:10E7E00001A80293FCF791FF30232660303503FB2C
:10E7F00007666560A660BDE7281E0508ABAAAAAA41
:10E800002DE9FF47D0E901439C4205468A4615D0D1
:10E810000A78002304F10801C4E906232372C4E93D
:10E82000001300220023C4E90823022384F82830BF
:10E8300043683033436004B0BDE8F0871D4A0121CE
:10E84000FFF744FED5F800800746FDF765FEA4EB10
:10E85000080900EB090306469AF800100395002208
:10E8600003F1080046F80900C3E906125A601A725B
:10E87000002000210222C3E9080183F82820214654
:10E8800032464046FEF789F8AB680B4ACDF8048063
:10E89000A3EB08031B115343044601A80293FCF7A2
:10E8A00034FF30232E60303403FB07666C60AE60AB
:10E8B000C1E700BF281E0508ABAAAAAA2DE9F04FA0
:10E8C000D0E901439C4285B005468B46914614D061
:10E8D00009881278002304F108002372C4E90003B8
:10E8E000C4E90613C4E90823062384F828306B68BA
:10E8F00030336B6005B0BDE8F08F1D4A0121FFF792
:10E90000E5FDD5F800800746FDF706FEA4EB080AF2
:10E9100000EB0A03064699F80010BBF800000395C7
:10E92000002203F1080C46F80AC0C3E90602C3E955
:10E9300008125A601A72062283F8282021463246AD
:10E940004046FEF72AF8AB680A4ACDF80480A3EBEC
:10E9500008031B115343044601A80293FCF7D5FE9C
:10E9600030232E60303403FB07666C60AE60C1E775
:10E97000281E0508ABAAAAAA2DE9FF47D0E9014342
:10E980009C4205468A4615D00A68002304F1080116
:10E99000C4E906232372C4E9001300220023C4E95A
:10E9A0000823022384F8283043683033436004B0DE
:10E9B000BDE8F0871D4A0121FFF788FDD5F80080EA
:10E9C0000746FDF7A9FDA4EB080900EB090306467D
:10E9D000DAF800100395002203F1080046F8090058
:10E9E000C3E906125A601A72002000210222C3E90C
:10E9F000080183F82820214632464046FDF7CDFF26
:10EA0000AB680B4ACDF80480A3EB08031B115343FA
:10EA1000044601A80293FCF778FE30232E603034C0
:10EA200003FB07666C60AE60C1E700BF281E0508E7
:10EA3000ABAAAAAA2DE9F843894602F1180400F10D
:10EA400018050026A5F118039945A4F1180702D16D
:10EA50003846BDE8F88355F8183C44F8183C35F8BA
:10EA6000143C24F8143C44E9046644F8086CA4F10E
:10EA70001000FFF7FEF855F8083C44F8046C6BB141
:10EA80000222A5F11001A4F11000984755F8043CAA
:10EA900044F8043C55F8083C44F8083CC7E90666CD
:10EAA0003E622046FFF7E5F8AB68E6603BB1022224
:10EAB000294620469847EB68E360AB68A36028349A
:10EAC0002835BFE7F8B517460D4A934205460E466E
:10EAD00002D90C4832F004F828245C436BB120467C
:10EAE00031F0F4FC02461444C5E90022AC6039461A
:10EAF0003046FFF79FFF6860F8BD1A46F3E700BF96
:10EB0000333333035C1E05082DE9F04FC9B002AC66
:10EB100000259E4E2660A580DFF81CA3DFF81C931D
:10EB2000069504A8CDE90455FFF7A3F89849C4F861
:10EB300014A0C4F8109008A8FFF7A0F8954BA362A2
:10EB40000123A3850EA8CDE90E551095FFF791F886
:10EB5000914BE363914B9249A36312A8FFF78EF8A0
:10EB6000DFF8DC82C4F850800423A4F8543018A8DD
:10EB7000CDE918558B4F1A95FFF77BF88A4B8B49D7
:10EB8000236667661CA8FFF779F8894BA3670523FE
:10EB9000A4F87C3022A8CDE922552495FFF769F826
:10EBA000844BC4F88C30844B8449C4F8883026A840
:10EBB000FFF764F84FF0070B814BC4F8A030A4F8BE
:10EBC000A4B02CA8CDE92C552E95FFF752F87D4A1C
:10EBD000C4F8B4207C4A7D49C4F8B02030A8FFF7BF
:10EBE0004DF87B4AC4F8C8200922A4F8CC2036A8E6
:10EBF000CDE936553895FFF73CF8764AC4F8DC2065
:10EC0000754A7649C4F8D8203AA8FFF737F8744A0D
:10EC1000C4F8F0200B22A4F8F42040A8CDE9405518
:10EC20004295FFF726F86F4AC4F804216E4A6F49EF
:10EC3000C4F8002144A8FFF721F86D4B6C489D6093
:10EC4000C3E9005548AA5B462146FFF73BFF0DF597
:10EC5000907BABF1280B0BF11800FDF700FF0BF1D7
:10EC6000080210460192FDF7FAFEA345019AF0D181
:10EC7000266000261046A680A660C2E90166FEF75F
:10EC8000F8FF4349C4E9049A0BF11800FEF7F6FFB8
:10EC9000584BA3620223A3850EA8CDE90E661096F9
:10ECA000FEF7E7FF544BE363544B5549A36312A8A7
:10ECB000FEF7E4FF0423A4F85430C4F8508018A8E9
:10ECC000CDE918661A96FEF7D4FF374B374923660D
:10ECD00067661CA8FEF7D2FF06254A4BA367A4F877
:10ECE0007C5022A8CDE922662496FEF7C2FF464B4F
:10ECF000C4F88C30454B4649C4F8883026A8FEF746
:10ED0000BDFF444BC4F8A0300823A4F8A4302CA8BD
:10ED1000CDE92C662E96FEF7ACFF3F4BC4F8B4301D
:10ED20003E4B3F49C4F8B03030A8FEF7A7FF3D4B3B
:10ED3000C4F8C8300C23A4F8CC3036A8CDE9366628
:10ED40003896FEF796FF384BC4F8DC30374B38491D
:10ED5000C4F8D8303AA8FEF791FF364B35489E608C
:10ED6000C3E900663EAA2B462146FFF7ABFE3EAD47
:10ED7000283D05F11800FDF772FE05F10800FDF7CA
:10ED80006EFEA542F4D149B0BDE8F08FB40000108A
:10ED900071C101080C020010D1C8010821C6010888
:10EDA00061DE0308BDC8010809C601084D750308E6
:10EDB000CC01001079C80108F1C5010861A1030860
:10EDC0002C02001031C80108D9C501085D3D0408B6
:10EDD000B4010010F9C70108C1C50108F5C1010857
:10EDE000E4010010B5C70108A9C5010805B803086A
:10EDF000E82801200402001045C7010891C5010858
:10EE00007DDE0308C401001001C7010879C50108AF
:10EE100071A1030824020010B9C6010861C50108E8
:10EE20006D3D0408DC01001075C6010849C50108E4
:10EE300015B80308DC28012015CD01085DC60108BE
:10EE4000A401001038B500F1080303600D46D1E9B4
:10EE500000120446FEF726FFD5E90623C4E906237F
:10EE6000D5E90823C4E9082395F8283084F8283028
:10EE7000204638BD2DE9FF47D0E901639E42044694
:10EE80008A4608D03046FFF7DDFF636830336360A1
:10EE900004B0BDE8F087154A0121FFF717FBD4F84D
:10EEA00000800746FDF738FBA6EB080905465146EA
:10EEB00048440394FFF7C6FF2A4631464046FDF713
:10EEC0006CFDA3680A4ACDF80480A3EB08031B116C
:10EED0005343064601A80293FCF717FC3023256034
:10EEE000303603FB07556660A560D1E7281E05088C
:10EEF000ABAAAAAA2DE9F04F0B68A7B004460E46AC
:10EF00001546192B00F2CC83DFE813F01A002C0011
:10EF10003D0050005400BB00C800F60098012202DA
:10EF20004F0260027402D0028302D402DA02DD02D0
:10EF30006103710350037B03DA00E8008D03B6031D
:10EF40000B6A012B05D100F585712846FFF7D8FA29
:10EF500004E0022B02D1098AFEF7B6FB012027B09C
:10EF6000BDE8F08F0B6A022B01D0202B04D1318A2F
:10EF70002046FDF755F9F1E7012B01D0102BEDD11B
:10EF800004F1B001E1E70B6A022B01D0202B03D181
:10EF9000336984F81531E1E7012B01D0102BDDD165
:10EFA00004F215112846FFF72BFCD7E70021FDF7E7
:10EFB000F5FFD3E7096A01294FD16E68AB6890F875
:10EFC00014A19E424FF000080DD006F10803C6E9D7
:10EFD0000038C6E906A886F8088000230022C6E9A2
:10EFE000082302238BE28D4A2846FFF76FFAD5F8F3
:10EFF00000900746FDF790FAA6EB090B00EB0B0318
:10F0000003F1080240F80B200446002100200222F0
:10F01000C3E9080183F8282031462246C3E906A83F
:10F02000C3F8048083F8088048461C95FDF7B5FCBA
:10F03000AB687B4ACDF86890A3EB09031B115343DF
:10F0400006461AA81B93FCF760FB30232C60303671
:10F0500003FB07446E60AC6080E702297FF47EAF5B
:10F06000D6E90423012A73F1000390ED370AACBFFF
:10F070000123002380F81431B1EE400AFEF7FAF9BB
:10F080006CE70B6A012B02D100F58E718AE7022B27
:10F090007FF464AF097CFEF7C1F85FE70B6A012BD0
:10F0A00002D100F5AE717DE7022B7FF457AF00F57A
:10F0B000DC7300F5AE72317C2046FEF7C7F84DE7F1
:10F0C0000B6A012B02D100F25D116BE7022B7FF47A
:10F0D00045AF00F5F27300F25D12ECE70B6A012B0D
:10F0E00002D100F5AF715DE7022B7FF437AF00F579
:10F0F000047300F5AF72DEE70B6A082B7BD1FDF7D6
:10F100003BFF236B474ED3E90048074618344FF0C6
:10F11000000A4FF0000BA4F1180398453FF41EAF0E
:10F1200054F8183C9B79022B04D0012B06D13E4B9E
:10F130001B781BB934F8143C9F4254D110AB0E938A
:10F1400000238DF8403034F8141C0F9302A80123DB
:10F150008DF86030CDE914ABCDE916ABFDF7EEFCD0
:10F16000DDE902120F9BF31A9A4202D92F4831F0BF
:10F17000B7FC0EA8FDF758FD02A8FDF703FC0EA88A
:10F180002B49FDF78FFD2046FEF7A2FD68BB34F842
:10F19000142C2849284B974218BF19460EA8FDF792
:10F1A00081FD23490EA8FDF77DFD54F8183C0EA8FB
:10F1B0001968FDF777FD2046FEF78AFDB8B10523F3
:10F1C0008DF8603034F8143C0022CDE9163254F842
:10F1D000183C9B88CDE9143228460EA9FFF74AFE59
:10F1E0000EA8FDF7CFFB283495E71249D6E7032395
:10F1F0008DF86030F0E7012B08D1FDF7BDFE8DF8EA
:10F2000068001AA92846FFF7D9F9A7E6022B7FF470
:10F21000A5AE097CFEF766FDA0E600BF281E050826
:10F22000ABAAAAAAFEFFFF7F082C012073200508C5
:10F23000F1290508C34A05087C4305080B6A082B19
:10F2400078D1C36A90F85870B04ED3E900484FF0B7
:10F25000000A18344FF0000BA4F1180398453FF44E
:10F260007DAE54F8183C9B79022B04D0012B06D1BB
:10F27000A74B1B781BB934F8143C9F4252D11CABEE
:10F280001A9300238DF8703034F8141C1B9308A8CF
:10F2900001238DF89030CDE920ABCDE922ABFDF70D
:10F2A0004DFCDDE908121B9BF31A9A423FF65EAF54
:10F2B0001AA8FDF7B9FC08A8FDF764FB1AA8954940
:10F2C000FDF7F0FC2046FEF703FD68BB34F8142C74
:10F2D0009149924B974218BF19461AA8FDF7E2FCD4
:10F2E0008C491AA8FDF7DEFC54F8183C1AA81968D6
:10F2F000FDF7D8FC2046FEF7EBFCB8B105238DF8EE
:10F30000903034F8143C0022CDE9223254F8183CF5
:10F310009B88CDE9203228461AA9FFF7ABFD1AA831
:10F32000FDF730FB283497E77B49D6E703238DF8B8
:10F330009030F0E7012B04D190F858308DF8683008
:10F340005FE7022B7FF40AAE097CFEF735FD05E688
:10F350000B6A012B11D1FDF71BFE70B12046FDF7A2
:10F3600017FE03685B69984794F8143153B91A90F3
:10F370001AA92846FFF780F9F0E5336A022B03D07B
:10F380000220ECE54042F2E72046FDF701FE0028AE
:10F39000F6D02046FDF7FCFD94F81421036831698E
:10F3A0005B6A02B149429847D8E50B6A022B01D04B
:10F3B000202B03D13369A4F8B630CFE5012B02D05E
:10F3C000102B7FF4CBAD04F1B601BEE50B6A022B26
:10F3D00001D0202B03D13369C4F8B830BEE5012B2E
:10F3E00002D0102B7FF4BAAD04F1B8012846FFF724
:10F3F000C3FAB3E50B6A012B02D100F58471D1E5A4
:10F40000022B7FF4ABAD0B6980F80831FEF73EF9B3
:10F41000A4E5D5E901639E420BD0D0F8EC3006F1AB
:10F420000802D91732600022C6E9063172603272D2
:10F43000D3E53B4A01212846FFF748F8D5F800906C
:10F440008046FDF769F8A6EB090AD4F8EC201C9574
:10F45000074600EB0A0303F1080147F80A10D0172A
:10F460000021C3E906205960197200200021022200
:10F47000C3E9080183F8282031463A464846FDF79B
:10F480008CFAAB68274ACDF86890A3EB09031B11EF
:10F49000534304461AA81B93FCF737F930232F6017
:10F4A000303403FB08776C60AF6057E5D0F8F83074
:10F4B0001A935DE700F1E8012846FFF73DF94DE5B5
:10F4C00000F1E401F8E7096A012963D16E68AB68CD
:10F4D00090F83D8290F83C729E4208F101084FF08E
:10F4E000000907F101071FD0C6E90689C6E90879B6
:10F4F00006F10803C6E9003986F80890062386F865
:10F5000028306B6830336B6028E500BFFEFFFF7F5B
:10F51000082C0120F1290508C34A05087C43050889
:10F52000281E0508ABAAAAAA5E4A2846FEF7CEFF07
:10F530002C680090FCF7F0FFA6EB040A00EB0A032E
:10F540000246002103F1080042F80A0059601972CE
:10F55000062183F82810C3E906893146C3E90879F2
:10F56000204601921C95FDF718FAAB684E491A9493
:10F570001B1B1B114B4306461AA81B93FCF7C5F82F
:10F58000019A00992A603023303603FB01226E6015
:10F59000AA60E3E420297FF4E1AC327A317C013ABD
:10F5A0000139D2B2C9B2FDF735FDD7E40B6A012BA0
:10F5B00002D100F5A971F5E4022B7FF4CFAC096903
:10F5C000032928BF0321C9B2FEF70AFAC6E40B6A71
:10F5D000012B7FF4C3AC90F8523100F593719B007E
:10F5E0009A1C0A4428461944FFF768F9B6E40B6AE6
:10F5F000012B7FF4B3AC90F8523100F59B719B0066
:10F60000EEE70B6A012B7FF4BBAE00231A93FDF7E4
:10F61000BFFC30B12046FDF7BBFC03689B6A9847EE
:10F620001A901AA9E2E60B6A022B01D0202B04D112
:10F6300031692046FCF701FE90E4012B02D0102B2B
:10F640007FF48CACD5E901639E4202D0D4F84432F9
:10F65000E5E6144A01212846FEF738FFD5F8009068
:10F660008046FCF759FFA6EB090AD4F844221C9502
:10F67000074600EB0A03EEE60B6A022B01D0202BB3
:10F6800006D1D6E90401EDF79BFDC4F84C0265E410
:10F69000012B02D0102B7FF461AC04F513710BE742
:10F6A00000205CE4281E0508ABAAAAAAA0F1080065
:10F6B000FFF720BC70B5D0E900560446AE4207D132
:10F6C000206818B1A168091A30F082FE204670BD8A
:10F6D00005F11800FDF7C3F905F10800FDF7BFF9C2
:10F6E0002835EBE7FFF710BA08B50348FFF7E2FF4C
:10F6F0000248FFF7DFFF08BDDC280120E8280120D1
:10F7000004207047C0897047074B10B5044640F885
:10F71000083B09F035FC054B23602033A360002330
:10F72000E381204610BD00BF8C4B0508C456050878
:10F7300010B5054B03602033044640F8083F09F03C
:10F74000B1FC204610BD00BFC4560508006A7047D2
:10F7500083695B680C2202FB013358687047007FA5
:10F760007047000010B5034B036004460DF02AFEFD
:10F77000204610BD4457050810B50446FFF7F2FFB8
:10F780002046082130F024FE204610BD07B5EFF3D7
:10F79000108308309BB9EFF3058383B901930DF013
:10F7A00027FE019B4BB14FF0E0234FF08052C3F88E
:10F7B000042DBFF34F8FBFF36F8F03B000BD002345
:10F7C00001A901930DF01CFEEBE7026A511C0162D6
:10F7D00012B903681B6918477047036A002BC4BF3E
:10F7E00003F1FF33036213B903685B69184770477D
:10F7F000836930B5D3E901240C2303FB04241346A9
:10F800009C4218460AD05D68A94203F10C03F7D167
:10F81000034B801A80105843C0B230BDFF20FBE775
:10F82000ABAAAAAA13B50446EFF310830830ABB90C
:10F83000EFF3058393B901930DF0ECFD00232377DB
:10F84000019B4BB14FF0E0234FF08052C3F8042DE1
:10F85000BFF34F8FBFF36F8F02B010BD002301A91C
:10F8600001930DF0E2FDE9E72DE9F04706460C466D
:10F8700009F086FB3046244B40F8083B0121234F1A
:10F880000DF0DCFD012106F110000DF0D7FDB46193
:10F89000D7E90148002344453377336205D044F863
:10F8A000046B7C603046BDE8F087D7F800906FF0BD
:10F8B0006043A4EB0904B3EBA40F4FEAA40502D103
:10F8C000134831F00DF9012D2CBF6D1901359D4202
:10F8D00028BF1D46AD00284630F0F8FD065182468F
:10F8E0001CB122464946ECF77BFD04345444B9F17F
:10F8F000000F04D0A8EB0901484630F069FD5544DB
:10F90000C7E900A4BD60CDE754570508F4280120DD
:10F91000281E0508134A38B5134B03600446D2E984
:10F9200000018142034609D00068844203F10400CB
:10F93000F7D181420FD1994218BF536004F11000F2
:10F94000FFF710FF04F10800FFF70CFF204609F055
:10F95000A9FB204638BD50F8045BAC4218BF43F801
:10F96000045BE6E7F4280120545705080A4B2DE90B
:10F97000F041D3E9005780460024AF4202D120462F
:10F98000BDE8F08155F8046B336830461B6E98472C
:10F99000404508BF3446F0E7F4280120034B1868BF
:10F9A00018B19968091A30F013BD7047F428012086
:10F9B000034A034692E8030083E8030018467047B1
:10F9C00078000010A1F12401F2E700BF0920704780
:10F9D00009207047C06C7047036890F84810DB6DD1
:10F9E000184790F848007047036810B59B6D0446AF
:10F9F0009847236801461B6B2046BDE81040184716
:10FA000010B40368DC690A46A446002310BC083120
:10FA10006047884208D1C16D21EA0201027FC165B9
:10FA200012B103681B6D18477047A0F14400FFF73F
:10FA3000F0BF884205D112F4FC3F02D003681B6D71
:10FA400018477047A0F14400FFF7F3BF036810B5F3
:10FA500001210446DB6B98470023E06C84F8653095
:10FA6000F0F7D0F8B0FA80F0400910BD036E80F8CE
:10FA700064100A461BB199881868F1F771B970478C
:10FA8000036810B5DB6B044600219847012384F816
:10FA90006530E06C48F27F41F0F714FA236894F87F
:10FAA00048101B6B20469847E06CF0F77DF8B0FAE1
:10FAB00080F0400910BDC16DC06CF0F729B98842D3
:10FAC00070B5044615460ED1EFF7BCFCE36DA06699
:10FAD00023EA0503E365237F2BB1236820461B6DD2
:10FAE000BDE87040184770BDA0F14400FFF7E7BFC4
:10FAF00073B516460A7A1D464B68C3679300436781
:10FB00004B7A5B00836704460B685ABB1946134661
:10FB1000C4E91B1394F8643023B123680021DB6B24
:10FB20002046984705B901ADE06CF0F715F948B9E2
:10FB3000EFF788FCA36EC01A142803D9E16DE06CBE
:10FB4000F0F7E6F8E06CF0F707F968B901232377DE
:10FB5000236814215B6D2046984728B92077002040
:10FB600002B070BD0021D3E7E06C2B46324604F1B1
:10FB70006C01F0F777F838B1237F002BEFD02368C2
:10FB800020461B6D9847EAE7E36D2A681343E36557
:10FB90000120E5E7436A13B55B6B044624309847C0
:10FBA000837973B901220DF10601C1200DF076FDB4
:10FBB00038B19DF80610236801F007011B6B204641
:10FBC000984702B010BD052970B504460D4624D8EB
:10FBD00080F848104FF0FF3110300DF009FCE06C58
:10FBE000F0F710F8E16DE06CF0F792F8A369E06CC3
:10FBF000197A5B68A94228BF29460C2251435A58FA
:10FC00000368DA61F0F7C4FAE06CEFF7CDFF04F1B6
:10FC10001000BDE870400DF0FDBB70BD436A10B52B
:10FC20005B6B044624309847837943B994F84810B5
:10FC3000C120BDE8104001F007010DF0FBBC10BD74
:10FC4000F8B500F1100706460D4638464FF0FF3173
:10FC50000DF0CEFBD6E914C3A3EB0C021B4BD21064
:10FC60005A43002318464FF0280E9A421AD90EFB29
:10FC700003F40CEB04014B69AB4224D100230B626B
:10FC8000F06CEFF7FBFE306D726D204400F128013F
:10FC9000914204D0521A282A09DD27F0F5FB736D32
:10FCA000283B73653846BDE8F8400DF0B3BBF6D18C
:10FCB0000D4604460FCD0FC40FCD0FC495E80300C9
:10FCC00084E80300EBE70130C3B2CEE7CDCCCCCC67
:10FCD00002686FF000439A4210B502D30B4830F02F
:10FCE000FFFE8A4208D9B2EB410F4FEA410403D22A
:10FCF0009C4203D204602246501C02E0044A026087
:10FD00001846BDE8104030F0E1BB00BF281F0508D1
:10FD1000FEFFFF7F1F4B2DE9F04103F184020360DA
:10FD20000025DC331C4E4262044643642827A84663
:10FD3000D4E91412531ADB105FFA85FC7343634550
:10FD4000E06C1FD88A4218BF6165EFF75BFF236E36
:10FD500023B1998818680122F1F702F8206D18B1D3
:10FD6000A16D091A30F034FB04F1440000F0B4FD39
:10FD700004F1240002F05CF82046FFF7CBFD20469A
:10FD8000BDE8F08107FB0C110135C1F82080EFF7C9
:10FD900075FECDE7F8570508CDCCCCCCA0F12400FA
:10FDA000FFF7B8BFA0F14400FFF7B4BF10B5044699
:10FDB000FFF7B0FF2046882130F00AFB204610BD37
:10FDC000A0F14400FFF7F2BFA0F12400FFF7EEBF5F
:10FDD00084B02DE9F04F8BB0064615A880E80E00E0
:10FDE0000B469DF8601008910021CDE90511012115
:10FDF00007911799003918BF012104919DF86110EE
:10FE0000002938D15B019BB25201CDE9003192B299
:10FE10000292039106F110004FF0FF310DF0E8FA65
:10FE2000D6E9141200270B469342184633D1059B9E
:10FE300003B90597F06C6946EFF720FE88B9D6E95B
:10FE4000154B5C4531D0EC46BCE80F0025460FC58C
:10FE5000BCE80F000FC59CE80300283485E80300C8
:10FE6000746506F110000DF0D5FA38460BB0BDE808
:10FE7000F04F04B07047C3F34F31DB0000919BB2E9
:10FE8000C2F34F31D20043F0040392B202910193C6
:10FE900042F00401BDE74069B84203F12803C3D131
:10FEA00001370E2FBFD10D27C1E7D6F850901E4B5A
:10FEB000A4EB0904E5105D431C4B9D4202D11C4894
:10FEC00030F00EFE012D2CBF6D1901359D4228BF6B
:10FED0001D4628235D43284630F0F8FAEC4600EB37
:10FEE000040E8046BCE80F00AEE80F00BCE80F002F
:10FEF000AEE80F009CE803008EE8030024B1224620
:10FF000049464046ECF76CFA28344444B9F1000FF6
:10FF100004D0ABEB0901484630F05AFA4544C6E933
:10FF20001484B5659DE700BFCDCCCCCC333333030F
:10FF3000281E050870B505460E460830286056F89C
:10FF4000083B9E420C460CD14A6831460132ECF720
:10FF500047FA63686B60002323722660636028465B
:10FF600070BD2B608B68AB60F3E773B50446083057
:10FF70002060D1E900650F2D019506D9002101A867
:10FF8000FFF7A6FE019D2060A5606A1C3146FCF7C4
:10FF90006FFD00220023C4E90623C4E9082320469C
:10FFA0000323656084F8283002B070BD13B500F1FA
:10FFB0002404204602F076F80B23009320460B4BD6
:10FFC0000B49002201F0F2FF202300932046094B49
:10FFD0000949012201F0EAFF032300930749084B76
:10FFE0000222204601F0E2FF02B010BD31240508D4
:10FFF000643705084F240508722405089124050874
:020000040802F0
:100000007724050870B504460E46114600221D46A9
:10001000FFF72AFC9DF810301A4940F6014204F11E
:10002000240001F05DFB04F1440000F0EBFB164BF3
:10003000236003F18402DC33144962626364204666
:10004000FFF7D6FB01220023A4F864200822C4E9AC
:100050001433C4E91633C4E91A33C4E91C3384F8F1
:100060004800A367E26784F8803084F88420204643
:10007000E664256608F0CAFF2046FFF797FF204692
:1000800070BD00BF95240508F857050820A107009A
:100090002DE9FF47D0E901439C420646894615D029
:1000A0000A78002304F10801C4E906232372C4E995
:1000B000001300220023C4E90823022384F8283017
:1000C00043683033436004B0BDE8F087D0F800A047
:1000D0002C4AA4EB0A073B1153432B4A934202D10B
:1000E0002A4830F0FDFC012B2CBFDB180133934272
:1000F00028BF1346302202FB03F5284630F0E6F90C
:1001000099F800100396C3198046002203F10800F5
:1001100048F80700C3E9061200200021C3E90801DE
:100120005A601A72022283F82820C1465746BC4200
:1001300009F1300910D1B368124ACDF804A0A3EB3D
:100140000A031B11534301A845440293FBF7DDFA50
:10015000C6E90089B560B6E73946A9F13000FFF776
:10016000E9FED7E9062349E90623D7E9082349E947
:10017000042397F8283009F8083C3846FCF702FCBD
:100180003037D4E7ABAAAAAAAAAAAA02281E050851
:100190002DE9F74FDDF8308047689B46A8EB020356
:1001A0003B44019303460C4653F808AB9A4518BFED
:1001B0008168054608BF0F2101A8A618FFF788FD32
:1001C000BF1B81461CB122465146FCF751FCBBF1D6
:1001D000000F08D0B8F1000F05D04246594609EB90
:1001E0000400FCF745FC3FB104EB08003A460AEB7B
:1001F00006014844FCF73CFC2846FCF7C3FB019B86
:10020000C5F80090AB6003B0BDE8F08F73B504464D
:100210002546406855F8083BAB4214BFA6680F2638
:100220001518B5420AD812B11844FCF721FC23680E
:100230006560002220465A5502B070BD00920B4600
:10024000002201462046FFF7A3FFF0E72DE9F04F1B
:100250000F68012FA1B004460E46154600F0188124
:10026000022F00F03381002F40F04A810B6A012BEE
:1002700008D100F148011046FFF70AFF012021B024
:10028000BDE8F08F022B04D10368097C1B6B9847F3
:10029000F4E7082BF2D1A3699A68FEB2B242EDD915
:1002A0005B680C2202FB0633D3F808800AAB089384
:1002B000B8F1000F02D1934830F00FFC4046ECF744
:1002C0003FF90F2883461A9019D900211AA8FFF781
:1002D000FFFCDDF868A00890CDF828A05A464146FA
:1002E000FCF7C6FB089BCDF824A0002203F80A20E7
:1002F000099A854B9A4205D1844830F0F1FB824639
:100300000AA8EBE70122824908A8FFF77FFF014610
:100310000EA8FFF70FFE314614A8FCF70FFCDDF81E
:1003200038B0DDF83C80159A149E10AB9B4514BF85
:10033000109B0F2308EB020A9A45734B05D916A9A7
:100340008E4202D016998A4524D9A3EB08039A421B
:10035000D2D831460EA8FFF759FF01461AA8FFF779
:10036000E9FDD5E901B39B4544D01AA95846FFF7EA
:10037000FCFD6B6830336B601AA8FCF703FB14A814
:10038000FCF700FB0EA8FCF7FDFA08A8FCF7FAFA48
:10039000013780E79B1A984501D95E48ADE75E4575
:1003A00002D8B3189B4506D9AAB9424659463046E9
:1003B000FCF75EFB07E0CDE900825B460022314698
:1003C00014A830F097FB149BCDF854A0002203F83A
:1003D0000A2014A9C2E7B8F1000FF4D0012A06EBF5
:1003E000080003D1337806F80830DEE7314627F0FD
:1003F0004BF8DAE7D5F800A04749ABEB0A06331112
:100400004B4346498B4201D1454876E7012B2CBF2F
:10041000DB1801338B4228BF0B4630214B43184673
:10042000039330F053F81AA9804630440795FFF73C
:100430009CFD4646D146CB4506F1300611D1AA684F
:100440003549CDF814A0A2EB0A0212114A4305A8BF
:100450000692FBF75AF9C5E90086039E4644AE6052
:100460008AE74946A6F13000FFF764FD99ED067B67
:1004700006ED067B99ED087B99F8282006F8082CF4
:10048000484606ED047BFCF77DFA09F13009D2E716
:100490000B6A202B34D190F8653013B903681B69BF
:1004A0009847204F0FCF1AAD0FC53B68306971696F
:1004B0002B601AAB03C3B3681C9394F884301D936C
:1004C00023681AA99B6920469847D7E60B6A022B36
:1004D00001D0202B0AD1336984F8843094F8843019
:1004E000082B28BF082384F88430C7E6012B01D0ED
:1004F000102BF3D104F184012846FFF7C9FDEDE785
:100500000020BCE6401F0508FEFFFF7F73200508A2
:10051000F129050899240508ABAAAAAAAAAAAA0241
:10052000281E05080C110508A0F12400FFF78EBE57
:1005300070B5541A0F2C05460E460BD96FF00043C8
:100540009C4202D3084830F0CBFA601C2FF0BEFF6B
:10055000AC602860224628683146FCF789FA2B688F
:100560006C6000221A5570BD281F0508024B182226
:1005700002FB00335868704708290120F8B504468B
:10058000054654F8086BB4420DD042680F2A0AD8C9
:100590008768013231462046FCF76AFA791C3046FA
:1005A0002FF016FF2C60F8BD2DE9F04786B0074606
:1005B0000C46F8F7F7FF18B9002006B0BDE8F08741
:1005C000F8F7F8FF0028F7D17B68002BF4D0374804
:1005D000DFF8E0804FF0FF3100EBC4000CF008FFC3
:1005E0002046F7F7DBFEBA88396880B2824228BF1E
:1005F00002462046F7F7B2FE98F80030064613B9D7
:100600002046F7F761FE7A68294D964244D2396850
:100610000DF1080A0A4468463144CDF800A01827B5
:10062000FFF786FF0099019A67435145E85905EBAA
:10063000070C19D10AB1FCF71BFA18236343E91818
:10064000019AEB584A6000219954009A00230193C3
:1006500068461370FCF796F90123E81988F8003012
:10066000FFF78CFFB0B2A8E707F108032B449842CC
:1006700001D1002001E0DCF8089018236343EC1856
:10068000E950029B6260A36018B10090CDF8089019
:10069000DBE7CDF800A0D8E7182254432A1900233D
:1006A00053602A5988F800301370DBE700290120D5
:1006B000082901202029012038B504461048114D91
:1006C00000EBC4000CF0A6FE0F4B1B783BB11820CA
:1006D00000FB0450436813B12146FFF765FF182360
:1006E0005C4304F108032A592B449A4205EB0400A9
:1006F00005D08368B3F5007F01D9FFF73FFF38BD10
:10070000002901200829012020290120084A08B5D4
:1007100002F108031360074AA3F108001146FFF72E
:1007200007FFBDE80840044801210CF087BE00BF68
:1007300008290120C52505080029012008B505481C
:10074000FFF710F80448FCF71DF90448FCF71AF904
:1007500008BD00BF002901208000001008290120E9
:1007600010B50A44914201D1184610BD11F8014B51
:100770005C40035DF6E710B50A44914201D118468A
:1007800010BD11F8014B84EA132430F8144084EAB8
:1007900003239BB2F1E710B50A44914201D11846F8
:1007A00010BD11F8014B84EA132430F8144064BAE8
:1007B00084EA03239BB2F0E770477047034B186845
:1007C00018B19968091A2FF003BE70472829012033
:1007D00010B5094C2368BFF35B8FDB0709D42046B3
:1007E000EEF79AFD28B1054824F030FF2046EEF7D9
:1007F000DBFD034810BD00BF24290120BD0702080E
:10080000282901202DE9F8431F4B03600746FFF715
:10081000DFFFD0E900830022A3EB08040546114660
:10082000A010884208D8AA6893420CD043F8047BF1
:100830006B603846BDE8F88358F821108F42F8D035
:100840000132D1B2EDE701282CBF001801304FEA88
:10085000800948462FF03AFE075106461CB1224651
:100860004146EBF7BDFD04343444B8F1000F05D028
:10087000A9684046A1EB08012FF0AAFDC5E9006474
:100880004E44AE60D5E700BF10590508F8B5D0E971
:1008900000420023161B0546B6101F469E4212D981
:1008A0004FEA830C04EB830054F823308B4210D1C1
:1008B000011D8A4204D0521A042A05DD26F0E4FD07
:1008C0006B68043B6B60F8BD04BF436844F80C30B0
:1008D000F6E70137FBB2E1E710B5054B03600446CC
:1008E000FFF776FF2146FFF7D1FF204610BD00BF7E
:1008F0001059050810B50446FFF7EEFF2046042105
:100900002FF066FD204610BD02686FF000439A424A
:1009100010B502D30B4830F0E3F88A4208D9B2EBA5
:10092000410F4FEA410403D29C4203D204602246A5
:10093000501C02E0044A02601846BDE810402FF047
:10094000C5BD00BF281F0508FEFFFF7F0B4670B521
:100950000C4653F8081B99420546006806D1A5428B
:100960000AD1226800236360137070BD05F1080688
:10097000B0420BD100200AE062680AB1FCF778F8B7
:1009800063682A686B600021D154EAE7AA6829608D
:1009900061686960A168A96010B12060A260E0E7A9
:1009A0002360DEE738B5B1F5006F094B036028BF5F
:1009B0004FF400610023C0E9023304464160103067
:1009C0000DF05AFB04F110000DF0B1FB204638BDCC
:1009D0004859050883682DE9F04104460E4617463C
:1009E00053B1EEF72FFDE368C01AA368984203D90C
:1009F00004F110000DF09BFB0023DFF860C01D46E2
:100A00003B203A689A4211D804F110000DF059FBCE
:100A10003A6890421BD9314604F110000DF054FBA6
:100A2000EEF710FDE0602846BDE8F081F15CA1F131
:100A30000A02D2B2162A03D93B2905D00133E0E7D6
:100A40004CFA02F2D207F9D4F0540125F6E71DB1B1
:100A500004F110000DF06BFB0025E4E7F6FFBFFF8B
:100A60008160704708B5D0E902329A4201D94068E6
:100A700008BD10300DF025FB20EAE070F8E71346C2
:100A80004268934210B507D20468D21AE018EBF717
:100A900057FC08B1001B10BD4FF0FF30FBE7000012
:100AA000F7B54C68A242054604D9124912482346BC
:100AB00030F019F8A41A08309C42286028BF1C4660
:100AC0000F6801940F2C174411D9002101A8FFF7DA
:100AD0001BFF019E2860AE6022463946FBF7C8FF27
:100AE0002B686E60002228469A5503B0F0BD26465A
:100AF000F2E700BFBB240508D02405082DE9F84F14
:100B0000D0E9009A2A4BAAEB0906F5105D43294B60
:100B10009D4280460C4602D127482FF0E1FF012D6F
:100B20002CBF6D1901359D4228BF1D4628235D430A
:100B300028462FF0CBFC074600EB060C0FCCACE8A8
:100B40000F000FCCACE80F0094E803008CE8030022
:100B5000BB46CE46F24519D1184BF6085E4326F047
:100B60006046282306FB0333FC18B9F1000F06D0BA
:100B7000D8F808104846A1EB09012FF029FCC8E974
:100B800000742F44C8F80870BDE8F88FF446BCE83C
:100B90000F000BF1280BABF128040FC4BCE80F00C9
:100BA0000FC49CE803000EF1280E84E80300D1E78F
:100BB000CDCCCCCC33333303281E0508CDCCCC0CA4
:100BC00008B54368C3F1FF4303F5FF0303F5FF4393
:100BD0007E339A4202D903482FF082FFFFF716FBBB
:100BE00008BD00BF732005082DE9F04FC5B000F126
:100BF000100302AF044618467962FB600DF05EFAFE
:100C0000002800F07983B0F5006F636828BF4FF4C7
:100C100000608342B8610246C0F07083C31D23F0B8
:100C20000703ADEB030D02ABF8687B6119460025A5
:100C30000DF05BFAC7E907557B693A6A9B5C3B2B71
:100C400040F00381AB1C934280F0FD80A2EB0508CD
:100C50007B69C7F8E08007F130000021B8F10F0F81
:100C600003EB0504B862F96272D907F1E000FFF7FF
:100C70004BFED7F8E060B8623E6342462146FBF780
:100C8000F7FEBB6AFE6200249C5522462E2107F126
:100C90002800FFF7F4FE00F10108824642462E21AB
:100CA00007F12800FFF7EBFE07F14803BAF1FF3F19
:100CB000C7E91034064687F848404BD053462246D1
:100CC00007F1280107F1E000FFF7EAFE07F1400015
:100CD00007F1E001FFF73AFE07F1E0005FFA88F95B
:100CE000FBF750FE741C37D0BB6A13F808A0BAF1AA
:100CF000300F38BF4FF0300AAAF1300A01365FFAE0
:100D00008AFA5FFA86F9D7F82C80BE6A07F1600389
:100D1000BB65002208F1FF33FA6587F86020F15CBB
:100D20003F291CD1A3EB09034A4607F1280107F12B
:100D3000E000FFF7B5FE07F1E00107F15800FFF70B
:100D400005FE07F1E000FBF71DFE4FF001091DE075
:100D5000464692E7A146C5E74FF0FF0AD3E72129AF
:100D600077D1A3EB09034A4607F1280107F1E00018
:100D7000FFF796FE07F1E00107F15800FFF7E6FDE7
:100D800007F1E000FBF7FEFD4FF0080900242546BF
:100D90002646A0467A6C72B9386CBC4B834201D3AC
:100DA00040F29181B9490322FBF762FE03237B6481
:100DB0003B6C0022DA70BAF1FF0F386C00F09281C0
:100DC000514600F0C0FC8346002800F0A48103686F
:100DD0004FF40072DB6B07F158019847002800F0D0
:100DE0009A817A6A8368D2E901C2C7F8B83094451B
:100DF0004FF00003C7E93068C7E93245C7E935B9A4
:100E000087F8D0A0C7F8DC3000F0668107F1B8059C
:100E10000FCD64460FC40FCD0FC495E803007A6A66
:100E20000CF1280384E8030053600123FB6107F100
:100E30005800FBF7A7FD07F14000FBF7A3FD07F102
:100E40002800FBF79FFD3B6A5D1C3B6A01333B6258
:100E50002AE13D2915D1A8EB09034A4607F12801EB
:100E600007F1E000FFF71CFE07F1E00107F1580071
:100E7000FFF76CFD07F1E000FBF784FD4FF48059AC
:100E800084E73D2107F12800FFF7F9FD00228346A2
:100E90003F2107F12800FFF7F2FD0446601C05D151
:100EA000BBF1FF3F28D1A8EB09033DE7331993F8C5
:100EB0000180A8F13002092A1BD99878A0F13003EB
:100EC000092B05D8B8F12D0F13D0B8F12B0F10D086
:100ED00024F094FCA8F17801D1F1000848EB010856
:100EE000002808BF4FF00008BBF1FF3F06D10023E8
:100EF00021E04FF00108F7E74FF0000806EB0B0286
:100F00005378A3F13001092940F2FB819078A0F1D8
:100F10003002092A04D82D2B00F0F3812B2B5AD054
:100F20003B6124F06BFC3B69A3F1780253425341CF
:100F3000002808BF0023B8F1000F7BD0621CB01856
:100F4000B25C002B51D0A3454FD2A4EB0B0585EA30
:100F5000E573A3EBE573012B47D0782A03BFA01CF0
:100F6000102280190A220CBF0021002124F036FC37
:100F7000BB6A0BF1010206469B5C782B88462B4628
:100F80002BD10BF1020207F1280107F1E000FFF776
:100F900087FD1022D7F8E000002124F01FFC044652
:100FA00007F1E0000D46FBF7EDFCABEB09034A4609
:100FB00007F1280107F1E000FFF772FD07F1E001FA
:100FC00007F15800FFF7C2FC07F1E000FBF7DAFC7D
:100FD0004FF02009DEE60123ADE707F1280107F114
:100FE000E000FFF75DFD0A22D4E7782A03BFA01CCA
:100FF000102280190A220CBF0021002124F0EEFBF0
:10100000A4EB09034A460646884607F1E00007F1CB
:101010002801FFF745FD07F1E00107F15800FFF750
:1010200095FC07F1E000FBF7ADFC344645464FF078
:101030001009AFE663B30BF10103F018F35C782BF2
:1010400003BF0BF10200102280190A220CBF0021FD
:10105000002124F0C3FBABEB09034A4604460D46CE
:1010600007F1E00007F12801FFF71AFD07F1E001A1
:1010700007F15800FFF76AFC002607F1E000FBF7D4
:1010800081FC4FF00209B04684E600BF0725050841
:1010900007F15800FBF776FC07F14000FBF772FC04
:1010A00007F12800FBF76EFCBB693A6A93423FF6F2
:1010B000C3ADF86829460DF02AF8F86907F5867778
:1010C000BD46BDE8F08F032100910192014607F172
:1010D00040002FF00FFD69E6786A07F1B801FFF7CD
:1010E0000DFDA2E6014607F1A00000F04DFBD7F888
:1010F000A430BB60D7F8A0303B61C7F804A0BB6840
:101100003A69934261D1D7F8A00020B1D7F8A8106E
:10111000091A2FF05DF9FB69002B7FF486AE7C4B3A
:10112000D3E902451A68C7F8E02007F1F0001A7900
:1011300087F8E4200F2DC7F8E800C7F8A0500AD9B7
:10114000F96907F1A000FFF7DFFBD7F8A050C7F857
:10115000E800C7F8F0506A1C2146FBF789FCC7F885
:10116000EC50D7E9105400237B6787F87830631C74
:1011700007F178080F2BC7F87080C7F8A03011D995
:101180000F2107F1A000FFF7BFFB012241460646F1
:10119000FBF76EFC07F17000FBF7F4FBD7F8A0300B
:1011A0003E67BB675B49012207F17000FFF708FD4E
:1011B0002246294607F17000FFF702FD564B7A6F71
:1011C0009A4268D155482FF08BFC3B6953F804AB29
:1011D0003B61DAF8003050465B6B98470023C7E963
:1011E0003539C7E930687A68C7F8B83007F1B80E02
:1011F000834687F8D020C7F8DC30BEE80F00C7E987
:10120000324507F1E00CACE80F00BEE80F00ACE897
:101210000F009EE80300D7E928238CE803009B1AFF
:10122000042BC8BF9BF806B0DAF800304FF4007208
:10123000DB6B07F158015046D8BF4FF0FF0B9847C2
:1012400000283FF45CAF7A6A8368D2E901C2944512
:10125000C7F8E03087F8F8B0C7F8FCA015D007F160
:10126000E00ABAE80F00E646AEE80F00BAE80F0061
:10127000AEE80F009AE803007A6A0CF128038EE8C2
:10128000030053600123FB6139E7786A07F1E0014D
:10129000FFF734FCF6E70122214907F17000FEF761
:1012A000B5FF014607F18800FEF744FED7E91612A4
:1012B00007F18800FFF784FC014607F1A000FEF764
:1012C00039FED7E9281207F1E800FFF779FC07F1AA
:1012D000A000FBF757FB07F18800FBF753FB07F172
:1012E0007000FBF74FFB07F1E00004F073FF07F11C
:1012F000E800FBF747FB9AE5F861DEE60023FB61B7
:10130000DBE6B8F1000F3FF496AE434616E600BFA9
:101310009C2B0120F1290508FEFFFF7F73200508A3
:10132000C53C050810B5044B044640F8103B0CF0D2
:1013300091FE204610BD00BF4859050810B504466F
:10134000FFF7F0FF204628212FF042F8204610BD7D
:101350000A4B70B51E78C5688368AB42184601D148
:10136000002070BD9C688C4206D1DC68144203D119
:10137000002EF6D12406F4D51033EEE7082C012018
:101380000079704701717047F0B50446C6680C4893
:10139000A4680078A64201D10020F0BDA5688D4266
:1013A00009D1E568154206D133EA050703D10028C3
:1013B000F3D12D0601D51034ECE70120EDE700BF95
:1013C000082C01200020704714307047807E704741
:1013D0002DE9F84F144BD0F80C8093F800908468F6
:1013E0000F4692464445254603D100252846BDE8D0
:1013F000F88FD4F800B07E685846EBF7A1F8864223
:101400000FD12EB138683246594625F0FBFF40B95E
:10141000E36813EA0A0F04D1B9F1000FE6D11B0605
:10142000E4D51034DEE700BF082C012008B578B100
:10143000084B984206D9084B984201D92FF04AFB35
:101440002FF045FB30235843BDE808402FF03EB84D
:1014500008BD00BFAAAAAA025555550502686FF03B
:1014600000439A4210B502D30B482FF039FB8A4251
:1014700008D9B2EB410F4FEA410403D29C4203D298
:1014800004602246501C02E0044A02601846BDE88F
:1014900010402FF01BB800BF281F0508FEFFFF7F7C
:1014A000034B186818B19968091A2EF091BF70475C
:1014B00048290120034B186818B19968091A2EF0C1
:1014C00087BF7047382901202DE9F047D0E901474F
:1014D000BC4206468A4604D044F8041B4460BDE87A
:1014E000F087D0F800806FF06043A4EB0804B3EB02
:1014F000A40F4FEAA40002D112482FF0F1FA0128FC
:101500002CBF00180130984228BF18464FEA8009C6
:1015100048462EF0DBFF40F804A005461CB12246E9
:101520004146EAF75DFF04342C44B8F1000F04D0C3
:10153000A7EB080140462EF04BFFC6E900544D448E
:10154000B560CCE7281E050870B504460E46154662
:10155000B44201D1284670BD21462846FEF7EAFC78
:10156000D4E90623C5E90623D4E90823C5E90823FD
:1015700094F8283085F828302046FBF703FA3034F9
:101580003035E5E710B5094C2368BFF35B8FDB0707
:1015900009D42046EDF7C0FE28B1054824F056F8DE
:1015A0002046EDF701FF034810BD00BF442901208C
:1015B000A11402084829012010B5094C2368BFF383
:1015C0005B8FDB0709D42046EDF7A6FE28B105485E
:1015D00024F03CF82046EDF7E7FE034810BD00BFBD
:1015E00034290120B5140208382901202DE9F843D7
:1015F0000546FFF7C7FFD0E9004300221B1B9B10E5
:1016000011468B4212D82946FFF75EFFFFF7D4FF41
:101610004FF6FF720646AB8B03F101091FFA89F9F9
:101620009342A5F81C9008D1BDE8F88354F8211026
:101630008D42EBD00132D1B2E3E7D6E900844346D4
:101640009C42194605D00988494503F10203F7D1A8
:10165000E1E7B3689C4206D024F8029B7460BDE8C1
:10166000F8430CF08BBCA4EB08046FF04043B3EBE1
:10167000640F4FEA640002D112482FF031FA0128BA
:101680002CBF00180130984228BF18464700384642
:101690002EF01CFF20F8049005461CB1224641465E
:1016A000EAF79EFE02342C44B8F1000F05D0B16871
:1016B0004046A1EB08012EF08BFEC6E900543D44E4
:1016C000B560CCE7281E050813B5044901AA0446F5
:1016D000FBF7D8F9204602B010BD00BFC5250508AC
:1016E00038B5084D0560012505710025C0E9025592
:1016F000C0E904510446028383768583FFF776FFB1
:10170000204638BD74590508817670472DE9F041AF
:1017100080460E46FFF736FFD0E90057AF4201D1B1
:1017200000240DE055F8044B236820465B6B984776
:1017300083884345F2D18379B34201D0FF2EEDD1A6
:101740002046BDE8F0812DE9F84381460E46FFF7BB
:1017500019FFD0E90058A84501D1002411E055F83F
:10176000044B236820465B6B984749460746006850
:10177000EAF776FC0028EED1BB79B34201D0FF2E08
:10178000E9D12046BDE8F88300232DE9F041C0E906
:101790000033836004468846FFF7F4FED0E9005723
:1017A000BD4202D12046BDE8F08155F8046B336894
:1017B00030465B6B984741460068EAF751FC0028C9
:1017C000EED131462046FFF77FFEE9E700232DE901
:1017D000F041C0E90033836004468846FFF7D2FE3B
:1017E000D0E90057BD4202D12046BDE8F08155F84E
:1017F000046B336830465B6B984783884345F1D16F
:1018000031462046FFF760FEECE738B50546FFF7A6
:10181000B9FE0468FFF7B6FE4168234699421C46AC
:1018200004D02268954203F10403F7D1FFF7AAFE22
:101830004068001B18BF012038BD73B5044608304E
:101840002060D1E900650F2D019506D9002101A87E
:10185000FFF704FE019D2060A5606A1C3146FBF77E
:1018600007F92046656002B070BD73B5034601916B
:1018700053F8085B9D4218BF8168019B08BF0F2188
:101880008B4204460ED901A8FFF7E8FD626829469D
:1018900001320646FBF7ECF82046FBF773F8019B94
:1018A0002660A36002B070BD0346F7B553F8082B5D
:1018B00046689A4214BF83680F23751C9D420446F4
:1018C0000F4606D90123009300231A463146FEF73E
:1018D0005FFC23689F552368656000225A5503B05A
:1018E000F0BD000038B5044608460D46EAF728FE6C
:1018F0006368C3F1FF4303F5FF0303F5FF437E3342
:101900009842024602D904482FF0EAF829462046B8
:10191000FEF77CFC38BD00BF7320050870B5174B7F
:101920001B788CB03BB3D0E9006508AB0024E91C00
:1019300006A8069307948DF82040FFF796FF1049FC
:10194000032206A8FFF73CF92A46314606A8FFF70E
:1019500037F90C4906A8FFF7C5FF01466846FEF7B0
:10196000E9FA06A8FBF70EF821466846FEF71CFECA
:101970006846FBF707F80CB070BD00BF9800001078
:101980000B2505080F25050808B5FFF7ABFF08BDB7
:1019900070B59AB00C4614AA7A49054608A8FBF718
:1019A00071F8D4E90231C91A09112823594308A84A
:1019B000FFF75BFF23682146DB6903A89847039E76
:1019C0000EB1616951B9704914AA2846FBF75AF85B
:1019D00008A8FAF7D7FF28461AB070BD08A8FFF785
:1019E00081FF2E2108A8FFF75FFFA17E14A8FBF757
:1019F000A5F8DDE9141208A8FFF7E2F814A8FAF731
:101A0000C1FF2C2108A8FFF74FFF238B5F4A072156
:101A100001A825F0C3FB0EAA01A914A8FBF732F810
:101A2000DDE9141208A8FFF7CBF814A8FAF7AAFF0B
:101A30002C2108A8FFF738FF314608A8FFF752FF0E
:101A4000236821461B6A0EA898470F9BD3B15049C3
:101A500008A8FFF747FFDDE90E12FFF7B1F84D497F
:101A6000FFF740FFD4E902239A4210D14A4908A85F
:101A7000FFF78AFF08A92846FEF75CFA0EA8FAF7D6
:101A800081FFA5E7434908A8FFF77EFFEAE743493E
:101A900008A8FFF779FFD4E902461034A4F1100337
:101AA0009E42E7D054F80C3C002BF6D054F8103C82
:101AB000002BF2D054F8083C394A0B2105A825F038
:101AC0006DFB54F8101C08A8FFF70CFF2C2108A888
:101AD000FFF7EAFE6A4605A914A8FAF7D3FFDDE985
:101AE000141208A8FFF76CF814A8FAF74BFF2C2182
:101AF00008A8FFF7D9FE54F80C1C08A8FFF7F2FE5F
:101B00002C2108A8FFF7D0FE54F8043CD90703D5D0
:101B1000244908A8FFF738FF54F8043C9A0703D576
:101B2000214908A8FFF730FF54F8043C9B0603D571
:101B30001E4908A8FFF728FF54F8043CD80603D52F
:101B40001B4908A8FFF720FF54F8043C190703D5E8
:101B5000184908A8FFF718FF54F8043CDA0503D524
:101B6000154908A8FFF710FF54F8043C1B0603D5DD
:101B7000124908A8FFF708FF064908A8FFF704FF65
:101B80008BE700BF12250508C52505083725050880
:101B90003C250508B32505083F2505084C25050803
:101BA000752505087B2505087E250508812505087E
:101BB0008525050819420508892505089025050889
:101BC000F0B597B00C4610AA6149054604A8FAF78B
:101BD00059FFD4E90231C91A09112826714304A812
:101BE000FFF743FE23682146DB6902A89847029964
:101BF00009B1636953B9574910AA2846FAF742FF59
:101C000004A8FAF7BFFE284617B0F0BD04A8FFF7F6
:101C100069FE314604A8FFF747FE616904A8FFF793
:101C200061FE2E2104A8FFF73FFEA17E10A8FAF75F
:101C300085FFDDE9101204A8FEF7C2FF4649FFF751
:101C400051FE10A8FAF79EFE236821461B6A0AA8D7
:101C500098470B9A32B10A9904A8FEF7B1FF3C49A4
:101C6000FFF740FED4E902239A420BD13B4904A876
:101C7000FFF78AFE04A92846FEF75CF90AA8FAF7DE
:101C800081FEBDE7364904A8FFF77EFED4E902468F
:101C9000A642EFD06368002B58D02168002955D0A8
:101CA00001AA10A8FAF7EEFEDDE9101204A8FEF76B
:101CB00087FF10A8FAF766FE2A4904A8FFF764FE1A
:101CC000E368DA0703D5284904A8FFF75DFEE36857
:101CD0009B0703D5254904A8FFF756FEE3689F0636
:101CE00003D5234904A8FFF74FFEE368D80603D5C0
:101CF000204904A8FFF748FEE368190703D51E49E9
:101D000004A8FFF741FEE368DA0503D51B4904A8E0
:101D1000FFF73AFEE3681B0603D5194904A8FFF74D
:101D200033FE184904A8FFF7DDFD6168074601AAE4
:101D300010A8FAF7A7FEDDE910123846FEF740FFBB
:101D40000349FFF7CFFD10A8FAF71CFE10349FE7F8
:101D5000B3250508C5250508992505083F2505086B
:101D60009D250508B52505087B2505087E25050860
:101D7000812505088525050819420508B8250508A7
:101D8000BD250508C225050810B50446006818B130
:101D9000A168091A2EF01CFB204610BDF8B5D0E949
:101DA00000420023161B0546B6101F469E4212D95C
:101DB0004FEA830C04EB830054F823308B4210D19C
:101DC000011D8A4204D0521A042A05DD25F05CFB6D
:101DD0006B68043B6B60F8BD04BF436844F80C308B
:101DE000F6E70137FBB2E1E770B50546FFF7E4FB24
:101DF000D0E9001204460846824201F1020103D0F4
:101E00000688AB8B9E42F6D18A4204D0521A022A2F
:101E10000ADD25F039FB6368023B6360FFF7B2FB24
:101E20002946FFF7BBFF70BD04BF43880380F2E77C
:101E300010B5064B03600446FFF7D6FFA06818B143
:101E40002169091A2EF0C4FA204610BD74590508FC
:101E50002DE9FF47D0E901539D4204468A4611D03F
:101E60002846FFF7EAFC00230022C5E90623C5E95E
:101E70000823032385F8283063683033636004B097
:101E8000BDE8F0871A4A0121FCF720FBD4F8009046
:101E90000746FFF7CBFAA5EB0908804406465146F2
:101EA00040460394FFF7C9FC00220023C8E906233B
:101EB000C8E9082303233246294688F828304846D3
:101EC000FFF742FBA3680B4ACDF80490A3EB09038C
:101ED0001B115343054601A80293F9F716FC302362
:101EE0002660303503FB07666560A660C7E700BF64
:101EF000281E0508ABAAAAAA2DE9F0411E460F4BE1
:101F00009E4207460D46904602D90D482EF0E8FD48
:101F10003046FFF78BFA3023C7E9000003FB0606C3
:101F20000446BE60A84502D17C60BDE8F081294628
:101F30002046FCF787FF30353034F3E7AAAAAA021F
:101F40005C1E050870B590B0044604A815461E46F0
:101F5000FCF778FF002310AA04A9CDE9013303930D
:101F600001A80123FFF7C8FF04A8FAF70BFD2A46D2
:101F70002146334601A801F0A7F9DDE90145A54254
:101F800004D101A8FFF700FF10B070BD2046FAF79A
:101F9000F9FC3034F3E710B50446006818B1616805
:101FA00009012EF015FA204610BD00002DE9F04F72
:101FB00087B005460093D0E902348B469146A34290
:101FC0001E4614D09A684A4503F11003F7D1F3680E
:101FD000002B18DA06F110018C4205D0621A102A83
:101FE00014DD304625F050FAEC68103CEC602B69AB
:101FF000A34210D0009BC4F800B0C4E90139109B83
:10200000E3601034EC6007B0BDE8F08F04BF0FC987
:1020100086E80F00E8E7AF686FF07841E31BB1EBAB
:10202000231F4FEA231802D11D482EF059FDB8F1A5
:10203000010F2CBF08EB080208F101028A4228BFF9
:102040000A464FEA021A504601932EF03FFA019BCE
:1020500005F1080240F803B00592C218009BC2E9DE
:102060000139109BD36006468446B946A1450ED17E
:10207000CDE90378C7F1100703A8B944FFF78BFF38
:1020800006EB0903AE605644EB602E61BBE799E8AE
:102090000F000CF1100C0CE90F0009F11009E5E735
:1020A000281E050837B50125184B194A194900950E
:1020B0000446FFF77BFF40F2011300932046164BC6
:1020C000164A1749FFF772FF40F2091300932046A2
:1020D000144B154A1549FFF769FF2046144B154A62
:1020E00015490095FFF762FF2046144B144A154925
:1020F0000095FFF75BFF10230093134A134B14491D
:102100002046FFF753FF03B030BD00BFC6250508CA
:102110000100008023300508D22505080200008058
:10212000E0250508E525050803000080DD2D0508EC
:10213000FE25050805000080142605081B26050855
:10214000040000803B26050807000080442605089F
:102150007626050810B588B0044601AA096802A8C9
:10216000FAF790FC02A92046FFF767FB0022002344
:10217000C4E90623C4E90823032302A884F828300D
:10218000FAF700FC204608B010BD00002DE9F04F22
:102190000B6803F10043013B89B01446062B00F2A3
:1021A0002D81DFE813F0070024006400B6007500FD
:1021B0002B01F60003680146DB69684698476568AD
:1021C000BDF804A0A3689D424FF0000866D005F159
:1021D0000803C5E90038C5E906A885F8088000238A
:1021E0000022C5E90823022385F828300CE00368A3
:1021F0000146DB6968469847D4E901639E420AD0EC
:1022000069463046FFF7A6FF6368303363600120FC
:1022100009B0BDE8F08F7A4A01212046FCF756F953
:10222000D4F800800746FFF701F9A6EB0809054638
:10223000694648440494FFF78DFF2A4631464046DC
:10224000FFF782F9A3686F4ACDF80880A3EB080373
:102250001B115343064602A80393F9F756FA30239D
:102260002560303603FB07556660A560CFE70A6A34
:102270000368082A0CBF9B6A5B6A014602A898475C
:10228000204602A9FFF7E4FD02A8FAF77BFBBEE7B0
:1022900003681B6B98476568824693E7584A01219B
:1022A0002046FCF713F9D4F800900746FFF7BEF874
:1022B000A5EB090B00EB0B0303F10802049406469F
:1022C00040F80B20002100200222C3E9080183F816
:1022D0002820C3E906A8C3F8048083F808802946AB
:1022E00032464846FFF730F9A368CDF80890054616
:1022F000A3EB0903434A1B11534302A80393F9F7C5
:1023000004FA30232660303503FB07666560A6605B
:102310007DE703685B6B9847D4E901539D42824691
:1023200009D08279002305F10801C5E90013C5E948
:1023300006232B7253E7324A01212046FCF7C6F8E8
:10234000D4F800800746FFF771F8A5EB080904945C
:102350009AF8061000EB09030646002203F1080074
:1023600046F80900C3E906125A601A7200200021DB
:102370000222C3E9080183F8282029463246404654
:10238000FFF7E2F8A368CDF808800546A3EB080341
:10239000B0E7036889681B6C0022984780B1D0F8C9
:1023A0000C904FF0000AD4E901539D420CD005F186
:1023B00008032B600023C5E9069A6B602B720EE7B9
:1023C0004FF0FF39CA46EEE70D4A01212046FCF7DF
:1023D0007DF8D4F800800746FFF728F8A5EB080B36
:1023E00000EB0B0303F1080240F80B200022C3E9C5
:1023F000069A064604945A601A72B7E7002007E767
:10240000281E0508ABAAAAAA0079704701207047C8
:102410007047002303710830FEF7E6BB38B5054668
:10242000F7F7C0F810B90124204638BDF7F7C2F815
:1024300004460028F7D1F5F717FF0028F3D0EDF791
:1024400001F8EB6EC01A2B6F98420BD80020FEF7F4
:102450008DF80028E8D1D5E927439C422CBF002401
:102460000124E1E72046FEF781F80028EED1DAE703
:1024700010B5044640680AF05AFB30B9D4E930037D
:1024800098422CBF0020012010BD0020FCE7A0F1E5
:102490004000FFF7EDBF000002686FF000439A4272
:1024A00010B502D30B482EF01BFB8A4208D9B2EBC1
:1024B000410F4FEA410403D29C4203D204602246FA
:1024C000501C02E0044A02601846BDE810402DF09E
:1024D000FDBF00BF281F0508FEFFFF7F002302226B
:1024E0001946F4F771BDD0E92C329A4202D0C06887
:1024F000FFF7F4BF7047A0F14000FFF7F4BFD0E949
:102500001D329A4202D0406BFFF7E8BF70470000CF
:1025100013B5044901AA0446FAF7B4FA204602B0FA
:1025200010BD00BF7E26050813B5044901AA044664
:10253000FAF7A8FA204602B010BD00BFC52505086D
:102540000B4670B50C4653F8081B994205460068C7
:1025500006D1A5420AD1226800236360137070BDC2
:1025600005F10806B0420BD100200AE062680AB10A
:10257000FAF77EFA63682A686B600021D154EAE7B3
:10258000AA68296061686960A168A96010B12060CB
:10259000A260E0E72360DEE72DE9F0471E4E1F4B07
:1025A0000360D6E900930022A3EB090407460271F9
:1025B000A51011468D4209D8D6F8088043450CD0A5
:1025C00043F8047B73603846BDE8F08759F8211062
:1025D0008F42F8D00132D1B2ECE7012D2CBF6D193A
:1025E0000135AD0028462DF071FF075182461CB120
:1025F00022464946E9F7F4FE04345444B9F1000F89
:1026000004D0A8EB090148462DF0E2FE5544C6E986
:1026100000A4B560D7E700BF54290120885A0508F7
:10262000F8B5144D144B0360D5E900420023111B8B
:10263000064689101F46994212D94FEA830C04EBD3
:10264000830054F823309E4211D1011D8A4204D0E8
:10265000521A042A06DD24F017FF6B68043B6B60F6
:102660003046F8BD04BF436844F80C30F5E7013745
:10267000FBB2E0E754290120885A050870B5D0E97B
:1026800000560446AE4207D1206818B1A168091A65
:102690002DF09EFE204670BD2846FAF773F93035BE
:1026A000F0E770B5D0E900560446AE4207D1206885
:1026B00018B1A168091A2DF08BFE204670BD28467E
:1026C000FFF7DCFF4835F0E738B505460830FEF780
:1026D00081F9044618B101232B7104F08BF82046D0
:1026E00038BD13B50446012301AA40300193FFF71A
:1026F000EBFF60680AF09CF902B010BD0830FEF7ED
:10270000B1B9000070B5044688B02546FFF744FF14
:102710001F4B45F8083B4FF480612846FEF742F90D
:1027200001AA1C4902A8FAF7ADF902A925234FF422
:10273000007204F130000AF001FF02A8FAF722F952
:10274000154B23603033236301234FF4FA7104F1F6
:102750008C0284F868300023C4E91B31C4E92123CA
:10276000C4E91D33E36784F8803084F88C30C4F802
:102770009C304FF48063C4F8A0302846FEF770F90F
:1027800004F130000AF08AFE204608B070BD00BF98
:10279000B45A0508F3260508E05A05082DE9F04368
:1027A000044689B0894634490AF0C6F904F108079D
:1027B000324901AA02A8FAF765F99622242302A950
:1027C00038460AF0BBFE02A8FAF7DCF804F1400034
:1027D000FFF7E2FE2A4B23644FF4007104F1480036
:1027E000FEF7E0F8274B236003F1300248332364FF
:1027F0004FF4FA63236704F19C03C4F89430002378
:10280000C4E92C33C4F8983084F89C3084F8AC3098
:10281000C4F8B83084F8BC30C4F8C0304FF400734A
:10282000A260C4F8C4306068C4F890900AF0FDF863
:1028300005460FCD04F174060FC695E8070086E83B
:10284000070004F17401B9F1000F05D0D4F89030FD
:10285000606863670AF0BAF8216F04F14800FEF778
:10286000FFF860680AF0E4F838460AF017FE2046E0
:1028700009B0BDE8F08300BFFC2D0120FA26050851
:10288000B45A0508285B050873B504462546406818
:1028900055F8083BAB4214BFA6680F268518B54211
:1028A00009D812B11844FAF7E3F8236865600022EA
:1028B0005A5502B070BD00920B46002201462046D8
:1028C000FDF766FCF1E7000008B54368C3F1FF437C
:1028D00003F5FF0303F5FF437E339A4202D9034811
:1028E0002EF0FEF8BDE80840FFF7CEBF73200508C4
:1028F000D1E90012FFF7E8BF38B5044608460D4697
:10290000E9F71EFE6368C3F1FF4303F5FF0303F518
:10291000FF437E339842024602D904482EF0E0F885
:1029200029462046BDE83840FFF7AEBF73200508B2
:102930002DE9F04F1D1EB7B007464FEAD37A144673
:1029400002DA544265EB450520462946012642F24B
:1029500010780A2871F1000304D3642871F1000390
:102960003AD2013607F108033B600AEB060900235F
:102970007B603B7249463846FEF777FFD7F800B0D8
:102980002A492D230DF10C088BF80030C9220BEBDE
:102990000A0340460193E9F723FD0BEB0A031E44AB
:1029A000642C75F100032BD20A2C75F100053AD383
:1029B0002419631C019A18F8033018F80440537066
:1029C0000BF80A403B68C7F804900022384603F829
:1029D000092037B0BDE8F08FB0F57A7F71F10003C0
:1029E00001D20236BEE7404571F1000301D2033641
:1029F000B8E742F210720023EAF770FC0436A8E749
:102A00002046294664220023EAF768FC5200531C42
:102A1000044618F8033006F8013C18F8023006F8AE
:102A2000023D0D46BCE73034CAE700BFAA1F0508C7
:102A30002DE9F04798461368C0B05B6B0646104618
:102A40000D46914698470DAA016801A8FAF71AF8B1
:102A50002B7EFF2B4CD02E2101A8FEF725FF2C7ECC
:102A6000092C2BD9632C8CBF0327022709AB0793B2
:102A70003946002307A808938DF82430FEF7F5FEA9
:102A80005A49DDF81CA0C9220DA8E9F7A9FC632C5E
:102A900016D9642340A9B4FBF3F203FB124301EB04
:102AA000430314460AEB070213F8CB1C02F8011C7F
:102AB00013F8CC3C02F8023C30340CE00127D5E797
:102AC000092CF9D940AB03EB440414F8CB3C8AF849
:102AD000013014F8CC4C8AF80040079B089700227C
:102AE00001A8DA5507A9FFF703FF07A8F9F74AFF7E
:102AF0002E2101A8FEF7D8FED9F8003029681B6CFA
:102B000000224846984758B939490DAA3046F9F786
:102B1000B9FF01A8F9F736FF304640B0BDE8F087AD
:102B2000016807AA0DA8F9F7ADFF0DA901A8FFF7E5
:102B3000DFFE0DA8F9F726FF2B6A012B04D0B8F1B0
:102B4000000F2CD0022B1FD13F2101A8FEF7ACFEB5
:102B500039E0202B10D13D2101A8FEF7A5FED5E9D3
:102B600004230DA8FFF7E4FE01A80DA9FFF7C0FE9E
:102B70000DA8F9F707FF0BE0082B24D12121E4E78A
:102B80003360039BB3602AE0102B01D0202BF3D1DC
:102B90003F2101A8FEF788FED5E9022309E0102BAA
:102BA000F6D0022BD5D13D2101A8FEF77DFED5E957
:102BB00004230DA8FFF7BCFE01A80DA9FFF798FE9E
:102BC0000DA8F9F7DFFEDDE9013503AC06F10800D9
:102BD000A3423060D4D16A1C2146E9F701FC0023EE
:102BE0007560019402938DF80C3092E7AA1F0508D6
:102BF000C525050830B50B6A022B87B004460D4683
:102C00000DD1D1E904236846FFF792FE69462046BC
:102C1000FFF796FC6846F9F7B5FE07B030BD202BEC
:102C2000FBD1D1E904236846FFF782FE69462046BE
:102C3000FFF786FC6846F9F7A5FE3A212046FEF725
:102C400033FE6846D5E90223FFF772FE6946204647
:102C5000FFF74EFEDEE72DE9F04104461546084633
:102C60000E46E9F76DFCD5E9008504F10803236001
:102C7000002363602372411907462046FEF7F5FDE5
:102C80003A4631462046FFF71FFE20462A46414677
:102C9000FFF71AFE2046BDE8F081000010B588B0AD
:102CA000044601AA074902A8F9F7ECFE064902AA60
:102CB0002046FFF7D0FF02A8F9F764FE204608B0CF
:102CC00010BD00BF7E26050802270508A1F14001BE
:102CD000E4E700BF10B588B0044601AA074902A87E
:102CE000F9F7D0FE064902AA2046FFF7B4FF02A872
:102CF000F9F748FE204608B010BD00BF7E26050843
:102D000013270508F8B5D0E90067BE42054607D08D
:102D1000344620464834FFF7B1FCA742F9D16E6033
:102D2000F8BD8842F7B504460F4620D003464D68EB
:102D300053F8086B9E4214BF81680F218D4210D951
:102D400001A80195FFF7A8FB06462046F9F71AFEF1
:102D5000019B2660A36039682A463046F9F788FE51
:102D600001E0002DF7D12368656000225A5503B0B9
:102D7000F0BD000030B591F82830013B89B0044621
:102D80000D46052B06D8DFE803F02E0703030314D6
:102D9000FFF7C7FF09B030BDD1E9062302A8FFF74E
:102DA000C7FD02A92046FFF7CBFB02A8F9F7EAFD11
:102DB000F0E7D1E9062302A8FFF7BAFD02A92046F1
:102DC000FFF7BEFB02A8F9F7DDFD3A212046FEF72A
:102DD0006BFD02A8D5E90823FFF7AAFD02A920464A
:102DE000FFF786FDE1E700680C4B984203D8626864
:102DF00081188B4209D909490222F9F739FE0223C9
:102E00006360236800229A70C4E702210025CDE99F
:102E10000015014620462DF06DFEF0E7232705083A
:102E20002DE9F04F0C684B6889B005469046019338
:102E30001034019AA4F110039A4202D109B0BDE8FE
:102E4000F08FB8F1000F04D0236A022B01D0202BA1
:102E5000F4D15B212846FEF727FDE26A434621466E
:102E600002A8FFF7E5FD02A92846FFF741FD02A8E9
:102E7000F9F788FD7C212846FEF716FDB8F1000F12
:102E800016D004AB02932146002302A803938DF8C9
:102E90001030FFF7AFFE284602A9FFF729FD02A870
:102EA000F9F770FD20492846FFF726FD4834C0E7B2
:102EB00094F83030042B34D8DFE803F003083133C2
:102EC00008001A492846FFF717FDEBE754E9047993
:102ED0004F4501D11649F5E7164BA9EB0706361108
:102EE0005E430DF1100B4FF0000AB945DAD03946B8
:102EF00002A8013ECDE902BA8DF810A0B6B2FFF7E4
:102F000039FF02A92846FFF7F3FC1EB10A492846FB
:102F1000FFF7F2FC02A8F9F735FD3037E5E707497E
:102F2000D0E70749CEE700BF39270508262705085F
:102F300023270508ABAAAAAAB32505083027050848
:102F40003427050880B5044600274FF0FF310120E3
:102F5000F3F7FEFFD4F88430C4F888701F70D4F8FB
:102F6000842004F18C039A4208D0D4F88C30C82B0A
:102F700004D9402104F18400FEF777FC94F8802006
:102F800004F1740104F18400FFF74AFF04F17400B6
:102F9000FFF7B8FED4F88830C4F89C70002BD4D06A
:102FA000002104F18400FDF7FFFACEE7A0F1300024
:102FB000FFF7C8BF08B504464FF0FF310120F3F713
:102FC000C7FF606809F0B3FD68BBD4F89430C4F85B
:102FD00098001870D4F8942004F19C039A4208D009
:102FE000D4F89C30642B04D9402104F19400FEF7FE
:102FF0003CFC94F8BC2004F1B00104F19400FFF70C
:103000000FFF04F1B000FFF77DFED4F898200023F5
:10301000C4F8C030002ACFD0D4F89410606892B2BF
:1030200009F013FDC8E70120F3F7C8FAC9E7A0F1DA
:103030000800FFF7BFBF70B50E4605461446B542FF
:1030400001D1204670BD29462046FEF7F6FBD5E9A2
:103050000623C4E90623D5E90823C4E9082395F823
:10306000283084F8283030353034E8E781422DE9C3
:10307000F8430646894621D0D1E9005804688368A0
:10308000A8EB05071B1BBB421FD238462DF01EFACA
:103090004146024604462846FFF7CDFFD6E90058D0
:1030A000A8450DD1306818B1B168091A2DF090F912
:1030B00034603C44B46033683B447360BDE8F883DB
:1030C0002846F9F75FFC3035EAE743681B1B9F424F
:1030D00032D905EB0308A84538D1D6E90035D9F82F
:1030E0000040D9F80480EB1A1C44A045E3D02146E7
:1030F0002846FEF7A2FBD4E90623C5E90623D4E956
:103100000823C5E9082394F8283085F8283030349E
:103110003035EAE729462046FFF703FED5E90623C6
:10312000C4E90623D5E90823C4E9082395F8283023
:1031300084F8283030353034A845EBD17568A54285
:10314000B9D02046F9F71EFC3034F8E7294620466E
:10315000FFF7E7FDD5E90623C4E90623D5E90823EF
:10316000C4E9082395F8283084F828303035303405
:10317000B1E72DE9F041884606461746B04501D132
:10318000BDE8F0813146384606F11005FFF76EFFC5
:103190000FCD07F110040FC40FCD0FC495E8030045
:1031A00084E80300338F3B87F36BFB6396F8403072
:1031B00087F8403048364837E0E72DE9F041984637
:1031C000136804465B6B104615460E469847482226
:1031D00087790021204624F0E9F9FF2384F828307C
:1031E000042384F840302B6828461B6B9847002244
:1031F0000023C4E90623C4E90823069B2363079B35
:103200002087C4F81080204684F82870E562636344
:103210003146FFF72BFFE5632046BDE8F081F8B5A6
:10322000D1E90034E41A06460F4622D020462DF09C
:103230004DF90246C6E900221444B4603C46796860
:1032400054F8100BFFF7F7FE70600FCC06F1100575
:103250000FC50FCC0FC594E803003B8F85E8030032
:103260003387FB6BF36397F8403086F84030304685
:10327000F8BD2246DEE700002DE9F0419046104AF5
:10328000934207460D4602D90E482DF029FC4826E8
:103290005E4363B130462DF019F90446C7E9004496
:1032A0002644BE60A84504D17C60BDE8F0811C4680
:1032B000F4E729462046FFF7B2FF48354834F1E7E6
:1032C000711CC7015C1E050830B5002499B0CDE91A
:1032D000003413460A46014606A8FFF76EFF012395
:1032E00018AA06A903A8CDE903440594FFF7C4FF73
:1032F00006A8FFF7C3F9094BD3E90045AC4204D156
:1033000003A8FFF7CEF919B030BD54F8040B0368D9
:1033100000225B6903A99847F0E700BF5429012008
:1033200010B598B0044601901A98009006A8FFF7CF
:1033300044FF002318AA06A9CDE90333059303A887
:103340000123FFF799FF06A8FFF798F923682246A3
:103350005B6903A92046984703A8FFF7A2F918B0B4
:1033600010BD70B50E4605461446B54201D1204643
:1033700070BD29462046FFF752FF48344835F4E730
:103380002DE9F043944681460F46964600F14806E3
:103390004FF00008A6F148039F420BD11A4BA7EB50
:1033A0000907FF085F4327F06047482000FB07E05C
:1033B000BDE8F08356F8483C4CF8483B483656F890
:1033C0008C3C4CF8443CA6F1800556F8883C4CF8FF
:1033D000403C0FCDACF1380446E9238846F8908C88
:1033E0000FC40FCD0FC495E8030036F8583C84E8AD
:1033F00003002CF8103C56F8543C4CF80C3C16F8E2
:10340000503C0CF8083CC5E7398EE3182DE9F04F25
:103410009A4285B00546884691469A4600F0B080AB
:10342000A3EB020BD0E901725A4BD21B4FEAEB0619
:103430005A4503FB06F667D37C1AA3454AD2A7EB8D
:103440000B043A4639462046FFF79AFF07EB0B0379
:103450006B604FF0000BA04507D1424651464846ED
:1034600005B0BDE8F04FFFF784BE54F8480C57F89C
:10347000403C57E9121247F8480C54F8440C47F8FE
:10348000440C54F8400C47F8400CCDE9011203936A
:10349000A4F1380644E912BB44F840BC01A8FFF788
:1034A000EDF80FCEA7F138050FC50FCE0FC596E882
:1034B000030085E8030034F8103C27F8103C54F86A
:1034C0000C3C47F80C3C14F8083C07F8083C483C16
:1034D000483FC0E73A46514609EB0400FFF741FF79
:1034E0002C4BE21003FB12636E68482202FB03665A
:1034F00032466E60394640462644FFF741FF6E6013
:10350000424609EB0401AAE7D0F800B0A7EB0B0490
:10351000E4105C43204B1A1B964202D91F482DF041
:10352000DFFAA6422CBFA4192419A34228BF2346C0
:103530001E4648235E431CB130462CF0C7FF0446AC
:10354000414622465846FFF71BFF51460246484671
:10355000FFF707FF394602464046FFF711FFD846FE
:10356000814647450FD1BBF1000F05D0A9685846E9
:10357000A1EB0B012CF02CFFC5E900493444AC60F1
:1035800005B0BDE8F08F4046FFF778F808F148082D
:10359000E7E700BF398EE338711CC7013C270508F7
:1035A000F8B590F8AC30044615461BB900F140035D
:1035B0009A422ED1D1E9002311468B4218D1D4F87A
:1035C000B41004F1B000FFF721FF04F14003002D17
:1035D00018BF9D42D4E9302314BF012500259A422B
:1035E00084F8BC5015D3E068BDE8F840FEF776BF1C
:1035F000D1E9006C4820B44506D1D4F8C060064437
:10360000C4F8C0604831D8E7776830303036384485
:10361000F1E7F8BDA0F14000FFF7C2BFF8B50446DE
:103620000E461546F5F7BEFF002845D0F5F7C2FF58
:103630000746002840D1EBF705FFE36EC01A236F61
:10364000984205D9C4F89C7004F17400FFF75AFB46
:1036500094F868300BB9A5422ED1D6E90023114663
:103660008B4218D1A16F04F17400FFF7CFFEAC427A
:1036700018BF002D14BF0125002584F88050EBF7FA
:10368000E1FED4E927239A42E06615D3606BBDE8DA
:10369000F840FEF723BFD1E9006C4820B44506D1BD
:1036A000D4F89C600644C4F89C604831D8E7776839
:1036B000303030363844F1E7F8BD0000034B18686D
:1036C00018B19968091A2CF083BE7047542901205B
:1036D00010B5054B044640F8083BFDF723FE204695
:1036E000FEF79EFF204610BDB45A050810B50446EB
:1036F000FFF7EEFF204630212CF06AFE204610BD79
:103700000A4B10B503603033036304468430F9F785
:1037100039F904F17400FEF7C4FF04F1300009F038
:10372000F1FE2046FFF7D4FF204610BDE05A050801
:10373000A0F13000FFF7E4BF10B50446FFF7E0FF4B
:103740002046A4212CF044FE204610BDA0F13000FC
:10375000FFF7F2BF0E4B10B503F1300203604833A0
:10376000044682600364B030FEF79BFF04F19400CE
:10377000F9F708F904F14000FFF7AAFF04F1080087
:1037800009F0C0FE204609F0A6F8204610BD00BF93
:10379000285B0508A0F10800FFF7DCBFA0F140009E
:1037A000FFF7D8BF10B50446FFF7D4FF2046C82165
:1037B0002CF00EFE204610BDA0F14000FFF7F2BF36
:1037C000A0F10800FFF7EEBF02207047022070470B
:1037D000036800211B681847036801211B6818470C
:1037E000034A034692E8030083E803001846704743
:1037F0009C000010A1F10801FFF7F2BF7047000024
:1038000010B504462DED028B90ED018A09F0B2FD52
:10381000E369C01A104B984214D8B5EE408AF1EE15
:1038200010FA0FD018EE100AE9F75AF802460B46C4
:1038300007A1D1E90001E9F7D5F9E9F781FBBDEC72
:10384000028B10BD002300206360E060F7E700BF3B
:103850000000000080842E4140420F000000000064
:1038600010B504462DED028B90ED048A09F082FD1F
:10387000236AC01A104B984214D8B5EE408AF1EE74
:1038800010FA0FD018EE100AE9F72AF802460B4694
:1038900007A1D1E90001E9F7A5F9E9F751FBBDEC72
:1038A000028B10BD002300202361A061F7E700BF59
:1038B0000000000080842E4140420F0010B5B0F897
:1038C000801D90F8823DC1F3080141EA432104467E
:1038D00089B24FF4207009F0ADFE94F8A03D012BA1
:1038E00026D1B4F8941D94F8963DC1F3080141EA3D
:1038F000432189B240F2812009F09CFEB4F8981D62
:1039000094F89A3DC1F3080141EA432189B240F29B
:10391000822009F08FFEB4F89C1D94F89E3DC1F3FF
:10392000080141EA432189B240F2832009F082FE76
:1039300094F8B03D94F8AD1D4FF4217043EA012195
:1039400009F078FEB4F8AE1D40F2852009F072FE51
:1039500094F8A01D94F8C43D40F28620BDE81040C4
:1039600043EA012109F066BE08B54FF4FA70F2F798
:1039700025FE40F6B830FAE7A0F12800FFF7F4BFC3
:1039800070B5002300F6D4540A25012605FB03F286
:10399000A25A32B1D0F8C82D06FA03F10A43C0F892
:1039A000C82D01330C2BF1D170BD00002AB1012AC2
:1039B00006D0022A05D10B6800E0034B036000E04B
:1039C00001600020704700BFAC5D05082AB1012AE4
:1039D00006D0022A05D10B6800E0034B036000E02B
:1039E00001600020704700BF3C5D05082AB1012A34
:1039F00006D0022A05D10B6800E0034B036000E00B
:103A000001600020704700BFCC5C05082AB1012A84
:103A100006D0022A05D10B6800E0034B036000E0EA
:103A200001600020704700BF5C5C050808B578B1F4
:103A3000084B984206D9084B984201D92DF04AF814
:103A40002DF045F830235843BDE808402CF03EBD2A
:103A500008BD00BFAAAAAA02555555051AB1012AE8
:103A600004D000207047024B0360FAE70160F8E7DA
:103A7000EC5B050810B5044609F07CFCE36994EDA5
:103A8000016AC31A07EE103AD4E902239342B8BF81
:103A9000013307EE903AB8EE477AF8EEE77A37EE60
:103AA000467AB8BFE360C7EE276A76EE867AC4ED41
:103AB000017A09F05FFCE06110BD000002686FF060
:103AC00000439A4210B502D30B482DF009F88A4200
:103AD00008D9B2EB410F4FEA410403D29C4203D212
:103AE00004602246501C02E0044A02601846BDE809
:103AF00010402CF0EBBC00BF281F0508FEFFFF7F25
:103B000010B5044609F036FC236A94ED046AC31A22
:103B100007EE103AD4E905239342B8BF013307EE0C
:103B2000903AB8EE477AF8EEE77A37EE467AB8BFC1
:103B3000A361C7EE276A76EE867AC4ED047A09F0AF
:103B400019FC206210BD70B504460E461546B442FD
:103B500001D1284670BD21462846FCF7EBF9D4E98F
:103B60000623C5E90623D4E90823C5E9082394F808
:103B7000283085F828302046F8F704FF30343035F7
:103B8000E5E7000013B5044901AA0446F8F77AFFF7
:103B9000204602B010BD00BF54270508A1F108015E
:103BA000F0E700BFF0B50D4649783E4A3E4E8BB077
:103BB00000230139CDE90233059204960A291ED863
:103BC000DFE801F0531D1D1D1D1D1D1D063F2B00AF
:103BD000CDE90603DDE90601CDE90001DDE90201D9
:103BE000CDE90601DDE900010992CDE902012F4A84
:103BF0002F490896049106A80592F8F730FF049B18
:103C000005F140013BB1059B02A89847049B05F1D3
:103C10004401002B3DD12CF06AFFCDE90603DDE91C
:103C20000601CDE90001DDE90201CDE90601DDE98A
:103C30000001CDE902011F49099208961E4A04912C
:103C4000D9E7CDE90603DDE90601CDE90001DDE9AB
:103C50000201CDE90601DDE90001CDE902011749C4
:103C600009920896164A0491C5E7CDE90603DDE9F5
:103C70000601CDE90001DDE90201CDE90601DDE93A
:103C80000001CDE902010F49099208960E4A0491FC
:103C9000B1E7059B02A8984702A8F8F7E0FE0BB031
:103CA000F0BD00BFFD3702085D3A02087D4F0208F3
:103CB0000D3A0208ED390208DD4E0208CD3902083E
:103CC0003D4E0208AD390208A54D020890F8C50D19
:103CD0007047002330B480F8C51D0A251C4605FB3B
:103CE000030201330C2BC2F8CC4DC2F8444EF6D17E
:103CF00030BC08460AF070B9BCEEC00A70B510EED0
:103D0000103A0546C0F8A43D00F1600400F558667D
:103D1000B44200D170BD236C23B12B6821469B694E
:103D2000284698475434F3E708B590F8C40DE8F7EF
:103D3000C5FD094B0022E8F755FF05A3D3E9002391
:103D4000E8F726FEE9F71CF900EE100A08BD00BFEF
:103D500000000000C0FFDF400000594030B50C24D7
:103D600004FB0314B4F91400B4F91E5007EE900AD2
:103D7000F8EEE76A07EE905AB8EEE77A70EE667AE8
:103D8000F0EEE77AB4EEE77AF1EE10FA46D50132BA
:103D900007EE902AF4EEC06AF1EE10FAFAEECC7A51
:103DA00039D4B4F91820DFED1E5A07EE102AB8EE08
:103DB000C77AF4EEC06A87EE256AF1EE10FACCBF3E
:103DC0004FF0FF32012202FB050007EE100A67EEFA
:103DD000867AB8EEC77A67EEA07A30EE470A0C22F0
:103DE00020EE270A02FB0311FDEEC07A4A8B17EE84
:103DF000900A904204DC8A8B52428242B8BF02464B
:103E000007EE902AF8EEE77A67EE817AFDEEE77A20
:103E100017EE900A30BDB4F91620C4E70022EFE790
:103E200000FEFF46000000002DE9F8432DED048B55
:103E30001B689DF8308008EE102A91F853200D463B
:103E4000002A044653F828000CBF47460027F9F71C
:103E5000ABF96B784FEA8806013B05EB880898EDD3
:103E6000039A0A2B00F22781DFE813F00B002600EB
:103E7000260026002600260026003200FA00150142
:103E800052004036A859B8B102F06DFEF6EE007A45
:103E9000F4EEC07AF1EE10FA0EDD286C02F063FE4B
:103EA000B5EE400AF1EE10FA06D0B8EEC80AA859ED
:103EB00002F05CFEBDEEC08A18EE103A5B4200EEE6
:103EC000103AB8EEC00A20EE090ABDEEC00A13E0AF
:103ED00090ED020A94F8AE2D04F6B853D3ED000A23
:103EE000B8EEC00A3B46B0EE491A29462046FFF715
:103EF00035FF434200EE103ABDEC048B94F8AC3D24
:103F000010EE102AFF20534393FBF0F0BDE8F88336
:103F1000DFED6D7AD0ED018A68EEA78A0C2303FBF2
:103F20000753FDEEE87AB3F91480B3F91E9017EE4B
:103F3000903AA3EB0803002BB8BF5B42994580F28F
:103F4000BA802046FFF7F0FE07EE908AF8EEE77A97
:103F5000B7EE008AF4EEE87AF1EE10FACCBF4FF03B
:103F6000FF33012303FB098807EE908AF8EEE77A16
:103F700078EEE78AF0EEE87AF4EEC07AF1EE10FA25
:103F80005DD5C7EE807A17EE900AE8F7A9FC4F4B93
:103F90000022E8F745FB4AA3D3E90023E8F7F8FC41
:103FA000E8F7EEFF00EE100A28F072FDF5EEC08A89
:103FB00030EE080AF1EE10FAB6EE008A20EE088A1A
:103FC00046DA0C2303FB07531A8B4FF0FF3307EE3F
:103FD000902A07EE103AF8EEE77AB8EEC77A67EE65
:103FE000887A0C2101FB075167EE877A8B8B498B0E
:103FF000FDEEE77A53EA010017EE902A05D09142D0
:104000002CDB5B429A42B8BF1A4694F8AD3D03FBE5
:104010000222121207EE902AB8EEE71A04F6B45301
:1040200021EE091A93ED000A2E4421EE000A306CAD
:1040300002F09CFDDFED267A37EEC00A45E7F5EE8B
:10404000C08AF1EE10FA03DABBD44FF0FF3300E080
:1040500001230C2202FB0752D28AB8E70A46D4E7B2
:104060002E4404F6BC53366C90ED010A94F8AF2D43
:10407000DFED187AD3ED000AB0EE491A3B4620EE88
:10408000270A29462046FFF769FE00EE100A30464F
:10409000B8EEC00ACCE72E4404F55C63D3ED000A09
:1040A000366C90ED000A94F8B02DB0EE491A3B46FC
:1040B000F1EE007AE3E79FED080A1DE7AFF3008019
:1040C000182D4454FB210940000034420000E03F19
:1040D000000000000000204200000000F8B50B6B5B
:1040E000B1F906404FF6FF7293420D4624D01BB340
:1040F000002CB8BF6442EBF7A5F9EB6CAE6BC11AAC
:10410000B142A4B205D2AA8EA41A4C4394FBF6F491
:1041100014442E6BEA6BB71AB94208D93AB1E98E4A
:104120003344641A1B1A634393FBF2F3CC18B5F9BA
:104130000630002BB8BF64422046F8BD00000000E6
:104140002DE9F84391F852302DED048B0D467BB9E3
:10415000B1F906406B78013B062B00F2C981DFE81C
:1041600013F055000B00410077015E00C4002501EB
:10417000FFF7B4FF0446EDE709F0FCF8E8F78EFB23
:10418000E14BB5F908400022E8F72CFDD5ED137A94
:10419000F8EE677A064617EE900A0F46E8F7A0FB9E
:1041A0000B46024639463046E8F73AFAE8F7E8FEA9
:1041B000B5F90A301B1B07EE903A06EE900AF8EEAE
:1041C000E77A66EEA76AD5ED0C7AF8EEE77A86EE26
:1041D000A77A07EE904AF8EEE77A77EE277AFDEEB7
:1041E000E77AE0E0EBF72EF9B5F92C30E96CEA8DCF
:1041F0005B1A1844931CB0FBF3F203FB1200B0EB04
:10420000530FB5F9023038BF64421C442879FF23AC
:10421000604390FBF3F0BDEC048BBDE8F883B5F987
:10422000026009F0A7F8EF8D8046B5F92C0007EE83
:10423000907A7843B8EE678AE8F730FBAEA3D3E90B
:104240000023E8F7CFFCE8F79BFE08EE900A404613
:10425000E8F724FBD5ED137AF8EE677A804617EE7F
:10426000900A8946E8F73CFBA74B0022E8F790FB51
:1042700002460B4640464946E8F7D2F9E8F780FE89
:104280009FEDA27A07EE900AE8EE877A4FF47A72F1
:104290005743361BFCEEE77A17EE903AB3FBF7F183
:1042A00007FB1133B3FBF2F307EE903AA30006EEDF
:1042B000903AF8EEE66AF8EEE77A86EE887AF6EE5D
:1042C000006A68EE266AF4EEE76AF1EE10FA09D5A4
:1042D00038EE678A68EE077AFDEEE77A17EE904AC5
:1042E000344493E767EE877AF6E7B5F9023008EED3
:1042F000103A09F03FF8EE8D07EE906AB8EE679A33
:1043000007EE904A0746B5F92C00F8EEE77AB8EECA
:10431000C88A704377EE888A38EE678AE8F7BEFA73
:1043200075A3D3E90023E8F75DFCE8F729FE09EE61
:10433000900A3846E8F7B2FAD5ED137AF8EE677AC4
:10434000804617EE900A8946E8F7CAFA6E4B0022BB
:10435000E8F71EFB02460B4640464946E8F760F97F
:10436000E8F70EFE9FED697A07EE900AE9EE877A8C
:104370004FF47A725643FCEEE77A17EE903AB3FBAD
:10438000F6F106FB1133B3FBF2F307EE903AF8EEC9
:10439000E77A79EE677A38EEC87AC7EE096AA7EE4F
:1043A000A68AFDEEC87A17EE904A2FE7B5F90230DB
:1043B00008EE103A08F0DEFFEE8DB5F92C309FEDD7
:1043C000547A07EE906AB8EE679A07EE904AB8EE14
:1043D000C88AF8EEE77A77EE888A38EE678A07EEC1
:1043E000903AF8EEE77A67EE897AC7EE879AE8F7AF
:1043F00055FA80468946D5ED137AF8EE677A17EEBE
:10440000900AE8F76DFA404B0022E8F7C1FA02463D
:104410000B4640464946E8F703F9E8F7B1FD9FED42
:104420003B7A07EE900AE9EE877A4FF47A7101FB46
:1044300006F2FCEEE77A17EE903AB3FBF2F002FBDD
:104440001033B3FBF1F307EE903AF8EEE77AA2E708
:1044500008F090FFE8F722FA2B4B0022E8F7C2FBA6
:10446000D5ED137AF8EE677A064617EE900A0F46F6
:10447000E8F736FA02460B4630463946E8F7D0F8F8
:10448000E8F77EFDEB8DDFED225A022B38BF0223C9
:1044900007EE903AB5F92C30F8EE677AB7EE007A6D
:1044A000C7EE276A07EE903AF8EEE77A06EE100AB2
:1044B00087EEA57AA6EE267A17EE100AE8F710FA2C
:1044C0000FA3D3E90023E8F763FAE8F759FD00EEFC
:1044D000100A28F0DDFA07EE904AB5F90230B8EE7E
:1044E000E77A07EE903AF8EEE77AE0EE077A76E6BA
:1044F000002090E6AFF3008000000000E093E14070
:10450000182D4454FB21194000408F4000007A448C
:10451000009F0C4780F8AC1D7047D0F8A40D012B0C
:1045200038BF012340085AB1824203D8012A38BF5C
:10453000012210467F2B28BF7F2308808B70704795
:104540000246F3E7F8B505460F4600F1600400F5B2
:1045500058666378BB4204D12B6821469B69284684
:1045600098475434B442F4D1F8BD13B5012204463F
:1045700001A94FF4207009F091F868B1BDF804204A
:1045800004F55861530A2046C2F30802FFF7C5FF3D
:1045900001212046FFF7D6FF012201A940F2812028
:1045A00009F07CF868B1BDF8042004F69451530A70
:1045B0002046C2F30802FFF7B0FF0B212046FFF7A9
:1045C000C1FF012201A940F2822009F067F868B119
:1045D000BDF8042004F69851530A2046C2F308029D
:1045E000FFF79BFF09212046FFF7ACFF012201A93D
:1045F00040F2832009F052F868B1BDF8042004F6B7
:104600009C51530A2046C2F30802FFF786FF0A2195
:104610002046FFF797FF002301220DF106014FF41A
:104620002170ADF8063009F039F830B1BDF8063028
:1046300084F8B03D1A0A84F8AD2D01220DF106016F
:1046400040F2852009F02AF818B1BDF80630A4F828
:10465000AE3D01220DF1060140F2862009F01EF860
:1046600038B1BDF8063084F8C43DC3F3012284F8A4
:10467000A02D02B010BD0000F0B504468BB004F0D0
:104680007FFC0023844940F6022204F10800FDF774
:1046900027F8824903AA04A8F8F7F4F91423802222
:1046A00004A904F1280008F049FF04A8F8F76AF902
:1046B0007B4B236003F130028833A260A3624FF486
:1046C0005262002104F1600022F070FFFF262346B1
:1046D00004F552624FF6FF70012183F86460C3F85D
:1046E000900083F8B31054339342F6D16D4B04F528
:1046F000586603F1200718685968324603C2083328
:10470000BB421646F7D14FF47A73C4F8A43D04F6C1
:10471000A8530027644A84F8A07D1A60634BC4F84C
:10472000AC3D7F2384F8B03D04F6B4534FF07E5285
:104730001A604FF083425A604FF081429A604FF006
:104740008042DA601923A4F8C43DC4F8C87D394614
:10475000782204F6CC5022F029FF3946782204F65C
:10476000446022F023FF84F8BC7E20460326FFF736
:10477000FCFE04F10800FDF795FC3A4604F1080040
:104780004B4B4C490096FDF711FC0B2704F1080038
:10479000494B4A4900960122FDF708FC324604F1D4
:1047A0000800474B47490097FDF700FC04F108005B
:1047B000454B464900970422FDF7F8FB04F1080039
:1047C000434B444900970522FDF7F0FB04F1080034
:1047D000414B424900970622FDF7E8FB04F108002F
:1047E0003F4B404900970222FDF7E0FB40F21313D4
:1047F000009304F108003C4B3C491022FDF7D6FB26
:104800001122009204F10800394B3A49FDF7CEFB22
:1048100004F10800384B394900960722FDF7C6FB22
:1048200004F10800364B374900960822FDF7BEFB1D
:1048300004F10800344B354900960922FDF7B6FB18
:1048400004F10800324B334900960A22FDF7AEFB13
:104850003A4604F10800304B30490096FDF7A6FBBC
:1048600004F108002E4B2F4900960C22FDF79EFB09
:1048700004F108002C4B2D4900960D22FDF796FB04
:1048800004F108002A4B2B4900960E22FDF78EFBFF
:1048900020460BB0F0BD00BF72270508752705083C
:1048A000245E0508201105080AD7233CFFFE40407E
:1048B0007C2705089C270508A9270508C82705089F
:1048C000D22705081A210508DE27050866210508F4
:1048D000EC2705083F210508F82705088E21050863
:1048E000052805086A2705084228050867280508DD
:1048F0007628050892280508A0280508B328050889
:10490000BC280508CC280508D5280508EA2805088C
:10491000F52805080729050812290508262905088C
:1049200030290508412905084B29050838230508C1
:1049300083290508A72905080139CBB21E2B10B51C
:104940000CD80A2404FB0104B4F8D43D72B133B985
:104950000A2303FB01010023C1F8CC3D10BD013B3C
:104960009BB2A4F8D43D002BF8D1F1E7012202FA62
:1049700001F1D0F8C82D0A43C0F8C82D4FF6FF72D8
:1049800093421CBF0133A4F8D43DE7E70139CBB211
:104990001E2B05D822B90A2303FB0100C0F8CC2D39
:1049A00070470000012B21D80139C9B20B291DD84D
:1049B00001EB8101194400EB41000D49B0F9CC3DF8
:1049C00013448B42B8BF0B4647F6FF718B42A8BF1A
:1049D0000B46002AB8BF5242A0F8CC3DB0F9D03DFA
:1049E00012B29A42B8BF1A46A0F8D02D704700BF45
:1049F0000180FFFF2DE9F04FD1E9005687B0044652
:104A00008846B54247D194F8C53D002B6FD0D8E910
:104A10000036F61A0023CDE90433B6100A201946F1
:104A200000FB034201330C2BC2F8CC1DF8D104F17A
:104A300060054FF000094FF0540B0BFB094A9AF840
:104A400060309BBB9AF86030002B3BD02946204653
:104A5000FFF776FB4FF0000A02905FFA8AF7B74241
:104A600030DA029A0097434629462046FFF7DCF9E0
:104A70003B460246039069782046FFF793FF06AB5A
:104A800003EB8707039A57F8083C13440AF1010A1D
:104A900047F8083CE1E728680021F8F789FE94F818
:104AA000C51D55F8040BF8F7DFFBAAE72B6B4FF693
:104AB000FF729342C6D0002BC4D0EAF7C3FCEB6C64
:104AC000984217D209F10109B9F1280F05F15405EF
:104AD000B3D11C4F002547F6FF79EBB2B3421DDB83
:104AE000782204F6CC5104F64460E7F779FC07B06D
:104AF000BDE8F08FEAF7A6FCEB6CC01A2B6B98426E
:104B0000A0D900278AF86070FBB2B3429ADA6978BC
:104B1000002220460137FFF745FFF5E706AA02EB22
:104B20008302013552F8081CD8F80020B942B8BFFA
:104B30003946494552F82300A8BF4946F8F738FEE0
:104B4000CBE700BF0180FFFF0023C0F8C83D09B1DB
:104B5000FEF716BF704701390B290BD800236130CF
:104B6000542202FB03F1415C09B918467047013336
:104B7000282BF6D14FF0FF30704708B42DE9F041F3
:104B80000D4683B01146044600AFC81D07F124034B
:104B900020F00700ADEB000D53F8042B3B60684696
:104BA000A8470646002104F108000F2EE8462060C1
:104BB00061607E6014D9381DFEF780FF7D6820603B
:104BC000A56032464146F7F753FF2368656000222F
:104BD00020460C375A55BD46BDE8F04101B070473C
:104BE0003546EEE713B5044610EE100AE7F778FEF7
:104BF000054BCDE900013A2220460449FFF7BDFFED
:104C0000204602B010BD00BFC0290508D5720408B7
:104C100038B50468054634B1204601F0A3FF2C21C5
:104C200020462BF0D5FB284638BD0000124B70B54E
:104C300003F130020360883304468260836200F52A
:104C4000586500F16006B54209D0543D05F14400B5
:104C5000FFF7DEFF05F14000FFF7DAFFF3E704F1AD
:104C6000280008F04FFC04F10800FDF7E1F82046A9
:104C700004F018FA204670BD245E0508A0F1080073
:104C8000FFF7D4BFA0F12800FFF7D0BF10B504464E
:104C9000FFF7CCFF20464FF46C612BF099FB2046C8
:104CA00010BDA0F12800FFF7F1BFA0F10800FFF749
:104CB000EDBF10B50468016044B1204601F052FF19
:104CC00020462C21BDE810402BF082BB10BD2DE901
:104CD000F043272997B0064660D8542404FB01F816
:104CE00000EB0805012295F86110FFF725FE22462A
:104CF000002101A822F05AFCFF2306F1600E85F87E
:104D000064308DF8083008F10C037344012200244C
:104D10008DF857200DF1180C00222C66A5F866407E
:104D2000AC661A605A60BCE80F0005F174070FC743
:104D30009CE8030008F1400387E803004FF6FF7981
:104D40000EEB030721463846C5E92349C5E925444A
:104D5000C5F89C40CDF83490FFF7ABFF2146381DD5
:104D6000FFF7A7FF4FF08073C5F8B030A5F8A84053
:104D7000C5F8AC4012A8FFF74BFF11A8FFF748FF9A
:104D8000A036464430460436036813B10021FFF7CD
:104D900090FF631C022B4FF00104F3D117B0BDE864
:104DA000F083000070B503680C68B3F8802D2DED1A
:104DB000028B07EE102AD3F8A42D07EE902A93F861
:104DC000822DF8EE677AB8EEC77A08EE102A03F65D
:104DD000A853C7EE278A82B00D46B8EEC88AD3ED35
:104DE000007A28EE278A74B19FED131AF0EE480A74
:104DF000B0EE680A0021204602B0BDEC028BBDE88F
:104E0000704002F0D5B92C202BF060FB9FED0A1A00
:104E1000F0EE480AB0EE680A0646214602F0E4F9D0
:104E2000314628460194FFF744FF01A8FFF7F0FE42
:104E300002B0BDEC028B70BD0000000070B52DED1E
:104E4000028B03680C6893F8A02D03EB02120D4649
:104E5000B2F88C1D92F88E2D07EE101AD3F8A41D0F
:104E600007EE901AB8EEC77AF8EE677A08EE102AC5
:104E700003F6A853C7EE278A82B0B8EEC88AD3EDEE
:104E8000007A28EE278A74B19FED131AF0EE480AD3
:104E9000B0EE680A0021204602B0BDEC028BBDE8EE
:104EA000704002F085B92C202BF010FB9FED0A1A00
:104EB000F0EE480AB0EE680A0646214602F094F980
:104EC000314628460194FFF7F4FE01A8FFF7A0FE43
:104ED00002B0BDEC028B70BD0000000070B52DED7E
:104EE000028B03680C6893F8A02D03EB02120D46A9
:104EF000B2F8841D92F8862D07EE101AD3F8A41D7F
:104F000007EE901AB8EEC77AF8EE677A08EE102A24
:104F100003F6A853C7EE278A82B0B8EEC88AD3ED4D
:104F2000007A28EE278A74B19FED131AF0EE480A32
:104F3000B0EE680A0021204602B0BDEC028BBDE84D
:104F4000704002F035B92C202BF0C0FA9FED0A1A00
:104F5000F0EE480AB0EE680A0646214602F044F92F
:104F6000314628460194FFF7A4FE01A8FFF750FE42
:104F700002B0BDEC028B70BD0000000070B52DEDDD
:104F8000028B03680C6893F8A02D03EB02120D4608
:104F9000B2F8881D92F88A2D07EE101AD3F8A41DD6
:104FA00007EE901AB8EEC77AF8EE677A08EE102A84
:104FB00003F6A853C7EE278A82B0B8EEC88AD3EDAD
:104FC000007A28EE278A74B19FED131AF0EE480A92
:104FD000B0EE680A0021204602B0BDEC028BBDE8AD
:104FE000704002F0E5B82C202BF070FA9FED0A1A01
:104FF000F0EE480AB0EE680A0646214602F0F4F8E0
:10500000314628460194FFF754FE01A8FFF700FE41
:1050100002B0BDEC028B70BD000000002DE9FF471F
:10502000D0E901639E4204468A4608D03046FAF72A
:105030009CFF63683033636004B0BDE8F087154AB5
:105040000121F9F743FAD4F800800746FEF7EEFC99
:10505000A6EB08090546514648440394FAF785FF34
:105060002A4631464046FEF76EFDA3680A4ACDF84F
:105070000480A3EB08031B115343064601A80293C7
:10508000F6F743FB30232560303603FB0755666097
:10509000A560D1E7281E0508ABAAAAAA2DE9FF47FB
:1050A000D0E901439C4205468A4615D00A88002370
:1050B00004F10801C4E906232372C4E900130022A5
:1050C0000023C4E90823022384F8283043683033DE
:1050D000436004B0BDE8F0871D4A0121F9F7F6F9F5
:1050E000D5F800800746FEF7A1FCA4EB080900EB09
:1050F00009030646BAF800100395002203F10800E0
:1051000046F80900C3E906125A601A72002000210D
:105110000222C3E9080183F828202146324640468E
:10512000FEF711FDAB680B4ACDF80480A3EB080332
:105130001B115343044601A80293F6F7E6FA302305
:105140002E60303403FB07666C60AE60C1E700BFC1
:10515000281E0508ABAAAAAA2DE9FF47D0E90143FA
:105160009C4205468A4615D00A78002304F10801BE
:10517000C4E906232372C4E9001300220023C4E912
:105180000823022384F8283043683033436004B096
:10519000BDE8F0871D4A0121F9F798F9D5F800809C
:1051A0000746FEF743FCA4EB080900EB090306469B
:1051B0009AF800100395002203F1080046F8090050
:1051C000C3E906125A601A72002000210222C3E9C4
:1051D000080183F82820214632464046FEF7B3FCFA
:1051E000AB680B4ACDF80480A3EB08031B115343B3
:1051F000044601A80293F6F788FA30232E60303473
:1052000003FB07666C60AE60C1E700BF281E05089F
:10521000ABAAAAAA036A022B10B50C4601D0202B18
:1052200003D103691370012010BD012B01D0102B95
:1052300004D111462046FFF78FFFF4E70220F3E781
:10524000012A02D10B78037070470AB122F01CB911
:10525000704700002DE9F743994643680A9E99423A
:10526000054604D90A46284828492BF03CFC5F1A19
:10527000BA4228BF3A461046D21A02F10042023A18
:10528000964202D922482BF02BFC2A4606EB030853
:1052900052F808CB944514BFAA680F22A8EB000867
:1052A000904529D8CC450CEB0104A7EB000214D89B
:1052B0009C44E14511D8CDE900624B4602462146A7
:1052C00028462BF017FC2B68C5F8048000222846DE
:1052D00003F8082003B0BDE8F0832AB1864203D06A
:1052E0002118A019FFF7ACFF002EECD0324649463A
:1052F0002046F7F7BDFBE6E7024600964B462846F8
:10530000FAF746FFDFE700BFD0240508C3290508E8
:105310009924050873B5044608460D461646E7F776
:105320000FF90022114600902B463046FFF792FFFE
:1053300001462046FAF7FEFD204602B070BD00008F
:10534000F0B599B01E4607460C461546434912AAC9
:105350006846F7F797FB012E0AD9404912AA38464A
:10536000F7F790FB6846F7F70DFB384619B0F0BD2C
:10537000E5B9D4F8C83D13B9394912AAEFE7394E57
:10538000D4F8C83DEB40DB0704D556F82510684635
:10539000FCF7A8FA01350C2DF2D1019B009A013BD4
:1053A00000210193D154009912AAD8E704EB4605D5
:1053B00004F17806B5F9D01D0CA8F7F7BFFB2A4910
:1053C0000CAA12A8FFF7A6FFDDE912126846FBF748
:1053D000F7FB12A8F7F7D6FA0CA8F7F7D3FAB5F946
:1053E000CC1D0CA8F7F7AAFB20490CAA12A8FFF7BE
:1053F00091FFDDE912126846FBF7E2FB12A8F7F70E
:10540000C1FA0CA8F7F7BEFAB4F8D41D06A8F7F74E
:1054100095FB06AA16490CA8FFF77CFF15490CA8B6
:10542000FCF760FA014612A8FAF784FDDDE91212D2
:105430006846FBF7C5FB12A8F7F7A4FA0CA8F7F724
:10544000A1FA0A3406A8F7F79DFAB442ABD00A498C
:1054500068460A35FCF746FAACE700BFC5250508E3
:1054600034270508BC5E0508D9290508E129050887
:10547000EB290508F3290508F5290508F7B54E6855
:105480000C4651F8083B05468B421046526818BF3F
:10549000A768016808BF0F2702EB060CBC4506D9B8
:1054A00000F10807B94202D08768BC4509D92046F7
:1054B000FBF786FB01462846FAF73CFD284603B079
:1054C000F0BD002200961146FFF7C4FEF2E700008F
:1054D0002DE9F04F0B680446A1B008461546112B84
:1054E00000F2BB82DFE813F012002B0051005E01D6
:1054F0006C01AA01C601E201FE010F022B023C026F
:105500005802790269029102C500F0000B6A012B72
:1055100005D104F558612846FFF7C0FD97E0022B3E
:1055200040F0958094F8823D0A6904F55861204660
:10553000FEF7F3FF01212046FFF704F887E00B6A2E
:10554000082B14D104F6A85494ED000A14A8FFF710
:1055500049FB14AAB5491AA8FFF7DCFE1AA9284688
:10556000FFF75CFD1AA8F7F70DFA14A87EE0012BEF
:1055700005D104F682512846FFF7EEFD67E0022BC5
:1055800065D10B7CB4F8802DCFE7096A012953D18E
:10559000D5E901639E4214D0D4F8C82D002306F14A
:1055A0000801C6E906233372C6E90013002200236E
:1055B000C6E90823022386F828306B6830336B6015
:1055C00045E09B4A2846F8F781FFD5F800908046D1
:1055D000FEF72CFAA6EB090AD4F8C81D1C9507465D
:1055E00000EB0A03002203F1080047F80A00C3E9B0
:1055F00006125A601A72002000210222C3E9080133
:1056000083F8282031463A464846FEF79CFAAB68B4
:10561000884ACDF86890A3EB09031B115343044655
:105620001AA81B93F6F771F830232F60303403FB70
:1056300008776C60AF600AE002290AD1D0E9043231
:1056400013430CBF012100212046FFF77DFA012002
:10565000B3E00829FBD100231A4621461AA8FFF718
:105660006FFE28461AA9FFF7D9FC1AA8F7F78AF99E
:10567000EDE70B6A012B01D0102B02D1037A012236
:10568000EBE7022BE3D1D1E904710029DFDB002332
:105690000A261A4604F6D45C06FB03F0251857EADE
:1056A000010E03F1010318BFC5F8CC2DC5F8D02DAC
:1056B00018BF2CF800200C2BEED10023C4F8C83DF5
:1056C0002046FEF75DF9C2E70B6A102B26D10F7A50
:1056D000022F28BF022704EB470704F1780AD5E917
:1056E00001639E421ED0B4F84C1EB7F9442E00232D
:1056F00006F1080C3372C6E900C3C6E90813062395
:1057000086F828306B68D0173033C6E906206B6006
:105710000A34544507F10A07E1D198E7012B96D1E5
:105720000027D8E7424A01212846F8F7CFFED5F8EE
:1057300000900190FEF77AF9A6EB090B00EB0B0342
:105740008046B7F9441EB4F84C0E1C95002203F1B4
:10575000080E48F80BE04FEAE17CC3E908025A6002
:105760001A720622C3E9061C83F8282031464246F5
:105770004846FEF7E8F9AB682E4ACDF86890A3EBEF
:1057800009031B11534306461AA81B93F5F7BDFFE7
:10579000019AC5F800803023303603FB02836E6027
:1057A000AB60B5E70B6A082B02D104F6B854CBE620
:1057B00004F6AE522946FFF72DFD21B0BDE8F08F6B
:1057C0000B6A082B2ED104F6B45494ED000A02A8FB
:1057D000FFF708FA02AA154908A8FFF79BFD16492A
:1057E00008A8FCF77FF801460EA8FAF7A3FB2D21C5
:1057F00014A8F7F7A3F914AA0EA91AA8FFF73EFEFA
:105800001AA92846FFF70AFC1AA8F7F7BBF814A84C
:10581000F7F7B8F80EA8F7F7B5F808A8F7F7B2F851
:1058200002A823E704F6AD52C4E700BFF829050833
:10583000281E0508ABAAAAAAFF2905080B6A082B8F
:1058400015D104F6BC5494ED000A02A8FFF7CAF97A
:1058500002AA834908A8FFF75DFD824908A8FCF762
:1058600041F801460EA8FAF765FB2821C0E704F6C7
:10587000AF529FE70B6A082B15D104F55C6494EDD9
:10588000000A02A8FFF7AEF902AA754908A8FFF7B7
:1058900041FD744908A8FCF725F801460EA8FAF75F
:1058A00049FB0421A4E704F55B6283E70B6A012B43
:1058B00006D194F8A01D04EB011101F688512AE6E7
:1058C000022B7FF4C4AE94F89A3D0A6904F698510D
:1058D0002046FEF722FE94F8A03D012B7FF4B7AEE0
:1058E000092128E60B6A012B06D194F8A01D04EBD0
:1058F000011101F68A513EE6022B7FF4A8AE0B7C23
:10590000B4F8982DE2E70B6A012B06D194F8A01D9C
:1059100004EB011101F68451FDE5022B7FF497AEF3
:1059200094F8963D0A6904F694512046FEF7F5FD79
:1059300094F8A03D012B7FF48AAE0B21FBE50B6AA6
:10594000012B06D194F8A01D04EB011101F686513C
:1059500011E6022B7FF47BAE0B7CB4F8942DE2E7CA
:105960000B6A012B06D194F8A01D04EB011101F67E
:105970008C51D0E5022B7FF46AAE94F89E3D0A6903
:1059800004F69C512046FEF7C8FD94F8A03D012B7B
:105990007FF45DAE0A21CEE50B6A012B06D194F8A7
:1059A000A01D04EB011101F68E51E4E5022B7FF4FA
:1059B0004EAE0B7CB4F89C2DE2E70B6A012B02D1B2
:1059C00004F6C451D7E5022B7FF441AE0B7C642B67
:1059D00028BF642384F8C43D39E60B6A012B02D149
:1059E00004F55A61C7E5022B7FF431AE0B69012B38
:1059F00028BF0123204684F8A03D0A21FEF7A2FD1E
:105A000009212046FEF79EFD97E7096A012918D172
:105A1000D5E901639E4202D094F8BC2EBEE5124A3D
:105A20002846F8F753FDD5F800908046FDF7FEFFB5
:105A3000A6EB090A94F8BC1E1C95074600EB0A0366
:105A4000D0E502297FF403AE037C012B28BF01239C
:105A500003F0010384F8BC3EF9E50020ADE600BF89
:105A6000F8290508FF290508281E0508A0F10800E7
:105A7000FFF72EBD034A034692E8030083E80300C4
:105A800018467047A40000107047002070478068D7
:105A900070470020704703685B691847704710B56E
:105AA0000C2104462AF094FC204610BD10B5036872
:105AB0002DED028B9B6A04469847A0B123682046CF
:105AC000DB699847236808EE100A9B6A20469847CE
:105AD00007EE900AB8EEC88AF8EE677A88EE270AD1
:105AE000BDEC028B10BD9FED010AF9E7000000003C
:105AF00010B503682DED028B9B6A04469847A0B150
:105B0000236820465B699847236808EE100A9B6A61
:105B10002046984707EE900AB8EEC88AF8EE677AF2
:105B200088EE270ABDEC028B10BD9FED010AF9E754
:105B300000000000024B036000238360704700BF39
:105B40000C5F05087047000002686FF000439A423E
:105B500010B502D30B482AF0C3FF8A4208D9B2EB32
:105B6000410F4FEA410403D29C4203D20460224613
:105B7000501C02E0044A02601846BDE810402AF0BA
:105B8000A5BC00BF281F0508FEFFFF7F52B9EFF339
:105B90001083806823B9EFF305830BB9F0F7A4BA3B
:105BA000F0F7FCBA7047F7B5541A0F2C05460F46AC
:105BB000019411D9002101A8FFF7C6FF019E2860BA
:105BC000AE60224628683946F6F752FF2B686E60B1
:105BD00000229A5503B0F0BD2646F2E70A46F8B512
:105BE0000B6803600C460B7952F8081F037102F131
:105BF00008060346B142054653F8080F06D19A42FB
:105C000009D1A2680023E3601370F8BD08339842FD
:105C10000BD100200AE0E2680AB1F6F729FFE36839
:105C2000AA68EB600021D154EBE72F69E368A96013
:105C3000EB6023692B6110B1A0602761E1E7A660EA
:105C4000DFE710B588B003680093044603798DF848
:105C5000043000F1080102A8FAF76CF92046009A16
:105C600050F8203C9A42A4F1200407D36946FFF77C
:105C7000B5FF02A8F6F786FE08B010BD2146FFF773
:105C8000ADFFEBE72DE9F04702F1FF3888B006469B
:105C90000F461546994608EBD8780C466FF0784ABF
:105CA000B4EB680F4FEA441032DBEB070DD4AA1EA9
:105CB000B4EB620F09D10134650006EB8414A4F142
:105CC00020013044FFF78AFF6C1ED9F800300093A2
:105CD00009F1080199F804308DF8043002A8651E16
:105CE000FAF728F905EBD5756D10A74206EB4410BD
:105CF00020DA6B0106EB4511F258009B9A4219D24B
:105D0000FFF76CFF6B1E03EBD3732C465D10ECE7C3
:105D1000611C4C008B010AEB41014901F258735898
:105D20009A4238BF04F1FF3406EB44113044FFF7C8
:105D300055FFB5E76946FFF751FF02A8F6F722FEC7
:105D400008B0BDE8F0870000F0B5194DA84289B051
:105D5000074629D109B0F0BD26462A6856F8203BEF
:105D600093421DD2009304F1080116F81C3C8DF8F3
:105D7000043002A8FAF7DEF8AC420AD12846694698
:105D8000FFF72CFF02A8F6F7FDFD3446A742E3D14A
:105D9000E0E7203C214604F12000FFF71FFFEBE77E
:105DA0002046FFF74EFFF0E705F12004EEE700BFC5
:105DB0006029012070B590B01368009314461379E0
:105DC0008DF8043005460E4602A802F10801FAF7E4
:105DD000B1F829462046FFF701FF009B089302A96E
:105DE0009DF804308DF824300AA8FAF7A3F8721B46
:105DF00008AB521100212846FFF744FF0AA8F6F726
:105E0000C1FD02A8F6F7BEFD10B070BD10B5074B7E
:105E100011221946013A03D01C790CB12033F9E75D
:105E20005B1A5B110160436010BD00BF6029012057
:105E30002DE9F047D0E900830022A3EB08040646D1
:105E40008A46A0101146884207D8B768BB420BD0DB
:105E500043F804AB7360BDE8F08758F82110514552
:105E6000F9D00132D1B2EEE701282CBF0018013081
:105E70004FEA800948462AF029FB40F804A005466D
:105E80001CB122464146E6F7ABFA04342C44B8F183
:105E9000000F04D0A7EB080140462AF099FAC6E9A2
:105EA00000544D44B560D6E710B5044B036004467A
:105EB00001460348FFF7BCFF204610BD885F050878
:105EC000602B012030B587B00446FFF7EDFF0F4A85
:105ED00002ABA2F1080168460093FFF764FE4FF49D
:105EE000807269461323201D07F028FB6846F6F7E9
:105EF00049FD074B236018336360012384F83C306D
:105F0000201D07F0CBFA204607B030BD872A0508D0
:105F10009C5F0508F8B5D0E900420023161B054632
:105F2000B6101F469E4212D94FEA830C04EB830041
:105F300054F823308B4210D1011D8A4204D0521AEA
:105F4000042A05DD21F0A0FA6B68043B6B60F8BD04
:105F500004BF436844F80C30F6E70137FBB2E1E7D1
:105F600010B5044B0360044601460348FFF7D2FF17
:105F7000204610BD885F0508602B012010B504463F
:105F8000FFF7EEFF204604212AF022FA204610BD3A
:105F900010B5064B03601833044640F8043F07F081
:105FA000B1FA2046FFF7DCFF204610BD9C5F0508D4
:105FB000A0F10400ECE700BF10B50446FFF7E8FFCE
:105FC000204640212AF004FA204610BDA0F104002A
:105FD000F2E700002DE9F0430C688946BDB00646A3
:105FE0002346012542F20F7142F21072092B02D9A9
:105FF000632B5CD8013500230DF114080F2DCDF86B
:106000000C8004938DF8143009955DD90F2109A8EF
:10601000FFF79AFD012241460746F6F729FD03A83E
:10602000F6F7B0FC099B039705936049C92209A8BC
:10603000E6F7D6F97A196421632C47D8092C85BF75
:106040003CAB03EB4404303414F8CB3C84BF7B708E
:1060500014F8CC4C3C70039B5549049500225A55CA
:1060600003A8FBF73FFC01463046F9F763FF03A89E
:10607000F6F788FC99F80430022B38D0032B38D07F
:10608000012B38D14B493046FBF72CFCD9F80C20BA
:10609000CDF80C808ABB484A03A8D11FFFF783FDC7
:1060A000049A464B9A422ED145482AF019FDB3F581
:1060B0007A7F01D202359EE78B4201D803359AE7F9
:1060C0000435B3FBF2F391E74746AEE7B4FBF1F0DA
:1060D00001FB104304463CA800EB430313F8CB0C30
:1060E00002F8010C13F8CC3C02F8023DA4E7354954
:1060F000C9E73549C7E73549C5E7D9F8081003A806
:10610000F7F7D0FDCCE7039C444514BF059B0F2354
:10611000551C9D4234D8264B9C4202D8A1188B4274
:1061200006D91ABB224901222046F6F7A1FC07E056
:106130000192012200922146002203A82AF0DAFCF3
:10614000039B049500225A5503A909A8F9F7F2FE0A
:106150007368C3F1FF43DDE9091203F5FF0303F59B
:10616000FF437E33934214D219489EE7012A02D19D
:1061700023786370D6E72146601C21F085F9D1E7CA
:106180000123002200931146094B03A8FAF700F8F7
:10619000D6E73046FAF73AF809A8F6F7F3FB03A872
:1061A000F6F7F0FB30463DB0BDE8F083AA1F0508C6
:1061B000F1290508882A0508992A0508FEFFFF7FAE
:1061C000992405088D2A0508952A05080F2C05082D
:1061D00073200508F0B5234D89B00446112604AF9D
:1061E000013E09D11F481123013B22D0026802B3AE
:1061F0000279F2B12030F7E72B680093D5E902125B
:106200002B798DF8043002A80297F7F74BFD22682E
:10621000009B9A4202A808D122799DF804309A4244
:1062200003D1F6F7AFFB09B0F0BDF6F7ABFB2035B5
:10623000D6E70D4B984208D0236803602379037199
:1062400004F108010830FCF76CFD084BD3E9005657
:10625000B542E8D055F8040B036800229B6821463C
:106260009847F5E760290120602B0120602B012071
:106270002DE9F0431B4BDFF87090D3E9006889B03B
:106280000024B04511D104ABCDE902341648009486
:106290008DF804408DF810401125013D14D102A85D
:1062A000F6F770FB09B0BDE8F08356F8047B0025D3
:1062B000B5F5007FE5D03B6809EB05019B6801223D
:1062C000384698472035F3E70446009B44F8203BC6
:1062D0009DF8043004F81C3C083002A9FCF721FDAD
:1062E0002046DAE7602B01206029012030B589B013
:1062F000036800930D4603798DF80430044600F1DD
:10630000080102A8F9F716FE29462046FFF766FCA9
:1063100069462846FFF762FC02A8F6F733FB09B08E
:1063200030BD2DE9F047044690B00D4691462E1B36
:10633000B6F5007F2DDD4FEA6618B6117701B9F189
:10634000000F37D1013E274457F820AC17F81C9CAA
:10635000CDF800A0A7F1180102A88DF80490F9F774
:10636000E9FD02A90AA8CDF820A08DF82490F9F73C
:10637000E1FD204608AB42463146FFF783FC0AA800
:10638000F6F700FB46B902A8F6F7FCFA2B1B202B08
:1063900008DC10B0BDE8F08702A8203F013EF6F708
:1063A000F1FAD1E7203D08AB2A4629462046FFF7FF
:1063B00001FDEBE7206AE25955F8203C904209F1D3
:1063C000FF3904EB070104F12006A5F1200C1CD2D3
:1063D000934216D92046FFF789FF2F46236832687B
:1063E0009A4219D357F8202C9342A7F12007F9D3EA
:1063F000BE4213D329464A463046FFF792FF354640
:1064000095E7834203D96146E4E7834201D93146E7
:10641000E0E79342DED9F6E72036E0E7304639463A
:10642000FFF764FF2036D9E708B505490822A1F532
:106430000070FFF776FFBDE808400148FFF784BC15
:10644000602B012000B5114A89B000231046117954
:10645000032915D1002204A9CDE9021200EB431053
:10646000694600928DF804208DF81020FFF7B6FBE6
:1064700002A8F6F787FA09B05DF804EBFFF7D4BF7E
:106480000133102B02F12002E1D1F4E76029012051
:106490008FB5144F064600253B68D3B196F83C30C3
:1064A000BBB101A8CDE90155039505F00BFB396897
:1064B00001230A2201A8FCF707FFFFF7C3FFDDE96C
:1064C0000148A04509D1019818B10399091A29F08A
:1064D0007FFFB068F0F71AF9DEE72046F6F752FAC8
:1064E0003034EEE7042C0120A0F10400FFF7D0BF08
:1064F00070B51B4B0168054688B0002218461C6821
:106500008C421ED11E792C79A6421AD1002304A9EF
:10651000CDE9021300EB4210694600938DF8043078
:106520008DF81030FFF75AFB02A8F6F72BFA0D4B47
:10653000D3E90046A6420AD108B0BDE87040FFF793
:1065400073BF0132102A03F12003D8D1EFE754F8CA
:10655000040B036801229B6829469847EAE700BFBD
:1065600060290120602B01202DE9F0470025174C00
:10657000DFF85C8088B081462E4623684B4509D001
:106580000835802D04F12004F7D108B0BDE8F047AC
:10659000FFF74ABF04AB69462046CDE902360096B4
:1065A0008DF804608DF81060FFF718FB02A8F6F76D
:1065B000E9F9D8E9007ABA45E2D057F8040B036844
:1065C00001229B6821469847F5E700BF602901201A
:1065D000602B0120074B1021002203F1100001392C
:1065E000C3E902021A601A711A7403F12003F4D18C
:1065F000704700BF6029012038B50A4CA4F500752A
:10660000203C04F10800F6F7BDF9AC42F8D1064B86
:10661000186828B19968BDE83840091A29F0D8BE31
:1066200038BD00BF602B0120602B012070470000A7
:10663000F8B5144D144B0360D5E900420023111B3B
:10664000064689101F46994212D94FEA830C04EB83
:10665000830054F823309E4211D1011D8A4204D098
:10666000521A042A06DD20F00FFF6B68043B6B60B2
:106670003046F8BD04BF436844F80C30F5E70137F5
:10668000FBB2E0E76C2B0120E45F050810B504467F
:10669000FFF7CEFF2046042129F09AFE204610BDC8
:1066A0002DE9F0471D4E1E4B0360D6E900930022F2
:1066B000A3EB09040746A51011468D4209D8D6F868
:1066C000088043450CD043F8047B73603846BDE82E
:1066D000F08759F821108F42F8D00132D1B2ECE79F
:1066E000012D2CBF6D190135AD00284629F0EEFEB5
:1066F000075182461CB122464946E5F771FE043433
:106700005444B9F1000F04D0A8EB0901484629F020
:106710005FFE5544C6E900A4B560D7E76C2B0120A5
:10672000E45F0508034B186818B19968091A29F045
:106730004FBE70476C2B01202DE9F843134F0446E0
:10674000D7E900694E4505D14FF0FF310120F0F740
:10675000FFFBF5E756F8045B2B6828461B69984752
:106760000028EFD02B6804F15C01DB6828469847CD
:1067700023682A461B6904F15C0120469847D4E946
:106780001732934218BF2366DCE700BF542901206B
:1067900010B588B0044601AA134902A8F6F772F9A9
:1067A00002A920234FF42F72204606F0C7FE02A84C
:1067B000F6F7E8F823460D4A43F8402BA36300237D
:1067C000C4E91433C4E91633C4E91833E36384F825
:1067D0004030012384F86830054B20461C6006F0E9
:1067E0005DFE204608B010BD9A2A05082060050805
:1067F000782B012007B5EFF310830F4A1268506819
:106800004BB9EFF3058333B90222194603B05DF8A3
:1068100004EBF0F7D9BB01A9F0F758FC019B4BB191
:106820004FF0E0234FF08052C3F8042DBFF34F8F99
:10683000BFF36F8F03B000BD782B012008B548224D
:10684000002120F0B3FEFF2280F8282008BD0000C0
:10685000104B70B504460360C06D18B1616E091A23
:1068600029F0B6FDD4E91456AE420ED1206D18B110
:10687000A16D091A29F0ACFD04F13800F6F782F891
:10688000204606F03FFE204670BD2846FBF7F6FE88
:106890004835E9E72060050810B50446FFF7D8FF42
:1068A00020466C2129F094FD204610BD2DE9F84FBB
:1068B000D0E9009B2E4BABEB0904E5105D432D4B5B
:1068C0009D42074602D12C482AF00AF9012D2CBF1F
:1068D0006D1901359D4228BF1D4648235D4328465A
:1068E00029F0F4FD80462044FFF7A8FF46464C46B9
:1068F0004FF0000AA34506F148060ED1B9F1000F8A
:1069000005D0B9684846A1EB090129F061FD45446D
:10691000C7E90086BD60BDE8F88F236846F8483CAB
:10692000A446636846F8443CA36846F8403CC4E982
:1069300001AA4CF810ABBCE80F00A6F1380EAEE887
:106940000F00BCE80F00AEE80F009CE80300238FA7
:106950008EE8030026F8103CE36B46F80C3C94F8F4
:10696000403006F8083C2046FBF788FE4834C1E773
:10697000398EE338711CC701281E05082DE9F74F31
:106980004B680E68DFF84CA1009204460193019B0E
:106990009E4208D14F4BD3E90045AC4240F08B807A
:1069A00003B0BDE8F08FD4E91478474504F15009ED
:1069B00007D03D4628464835FBF760FEA845F9D18B
:1069C0006765F569009B73622B6831681B6C002258
:1069D00028469847C36813F03B0F4DD0326A1342E4
:1069E00014BF012700272846FAF70FFF00283DD0E3
:1069F000002F3BD0D4E91573BB423FD0384648370F
:106A0000FFF71CFF6765D4F854802B68A8F1480293
:106A10009B69314628469847074660B92B68284647
:106A2000DB68984748B12B68A8F148025B6931469A
:106A3000284698470746032F24D02B6828461B6B0F
:106A40009847B64628F8100CBEE80F00A8F1380C9D
:106A5000ACE80F00BEE80F00ACE80F009EE80300B2
:106A60008CE8030008F8087C48F80C5CD4E914238F
:106A70009A420DD128368AE70127B4E74846FFF746
:106A800015FFC0E7606D48386065FBF7F7FDEDE77F
:106A9000DAE90058A845EDD055F804BB6427DBF8C7
:106AA00000305846DB69984758B9013FF2D00120C1
:106AB000EFF784FDF3E754F8040B03681B6A98476B
:106AC0006BE7DBF80030009A5B6949465846984707
:106AD000E0E700BF5429012010B588B001AA15498C
:106AE00002A8F5F7CFFF144805230360032400F143
:106AF0001003DDE90212047140F8083FF7F7D2F8FD
:106B000002A8F5F73FFF01AA0C4902A8F5F7BAFF62
:106B10000B480623036000F110030471DDE9021243
:106B200040F8083FF7F7BEF802A8F5F72BFF08B0CA
:106B300010BD00BFA32A05089C2B0120B32A05081D
:106B40007C2B012008B50348F5F71CFF0248F5F738
:106B500019FF08BD842B0120A42B01200023836290
:106B600043627047704790ED060A7047D0ED016AA6
:106B7000D0ED097A90ED026AE6EE807AB0EE407AC6
:106B8000B0EE670AD0ED0A7AD0ED046AE6EE077A35
:106B9000E6EEC07AD0ED036AC0ED097AD0ED057A51
:106BA00067EEC07AE6EE877AC0ED0A7A7047000099
:106BB0002DE9F0472DED088B90ED089A0024F0EEBA
:106BC000C97A82464462846217EE900AE5F788FE2D
:106BD000CD4B0022E6F706F89FEDC50B41EC110BFB
:106BE00025F096FD51EC100BE6F7CAF908EE900A75
:106BF000DAF81800E5F774FEBFA3D3E90023E5F740
:106C0000C7FE41EC100B25F003FE51EC100BE6F72C
:106C1000B7F99AF8003008EE100A062B00F2D68079
:106C2000DFE813F00700300055006C009500EB0022
:106C3000DA01DAED077A88EE276AF7EE007A28EEB5
:106C4000088A36EE277A37EE087AC7EE876A28EE8A
:106C5000267A77EE075A8AED017A8AED037A38EEC2
:106C6000677A77EEC67A37EE077A77EE887A27EE7C
:106C7000267ACAED025A8AED047A67EEA67ACAED40
:106C8000057AA3E0DAED077A88EE276AF7EE007A54
:106C900036EE277AA8EE087AC7EE876AB8EE007A51
:106CA00026EE877ACAED016A8AED027ACAED036A96
:106CB000BFEE007AA8EE087A77EEC67A37EE077A4A
:106CC000E8EE087A27EE267A8AED047AD5E7DAED3F
:106CD000077ACAF8084088EE276AF7EE007A36EE9F
:106CE000277AA8EE087AC7EE876A26EE267A8AED1A
:106CF000017AB1EE477A8AED037AD9E7DAED077ABD
:106D0000C8EE275AF7EE007A35EEA77AF0EE676AFA
:106D1000A8EE087AE8EE086A87EE876ABFEE007A86
:106D2000A8EE087A77EEE57A37EE077AE8EE087A89
:106D300066EE866A27EE067A67EE867ACAED016A03
:106D40008AED027ACAED036A8AED047A97E79AED32
:106D5000076AB7EE007AC8EE867AC7EE066AF0EEEA
:106D6000474AB0EE476AE8EE274AA8EE676AB0EEF7
:106D7000475AF0EE475AFFEE007AA8EE265AE8EEA0
:106D8000665AE8EE087AB5EEC09AF1EE10FAE8EE2F
:106D9000084AA8EE085AE8EE085AA8EE086A77EE04
:106DA000A77A17DBC7EE056A66EEA77A66EEA44AF5
:106DB00026EE866A66EEA56ACAED014ACAED027A37
:106DC0008AED036ACAED047ACAED056ABDEC088B48
:106DD000BDE8F087C7EE246A66EEA77A26EE855AEC
:106DE00066EEA55A8AED015A66EE866ACAED027A07
:106DF000CAED035ACAED047AE6E7B5EEC09AF1EEA1
:106E000010FA78EEA8AA28EE089A68EE888AB7EEFB
:106E100000AAFFEE009A7BDBE5F762FD38A3D3E919
:106E20000023E5F7B5FD064619EE100A0F46E5F713
:106E300057FD364B04460D46002230463946E5F7ED
:106E4000F1FB22462B46E5F7EDFB02460B46002000
:106E50002E49E5F7C7FEE6F793F8B0EE6A0A0BEEA7
:106E6000100A25F0B5FDF0EE4A7AE8EE007AE8EE79
:106E7000889AE8EE887A79EEA99A67EE8B7A69EEBD
:106E80008B9ACAED017ACAED029AB0EE6A0A25F031
:106E90009FFDF0EE4A7AE8EE407A32463B4639EE04
:106EA0004A9AE8EE887A194939EE099A67EE8B7AA0
:106EB00029EE0B9ACAED037A8AED049A0020E5F7D1
:106EC000AFFB22462B46E5F7ADFB04461BEE100A4E
:106ED0000D46E5F705FD02460B4620462946E5F737
:106EE00057FDE6F74DF8CAF814006FE7AFF30080DE
:106EF0000000000000002440182D4454FB210940EC
:106F0000CD3B7F669EA0F63F000034400000F03F7E
:106F1000B0EE6A0A25F05CFDF0EE4A7AE8EE007AFF
:106F200018EE100AE8EE887AE8EE889A8AEE27BA18
:106F3000E5F7D6FC8EA3D3E90023E5F729FD8046CB
:106F4000894619EE100AE5F7CBFC06461BEE100A3F
:106F50000F46E5F7C5FC884B04460D460022404627
:106F60004946E5F75FFB39EE4A9A32463B46E5F77C
:106F700059FB22462B46E5F70BFD39EE099AE5F75A
:106F8000FFFF29EE0B9ACAF8040042464B467A49A5
:106F90008AED029A0020E5F743FB32463B46E5F7CF
:106FA00041FB22462B46E5F7F3FC79EEA99AE5F77B
:106FB000E7FF69EE8B9ACAF80C00CAED049AB0EEAE
:106FC0006A0A25F005FDF0EE4A7AE8EE407AE8EE2E
:106FD000887A67EE8B7A52E6B5EEC09AF1EE10FA37
:106FE00078EEA8AA68EE089AB7EE009A5BDBE5F7A0
:106FF00077FC5FA3D3E90023E5F7CAFC064619EE48
:10700000900A0F46E5F76CFC5B4B04460D460022E8
:1070100030463946E5F706FB22462B46E5F702FBEC
:1070200002460B4600205449E5F7DCFDE5F7A8FFD2
:10703000B0EE6A0A0AEE100A25F0CAFCF0EE687A91
:10704000E8EE007AB0EE6A0A77EEA97A67EE8A7AFD
:10705000CAED017A79EEE87A77EEA77A67EE8A7A56
:10706000CAED027A25F0B4FCE8EE408A32463B468F
:1070700039EEC99A78EEA98A39EE099A68EE8A8AB9
:1070800029EE0A9A3C49CAED038A8AED049A002047
:10709000E5F7C6FA22462B46E5F7C4FA04460D4644
:1070A0001AEE100A15E7B0EE6A0A25F091FCF0EE30
:1070B000687AE8EE007A18EE100A77EEA97A89EE7F
:1070C00027AAE5F70DFC2AA3D3E90023E5F760FC26
:1070D00006460F4619EE900AE5F702FC04461AEE42
:1070E000100A0D46E5F7FCFB234B8046894600223B
:1070F00030463946E5F796FA39EEC99A22462B46CC
:10710000E5F790FA42464B46E5F742FC39EE099A1C
:10711000E5F736FF29EE0A9ACAF8040032463B46E4
:1071200015498AED029A0020E5F77AFA22462B46A5
:10713000E5F778FA42464B46E5F72AFCE5F720FFEB
:1071400079EEE87ACAF80C0077EEA77AB0EE6A0A10
:1071500067EE8A7ACAED047A25F03AFCE8EE408AB6
:1071600078EEA98A68EE8A8ACAED058A2EE600BF03
:10717000CD3B7F669EA0F63F0000F03FF6EE007A22
:10718000B4EEE70AF1EE10FA08DCDFED067AF4EE71
:10719000C07AF1EE10FAD8BFF0EE407AC0ED067A70
:1071A000FFF706BD0000000080ED070AFFF700BDF5
:1071B000F6EE007AB4EEE70AF1EE10FA08DCDFED45
:1071C000097AF4EEC07AF1EE10FAD8BFF0EE407A08
:1071D0000170C0ED070AC0ED067A80ED081AFFF7CE
:1071E000E7BC00BF0000000010B50446FFF7E0FF59
:1071F000204610BDD0E913239B1A044AC06D5343A7
:10720000984294BF00200120704700BF295C8FC2C4
:10721000002302221946EFF7D7BE000013B5044938
:1072200001AA0446F5F72EFC204602B010BD00BFAF
:10723000F54A050830B589B00446FBF7ADF901AA57
:10724000144902A8F5F71EFC02A91223802204F1BA
:10725000080006F073F902A8F5F794FB0E4B2360C3
:107260003033A3600023C4E91033C4E91233C4E906
:107270001433012384F8583032220A23C4E9172337
:10728000064B04F108001C6006F008F9204609B01E
:1072900030BD00BFD12A050874600508BC2B012051
:1072A000D0E91320101A18BF012070470A460021A8
:1072B00019230846F1F76EBA70B504464FF0FF3156
:1072C0000120EFF745FED4E91356AE4208D1D4E9C8
:1072D00013329342F2D02365F0E70120EFF76EF905
:1072E0000020F1F73BFA0028F7D029462046FFF7A7
:1072F000DDFF1935E9E7A0F10800FFF7DDBF10B5A4
:107300000446006818B1A168091A29F061F82046FE
:1073100010BD10B50446006818B1A168091A29F01B
:1073200057F8204610BD00000D4B10B503603033F8
:10733000836004460B4BC06C00221A6018B1616D6B
:10734000091A29F045F804F14000FFF7E2FF04F1C3
:10735000080006F0D7F82046FBF762F9204610BD7A
:1073600074600508BC2B0120A0F10800FFF7DCBF0A
:1073700010B50446FFF7D8FF2046642129F028F80D
:10738000204610BDA0F10800FFF7F2BF7FB504460C
:107390000D46006CAB680393D1E900122860606C65
:1073A00068600026A06CA860C4E91066A66401A805
:1073B000CDE90112FFF7ADFFD4E91032934218BFB7
:1073C0006364D5E90003C01A18BF0120267104B018
:1073D00070BD00002DE9F047D0E90074254B264A26
:1073E000A4EB070A03FB0AF393420646894602D13F
:1073F000224829F075FB012B2CBFDB180133934287
:1074000028BF1346192202FB03F5284629F05EF82F
:107410004946804600EB0A0309F1180251F8040BB3
:1074200043F8040B9142F9D10A781A7041463B4661
:107430009C420ED11934E41B444427B1B16838464C
:10744000C91B28F0C5FF4544C6E90084B560BDE806
:10745000F08719311A46A1F1190003F1180C52F8FE
:1074600004EB40F804EB6245F9D11278027019334D
:10747000DEE700BF295C8FC251B81E05281E050833
:1074800038B5D0E9013293420DD01A4601F1180403
:1074900051F8045B42F8045BA142F9D109781170FC
:1074A0001933436038BDFFF795FFFBE72DE9F04145
:1074B000234B88B0904607460C4601AD03F11802F5
:1074C000186859682E4603C6083393423546F7D1EB
:1074D000D8F81C001B78337003685B6B9847236AED
:1074E000CDF81530636ACDF819308388ADF80630D1
:1074F000D8F80030CDF80930A369CDF80D30E36934
:10750000CDF8113083798DF8083094F82830013B9C
:10751000062B0DD8DFE803F004110C110F0F070044
:107520000A238DF8053001A907F14C00FFF7A8FFE9
:1075300008B0BDE8F0810423F3E70123F1E700BFC1
:1075400040110508000000002DE9F04F2DED028BE1
:10755000D1E900479FED428B8DB0DFF80C810546E5
:10756000924610340DF10809A4F110039F420BD18B
:10757000D5E913239A426DD0E8680DB0BDEC028BBB
:10758000BDE8F04FFFF744BE94F8301003295FD0F8
:10759000554502D095F8583033B94B1E012B29D8E8
:1075A00054E904239A4225D1D5E913239B1A2A6E64
:1075B00008FB03F39A424BD300238DF80830019364
:1075C00001238DF82830236ACDF80090022B8DED31
:1075D000068B8DED088B1CD18DF82830D4E904235F
:1075E000CDE90623284622466946FFF75FFF684635
:1075F000F5F7C8F954E9046B5E4529D096F82830B0
:10760000032B04D0224631462846FFF74FFF303681
:10761000F2E7202B0BD106238DF82830D4E9042380
:10762000CDE90623D4E90223CDE90823DAE7102BBC
:1076300001D0012B03D154E904239A42F2D002294C
:1076400003D107238DF82830CCE76846F5F79AF97F
:10765000483489E70DB0BDEC028BBDE8F08F00BF68
:107660000000000000000000295C8FC22DE9F04FEF
:107670004B7891F804808FB005460C46042B04D853
:10768000DFE803F02E26282A2C000026B8F1FF0F91
:1076900060886FD0D4F80930D4F805900293D4F8FC
:1076A0001530D4F80DB0D4F811A003934146FAF781
:1076B0002DF80190B0B90D2305F14C0063702146FF
:1076C000FFF7DEFEE8680FB0BDE8F04FFFF7A0BDA2
:1076D0000126DBE70826D9E72026D7E71026D5E7DD
:1076E0000226D3E7019B1B689B6B4FF480721F46F9
:1076F00049460023B8470028DDD0019B01981B684C
:107700004FF480729C6B49460023A04708B3D5E92B
:1077100011C39C45039B0793029BCDF81090CDE9C4
:10772000083B019BCDF818A0CDE90B364FF00003C4
:107730008DF828800D9317D004AE0FCE64460FC489
:107740000FCE0FC496E803000CF1280384E8030071
:107750006B64D5E910239A4226D001232B710FB018
:10776000BDE8F04FFFF746B804A905F14000F9F76E
:10777000C5F9EEE7014604A8FAF728F8DDE9043276
:107780009A4214D01B6813B100231B68FFDE0D233F
:107790006370214605F14C00FFF772FEE868FFF7C1
:1077A00037FD04A8FFF7ABFD0FB0BDE8F08F04A8CC
:1077B000FFF7A5FDCDE790F838007047122903D0F8
:1077C000132906D000207047D0F839201A60042011
:1077D0007047D0F83D20F9E7036801211B6A18477C
:1077E000A0F10400FFF7F8BF036800211B6A1847E7
:1077F000A0F10400FFF7F8BF806AFCF77DBAA0F1A2
:107800000400FFF7F9BF38B505460024A1B2A86A05
:107810000134FDF75CFA282CF8D10A2385F84230B0
:107820000123EB8638BDA0F10400FFF7ECBF000098
:1078300038B50E4BC46A03603433054643607CB1EF
:107840006368013B63605BB9236820469B68984787
:10785000A368013BA3601BB923682046DB689847F7
:10786000284605F055FC284638BD00BFE4600508F1
:1078700010B50446FFF7DCFF2046442128F0A8FDA0
:10788000204610BD08B5836A2BB9064B064A074847
:10789000C2211DF0BBFE80F838101846BDE8084034
:1078A000FCF717BAD82A0508F02A0508132B050893
:1078B000A0F10400FFF7E6BF806A08B528B9054BC0
:1078C000054A0648C8211DF0A1FEBDE80840FCF7A6
:1078D00021BE00BFD82A05082A2B0508132B05084E
:1078E000A0F10400FFF7E8BF90F834007047B0F94A
:1078F00002300BB1C3883BB9B0F9043033B1008911
:10790000003818BF012070470120704718467047A3
:1079100070B504460E46154605F006FC0023052208
:10792000C4E90323C4E90623C4E90833144B2360E4
:1079300000213433A1606161716863603368A362C0
:10794000E16211B14868013048606033236301236C
:10795000AB4084F8343000230A4AE3860A4B84F8AB
:107960004350C4E90E2340F20123A4F840300A2317
:10797000204684F8423005F0DDFB204670BD00BF94
:10798000E4600508000101200D200D2880F8341066
:1079900070470B46002102460846F0F7FBBE90F800
:1079A0003830002B0CBF09231A2380F84230022103
:1079B0004130FFF7EEBF0000806A10B528B9054BD3
:1079C000054A0648CD211DF021FE0368BDE81040A0
:1079D0009B691847D82A0508512B0508132B050861
:1079E000CB0770B504460D4602D503689B699847DE
:1079F000AE0703D523682046DB699847680703D59F
:107A000023682046DB699847290707D52368204665
:107A1000DB699847236820465B699847EA0603D5E7
:107A200023682046DB699847AB0605D523682046C6
:107A30009B69BDE87040184770BD38B54B78013B75
:107A4000DBB2272B05460C460ED8436804301B6A70
:107A5000984762782B6B013A542101FB0233A278DC
:107A6000E17842EA0122DA8038BD2DE9F04F05467F
:107A700097B0806A0E460978FDF76DF8431C0746FB
:107A800005D1022385F83A3017B0BDE8F08F5424B1
:107A90002246002101A81FF089FDFF238DF8083040
:107AA0004FF6FF733178A86A0D93002201238DF8F9
:107AB00057308DF80510FCF73FFF01A92846FFF766
:107AC0007BFF7C43D5F830809DF8043008F8043003
:107AD00008EB04069DF805307370BDF9063073801D
:107AE0009DF808303371BDF90A30F380BDF90C30D0
:107AF0003381BDF90E30738104F10C034344049AC1
:107B00001A60059A5A600DF1180EBEE80F0006F1D2
:107B1000140CACE80F009EE803008CE80300BDF9EC
:107B20003030B385BDF83230F3850D9B3363BDF83B
:107B30003830B386BDF83A30F3860F9BB3634034D8
:107B40004444109BF3630DF1400A261F4FF0000BD5
:107B500004345AF8043FCAF800B056F8049F336062
:107B6000B9F1000F06D04846FEF7FCFF2C2148462D
:107B700028F02EFCB442ECD1542303FB0783BDF85C
:107B80004C20A3F84820149ADA64BDF85420A3F8D6
:107B900050209DF8562083F852209DF8572083F8F6
:107BA0005320EB8E0133EB86C3F1280303EB430331
:107BB000C3EBC3039B00791CA5F83B30C9B201237A
:107BC00085F8391085F83A302846FFF7E8FE032596
:107BD00013AE013D3FF458AF56F8044D002CF8D0D9
:107BE0002046FEF7BFFF2C21204628F0F1FBF0E7EE
:107BF0002DE9F04F2DED028B91F8018008F1FF3651
:107C0000F3B2272B83B007460C4600F2BB80056B0E
:107C1000542303FB085803FB06F918F8532C8B7800
:107C20009A4205D005EB09010023CB64FFF7C4FE9F
:107C3000E37A08F8503CA37808F8533CE279217ABB
:107C40004FF0540B0BFB065B42EA0122ABF85020CD
:107C50009BF8532094F80DA097F83480B2B9083BF4
:107C6000032B13D809F114002844FFF740FE034604
:107C700018B14FF07E52CBF80C2009F120002844B7
:107C80000193FFF734FE78BB019B9BBBE38907EEB2
:107C9000903A1AEA080FF8EEE77A4CD09FED3E7A58
:107CA000C7EE877A17EE900AE4F71AFE38A3D3E9F5
:107CB0000023E4F76DFEE5F763F908EE100AB0EE75
:107CC000480A24F0E5FE542303FB065383ED030A20
:107CD000B0EE480A24F0A4FEB1EE400A542303FBA0
:107CE000065383ED040A05E0542303FB06534FF0CB
:107CF0007E521A61B4F803304FF6FF72002B08BFB2
:107D00001346542202FB06552B63637AA27A43EA98
:107D10000223A5F8483097F838301BB93B6838463D
:107D20009B6998476178384603B0BDEC028BBDE88B
:107D3000F04FFFF734BE1AF0010F16BFDFED176AE0
:107D40009FED177A77EEE67A4FF0540318BF87EE6F
:107D5000A67A03FB06531AF0020F08BF9FED100A24
:107D600083ED037A1FBF238A9FED0C7A07EE903ACA
:107D7000F8EEE77A1EBF77EEC77AF1EE677A87EE04
:107D8000870AABE703B0BDEC028BBDE8F08F00BF04
:107D9000182D4454FB21194000A00C4700A08C462C
:107DA00000000000F8B54F78013FFBB2272B39D80F
:107DB00090F843608B78056BCA7808799E424FF043
:107DC000540428BF1E467C430C2303FB06432B446C
:107DD00042EA00229A82087ACA7942EA00221A8389
:107DE00088794A7942EA0022DA82087BCA7A42EA32
:107DF00000229A834A7A887A42EA00225A834A7B8E
:107E0000897B012E42EA0122DA8310D104F120009D
:107E10002844FFF76CFD30B9542303FB075393F854
:107E2000533063B9F8BD2B19002283F853200C237B
:107E300003FB064014302844FFF759FD78B11523A1
:107E400003FB076305EB8303D3ED037AF5EE407A7A
:107E5000F1EE10FAE6D14FF07E52DA60E2E7002E42
:107E6000E0D0D9E770B54C78013CE4B2272C054648
:107E700031D88A78036B032A0DD154226243002142
:107E800099545422544319191A5DA86A4978BDE8D7
:107E90007040FCF77BBD022A14D05422624399182B
:107EA0009B5C012B02D02846FFF786FDE7F7CAFA54
:107EB0002B6B542262439E18B6F848100144F164BB
:107EC0000121DDE71A4603F5526100208A42E4D021
:107ED00002F8540BFAE770BD4A78013AD3B2272B67
:107EE00016D8036B542000FB0233C8788A7842EA24
:107EF00000229A86D1F806209A630A79487942EAE4
:107F00000022DA86D1F80A20DA63012283F85220AF
:107F100070474A78013AD3B2272B10D8036B54200C
:107F200000FB023347F6FF72DA808A78C87842EAAB
:107F300000221A810A79497942EA01225A8170475E
:107F400070B54C78631EDAB2272A20D8026B886895
:107F5000012838BF0120542547F6FF7605FB03238F
:107F6000B04228BF3046D885887805FB0422CC78FB
:107F700040EA042022F84E0C08794C7940EA0420AB
:107F800022F8520C8A79C97942EA01229A8570BD99
:107F9000F0B51D46436887B00E465B6ABDF8307089
:107FA000044604309847711E10292AD8DFE801F0F2
:107FB000103A41484F562929295D642B3229292935
:107FC00009002946204607B0BDE8F040FFF74DBD47
:107FD000112200210DF105001FF0E8FA0123122FF4
:107FE0008DF804303A464FF0FF03294628BF12228D
:107FF00001A88DF80F30E4F7F3F901A92046FFF747
:10800000F7FD07B0F0BD6978204607B0BDE8F04045
:10801000FFF7E6BC236869785B6A204607B0BDE8D5
:10802000F04018472946204607B0BDE8F040FFF76A
:1080300053BF2946204607B0BDE8F040FFF7B2BE67
:108040002946204607B0BDE8F040FFF779BF294632
:10805000204607B0BDE8F040FFF7EFBC29462046B8
:1080600007B0BDE8F040FFF754BF2946204607B0EF
:10807000BDE8F040FFF7F6BE6978A06A013989B221
:1080800007B0BDE8F040FCF722BE0000034A0346FB
:1080900092E8030083E8030018467047AC00001024
:1080A000A1F10401F2E700BF0920704709207047E1
:1080B00010B50446806B78B1636B0A681B689A42FE
:1080C0000AD103682146DB689847A06B0368214604
:1080D0001B6998470023A36310BD10B50446806B4D
:1080E00078B1636B0A681B689A420AD1036821461B
:1080F000DB689847A06B036821465B6998470023BB
:10810000A36310BD7047704710B50421044628F0E2
:108110005FF9204610BD00000B4B10B503F1300293
:10812000036088330446426043622C30F7F71AFB41
:1081300004F1240000F0B6FF201DF9F779FE204677
:1081400000F046FC204610BD94610508A0F1040033
:10815000FFF7E2BFA0F12400FFF7DEBF10B5044631
:10816000FFF7DAFF2046682128F032F9204610BDDB
:10817000A0F12400FFF7F2BFA0F10400FFF7EEBF6B
:10818000436810B55B6B044604309847837943B964
:1081900094F84010C220BDE8104001F0030105F042
:1081A00049BA10BDA0F12400FFF7EABF02686FF0E2
:1081B00000439A4210B502D30B4828F091FC8A4242
:1081C00008D9B2EB410F4FEA410403D29C4203D2DB
:1081D00004602246501C02E0044A02601846BDE8D2
:1081E000104028F073B900BF281F0508FEFFFF7F6D
:1081F00090F840007047000013B5041D2046F9F7C1
:1082000051FF0B2300930449044B00222046F9F749
:10821000CDFE02B010BD00BF64370508772B0508FE
:10822000F8B504461D460F46164600F0C3FB2B4624
:10823000124940F60242201DF9F752FA04F12400D7
:1082400000F09EFE0E4B236003F130028833626023
:108250000121636204F12C0005F0F0F80023C4E969
:108260000E3384F8403004F124006763666600F042
:10827000CDFE2046FFF7C0FF2046F8BD882B05083D
:1082800094610508F0B40646A9B10D4600F1440416
:108290000FCD0FC495E80F0084E80F00776B4436CC
:1082A0000FCE3D1D0FC594E80F0085E80F0038463E
:1082B000F0BCE8F76FBDF0BC7047426E70B4137A43
:1082C000994228BF19468BB080F840105468242387
:1082D00003FB014406460FCC01AD0FC50FCC0FC503
:1082E00023682B6001AD0FCD06F144040FC495E85F
:1082F0000F0084E80F00F36B06F1440123B1304610
:108300000BB070BCFFF7BEBF0BB070BC70474368CA
:1083100013B55B6B04460430984783796BB901222F
:108320000DF10601C22005F0B9F930B19DF8061033
:10833000204601F00301FFF7C0FF02B010BDA0F11D
:108340002400FFF7E4BFC36B5A1C70B40646C26337
:108350007BB9446B043400F144050FCC0FC594E89D
:108360000F0085E80F00304696F8401070BCFFF70C
:10837000A4BF70BC704770B504461E460B68A1636D
:10838000154608469B68214698479DF81400BDF89D
:108390001030690089B2002808BF29463246606B58
:1083A000E8F7E4FDB0FA80F0400970BD73B504460B
:1083B0001E460B68A16308469B68214615469847F0
:1083C000BDF820309DF8240001936900079B0093BD
:1083D00089B2002808BF2946BDF81830606B3246C4
:1083E000E8F7A8FEB0FA80F0400902B070BD73B59E
:1083F00004461E460B68A16308469B682146154645
:108400009847BDF820309DF8240001936900079B30
:10841000009389B2002808BF2946BDF81830606B68
:108420003246E8F711FEB0FA80F0400902B070BDA4
:10843000436B93F83D00203818BF0120704707B503
:10844000EFF310832C304BB9EFF3058333B94FF0C2
:10845000FF3103B05DF804EB04F0CABF002301A9AB
:10846000019304F0CDFF019B4BB14FF0E0234FF09F
:108470008052C3F8042DBFF34F8FBFF36F8F03B04B
:1084800000BD0846FFF7DBBF07B5EFF310832C30C4
:108490003BB9EFF3058323B903B05DF804EB04F0B7
:1084A000B9BF002301A9019304F0BFFF019B4BB1A9
:1084B0004FF0E0234FF08052C3F8042DBFF34F8FED
:1084C000BFF36F8F03B000BD10B500F14401044647
:1084D000FFF7D8FE2046BDE81040FFF7D5BF836BFD
:1084E00001461BB11A68184692691047FFF7ECBFA6
:1084F0000846FFF7E9BFC36B002BC8BF03F1FF338A
:1085000010B5C8BFC363836B8B42044603D10023FD
:108510008363FFF7B9FFE36B23B9606BBDE81040DD
:10852000E8F706BD10BD0846FFF7AEBF014B03607C
:10853000704700BF346205082DE9F04F0B6A012B2C
:10854000CFB08046144677D1D2E901639E4217D05E
:1085500090F84020002306F10801C6E90623337293
:10856000C6E9001300220023C6E90823022386F887
:10857000283063683033636001204FB0BDE8F08F6E
:10858000D2F800A0A04AA6EB0A073B1153439F4A2A
:10859000934202D19E4828F0A3FA012B2CBFDB188E
:1085A0000133934228BF1346302202FB03F52846CD
:1085B00027F08CFF98F840101D94C31981460022C3
:1085C00003F1080049F80700C3E906120020002162
:1085D000C3E908015A601A72022283F82820C846AB
:1085E0005746BE4208F1300810D1A368864ACDF83C
:1085F0006CA0A3EB0A031B1153431BA84D441C930F
:10860000F3F783F8C4E90098A560B5E73946A8F107
:108610003000F7F78FFCD7E9062348E90623D7E9AE
:10862000082348E9042397F8283008F8083C38461E
:10863000F4F7A8F93037D4E7022B07D1436E1B7843
:10864000002B99D0097CFFF738FE95E7082B93D1D2
:108650004FF0000A94E02846E3F772FF0F288146A6
:108660001B9014D900211BA8FFF7A0FD1B9F0F90A2
:1086700011974A462946F4F7FBF90F9B1097002201
:10868000DA55109A634B9A4204D1634883E7074650
:1086900011A8EEE7614901220FA8F7F7B7FD0146DF
:1086A00015A8F7F747FC092E20D9632E8CBF0327A6
:1086B000022709AD0BAB5A492B60C9221BA8E3F76F
:1086C0008FFE632E14D96423B6FBF3F103FB116311
:1086D0000E464EA901EB4303EA1913F8CB1C13F81D
:1086E000CC3CD17193713036F6B20BE00127E0E754
:1086F000092EF8D94EAB03EB460616F8CB3C16F81C
:10870000CC6C6B722B686F6000222E72DA55DDF82C
:1087100054B0169F6A682E6817A98B4514BF179925
:108720000F2107EB020989453A4905D90BA8864272
:1087300002D0A868814538D9C91B8A42A5D83146DC
:1087400015A8F7F763FD01461BA8F7F7F3FBD4E97B
:1087500001239A426AD01BA91046F7F706FC63680A
:10876000303363601BA8F4F70DF92846F4F70AF9D3
:1087700015A8F4F707F90FA8F4F704F90AF1010AAC
:10878000D8F864309A685FFA8AF6B2427FF6F4AE9F
:108790005B68242202FB06331D6A11AB0F93002D88
:1087A0007FF459AF1F4828F098F9891A8F4201D9F0
:1087B0001D48F0E65E4502D8B1188B4506D9AAB926
:1087C0003A4659463046F4F753F907E0CDE90072CE
:1087D0005B4600223146284628F08CF92B68C5F804
:1087E0000490002203F809202946ADE7002FF5D0B8
:1087F000012A06EB070002D13278F255E0E7314654
:108800001EF042FEDCE700BFABAAAAAAAAAAAA02EF
:10881000281E0508FEFFFF7F73200508F1290508C3
:10882000AA1F0508401F050899240508D4F800B0C0
:108830002848A2EB0B0631114143274881423FF4FF
:10884000A9AE01292CBF49180131814228BF014638
:10885000302000FB01F318460492039327F036FE04
:108860001BA9074630440894F7F77FFB049A3E465D
:1088700059468A4206F1300611D1A268154BCDF84F
:1088800018B0A2EB0B0212115A4306A80792F2F796
:108890003CFF039BC4E900761F44A76062E7A6F192
:1088A0003000CDE90412F7F745FB049991ED067B02
:1088B00006ED067B91ED087B91F8280006F8080C80
:1088C00006ED047B0846F4F75DF80499059A30310B
:1088D000CFE700BFABAAAAAAAAAAAA020B680BB943
:1088E000FFF72ABE00207047A0F10400FFF7F6BF93
:1088F00070470000034B186818B19968091A27F0EF
:1089000067BD7047C42B012010B5094C2368BFF325
:108910005B8FDB0709D42046E6F7FEFC28B105484B
:108920001CF094FE2046E6F73FFD034810BD00BF53
:10893000C02B0120F5880208C42B01202DE9F04747
:10894000D0E900830022A3EB080406468A46A01063
:108950001146884207D8B768BB420BD043F804AB36
:108960007360BDE8F08758F821105145F9D0013205
:10897000D1B2EEE701282CBF001801304FEA800980
:10898000484627F0A3FD40F804A005461CB1224646
:108990004146E3F725FD04342C44B8F1000F04D020
:1089A000A7EB0801404627F013FDC6E900544D44EB
:1089B000B560D6E710B5054B03600446FFF7A4FF8A
:1089C0002146FFF7BBFF204610BD00BF70620508BF
:1089D00010B5054B03600446FFF796FF2146FFF7ED
:1089E000ADFF204610BD00BF7062050810B50446FB
:1089F000FFF7EEFF2046042127F0EAFC204610BDD9
:108A00007047704770477047704773B515460190BF
:108A100005F0B4FA6C780198F72C0CD0F82C0CD037
:108A2000F02C10D10123037103685B6A294602B060
:108A3000BDE8704018470023F5E703681B6A02B0E1
:108A4000BDE87040184704F00F0104F0F004C02C9A
:108A5000AA7826D0EB780CD8902C06681BD0B02CC6
:108A60001DD0802CE0D13469A44602B0BDE870402E
:108A70006047D02C1BD0E02CD6D1DB0103F47E5311
:108A800002F07F021A430368DB69A2F5005202B0CC
:108A9000BDE870401847002BE5D0F468E4E774693E
:108AA000E2E703689B6902B0BDE87040184702B076
:108AB00070BD0000034B036000230371024B18607C
:108AC000704700BFA4620508902C0120014B0022D2
:108AD0001A607047902C0120034A034692E8030075
:108AE00083E8030018467047AC010010A1F11C0197
:108AF000F2E7A1F11001EFE7024B187880F00100D6
:108B0000704700BFE42F012001207047002070470C
:108B1000034A034692E8030083E8030018467047BF
:108B2000B400001070477047036800211B691847A4
:108B300080687047094B10B503F15C020360026165
:108B400003F19002E833C363054BC261044600227F
:108B50001A700FF081FA204610BD00BFAC63050803
:108B6000E42F0120A0F11C00E4E7A0F11000E1E7F0
:108B7000A0F13C00DEE700BF10B50446FFF7DAFFC6
:108B800020464FF4B87127F023FC204610BDA0F119
:108B90003C00F1E7A0F11C00EEE7A0F11000EBE7CC
:108BA000036809B19B6918475B69FCE71AB1012AA0
:108BB00004D000207047024B0360FAE70160F8E739
:108BC0006463050810B54FF4B87027F07FFC0121ED
:108BD00004460FF07DFE074B236003F15C02226127
:108BE00003F19002E833E363034BE26101221A7060
:108BF000204610BDAC630508E42F0120044B10B5DE
:108C000004460360C06808B1F3F704FF204610BDB6
:108C10007463050810B50446FFF7F0FF20461021E5
:108C200027F0D6FB204610BD30B5F9B00025814BAA
:108C3000009302A8CDE90255ADF804500495F5F76C
:108C400018F87D4B7D49059306A87D4B0493F5F7F5
:108C500015F87C4B0A930CA80123CDE90C55ADF80F
:108C60002C300E95F5F705F8774B78490F9310A83F
:108C7000774B0E93F5F702F8764B149316A8022360
:108C8000CDE91655ADF854301895F4F7F2FF724B54
:108C9000724919931AA8724B1893F4F7EFFF714BAE
:108CA0001E9320A80423CDE92055ADF87C302295F1
:108CB000F4F7DFFF6C4B6D49239324A86C4B229390
:108CC000F4F7DCFF6B4B28932AA80523CDE92A553E
:108CD000ADF8A4302C95F4F7CCFF674B67492D9382
:108CE0002EA8674B2C93F4F7C9FF664B329334A838
:108CF0000623CDE93455ADF8CC303695F4F7B9FFFD
:108D0000614B6249379338A8614B3693F4F7B6FF4D
:108D1000604B3C933EA80723CDE93E55ADF8F430B7
:108D20004095F4F7A6FF5C4B5C49419342A85C4B2D
:108D30004093F4F7A3FF5B4B469348A80823CDE983
:108D40004855ADF81C314A95F4F793FF564B5749F7
:108D50004B934CA8564B4A93F4F790FF554B5093C6
:108D600052A80923CDE95255ADF844315495F4F792
:108D700080FF514B5149559356A8514B5493F4F7EA
:108D80007DFF504B5A935CA80A23CDE95C55ADF8A2
:108D90006C315E95F4F76DFF4B4B4C495F9360A8C7
:108DA0004B4B5E93F4F76AFF4A4B649366A80B2320
:108DB000CDE96655ADF894316895F4F75AFF464B06
:108DC000464969936AA8464B6893F4F757FF454BA9
:108DD0006E9370A80C23CDE97055ADF8BC31729537
:108DE000F4F747FF404B4149739374A8404B72938B
:108DF000F4F744FF4FF4F07027F068FB3D4D00F5A9
:108E0000F073C5E90000024678A96846AB60F5F743
:108E100011FE6C46686078AD283D05F11800F3F747
:108E20001EFE05F10800F3F71AFEA542F4D179B051
:108E300030BD00BFB400001015CD010871C101089C
:108E40005DC601080C020010D1C8010861DE0308EC
:108E500021C601080402001045C701087DDE030891
:108E600091C50108A4010010BDC801084D75030893
:108E700009C60108CC01001079C8010861A10308E6
:108E8000F1C50108C401001001C7010871A1030860
:108E900079C501082C02001031C801085D3D0408A5
:108EA000D9C5010824020010B9C601086D3D0408A7
:108EB00061C50108B4010010F9C70108F5C1010836
:108EC000C1C50108AC010010C58B0208F98A02086F
:108ED000AD8B0208E4010010B5C7010805B803080E
:108EE000A9C50108DC01001075C6010815B8030802
:108EF00049C50108D42B0120FFF796BE70B50C4D73
:108F0000D5E90046A64207D1286878B1A968BDE82E
:108F10007040091A27F05CBA04F11800F3F79FFDBE
:108F200004F10800F3F79BFD2834EBE770BD00BFA8
:108F3000D42B012070470000034B186818B19968C2
:108F4000091A27F045BA7047E82B012010B5094CE3
:108F50002368BFF35B8FDB0709D42046E6F7DCF913
:108F600028B105481CF072FB2046E6F71DFA0348BD
:108F700010BD00BFE42B0120398F0208E82B01202F
:108F80002DE9F843204B0360002707710646FFF7E1
:108F9000DDFFD0E90083A3EB080405463A46A010A4
:108FA0003946884208D8AA6893420CD043F8046B2B
:108FB0006B603046BDE8F88358F821108E42F8D037
:108FC0000132D1B2EDE701282CBF001801304FEA81
:108FD0008009484627F07AFA065107461CB1224616
:108FE0004146E3F7FDF904343C44B8F1000F05D0E5
:108FF000A9684046A1EB080127F0EAF9C5E9007429
:109000004F44AF60D5E700BFCC640508044A12782E
:1090100012B10368DB68184701220271704700BF74
:10902000E02B0120F8B50B4B01221A70FFF78EFFE1
:10903000D0E900560027AE4200D1F8BD55F8044BE8
:109040002379002BF7D023682046DB6898472771E7
:10905000F1E700BFE02B0120F8B5D0E90042002382
:10906000161B0546B6101F469E4212D94FEA830CC6
:1090700004EB830054F823308B4210D1011D8A4247
:1090800004D0521A042A05DD1EF0FEF96B68043B79
:109090006B60F8BD04BF436844F80C30F6E7013755
:1090A000FBB2E1E710B5054B03600446FFF74EFF46
:1090B0002146FFF7D1FF204610BD00BFCC64050854
:1090C00010B50446FFF7EEFF2046082127F080F98F
:1090D000204610BD10B50446806878B163680A6800
:1090E0001B689A420AD1036821461B6A9847A06808
:1090F00003682146DB6898470023A36010BD10B5C4
:109100000446806878B163680A681B689A420AD18D
:10911000036821461B6A9847A068036821461B69BB
:1091200098470023A36010BD10B50446806878B14D
:1091300063680A681B689A420AD1036821461B6A61
:109140009847A068036821465B6998470023A3609D
:1091500010BD10B50446806878B163680A681B6862
:109160009A420AD1036821461B6A9847A06803689F
:1091700021469B6998470023A36010BD81422DE9D9
:10918000F843044688461DD0D1E900750668836817
:10919000ED1BA3EB06094D4516D9284627F096F995
:1091A0002A4639468046E3F71BF91EB14946304648
:1091B00027F00EF908EB0503C4F80080A3602368CC
:1091C0002B446360BDE8F8834268921B95420DD83A
:1091D000082D05DD2A46394630461EF055F9EEE7E2
:1091E000EDD13B683360BB88B380E8E7082A11DD26
:1091F000394630461EF048F9D4E90030D8F800105E
:10920000D8F80420C31A1944521A002AD7DDE3F70C
:10921000E7F8D4E701BF3B683360BB88B380EBE776
:10922000F8B5044616460D461F4601F0A5FD134B42
:10923000C4E900350025C4E90255C4E90455C4E970
:1092400006552562012104F1240004F0F7F89DF889
:10925000183084F82C30314604F10C0084F82D507D
:1092600084F82E50A560FFF789FF04F118003146FD
:10927000FFF784FF27632046F8BD00BF106505088F
:10928000183070470C307047D0E90332D21AB1EB76
:10929000E20F34BF03EBC1000020704770B50D46EC
:1092A00099B14668341D2C2220461EF0ABF860B1FF
:1092B0000FCD0FC40FCD0FC495E8070084E8070059
:1092C0003046BDE87040E9F7D7BB70BD40687047D5
:1092D0002DE9F041069D98462B680446DB690E4651
:1092E000014628461746984794F82E305BB994F803
:1092F0002C3043B12B6828465B6A984700F10C017B
:109300002046FFF7CBFF6068A56043463A463146EA
:10931000BDE8F041E9F708BEF8B51D461B680446F4
:10932000DB690E46014628461746984794F82E30CA
:109330005BB994F82C3043B12B6828465B6A984798
:1093400000F10C012046FFF7A9FF6068A5603A46CE
:109350003146BDE8F840E9F775BEF8B51D461B6813
:109360000446DB690E46014628461746984794F89E
:109370002E30A5605BB994F82C3043B12B68284699
:109380005B6A984700F10C012046FFF787FF606891
:109390003A463146BDE8F840E9F782BD2DE9F04193
:1093A0001C461B68BDF81880DB6905460E46014661
:1093B00020461746984795F82E305BB995F82C3023
:1093C00043B1236820465B6A984700F10C012846A8
:1093D000FFF764FF4346314668683A46E9F7B4FB55
:1093E0002368294620461B6ABDE8F04118472DE94D
:1093F000F7430A9CBDF82C90984623680546DB6924
:109400000E46014620461746984795F82E305BB920
:1094100095F82C3043B1236820465B6A984700F1E9
:109420000C012846FFF73AFFCDF80090434631463D
:1094300068683A46E9F73CFC23681B6A29462046DF
:1094400003B0BDE8F043184713B50446EFF31083AB
:1094500024305BB9EFF3058343B94FF0FF3103F0DC
:10946000C7FF012384F82D3002B010BD002301A9ED
:10947000019303F0C5FF019B002BF2D04FF0E023D6
:109480004FF08052C3F8042DBFF34F8FBFF36F8F9F
:10949000E7E707B50346EFF3108224304AB9EFF34C
:1094A000058232B983F82D2003B05DF804EB03F098
:1094B000B1BF002283F82D2001A9019203F0B5FF6E
:1094C000019B4BB14FF0E0234FF08052C3F8042DC5
:1094D000BFF34F8FBFF36F8F03B000BD90F82D0027
:1094E000704780F82E10704790F82E302BB9D0E9D5
:1094F0000330181A18BF0120704700207047006B16
:109500007047027C8189806882F00102E7F728BCFD
:1095100010B504460846FFF797FF2046BDE8104007
:10952000FFF7EFBF027C81898068E7F719BC10B5AF
:109530000C46FFF7F7FF2046BDE81040FFF7A9BF34
:1095400010B50446006818B1A168091A26F040FF5A
:10955000204610BD10B5094B044640F8243BF6F7F1
:1095600001F904F11800FFF7EBFF04F10C00FFF71D
:10957000E7FF204601F06AFC204610BD1065050893
:1095800010B50446FFF7E6FF2046342126F020FF01
:10959000204610BD10B5884209D0046813689C426B
:1095A00003D1848893889C4201D00830F3E710BD32
:1095B00013B5C46980698DE806006A462146FFF745
:1095C000E9FF201A18BF012002B010BD37B5C469E9
:1095D0008DE8060005466A4680692146FFF7DAFFF6
:1095E000A04214D000F108018C4204D0621A082A6B
:1095F00007DD1DF049FFEB69083BEB61012003B07B
:1096000030BD01BF826802608A888280F3E7002053
:10961000F5E70000F0B585B0CDE902238C4613498B
:10962000DCF80440CDE90023C0E9001C064600F147
:109630000807DDE9020187E80C00012333740434D4
:10964000BDF80430B060BB800FCC06F114050FC527
:109650000FCC0FC594E8070085E8070097E80600DF
:109660006046FFF7B3FF304605B0F0BD3C65050826
:109670002DE9F34704698DE8060006466A46C0688E
:109680002146FFF787FF844203D1002002B0BDE8E6
:10969000F087D6E906856A4629464046FFF77AFFF5
:1096A000A8420346F1D1D6F82090484507D09DE85E
:1096B000030083E803000833F3610120E6E7A0EB31
:1096C00008046FF07043B3EBE40F4FEAE40702D1F4
:1096D000174827F005FA012F2CBFFF1901379F42C9
:1096E00028BF1F46FF00384626F0F0FE03198246C9
:1096F0009DE80300524683E8030043469D4210D193
:109700000835A5EB08055544B8F1000F04D0A9EBC6
:109710000801404626F05CFE5744C6E906A53762BC
:10972000CBE793E80300083202E903000833E5E7DA
:10973000281E0508034610B5054A43F8082B0446C1
:1097400093E806004068FFF793FF204610BD00BF76
:109750003C65050810B50446FFF7ECFF20464021A4
:1097600026F036FE204610BDF8B50A6883689A4296
:1097700005460C4603D18A8883899A4217D06F68C0
:1097800094E806003846FFF713FF88B1D5E90212C6
:109790003846FFF76DFF58B12368AB60A388AB81F3
:1097A00094E806006868BDE8F840FFF70FBF0120A5
:1097B000F8BD00002DE9F047D0E900856FF0704357
:1097C000A5EB0809B3EBE90F07468A464FEAE9041F
:1097D00002D1194827F084F9012C2CBF2419013437
:1097E0009C4228BF1C46E400204626F06FFE064639
:1097F00081449AE8030089E80300324643469D42CB
:1098000012D10835A5EB08053544B8F1000F05D095
:10981000B9684046A1EB080126F0DAFDC7E900650A
:109820002644BE60BDE8F08793E80300083202E9F1
:1098300003000833E3E700BF281E050810B5D0E990
:109840000134A342024605D003C983E8030008336C
:10985000536010BDFFF7AEFFFBE70000F0B52DED44
:10986000048B064687B0086BF0EE408AB0EE609A33
:10987000F0EE419A0D46E3F711F85C4B0022E3F756
:1098800087F800240194E3F77BFB01A9029003A869
:10989000CDE903440594FFF7D1FF286BE2F7FEFF03
:1098A0000022534BE3F774F808230193E3F768FBB6
:1098B00001A9029003A8FFF7C1FF286BE2F7EEFFB2
:1098C00000224FF07F53E3F763F810230193E3F78F
:1098D00057FB01A9029003A8FFF7B0FF286BE2F73E
:1098E000DDFF0022434BE3F753F818230193E3F71E
:1098F00047FB01A9029003A8FFF7A0FF286BE2F73E
:10990000CDFF00223C4BE3F743F820230193E3F71C
:1099100037FB01A9029003A8FFF790FF286BE2F73D
:10992000BDFF0022354BE3F733F828230193E3F71B
:1099300027FB01A9029003A8FFF780FF286BE2F73D
:10994000ADFF00224FF07E53E3F722F8302301935E
:10995000E3F716FB01A9029003A8FFF76FFF286B3E
:10996000E2F79CFF0022264BE3F712F8382301931D
:10997000E3F706FB01A9029003A8FFF75FFFDDE90B
:10998000033C93E8030086E80300059DDFED1D6AB4
:109990001A4662450CD114B1376086ED018A18462B
:1099A000E91A26F015FD304607B0BDEC048BF0BD7A
:1099B00092ED017A78EEC77AF0EEE77AF4EEE76A94
:1099C000F1EE10FA0FDDB4EEC97AF1EE10FA0ADD0D
:1099D000B4EEE97AF1EE10FA05D51768B0EE478AD1
:1099E000F0EE676A01240832D3E700BF0000E03FD1
:1099F0000000D03F0000B03F0000A03F0000903FBB
:109A00000000703F0000807F2DE9F043D0E901574E
:109A1000AF4285B00E464FF0000427D1204605B076
:109A2000BDE8F08355F8040B036802A91B69CDE972
:109A300002899847029A039BA4F1200CC4F12001EB
:109A4000A34002FA0CFC22FA01F143EA0C030B4397
:109A5000716801913168A2400A4301991943C6E92E
:109A600000212044C4B2AF42DCD1D7E74FF0000858
:109A70004FF00009F7E730B503461446994202D18A
:109A8000081A104430BD53F8045B44F8045BF5E752
:109A90002DE9F04F00F11C0385B004464FF0FF3173
:109AA0001846029303F0A4FCD4E90A32934218BF8B
:109AB000E362D4F81090636903936FF0604B039BEB
:109AC0004B4507D1029803F0A5FC04F1280005B02E
:109AD000BDE8F08FD9F8000003681B699847D0E90A
:109AE00000A6564514D0E76A236BA6EB0A06DB1BDB
:109AF000B34210D3002E04DD324651463846E2F719
:109B00006FFCE26A394632443846FFF7B4FFE2623E
:109B100009F10409D3E7D4F82880A7EB08039D10C6
:109B2000ABEBA303B3EBA60F4FEAA60202D2184891
:109B300026F0D6FFAA422CBFAD186D195D452B4605
:109B400028BF5B469B0001931DB1184626F0BEFC62
:109B500005462A4639464046FFF78DFF32465146B4
:109B6000E2F73EFC394682193846FFF784FF064685
:109B7000B8F1000F05D0216B4046A1EB080126F09B
:109B800027FC019BC4E90A561D442563C0E700BFBA
:109B90003C270508F8B500250E4B03600F46044628
:109BA0001646C0E90155C0E90355C0E90555012134
:109BB0001C3003F043FC3B68636333686562A36356
:109BC000202026F083FCC4E90A00203020632046D0
:109BD000F8BD00BF8C65050810B50446006810B1DB
:109BE00003685B689847204610BDF8B5D0E9016767
:109BF000BE42054607D0344620460434FFF7ECFF4A
:109C0000A742F9D1AE60F8BD10B50446006810B1A6
:109C100003685B689847204610BD0000F8B5D0E99E
:109C20000467214B0360BE42044607D035462846F0
:109C30000435FFF7E9FFAF42F9D16661D4E9016766
:109C4000BE4207D0354628460435FFF7C5FFAF4270
:109C5000F9D1A660A06A18B1216B091A26F0B8FBE9
:109C600004F11C00F5F77EFDD4E90456AE4211D193
:109C7000206918B1A169091A26F0AAFBD4E9015696
:109C8000AE420CD1606818B1E168091A26F0A0FB59
:109C90002046F8BD2846FFF7B7FF0435E6E728461B
:109CA000FFF79AFF0435EBE78C65050810B504460D
:109CB000FFF7B4FF20463C2126F08AFB204610BD6A
:109CC000F8B5D0E90467BE42054607D034462046C1
:109CD0000434FFF799FFA742F9D16E61F8BDF8B5DA
:109CE000D0E900470E460025A74201D12846F8BD1D
:109CF000A388B3420ED104F11800F3F7E9FF48B18D
:109D000023690BB926F0F3FE636904F10800984754
:109D1000054686802834E7E7F8B5D0E900470E46C7
:109D20000025A74201D12846F8BDA388B3420ED131
:109D300004F11800F3F7CCFF48B123690BB926F002
:109D4000D6FE636904F108009847054686802834EA
:109D5000E7E700002DE9F047D0E900846FF06043A9
:109D6000A4EB0809B3EBA90F07468A464FEAA900FE
:109D700002D1194826F0B4FE01282CBF001801308A
:109D8000984228BF18468600304626F09FFBDAF836
:109D9000003040F809300023CAF80030054602467A
:109DA00043469C4212D10434A4EB08042C44B8F17D
:109DB000000F05D0B9684046A1EB080126F008FB6A
:109DC000C7E900543544BD60BDE8F08753F8041B73
:109DD00042F8041BE5E700BF281E0508F7B5D0E9E7
:109DE000015704460E46AF4211D1606B3146FFF772
:109DF00093FFB0B1D4E90232934214D043F8040B7C
:109E0000A360002368460093FFF7E6FE09E055F8DB
:109E1000041B0B6868469B689847BDF80430B34242
:109E2000E1D103B0F0BD00906946201DFFF792FF1D
:109E3000009BE7E7F7B504460F461C304FF0FF31B3
:109E400003F0D6FA2368A7841B69204698470025AB
:109E500047FA05F3DB0710D5606BA9B2FFF75CFF8B
:109E600058B1D4E90232934211D043F8040BA360F5
:109E7000002301A80193FFF7AFFE0135102DE7D1B4
:109E800004F11C0003B0BDE8F04003F0C3BA019038
:109E900001A9201DFFF75EFF019BEAE72DE9F047CE
:109EA000D0E900846FF06043A4EB0809B3EBA90F7D
:109EB00007468A464FEAA90002D1194826F010FE4B
:109EC00001282CBF00180130984228BF1846860090
:109ED000304626F0FBFADAF8003040F8093000236B
:109EE000CAF800300546024643469C4212D104346B
:109EF000A4EB08042C44B8F1000F05D0B968404623
:109F0000A1EB080126F064FAC7E900543544BD60AE
:109F1000BDE8F08753F8041B42F8041BE5E700BFD7
:109F2000281E0508F7B5D0E9045704460E46AF428F
:109F300011D1A06B3146FFF7D2FEB0B1D4E90532A2
:109F4000934214D043F8040B6361002368460093E6
:109F5000FFF75AFE09E055F8041B0B6868469B683A
:109F60009847BDF80430B342E1D103B0F0BD009092
:109F7000694604F11000FFF791FF009BE6E7F7B593
:109F800004460F461C304FF0FF3103F031FA2368CE
:109F9000E784DB6920469847002547FA05F3DB078D
:109FA00010D5A06BA9B2FFF79AFE58B1D4E90532DB
:109FB000934211D043F8040B6361002301A801937D
:109FC000FFF722FE0135102DE7D104F11C0003B08C
:109FD000BDE8F04003F01EBA019001A904F11000A1
:109FE000FFF75CFF019BE9E7034A034692E80300A1
:109FF00083E8030018467047BC000010406CF9F776
:10A0000065BEA0F12000FFF7F9BF70B5044600253A
:10A01000A9B2606C0135FAF75AFE282DF8D12368F1
:10A0200020469B6D0021984723682046DB6DBDE8E4
:10A030007040FF211847A0F12000FFF7E6BF406CF9
:10A04000F9F747BEA0F12000FFF7F9BF406CFAF71F
:10A0500061BAA0F12000FFF7F9BF406CF9F74CBEE0
:10A06000A0F12000FFF7F9BF38B50F4B036005469C
:10A070006C330362FFF7C9FFAC6C7CB16368013BD2
:10A0800063605BB9236820469B689847A368013BDF
:10A09000A3601BB923682046DB6898472846F7F77A
:10A0A000C7FE284638BD00BFE865050810B5044660
:10A0B000FFF7DAFF2046502126F08AF9204610BD2E
:10A0C00008B578B1084B984206D9084B984201D997
:10A0D00026F000FD26F0FBFC30235843BDE8084085
:10A0E00026F0F4B908BD00BFAAAAAA025555550525
:10A0F00038B504460D4602F10803AC42A3F108004E
:10A1000000D138BD224643F8083C52F8081B914262
:10A1100017D1626818460132E2F762F90346D4E9C2
:10A1200006013033626843F8342C43E90801D4E96E
:10A13000080194F8282003F8102C43E90601303474
:10A14000DBE7A26843F8081C1A60E8E773B513461A
:10A150000D4640F6032241490446F7F7C1FA0023B1
:10A160000522C4E90A23C4E90D23C4E90F333C4B9B
:10A170006A6823606C33002123622B68616221636B
:10A180006364A26412B15168013151606033E364C9
:10A1900020460325F7F786FF00952046314B3249CC
:10A1A0000022F7F703FF102300932A4620462F4B87
:10A1B0002F49F7F7FBFE1123009320460A262D4B6B
:10A1C0002D4901223025F7F7F1FE20462B4B2C4973
:10A1D00000960222F7F7EAFE20462A4B2A4900950C
:10A1E0000422F7F7E3FE2046284B29490095052273
:10A1F000F7F7DCFE2046274B274900950622F7F7A4
:10A20000D5FE2046254B264900950722F7F7CEFEBE
:10A210002046244B244900950822F7F7C7FE204624
:10A22000224B234900950922F7F7C0FE324620460B
:10A23000204B21490095F7F7B9FE20461F4B2049D6
:10A2400000950B22F7F7B2FE20461E4B1E490095E3
:10A250000C22F7F7ABFE204602B070BD952B050827
:10A26000E8650508992B0508A42B0508AD2B050802
:10A27000703A0508B92B05083C280508D92B0508B4
:10A28000132C0508172C05083D2C0508412C050842
:10A29000ED4905085B2C0508702C0508772C05088E
:10A2A0008E2C0508972C05085C3C0508B22C050887
:10A2B000CF2C0508D82C0508F72C0508FB2C050821
:10A2C0001B2D0508212D0508432D05082DE9F0411A
:10A2D0000646406C0F46FAF73EFC051E36DBD6F804
:10A2E0004C8054246C4308EB04034FF6FF725F70FC
:10A2F0001A6333683046DB6A98471523022805FB4A
:10A3000003F328BF022053FA80F0D6F84CC008EBC4
:10A3100080084FF07E53C8F80C300E480CEB040355
:10A320000022143483F853200CEB040103684CF82A
:10A330000430436804684B60CC60836844688B6079
:10A340000C614B61706C3946FAF7F6FA2846BDE8A5
:10A35000F08100BF80660508282910B5044615D88D
:10A36000C36C542000FB01314B78CA80012B03D110
:10A3700004F12000F9F7C4FB23682046DB6A984704
:10A3800023682046DB6ABDE81040184710BD272926
:10A3900038B505460C460FD852B1E5F753F8EB6CCB
:10A3A000542202FB0433B3F848200244DA64012249
:10A3B0005421EB6C4C431A5538BD00002DE9FF4782
:10A3C000D0E901439C4205468A4617D0B1F90030D6
:10A3D00004F10802D917226000222272C4E9063172
:10A3E000626000230022C4E90823022384F8283095
:10A3F00043683033436004B0BDE8F0871D4A012153
:10A40000F4F764F8D5F800800746FFF759FEA4EB8F
:10A41000080900EB09030646BAF90020039503F189
:10A42000080146F80910D0170021C3E90620596039
:10A430001972002000210222C3E9080183F82820B4
:10A44000214632464046FFF753FEAB680A4ACDF834
:10A450000480A3EB08031B115343044601A8029395
:10A46000F1F753F930232E60303403FB07666C603C
:10A47000AE60C0E7281E0508ABAAAAAA036A022B91
:10A4800010B50C4601D0202B03D1036913800120A5
:10A4900010BD012B01D0102B04D111462046FFF72F
:10A4A0008DFFF4E70220F3E72DE9FF47036A022B53
:10A4B0000C46914601D0202B06D10369C9F8003023
:10A4C000012004B0BDE8F087012B01D0102B54D13E
:10A4D000D4E901539D4214D0D9F80020002305F19E
:10A4E0000801C5E906232B72C5E9001300220023E9
:10A4F000C5E90823022385F8283063683033636098
:10A50000DEE71F4A01212046F3F7E0FFD4F8008080
:10A510000746FFF7D5FDA5EB080A00EB0A03064640
:10A52000D9F800100394002203F1080046F80A004D
:10A53000C3E906125A601A72002000210222C3E900
:10A54000080183F82820294632464046FFF7D0FD0F
:10A55000A3680C4ACDF80480A3EB08031B115343F6
:10A56000054601A80293F1F7D0F830232660303574
:10A5700003FB07666560A660A2E70220A1E700BFB3
:10A58000281E0508ABAAAAAA2DE9FF47036A022BD9
:10A590000C46914601D0202B06D10369A9F8003062
:10A5A000012004B0BDE8F087012B01D0102B54D15D
:10A5B000D4E901539D4214D0B9F80020002305F1DD
:10A5C0000801C5E906232B72C5E900130022002308
:10A5D000C5E90823022385F82830636830336360B7
:10A5E000DEE71F4A01212046F3F770FFD4F8008010
:10A5F0000746FFF765FDA5EB080A00EB0A030646D0
:10A60000B9F800100394002203F1080046F80A008C
:10A61000C3E906125A601A72002000210222C3E91F
:10A62000080183F82820294632464046FFF760FD9E
:10A63000A3680C4ACDF80480A3EB08031B11534315
:10A64000054601A80293F1F760F830232660303503
:10A6500003FB07666560A660A2E70220A1E700BFD2
:10A66000281E0508ABAAAAAA2DE9F04186B0044627
:10A6700002AE08460F460096E1F762FF0F28054636
:10A6800034D9013025F022FF029500902A46394640
:10A69000F2F7EEF9009B019500225A55DDE900859D
:10A6A00004F108000F2D206005F1010704D9384698
:10A6B00025F00CFFA56020603A464146F2F7D8F934
:10A6C0000098656000230022C4E90623C4E908233A
:10A6D000B0424FF0030384F8283003D002990131CF
:10A6E00025F076FE204606B0BDE8F0813046CDE785
:10A6F0002DE9F04F2DED028B0D4687B00646203038
:10A700001446F9F7B7F92B680C2B00F20683DFE843
:10A7100013F00D007E008E00900220013D018A01A1
:10A720009B01AC01DB016502DA02F1012B6A022B0D
:10A7300001D0202B10D1D5E904321343336818BF60
:10A7400001219B6D08BF002130469847012007B0CA
:10A75000BDEC028BBDE8F08F012B02D0102B40F036
:10A76000DE82336830461B6D98476568A3689D425A
:10A7700082464FF000080FD005F10803C5E9003804
:10A78000C5E9060885F8088000230022C5E90823EA
:10A79000022385F8283068E0C74A01212046F3F7F4
:10A7A00095FED4F800900746FFF78AFCA5EB090B4D
:10A7B00000EB0B0303F10802059440F80B20C3E9FA
:10A7C00006A80646C3F8048083F80880002000210C
:10A7D0000222C3E9080183F8282029463246484668
:10A7E000FFF786FCA368CDF80C900546A3EB0903A0
:10A7F000B24A1B11534303A804933035F0F785FF89
:10A8000030232660656003FB0766A6609EE72B6A1F
:10A81000012B04D1336830465B6D984796E7102BC7
:10A8200040F07D822989706CFAF751FA8EE7D5F8ED
:10A830002080B8F1020F53D1297C3046FFF746FD46
:10A840006568A3689D4282464FEAE07B11D005F11E
:10A8500008032B6000236B602B7200220023C5E9E4
:10A86000060BC5E9082385F82880636830336360E8
:10A870006CE7914A01212046F3F728FED4F80090B6
:10A880000190FFF71DFCA5EB0907C31903F10801AF
:10A8900005940646C151002200200021C3E90801A9
:10A8A0005A601A7229463246C3E906AB83F82880FB
:10A8B0004846FFF71DFCA368804ACDF80C90A3EB37
:10A8C00009031B115343054603A80493F0F71DFF2A
:10A8D000019A266030353023656003FB026694E7F9
:10A8E000B8F1080F40F01B82D4E901639E4204D006
:10A8F00073493046FFF7B8FEB7E76F4A012120469B
:10A90000F3F7E4FDD4F800800746FFF7D9FBA6EB88
:10A91000080905466A4905944844FFF7A5FE2A46FA
:10A9200031464046FFF7E4FBA368644ACDF80C804B
:10A93000A3EB08031B115343064603A80493F0F747
:10A94000E4FE30232560303603FB07556660A560C2
:10A95000FCE62B6A202B06D1B5F91020297A304667
:10A96000FFF7FAFCF2E6102B40F0D981D5E902138B
:10A97000282973F1000380F2D28154235943F36CE8
:10A98000063119442046FFF719FDDFE6D5E90283B9
:10A99000B8F1280F73F1000380F2C1812B6A202BDC
:10A9A0000BD1D5E90432134314BF012200225FFA10
:10A9B00088F13046FFF7EBFCC8E6102B40F0AF8182
:10A9C000D4E901539D42D6F84CA00DD0542303FB8B
:10A9D00008F31AF8032005F108032B600023C5E9EA
:10A9E00006236B602B72CFE6334A01212046F3F732
:10A9F0006DFDD4F800900746FFF762FB5422A5EBEB
:10AA0000090B02FB08F8059400EB0B031AF8081079
:10AA100003F1080240F80B200022C3E906120646A3
:10AA20005A601A72D2E6D5E90223282A73F100038C
:10AA300080F2758154235A43F36C2E321A44214616
:10AA40002846FFF7A1FD82E6D5E90223282A73F103
:10AA5000000380F2648154235A43F36C30321A4469
:10AA600021462846FFF720FD71E6D5E90273282F1D
:10AA700073F1000380F253813368D6F84C90DB6A9F
:10AA8000304698474FF0540808FB07F70C2314375B
:10AA900003FB007709EB070221462846FFF7EEFC8F
:10AAA000AA68F36C08FB02F202321A4421462846D7
:10AAB000FFF7E4FC4BE600BF281E0508ABAAAAAAD4
:10AAC0004C2D050800FF7F47D5E90273282F73F14D
:10AAD000000380F224813368D6F84C80DB6A30466C
:10AAE000984754235F431E370C2303FB007708EB82
:10AAF0000702A4E7D5E90273282F73F1000380F25F
:10AB00000E812B6A102B4FD13368D6F84C80DB6A4C
:10AB100030469847152303FB070008EB800898EDA3
:10AB2000037A5FED187A656867EE277A17EE900A68
:10AB300026F0C2F8A3689D428046894608D005F1F8
:10AB400008032B600023C5E906896B602B721BE6A6
:10AB5000744A01212046F3F7B9FCD4F800A0074657
:10AB6000FFF7AEFAA5EB0A0B00EB0B0303F10802AB
:10AB7000059440F80B2000225A601A720646002104
:10AB800000200222C3E9080183F82820C3E90689CE
:10AB9000294632465046FFF7ABFAA368CDF80CA021
:10ABA0000546A3EB0A0323E6202B7FF4CFADD5E9BE
:10ABB0000401E2F705FBDFED5C7A3368F46CDB6AD5
:10ABC00007EE100A87EE278A30469847152303FBC5
:10ABD000070004EB800484ED038AB7E5D5E902732E
:10ABE000282F73F1000380F29A803368D6F84CA0C6
:10ABF000DB6A304698474FF0540808FB07F74FF0E0
:10AC00000C091C3709FB00770AEB0702214628468E
:10AC1000FFF7BAFC3368AF68DB6AD6F84CA0304661
:10AC2000984708FB07F71A3709FB00770AEB07027A
:10AC300005E7D5E90293B9F1280F73F100036EDA45
:10AC40002B6A102B6BD1D4E901539D42D6F84CA04E
:10AC500008D0542303FB09A305F108015A782960A1
:10AC60000023BCE62F4A01212046F3F72FFCD4F83D
:10AC700000800746FFF724FA542202FB09AA059434
:10AC8000A5EB080B9AF8011000EB0B030646002217
:10AC900003F1080046F80B00C3E906125A601A7265
:10ACA000002000210222C3E9080183F82820294658
:10ACB00032464046FFF71CFAA368CDF80C800546E3
:10ACC000A3EB080394E5D5E90273282F73F1000381
:10ACD00025DA3368D6F84CA0DB6A304698474FF047
:10ACE000540808FB07F74FF00C09183709FB0077E9
:10ACF0000AEB070221462846FFF7C0FB3368AF681E
:10AD0000DB6AD6F84CA03046984708FB07F71637A1
:10AD100009FB00770AEB0702C8E6002017E50220CE
:10AD200015E500BF281E050800FF7F47704700009B
:10AD3000034B186818B19968091A25F049BB704788
:10AD4000F82B012010B5094C2368BFF35B8FDB079C
:10AD500009D42046E4F7E0FA28B105481AF076FC59
:10AD60002046E4F721FB034810BD00BFF42B01206F
:10AD700031AD0208F82B01202DE9F8431F4B036089
:10AD80000746FFF7DFFFD0E900830022A3EB0804AA
:10AD900005461146A010884208D8AA6893420CD0F4
:10ADA00043F8047B6B603846BDE8F88358F82110FF
:10ADB0008F42F8D00132D1B2EDE701282CBF001844
:10ADC00001304FEA8009484625F080FB07510646CE
:10ADD0001CB122464146E1F703FB04343444B8F188
:10ADE000000F05D0A9684046A1EB080125F0F0FA54
:10ADF000C5E900644E44AE60D5E700BFAC66050807
:10AE0000F8B5D0E900420023161B0546B6101F46D0
:10AE10009E4212D94FEA830C04EB830054F823308E
:10AE20008B4210D1011D8A4204D0521A042A05DD3A
:10AE30001CF02AFB6B68043B6B60F8BD04BF4368E1
:10AE400044F80C30F6E70137FBB2E1E710B5054BEB
:10AE500003600446FFF776FF2146FFF7D1FF204647
:10AE600010BD00BFAC66050810B50446FFF7EEFF45
:10AE70002046042125F0ACFA204610BD0220704780
:10AE8000BFF34F8F0549064BCA6802F4E0621343D3
:10AE9000CB60BFF34F8F00BFFDE700BF00ED00E0C8
:10AEA0000400FA05034A034692E8030083E803001E
:10AEB00018467047C400001010B5054B0360054BE1
:10AEC000044600221A60F6F7B3FF204610BD00BF0B
:10AED000F8660508042C012010B50446FFF7ECFFC6
:10AEE0002046202125F074FA204610BD08B578B11F
:10AEF000084B984206D9084B984201D925F0EAFD43
:10AF000025F0E5FD30235843BDE8084025F0DEBAC2
:10AF100008BD00BFAAAAAA025555550570B504463A
:10AF20000E461546B44201D1284670BD214628463A
:10AF3000F5F700F8D4E90623C5E90623D4E9082388
:10AF4000C5E9082394F8283085F828302046F1F721
:10AF500019FD30343035E5E730B501FB01F404FB71
:10AF600001F5034605FB01F20120994202D8A342F4
:10AF700001D2013030BDAB4201D20230FAE7934238
:10AF800001D20330F6E70430B3FBF2F3EDE70B46F2
:10AF900070B50C4653F8081B99420546006806D167
:10AFA000A5420AD1226800236360137070BD05F1C9
:10AFB0000806B0420BD100200AE062680AB1F1F73E
:10AFC00057FD63682A686B600021D154EAE7AA68DC
:10AFD000296061686960A168A96010B12060A26001
:10AFE000E0E72360DEE7000073B54FF480730446AA
:10AFF000012500936249634B0022F6F7D7FF2A46EA
:10B000002046614B61490095F6F7D0FF2046604B22
:10B01000604900950222F6F7C9FF20465E4B5F4962
:10B0200000950322F6F7C2FF20465D4B5D4900956F
:10B030000622F6F7BBFF20465B4B5C4900950822D1
:10B04000F6F7B4FF20465A4B5A4900950E22F6F700
:10B05000ADFF03262046584B584900950F22F6F7BE
:10B06000A5FF00962046564B56490722F6F79EFF4D
:10B070002046554B554900950422F6F797FF204688
:10B08000534B544900950522F6F790FF3023009367
:10B090002046514B51490D22F6F788FF2046504B70
:10B0A000504900950C22F6F781FF20464E4B4F4940
:10B0B00000950A22F6F77AFF20464D4B4D49009540
:10B0C0000B22F6F773FF20464B4B4C49009511229B
:10B0D000F6F76CFF20464A4B4A4900951222F6F7D4
:10B0E00065FF022300932046474B48490922F6F7A3
:10B0F0005DFF00962046464B46491322F6F756FF61
:10B100002046454B454900951422F6F74FFF40F283
:10B11000011300932046424B424A4349F6F746FF4B
:10B120001023009320461926404B414A4149F6F727
:10B130003DFF2046404B414900961522F6F736FF69
:10B1400020463F4B3F4900951622F6F72FFFB023CC
:10B15000009320463C4B3D491722F6F727FF392341
:10B16000009320463A4B3B491822F6F71FFF3A4B13
:10B170003A49009532462046F6F718FF02B070BDF6
:10B18000DD2D0508D02D0508E22D0508FE2D05084A
:10B19000032E05080E2E0508152E0508302E05086D
:10B1A000342E05084F2E0508562E05088C2E05084E
:10B1B000952E0508AA2E0508AF2E0508C42E0508F1
:10B1C000C92E0508512E0508E32E0508F42E0508A2
:10B1D000FA2E0508082F05080F2F05082C2F050843
:10B1E000352F0508582F0508622F05087A2F050806
:10B1F000742F0508812F05088B2F0508972F050848
:10B20000A02F0508AB2F0508B52F0508DD2F050871
:10B21000E42F0508053005080B3005082630050821
:10B22000D225050802000080E0250508442605080F
:10B2300007000080762605082C300508172605082B
:10B240004D30050863300508683005087A30050878
:10B250007E300508B9300508C3300508CD30050833
:10B26000002310B51A4604460549F6F739FA054B8E
:10B2700023602046FFF7B8FE034B20461C6010BD3C
:10B2800007250508F8660508042C012070B5B4B040
:10B2900006460D4614461449C92201A8E1F7A0F854
:10B2A00071196422632C0ED8092C85BF34AB03EBD3
:10B2B0004404303414F8CB3C84BF14F8CC4C737085
:10B2C000347034B070BDB4FBF2F002FB104304469E
:10B2D00034A800EB430313F8CB0C13F8CC3C01F873
:10B2E000010C01F8023DDDE7AA1F0508F8B50F467D
:10B2F00004460A213846FFF72FFE002604F1080312
:10B30000054623600146666020462672F6F7ADFAD0
:10B3100020683A462946FFF7B9FF236865605E5505
:10B320002046F8BD2DE9FF47D0E901639E4204465F
:10B330008A4608D03046F4F718FE636830336360FD
:10B3400004B0BDE8F087154A0121F3F7BFF8D4F83F
:10B3500000800746FFF7CAFDA6EB080905465146DF
:10B3600048440394F4F701FE2A4631464046FFF76D
:10B37000D5FDA3680A4ACDF80480A3EB08031B118E
:10B380005343064601A80293F0F7BFF93023256026
:10B39000303603FB07556660A560D1E7281E050817
:10B3A000ABAAAAAA2DE9FF47D0E901439C42054672
:10B3B0008A4615D00A88002304F10801C4E906234F
:10B3C0002372C4E9001300220023C4E908230223E6
:10B3D00084F8283043683033436004B0BDE8F08718
:10B3E0001D4A0121F3F772F8D5F800800746FFF7F0
:10B3F0007DFDA4EB080900EB09030646BAF800102E
:10B400000395002203F1080046F80900C3E906127B
:10B410005A601A72002000210222C3E9080183F851
:10B420002820214632464046FFF778FDAB680B4A9C
:10B43000CDF80480A3EB08031B115343044601A875
:10B440000293F0F762F930232E60303403FB076675
:10B450006C60AE60C1E700BF281E0508ABAAAAAAAF
:10B460002DE9F04FD0E901439C4285B005468B465B
:10B47000914614D009681268002304F10800237271
:10B48000C4E90003C4E90613C4E90823062384F8C9
:10B4900028306B6830336B6005B0BDE8F08F1D4A13
:10B4A0000121F3F713F8D5F800800746FFF71EFDDA
:10B4B000A4EB080A00EB0A030646D9F80010DBF8F3
:10B4C00000000395002203F1080C46F80AC0C3E906
:10B4D0000602C3E908125A601A72062283F828206D
:10B4E000214632464046FFF719FDAB680A4ACDF8BF
:10B4F0000480A3EB08031B115343044601A80293E5
:10B50000F0F703F930232E60303403FB07666C60DC
:10B51000AE60C1E7281E0508ABAAAAAA2DE9F04F24
:10B52000D0E901439C4285B005468B46914614D034
:10B5300009681268002304F108002372C4E90003BB
:10B54000C4E90613C4E90823062384F828306B688D
:10B5500030336B6005B0BDE8F08F1D4A0121F2F772
:10B56000B5FFD5F800800746FFF7C0FCA4EB080A3A
:10B5700000EB0A030646D9F80010DBF8000003953B
:10B58000002203F1080C46F80AC0C3E90602C3E929
:10B5900008125A601A72062283F828202146324681
:10B5A0004046FFF7BBFCAB680A4ACDF80480A3EB2A
:10B5B00008031B115343044601A80293F0F7A5F8B2
:10B5C00030232E60303403FB07666C60AE60C1E749
:10B5D000281E0508ABAAAAAA2DE9F04FD0E901431D
:10B5E0009C4285B005468B46924615D012680023D2
:10B5F00004F10806D1E900012372C4E90063C4E93B
:10B600000823062384F828306B683033C4E9060128
:10B610006B6005B0BDE8F08F1D4A0121F2F756FFBF
:10B62000D5F800800746FFF761FCA4EB080900EBA2
:10B63000090306469BED007BDAF800100395002213
:10B6400003F1080046F80900C3E908125A601A72AB
:10B65000062283ED067B83F82820214632464046A9
:10B66000FFF75CFCAB680B4ACDF80480A3EB080342
:10B670001B115343044601A80293F0F746F8302308
:10B680002E60303403FB07666C60AE60C1E700BF1C
:10B69000281E0508ABAAAAAA2DE9FF47D0E9014355
:10B6A0009C4205468A4615D00A68002304F1080129
:10B6B000C4E906232372C4E9001300220023C4E96D
:10B6C0000823022384F8283043683033436004B0F1
:10B6D000BDE8F0871D4A0121F2F7F8FED5F8008099
:10B6E0000746FFF703FCA4EB080900EB0903064635
:10B6F000DAF800100395002203F1080046F809006B
:10B70000C3E906125A601A72002000210222C3E91E
:10B71000080183F82820214632464046FFF7FEFB09
:10B72000AB680B4ACDF80480A3EB08031B1153430D
:10B73000044601A80293EFF7E8FF30232E6030346F
:10B7400003FB07666C60AE60C1E700BF281E0508FA
:10B75000ABAAAAAA2DE9FF47D0E901439C420546BE
:10B760008A4616D00B6804F10802D917226000221D
:10B770002272C4E90631626000230022C4E9082372
:10B78000022384F8283043683033436004B0BDE8B6
:10B79000F0871E4A0121F2F799FED5F8008007468E
:10B7A000FFF7A4FBA4EB080900EB09030646DAF84F
:10B7B0000020039503F1080146F80910D017002175
:10B7C000C3E9062059601972002000210222C3E952
:10B7D000080183F82820214632464046FFF79EFBA9
:10B7E000AB680B4ACDF80480A3EB08031B1153434D
:10B7F000044601A80293EFF788FF30232E6030340F
:10B8000003FB07666C60AE60C0E700BF281E05083A
:10B81000ABAAAAAA2DE9F041002490B080462146A7
:10B8200001A8CDE90144039401F068FFDDE9015668
:10B8300006AFAE4208D1019818B10399091A24F055
:10B84000C7FD10B0BDE8F0812B886A888DF81840DC
:10B85000CDE90A3404A906234046CDE90C248DF82D
:10B860003830CDE90474F3F705FB04A8F1F78AF842
:10B870000435DEE72DE9FF47D0E901639E42044627
:10B880008A4608D03046F4F770FB63683033636053
:10B8900004B0BDE8F087154A0121F2F717FED4F88D
:10B8A00000800746FFF722FBA6EB08090546514634
:10B8B00048440394F4F759FB2A4631464046FFF7C3
:10B8C0002DFBA3680A4ACDF80480A3EB08031B11E3
:10B8D0005343064601A80293EFF717FF3023256074
:10B8E000303603FB07556660A560D1E7281E0508C2
:10B8F000ABAAAAAA2DE9F04FD0E901439C4285B03A
:10B9000005468B46924615D01278002304F10806AE
:10B91000D1E900012372C4E90063C4E908230623C6
:10B9200084F828306B683033C4E906016B6005B0D9
:10B93000BDE8F08F1D4A0121F2F7C8FDD5F800805F
:10B940000746FFF7D3FAA4EB080900EB0903064604
:10B950009BED007B9AF800100395002203F108008C
:10B9600046F80900C3E908125A601A72062283EDEC
:10B97000067B83F82820214632464046FFF7CEFA60
:10B98000AB680B4ACDF80480A3EB08031B115343AB
:10B99000044601A80293EFF7B8FE30232E6030343E
:10B9A00003FB07666C60AE60C1E700BF281E050898
:10B9B000ABAAAAAA2DE9F04FD0E901539D4285B068
:10B9C00004468B46924616D005F10803D1E900677C
:10B9D000D2E900012B6000232B726B60062385F8EF
:10B9E000283063683033C5E90667C5E9080163603C
:10B9F00005B0BDE8F08F1D4A0121F2F767FDD4F8CC
:10BA000000800746FFF772FAA5EB080900EB09036F
:10BA1000064603F10802DAE900019BED007B46F8D7
:10BA2000092000225A601A720622C3E9080183ED38
:10BA3000067B83F828202946324640460394FFF7C8
:10BA40006DFAA3680A4ACDF80480A3EB08031B1122
:10BA50005343054601A80293EFF757FE30232660B3
:10BA6000303503FB07666560A660C1E7281E050840
:10BA7000ABAAAAAA08B5D1E90012F5F7A1F808BD4A
:10BA80002DE9F04104461046D1E900871546E0F75C
:10BA900057FD04F108032360002363602372391803
:10BAA00006462046F5F7E1FE3A4641462046F5F7C0
:10BAB00087F8324629462046F5F782F82046BDE849
:10BAC000F08100002DE9F043A3B081466846FAF703
:10BAD0009DF9019BF3B918AACDE916238DF86030C2
:10BAE00000220023CDE91C23CDE91E233149012387
:10BAF00016A88DF88030F5F7F5FE042316A9484600
:10BB00008DF88030F3F7B6F916A8F0F73BFF23B0B5
:10BB1000BDE8F083009C002604EB4318002708349E
:10BB2000A4F10803984504D123B0BDE8F043FAF727
:10BB300089BC54F8083C0E93214614F8043C8DF857
:10BB40003C3010A8F5F779FE18AB002516930EA926
:10BB5000012302A88DF88030CDE91C67CDE91E676E
:10BB600017958DF86050FAF735FA134902A8F5F7E2
:10BB7000B9FE014608A8F4F7DDF908A916A8FFF7F1
:10BB800079FF08A8F0F7FEFE02A8F0F7FBFE0E9B77
:10BB900016A9CDE91C35484604238DF88030F3F70B
:10BBA00069F916A8F0F7EEFE10A8F0F7EBFE2034C6
:10BBB000B6E700BF34270508B32505082DE9F04D89
:10BBC000D0E90047384D92B08846164618344FF0F9
:10BBD000000A4FF0000BA4F118039F4202D112B0EB
:10BBE000BDE8F08D54F8183C9B79022B04D0012B52
:10BBF00006D12E4B1B781BB934F8143C9E424BD116
:10BC000008AB069300238DF8203034F8141C0793FA
:10BC1000684601238DF84030CDE90CABCDE90EAB81
:10BC2000F0F78CFF694606A8FFF724FF6846F0F797
:10BC3000A9FE1F4906A8F5F755FE2046F2F748F879
:10BC400060BB34F8143C1B499E4208BF294606A835
:10BC5000F5F748FE164906A8F5F744FE54F8183CD7
:10BC600006A81968F5F73EFE2046F2F731F8B8B19C
:10BC700005238DF8403034F8143C0022CDE90E3213
:10BC800054F8183C9B88CDE90C32404606A9F3F7DE
:10BC9000F1F806A8F0F776FE28349CE72946D6E7A7
:10BCA00003238DF84030F0E7C34A0508082C012033
:10BCB000F12905087C43050870B5154688B004468F
:10BCC00001AA02A8F0F7DEFE2D6802A92046F5F7CA
:10BCD000B4FD00220023C4E90823EE17042302A8C0
:10BCE000C4E9065684F82830F0F74CFE204608B028
:10BCF00070BD00002DE9F04FD0E901639E4285B090
:10BD000004468A46934608D03046FFF7D5FF63685D
:10BD10003033636005B0BDE8F08F164A0121F2F7B9
:10BD2000D5FBD4F800800746FFF7E0F8A6EB08093A
:10BD300005465A46514648440394FFF7BDFF2A463C
:10BD400031464046FFF7EAF8A3680B4ACDF8048075
:10BD5000A3EB08031B115343064601A80293EFF718
:10BD6000D4FC30232560303603FB07556660A560A0
:10BD7000D0E700BF281E0508ABAAAAAA73B50546DE
:10BD8000104614460E46E0F7DBFB234600900022E7
:10BD900031462846F9F75EFA02B070BD2DE9F3414D
:10BDA00046688E4204460D46904627D2154B8F1B9F
:10BDB0009B1B9F4202D9144824F092FE034653F87D
:10BDC000082B9A4214BF83680F23994205D9002398
:10BDD00000971A463146F4F7DBF92368012F03EB8D
:10BDE000060006D103F806802368656000225A55D4
:10BDF00005E03A4641461BF0D9FBF5E7F4D802B01E
:10BE0000BDE8F081FEFFFF7FD63005082DE9F04345
:10BE1000ADF2644D80460C461746F6F7B7F9054675
:10BE2000002840F0D5802368192B00F2D180DFE88C
:10BE300013F01A00B700C900CB008101DE01D40065
:10BE4000FB00B1025A032E016E0134013A01E000F9
:10BE5000F100F7013B024A02EA00E8017303E8033C
:10BE6000F40331047702236A082B10D12EAC41462B
:10BE7000D8F800309B6A2046984721463846FFF79D
:10BE8000F9FC2046F0F77EFD01231D46A0E034AA10
:10BE9000A14902A8F0F7F6FD616A99B13BAC0B68C5
:10BEA0009B68204698479D4A214635A8FFF7E8FD44
:10BEB00035A902A8FFF76BF835A8F0F763FD204617
:10BEC000F0F760FD964A02A90CA8FFF7D9FDF5F737
:10BED00059FB03681D46426891469A4239D055F88D
:10BEE000040B03685B6B9847064653AC59AA01687C
:10BEF0002046F0F7C7FD8B492046F5F7F3FC0146D5
:10BF00004DA8F4F717F8B1795AA8F0F717FE5AAA16
:10BF10004DA947A8F9F7B2FA804947A8F5F7E2FC1E
:10BF2000014641A8F4F706F841A90CA8FFF7A2FDC5
:10BF300041A8F0F727FD47A8F0F724FD5AA8F0F72D
:10BF400021FD4DA8F0F71EFD2046F0F71BFD4D45E5
:10BF5000C5D14146D8F800305B6A66A898476F4A59
:10BF6000002166A8FFF70AFF014660A8F3F7E2FF89
:10BF70000CAC60A92046FFF77DFD60A8F0F702FD3C
:10BF800066A8F0F7FFFC21463846FFF7CBF92046BC
:10BF9000F0F7F8FC02A8F0F7F5FC01231D4617E0C6
:10BFA000FCF7D4FF046843681D46A34200F0E58314
:10BFB00054F8040B03689B689847AC42F8D10123FE
:10BFC0001D4605E0FEF75CFFE2F714FA01231D466B
:10BFD00028460DF2644DBDE8F083534B1B68B3F95E
:10BFE00004203946514B1868FFF7E8FD01231D4630
:10BFF000EEE702F0C9F86CA908603846FFF7AAFB23
:10C0000001231D46E4E74A4A39462046EFF788FBFC
:10C010000546DDE702F0CCF86DA908603846FFF769
:10C0200099FB01231D46D3E7236A012B04D0022B81
:10C0300019D001231D46CBE73B4B19680B689B6861
:10C040006EA898470CACBDF8BC31ADF83030012279
:10C0500021460A2001F022FB21463846FFF7A2F9CB
:10C0600001231D46B4E7314B1A68136850688342B8
:10C0700000F08683218A9A888A4200F08A832833D6
:10C080009842F8D101231D46A2E7FEF7F9FE384693
:10C09000FFF718FD01231D469AE73846FFF7BAFB64
:10C0A00001231D4694E7236A202B04D0102B09D0CE
:10C0B00001231D468CE7218A208901F0BBFA012368
:10C0C0001D4685E70EAA0C9200220D928DF83820AD
:10C0D00000200021CDE91201CDE9140102228DF8E2
:10C0E0005820012202A9208901F0D8FA20B1BDF818
:10C0F00008201292002213920CAC21463846F2F727
:10C10000B9FE2046F0F73EFC01231D4660E7FAF732
:10C11000AFF801231D465BE7A4130508B325050806
:10C120002C13050860130508F00A0010702C01207C
:10C13000082C01200CAC0EAB0C9300230D938DF852
:10C14000383000220023CDE91223CDE91423042343
:10C150008DF8583001218AA8F0F7F0FC87498AA8A9
:10C16000F5F7C0FB014684A8F3F7E4FE112190A87F
:10C17000F0F7E4FC90AA84A97EA8F9F77FF97F493B
:10C180007EA8F5F7AFFB014678A8F3F7D3FE0121AF
:10C1900096A8F0F7D3FC96AA78A972A8F9F76EF9D9
:10C1A00072A92046FFF766FC72A8F0F7EBFB96A891
:10C1B000F0F7E8FB78A8F0F7E5FB7EA8F0F7E2FBE4
:10C1C00090A8F0F7DFFB84A8F0F7DCFB8AA8F0F773
:10C1D000D9FB6B4A0023CDE9122321463846F2F7FA
:10C1E00049FE2046F0F7CEFB01231D46F0E69CAA4F
:10C1F0000223136063493846FFF77CFD01231D4687
:10C20000E6E6E3F73DF99DAC9D90E3F733F99EAA8E
:10C21000106021463846FFF723F901231D46D7E673
:10C220000CAC0EAB2360002363602372002200235A
:10C23000C4E90623C4E908234FF0010384F8283039
:10C2400002A819F009FA099D256200236362A5611D
:10C25000E3614D492046F5F745FB29469FA8FFF7C6
:10C2600045F89FA92046FFF705FC9FA8F0F78AFB39
:10C2700046492046F5F736FB0299A5A8FFF736F8A0
:10C28000A5A92046FFF7F6FBA5A8F0F77BFB052341
:10C2900084F8283021463846F2F7ECFD2046F0F7C6
:10C2A00071FB01231D4693E6EBF744FCABACAB906E
:10C2B000EBF746FCACAA106021463846FFF72EF992
:10C2C00001231D4684E60CAC0EAB0C9300230D93AA
:10C2D0008DF83830EAF728F8002281012046FFF770
:10C2E0005DFD0C98EAF7CCFD002211462046F4F7DC
:10C2F000C6FB014600222046FFF750FD2246244996
:10C30000ADA8F6F7A8FCADA93846FFF7B3FAADA87B
:10C31000F0F738FB2046F0F735FB01231D4657E6C2
:10C320000CAC0EAB0C9300230D938DF83830E9F76D
:10C33000FBFF002281012046FFF730FD0C98EAF751
:10C3400047FD002211462046F4F799FB01460022E2
:10C350002046FFF723FD22460D49B3A8F6F77BFCE4
:10C36000B3A93846FFF786FAB3A8F0F70BFB2046CF
:10C37000F0F708FB01231D462AE600BF60130508FD
:10C3800001110100641305086C13050874130508F6
:10C39000B3250508F5F7F6F803681E46426890468F
:10C3A0009A4200F0F08156F8044B2368DB6921467D
:10C3B00002A8984723685B6B2046984705460CAC5B
:10C3C0000EAB0C9300230D938DF838300021002222
:10C3D000CDE91212CDE9141205228DF85820827988
:10C3E00014921593828812921393EFAA0299E9A8E6
:10C3F000F0F748FBA549E9A8F5F774FA0146E3A868
:10C40000F3F798FD2968E3A8F5F76CFA0146DDA873
:10C41000F3F790FD9D49DDA8F5F764FA0146D7A82A
:10C42000F3F788FDA979F0A8F0F788FBF0AAD7A95F
:10C43000D1A8F9F723F89549D1A8F5F753FA0146A1
:10C44000CBA8F3F777FDBDF80C10F6A8F0F776FB54
:10C45000F6AACBA9C5A8F9F711F88C49C5A8F5F734
:10C4600041FA0146BFA8F3F765FD2989FCA8F0F75A
:10C4700065FBFCAABFA9B9A8F9F700F8B9A920463D
:10C48000FFF7F8FAB9A8F0F77DFAFCA8F0F77AFA06
:10C49000BFA8F0F777FAC5A8F0F774FAF6A8F0F796
:10C4A00071FACBA8F0F76EFAD1A8F0F76BFAF0A802
:10C4B000F0F768FAD7A8F0F765FADDA8F0F762FAA6
:10C4C000E3A8F0F75FFAE9A8F0F75CFA21463846EE
:10C4D000F2F7D0FC2046F0F755FA46457FF463AFFB
:10C4E00001231D4674E5236A022B02D001231D4659
:10C4F0006EE523696269013B134302D001231D46A7
:10C5000066E501F06BF810B902231D4660E501F005
:10C51000A9F901231D465BE5236A012B06D0102BE8
:10C520001BD0082B4BD001231D4651E5E2F7B0FF8D
:10C530000446E2F7B3FFCDF80844CDF80C04E2F767
:10C54000B3FFCDF814040DF214420DF581613846A5
:10C55000FFF742F801231D463AE5A368E26853EA73
:10C56000020108D0591E114311D0023B13431AD0C7
:10C5700001231D462CE5E2F78BFFCDF818040DF5DD
:10C5800083613846FFF788F801231D4620E5E2F76E
:10C5900085FFCDF81C040DF21C413846FFF77CF8EE
:10C5A00001231D4614E5E2F77FFFCDF820040DF5C9
:10C5B00084613846FFF770F801231D4608E5E2F76D
:10C5C00073FF0546E2F76AFF0446E2F761FF019058
:10C5D00000942B462E4A20210CA81AF0DFFD0DF204
:10C5E00024440DF23C420CA92046F0F74BFA2146B8
:10C5F0003846FFF73FF92046F0F7C4F901231D46FE
:10C60000E6E401F043FECDF840040DF588613846BC
:10C61000FFF7A0F801231D46DAE4236A202B04D09B
:10C62000102B0CD001231D46D2E4D4E90423208929
:10C6300001F0D2F8C0F10204E3B21D46C8E40EAA2C
:10C640000C9200220D928DF8382000200021CDE9B7
:10C650001201CDE9140102228DF8582002A9208987
:10C6600001F0EEF870B1DDE90201CDE9120101231C
:10C670001D460CAC21463846F2F7FCFB2046F0F78D
:10C6800081F9A5E402231D46F3E700BFF12905085F
:10C690007C130508236A013B1F2B77D8DFE803F0E2
:10C6A0003876767676767610767676767676764DF7
:10C6B000767676767676767676767676767676632D
:10C6C0000CAB1D46002402A9A0B201F0B9F8DDE9C7
:10C6D0000223CDE900233A4A112128461AF05EFDD3
:10C6E00001342B4610331D46082CECD10DF2444486
:10C6F0000DF25C420CA92046F0F7C4F921463846F9
:10C70000FFF7B8F82046F0F73DF901231D465FE436
:10C7100000248DF808400CA9A0B201F091F802AAFB
:10C720000CA93846FFF7E6F8631C8DF808301C4664
:10C73000082BF0D101231D464AE4A068E3680828CD
:10C7400073F1000302D302231D4641E40CA980B219
:10C7500001F076F804F108020CA93846FFF72AF92F
:10C7600001231D4634E4D4E90423208901F034F880
:10C77000C0F10204E3B21D462AE401231D4627E46A
:10C7800001231D4624E401231D4621E402231D4606
:10C790001EE40A2000F04EFF25696669094B1968FE
:10C7A00070AC0B689B6820469847BDF8C431002EDA
:10C7B00008BF9D427FF469AC01231D4608E400BF19
:10C7C00090130508F00A001070470000F8B5144DEA
:10C7D000144B0360D5E900420023111B0646891063
:10C7E0001F46994212D94FEA830C04EB830054F898
:10C7F00023309E4211D1011D8A4204D0521A042ACC
:10C8000006DD1AF041FE6B68043B6B603046F8BDF4
:10C8100004BF436844F80C30F5E70137FBB2E0E7AA
:10C820000C2C01206867050810B50446FFF7CEFF01
:10C830002046042123F0CCFD204610BD2DE9F04711
:10C840001D4E1E4B0360D6E900930022A3EB0904A2
:10C850000746A51011468D4209D8D6F808804345F1
:10C860000CD043F8047B73603846BDE8F08759F874
:10C8700021108F42F8D00132D1B2ECE7012D2CBF4C
:10C880006D190135AD00284623F020FE0751824680
:10C890001CB122464946DFF7A3FD04345444B9F1E4
:10C8A000000F04D0A8EB0901484623F091FD554440
:10C8B000C6E900A4B560D7E70C2C0120686705081D
:10C8C000034B186818B19968091A23F081BD7047A5
:10C8D0000C2C012070474368DA69904204BF0022A3
:10C8E000DA61704710B504460821FFF7F4FF2046CF
:10C8F00023F06EFD204610BD10B5074B044640F8EE
:10C900000C3BF2F72FFF201DF2F72CFF204600F022
:10C91000E7FB204610BD00BFAC67050810B5044614
:10C92000FFF7EAFF2046282123F052FD204610BDE4
:10C9300083698B4210B5044612D1C06980B1237D52
:10C94000002284F821201BB1036821461B69984707
:10C95000E069616A03689B6819B1984700236362C4
:10C9600010BD04F12001BDE81040184783698B42D7
:10C9700010B409D1C3693BB11A6814690146012298
:10C980001846234610BC184710BC704738B50446FB
:10C990000D4600F03BFB20460B4B40F8043B0121C9
:10C9A00000F04CFD012104F10C0000F047FD0023D4
:10C9B00084F82030C4E90653237584F82130638459
:10C9C0006362204638BD00BFAC67050870B5856955
:10C9D0000B686A689A4217D1AA694B699A4213D1C7
:10C9E0006A690B699A420FD1EA698B699A420BD145
:10C9F0002A69CB689A4207D1EA688B689A4203D1C8
:10CA0000AA684B689A420ED00C460FCC2E1D0FC65A
:10CA100094E8070086E807002846E7F743FDB0FAE8
:10CA200080F0400970BD0020FCE780690430704749
:10CA3000012208B500F1200180F821208069E7F784
:10CA40007FFDB0FA80F0400908BD70B50446C069AA
:10CA50000D46164620B103680122DB68214698473F
:10CA6000A06932462946E7F74FFDB0FA80F0400949
:10CA700070BDC3690BB18B4202D1C1610120704707
:10CA80000020704713B50446D1B10430EFF3108392
:10CA9000C3B9EFF30583ABB91146019300F0A8FCCD
:10CAA00001232375019B4BB14FF0E0234FF08052DF
:10CAB000C3F8042DBFF34F8FBFF36F8F02B010BDCB
:10CAC0000C30E3E7002301A9019300F099FCE7E7AC
:10CAD000084611464FF0FF32FFF7D4BF13B50446A6
:10CAE000C9B10430EFF31083BBB9EFF30583A3B9E9
:10CAF000019300F08FFC00232375019B4BB14FF095
:10CB0000E0234FF08052C3F8042DBFF34F8FBFF3E3
:10CB10006F8F02B010BD0C30E4E7002301A9019330
:10CB200000F083FCE7E708461146FFF7D7BF007D1A
:10CB300070478369586C704708B5054B0246C2E9D7
:10CB4000003108461146FFF794FF104608BD00BFAC
:10CB5000C4670508806B7047C06B704710B5034B06
:10CB60000360044600F0CEFC204610BDF8670508BF
:10CB700010B50446FFF7F2FF2046482123F028FCB9
:10CB8000204610BD014B186000F088BC942C012099
:10CB9000002108B50846EBF757FA00214FF0FF30A7
:10CBA000ECF790FDF9E7000002686FF000439A424D
:10CBB00010B502D30B4823F093FF8A4208D9B2EB99
:10CBC000410F4FEA410403D29C4203D20460224643
:10CBD000501C02E0044A02601846BDE8104023F0F1
:10CBE00075BC00BF281F0508FEFFFF7FF7B5541A6C
:10CBF0000F2C05460F46019411D9002101A8FFF71B
:10CC0000D3FF019E2860AE60224628683946EFF7C0
:10CC10002FFF2B686E6000229A5503B0F0BD2646A8
:10CC2000F2E70000F0B58BB00446E2F73DFC0646A3
:10CC3000E2F734FC0746E2F72BFC03ADCDE90070C8
:10CC4000094A3346192128461AF0A8FA04F10803C4
:10CC500023602846DFF774FC29462A182046FFF790
:10CC6000C5FF20460BB0F0BD033105082DE9F041AA
:10CC70000B460C46B4B00646012542F20F7142F253
:10CC80001072092B02D9632B38D80135002306F125
:10CC900008070F2D376073603372019510D90F218B
:10CCA00001A8FFF781FF394601228046EFF7E0FE39
:10CCB0003046EFF767FE019BC6F80080B360474639
:10CCC0001D49C92201A8DFF78BFB7A196421632C67
:10CCD00021D8092C85BF34AB03EB4404303414F85D
:10CCE000CB3C84BF14F8CC4C7B703C7033687560CF
:10CCF000002230465A5534B0BDE8F081B3F57A7F52
:10CD000001D20235C2E78B4201D80335BEE70435B4
:10CD1000B3FBF2F3B5E7B4FBF1F001FB10430446BB
:10CD200034A800EB430313F8CB0C13F8CC3C02F807
:10CD3000010C02F8023DCAE7AA1F05082DE9F347D6
:10CD40000346456853F8089B9945884614BF816897
:10CD50000F21AF188F42044616460CD822B1414627
:10CD600009EB0500EFF784FE236867600022DA55BF
:10CD700002B0BDE8F08701A80197FFF715FF8246D2
:10CD8000ADB12A464946EFF773FEB8F1000F06D061
:10CD90002EB1324641460AEB0500EFF769FE204608
:10CDA000EFF7F0FD019BC4F800A0A360DCE7B8F149
:10CDB000000FF4D0EDE7000038B5044608460D46F4
:10CDC000DFF7BEFB6368C3F1FF4303F5FF0303F521
:10CDD000FF437E339842024602D9044823F080FE86
:10CDE00029462046BDE83840FFF7A8BF7320050854
:10CDF000F0B51646104A87B004460F461D46D11EB0
:10CE000002AB68460093FFF7F1FE28234FF4A572AA
:10CE10006946204600F092FB6846EFF7B3FD074BEA
:10CE200023609DF8303025642046C4E90E7684F8EE
:10CE3000443007B0F0BD00BF16310508F86705089B
:10CE4000F0B5044693B059B9036C1A88574B0124C6
:10CE50005A8001345548640044F44074048090E0E2
:10CE6000836B1A7C002502AE8A42009601958DF8EC
:10CE7000085036D1036801461B6A0CA898470C99E4
:10CE800000980D9A0EAB99421CD10AB1EFF7F0FD54
:10CE90000D9B009A01930021D1540C9A00230D930D
:10CEA0000CA81370EFF76EFD9DF80440009B3F4AFD
:10CEB0001F2C28BF1F24E1188B4272D16846EFF760
:10CEC00061FDC6E7B04201D1284600E0029FCDE9EE
:10CED00000120E9A029210B10C900E97DDE70C939F
:10CEE000DBE7DA7B8A4205D1016C1C316846F5F735
:10CEF00018FFD9E79B7B8B4202D1016C0431F5E727
:10CF000003293AD9036C2A4D586B9B6B1B1ADB1013
:10CF1000CA1E6B439A4230DC1823043903FB01011B
:10CF20006846F5F7FEFE94F84430002BBCD021494A
:10CF30006846FFF741FFE2F7ABFA014606A8FFF7A4
:10CF400095FE0EAB0C93DDE9061394F844200CA873
:10CF50009A4294BF8A18CA18FFF748FE019BC3F192
:10CF6000FF43DDE90C1203F5FF0303F5FF437E33B6
:10CF70009A4208D9104823F0B3FD6846EFF702FD46
:10CF8000002013B0F0BD6846FFF7D8FE0CA8EFF7FD
:10CF9000F9FC06A8EFF7F6FC08496846FFF70CFF16
:10CFA00082E713F8010B22F8020F85E7182C012005
:10CFB000ABAAAAAAB6250508732005088B1E05088A
:10CFC00070470000034B186818B19968091A23F0DC
:10CFD000FFB970475C2C012010B5094C2368BFF3E2
:10CFE0005B8FDB0709D42046E2F796F928B10548A4
:10CFF00018F02CFB2046E2F7D7F9034810BD00BF1C
:10D00000582C0120C5CF02085C2C01202DE9F843E3
:10D010001F4B03600746FFF7DFFFD0E900830022C4
:10D02000A3EB080405461146A010884208D8AA6858
:10D0300093420CD043F8047B6B603846BDE8F8831C
:10D0400058F821108F42F8D00132D1B2EDE7012813
:10D050002CBF001801304FEA8009484623F036FA09
:10D06000075106461CB122464146DFF7B9F90434A0
:10D070003444B8F1000F05D0A9684046A1EB08017F
:10D0800023F0A6F9C5E900644E44AE60D5E700BFC1
:10D090003C680508F8B5D0E900420023161B054698
:10D0A000B6101F469E4212D94FEA830C04EB830050
:10D0B00054F823308B4210D1011D8A4204D0521AF9
:10D0C000042A05DD1AF0E0F96B68043B6B60F8BDDB
:10D0D00004BF436844F80C30F6E70137FBB2E1E7E0
:10D0E00010B5054B03600446FFF776FF2146FFF7B6
:10D0F000D1FF204610BD00BF3C68050810B50446AE
:10D10000FFF7EEFF2046042123F062F9204610BD10
:10D11000704700207047704710B50421044623F083
:10D1200057F9204610BD0000014B0360704700BF57
:10D130006C680508014B1860704700BF682C01201F
:10D14000014B1860704700BF6C2C0120014B186820
:10D15000704700BF6C2C012008B54068E8F73CFB25
:10D16000431E5842584108BD08B500231A461946C7
:10D170004068E8F77DF8431E5842584108BD4FF01B
:10D18000500383F31188BFF36F8FBFF34F8FFEE718
:10D1900010B5044B036004464068E8F771FC204674
:10D1A00010BD00BFD068050810B5034B03600446EE
:10D1B000FFF7EEFF204610BDE868050810B50446ED
:10D1C000FFF7F2FF2046082123F002F9204610BDA8
:10D1D000064B10B5044603600120E8F70BF96060C8
:10D1E00008B9FFF7CCFF204610BD00BFE86805086E
:10D1F00010B50B6804461B68216008464FF0FF31EC
:10D200009847204610BD10B50446006803685B6867
:10D210009847204610BDF8B5D0E900470E460025D6
:10D22000A74201D12846F8BDA388B34211D1236A91
:10D230000BB923F05CFC636A04F11800984740B115
:10D240002369002BF5D0636904F10800984705466F
:10D2500086802834E4E700000148E4F7A9BF00BF56
:10D26000640B0120F7B5E2F70BF940F21343984243
:10D2700002D0E1F7D3F8FCE700F0BEF908B9E1F716
:10D28000CDF8354B1B781BB100F0A8F900F0EAFA95
:10D29000002301220DF106010420ADF8063000F054
:10D2A000FDF9044628B900F0DDFA2146042000F01B
:10D2B000C1F901220DF10601042000F0EFF9BDF8DB
:10D2C00006303BB100F08AF900F0CCFA00210420CE
:10D2D00000F0B0F900F01EFE2048214C0421E3F7D5
:10D2E00039FD01281FD1002323801E4DFBF79AFE34
:10D2F000218828681C4CFFF78EFF206020B901466A
:10D300002868FFF788FF2060184B194D01221A701A
:10D3100003681B6998474FF0E0264FF080572B7841
:10D320005BB903B0F0BD012221460A2000F0BEF92E
:10D330000028DAD1E1F772F8D7E7206803685B6963
:10D34000984700F075FEFFF787FFC6F8047DBFF32E
:10D350004F8FBFF36F8FE2E7762C0120000402406D
:10D36000742C0120702C0120F00A0010772C012071
:10D37000CC00001008B5E2F765F8044B1B685B6A47
:10D380004FF47A7202FB003008BD00BF3C0D012053
:10D39000EAF7EEBAEAF78EBBFFF7ECBF08B5E5F7A0
:10D3A00035FA044BB0FBF3F0034B044A1860044B0E
:10D3B0001A6008BDA0860100782C012008300120E9
:10D3C000702C012010B5044B036004464068E8F758
:10D3D00057FB204610BD00BF2469050810B5044660
:10D3E000FFF7F0FF2046082122F0F2FF204610BD93
:10D3F00008B54068E8F7F0F9431E5842584108BDA7
:10D4000008B50A4640680021E8F7BEFA431E5842B4
:10D41000584108BD08B500231A4619464068E7F789
:10D4200027FF431E5842584108BD08B54068E8F739
:10D43000B7F8431E5842584108BD000038B50E4B9E
:10D44000036004460D46032200210120E7F7E0FEB9
:10D45000606040B94FF0500383F31188BFF36F8FC2
:10D46000BFF34F8FFEE725B100231A461946E7F7B1
:10D47000FFFE204638BD00BF4457050870470368CB
:10D4800010B504469B68984723682046DB68984798
:10D490006068BDE81040E8F76FBD00001FB5164B8F
:10D4A0001B78044603B3154903A8FFF7A1FE94F8BF
:10D4B00028302BB103A8FFF7A6FE002004B010BD52
:10D4C000012384F8283003A8FFF79DFE231D019354
:10D4D000636A0093228CA16809482346E8F71AFD85
:10D4E000431E58425841E9E790F82830002BE4D118
:10D4F000012380F82830E9E7842C01207C2C0120CE
:10D500007FD402080C4B10B5044603604068E8F76E
:10D5100033FD4FF0FF33636004F13000F2F722F97E
:10D52000234653F8080F0833984203D0216901318C
:10D5300022F04EFF204610BD546905082DE9F8433E
:10D540001F46134B044640F8083B0830A060D1E961
:10D5500000950F2D904605F1010604D9304622F0C2
:10D56000B5FF2561A06032464946EFF781FAE560D4
:10D570000025A4F82080676284F82850294604F129
:10D580003000FFF75BFF84F829502046BDE8F883A0
:10D59000546905080148FFF71BBE00BF7C2C012021
:10D5A000024A034B13601046FFF7F2BD7C2C0120AA
:10D5B000E8680508084B1A6822F480621A601A6845
:10D5C00042F480521A601A6822F480521A601A6873
:10D5D00042F480621A607047003C024010B5E3F7E5
:10D5E000AFF8EAF79FFB0446FFF7E4FFE3F7BCF868
:10D5F000B4FA84F0400910BD10B5E3F7A1F80C4B64
:10D600000122DA600222DA601022DA602022DA6077
:10D610004022DA608022DA60EAF7B0FB0446FFF7C6
:10D62000C9FFE3F7A1F8B4FA84F0400910BD00BFC8
:10D63000003C024037B50C460DF106010546EAF7FD
:10D64000D9FA012804D010BBBDF80630A34220D07F
:10D65000E3F776F8104B0122DA600222DA6010223A
:10D66000DA602022DA604022DA608022DA60214625
:10D670002846FFF79FFFEAF7F1FAB0FA80F4640951
:10D68000FFF798FFE3F770F8204603B030BD0024A1
:10D69000FAE70446F8E700BF003C024008B5EAF7A5
:10D6A000A9FAB0FA80F0400908BD0000F8B50646B6
:10D6B0000F461546EAF79EFA0124D0B13D80E3F704
:10D6C0003FF80D4B0222DC60DA601022DA60202283
:10D6D000DA604022DA608022DA6029463046FFF7BD
:10D6E00069FFEAF7BBFAFFF765FFE3F73DF80020B3
:10D6F000F8BD2046FCE700BF003C02402DE9F04F9A
:10D70000064687B001BB314B00934FF0950A4FF0AE
:10D710000008009B33F818900DF116014846EAF70F
:10D7200069FA50B9D6E901418C42BDF8162010D0F3
:10D730002280A4F802900434746008F10108D045F6
:10D74000E7D307B0BDE8F08F214B00934FF0A40A58
:10D75000DDE737686FF06045E31BB5EBA30F4FEAD9
:10D76000A30002D11B4823F0BBF901282CBF0018ED
:10D770000130A84228BF28464FEA800B5846CDE921
:10D780000213019222F0A2FE039B019A0299054620
:10D790001844EA52A0F802902A463B469C420CD11B
:10D7A0000434E41B2C441FB1C91B384622F010FE80
:10D7B000C6E900545D44B560BFE7188822F8040B41
:10D7C000588822F8020C0433E8E700BF4416050825
:10D7D00070170508281E0508F8B500F180601F467F
:10D7E000164BA0F58850B3EBC00F14464FEAC005A6
:10D7F00002D200242046F8BDD5E90023B3F1FF3F53
:10D8000008BFB2F1FF3FF4D1E2F79AFF06460028C5
:10D81000EFD12246034629460220E2F7E5FF3A46C9
:10D8200004463346291D0220E2F7DEFF0443E4B23A
:10D83000B4FA84F46409E2F797FFDBE70F7AFF1F7D
:10D84000074A00F18060A0F58850C300B2EBC00F1A
:10D8500023BFD3E900230120C1E900230020704742
:10D860000F7AFF1F704700000148FFF7B1BC00BFEF
:10D87000882C0120024A034B13601046FFF788BC36
:10D88000882C0120E8680508704710B51C21044663
:10D8900022F09EFD204610BD2DE9F843104B114D9E
:10D8A0009842044619D100F097FCAC4208D10E4FC3
:10D8B00008260E4BD3E90058454504D1BDE8F8834E
:10D8C0000B4F0226F5E755F8040B03683246D3F8F0
:10D8D000089039462346C847EEE7A842EED1E6E76E
:10D8E000AC0C0120F40C0120A02C0120D028012038
:10D8F000982C0120074B70B5D3E900450646AC4291
:10D9000000D170BD54F8040B036831469B689847FA
:10D91000F5E700BF0C2C0120074B70B5D3E900459B
:10D920000646AC4200D170BD54F8040B0368314682
:10D930009B689847F5E700BF6C2B012070B5064641
:10D94000FFF74AFBD0E90045AC4200D170BD54F866
:10D95000040B036831469B689847F5E770B50646A7
:10D96000FFF73AFBD0E90045AC4200D170BD54F856
:10D97000040B03683146DB689847F5E72DE9F0476B
:10D9800092B00746F1F7F2FF0025DFF8A08081464C
:10D990002C4600213846E2F783FAEBB2984202D8CF
:10D9A00012B0BDE8F0874FF000038DF8403001AAB7
:10D9B00008AB00213846CDE90844CDE90A84CDE919
:10D9C0000E440C94ADF834408DF84440E2F7D8F999
:10D9D00008B10135DDE7DDE90213019A8DF8404019
:10D9E000834208BF1146049A0B91901E4242A3F154
:10D9F00004064241734273418DF83430079B059908
:10DA00000E93069B0C918DF835200F938DF84440B2
:10DA1000F2F7DEFED0E9006A5645DAD056F8040B7C
:10DA2000036808AA9B6849469847F5E7886905088E
:10DA30002DE9F04792B00546F1F798FF2A4F80464E
:10DA40000024012601212846E2F72AFAE3B298428F
:10DA500002D812B0BDE8F0870023CDE90833CDE944
:10DA60000A73CDE90E330C93ADF834308DF84030A5
:10DA70008DF8443001AA08AB01212846E2F780F96D
:10DA800008B10134DEE7DDE90213019A8DF84000A8
:10DA9000834208BF1146049A0B91A2F1020CDCF1FB
:10DAA0000002A3F1040E42EB0C02DEF1000343EB93
:10DAB0000E038DF83430079B05990E93069B0C914D
:10DAC0008DF835200F938DF84460F2F781FED0E990
:10DAD000009AD145D5D059F8040B036808AA9B6871
:10DAE00041469847F5E700BF886905082DE9F041F0
:10DAF0000746F2F76DFED0E90046B44201D1BDE819
:10DB0000F08154F8045B2B683846D3F81080F1F7A5
:10DB10002DFF002201462846C047EEE72DE9F041DF
:10DB20000746F2F755FED0E90046B44201D1BDE800
:10DB3000F08154F8045B2B683846D3F81080F1F775
:10DB400015FF012201462846C047EEE72DE9F041C6
:10DB50000746F2F73DFED0E90046B44201D1BDE8E8
:10DB6000F08154F8045B2B683846D3F81480F1F741
:10DB7000FDFE002201462846C047EEE72DE9F041B0
:10DB80000746F2F725FED0E90046B44201D1BDE8D0
:10DB9000F08154F8045B2B683846D3F81480F1F711
:10DBA000E5FE012201462846C047EEE72DE9F04197
:10DBB0000746F2F70DFED0E90046B44201D1BDE8B8
:10DBC000F08154F8045B2B683846D3F81480F1F7E1
:10DBD000CDFE022201462846C047EEE72DE9F0417E
:10DBE0000746F2F7F5FDD0E90046B44201D1BDE8A1
:10DBF000F08154F8045B2B683846D3F81880F1F7AD
:10DC0000B5FE002201462846C047EEE72DE9F04167
:10DC10000746F2F7DDFDD0E90046B44201D1BDE888
:10DC2000F08154F8045B2B683846D3F81880F1F77C
:10DC30009DFE012201462846C047EEE72DE9F0414E
:10DC40000746F2F7C5FDD0E90046B44201D1BDE870
:10DC5000F08154F8045B2B683846D3F81880F1F74C
:10DC600085FE022201462846C047EEE72DE9F04135
:10DC70000446F2F7ADFDD0E90057BD4203D10023C1
:10DC80006362BDE8F08155F8046B33682046D3F831
:10DC90000C80F1F76BFE626A01463046C047ECE744
:10DCA00070B50646FDF74EF8D0E90045AC4200D10C
:10DCB00070BD54F8040B036831469B689847F5E73C
:10DCC00070B50646FDF73EF8D0E90045AC4200D1FC
:10DCD00070BD54F8040B03683146DB689847F5E7DC
:10DCE00070B50646FDF72EF8D0E90045AC4200D1EC
:10DCF00070BD54F8040B036831461B699847F5E77B
:10DD000070B50646FDF71EF8D0E90045AC4200D1DB
:10DD100070BD54F8040B036831469B699847F5E7DA
:10DD200070B50646FDF70EF8D0E90045AC4200D1CB
:10DD300070BD54F8040B03683146DB699847F5E77A
:10DD400070B50646FCF7FEFFD0E90045AC4200D1B5
:10DD500070BD54F8040B036831461B6A9847F5E719
:10DD600070B50646FAF7D0FDD0E90045AC4200D1C7
:10DD700070BD54F8040B036831469B689847F5E77B
:10DD800070B50646FAF7C0FDD0E90045AC4200D1B7
:10DD900070BD54F8040B03683146DB689847F5E71B
:10DDA000FFF7DEBFFFF7ECBF70B50646FAF7ACFD34
:10DDB000D0E90045AC4200D170BD54F8040B0368B3
:10DDC00031461B699847F5E7024B186803685B69A1
:10DDD000184700BF942C0120024B014618680268C6
:10DDE00092691047942C0120054B1B6810B40A4619
:10DDF0001968CC6901461846234610BC184700BF75
:10DE0000942C0120FFF7A2B910B5044600F0B6F833
:10DE1000044B186828B102682146D269BDE8104059
:10DE2000104710BDF00A0010F2F746BC73B50C465F
:10DE30001D4622F0020323430C4BBDF8181018684E
:10DE400008BF2C7828B1036800919E6821462B46B4
:10DE5000B047A12C08D1064B186828B1294602B05A
:10DE6000BDE87040F9F702BC02B070BD682C01201B
:10DE7000BC2B012030B40648BDF80850006828B11A
:10DE800004680295E468A44630BC604730BC704723
:10DE9000682C012038B5084D2B68044623B107498A
:10DEA0002046EAF7B1FE00B938BD2868034A036886
:10DEB00021469B689847F2E7902C0120D02B012047
:10DEC000024B186803681B6A184700BFF00A00106D
:10DED000024B186803685B6A184700BFF00A00101D
:10DEE000FFF7F6BF074B984203D1082306480B7093
:10DEF0007047064B984203BF022305480B70002071
:10DF0000704700BFF40C0120A02C0120AC0C0120B4
:10DF1000982C012008B5064906480822E1F782FB43
:10DF2000BDE80840044905480222E1F77BBB00BF79
:10DF3000A02C0120F40C0120982C0120AC0C012015
:10DF400051EA020310B504460BD1827C8360003A8B
:10DF5000838018BF0122218AE068BDE81040E2F703
:10DF6000FFBE5200013A82608180E1F76BFAA27C29
:10DF70002060B2FA82F25209EDE70000034883887C
:10DF80001BB901221921FFF7DBBF7047F800001011
:10DF9000034883881BB90122FA21FFF7D1BF7047DC
:10DFA000E4000010034883881BB901226421FFF7B5
:10DFB000C7BF7047D00000100A4601460148FFF76E
:10DFC000BFBF00BFD00000100A1E817418BF01221D
:10DFD000018AC068E2F7C4BE01460148FFF7F4BFFA
:10DFE000D000001038B583880446BBB1E1F72AFAA7
:10DFF000A38822681344984210D9A5687DB9A27CF1
:10E00000218AE068521B18BF0122E2F7A9FEA58011
:10E01000A368002BC4BF03F1FF33A36038BDE1F751
:10E0200011FA218A2060E068E2F79EFEF0E7000026
:10E0300008B50548FFF7D6FF0448FFF7D3FFBDE852
:10E0400008400348FFF7CEBFD0000010E4000010E6
:10E05000F800001010B50446006908B122F0BAF9C2
:10E06000204610BD10B50446FFF7F4FF20461821E6
:10E0700022F0AEF9204610BD0F4B70B503600023AF
:10E0800004460D460375A9B14B1E0B4212D108463A
:10E0900022F02DFA2A4601460646201DE9F75CFFCC
:10E0A000051E14BF01230023237503D1304622F03F
:10E0B00091F92561204670BDB46905080430E9F77F
:10E0C00057BF0430E9F75EBF70B5051D28461446FA
:10E0D0000E46E9F757FF844228BF044622462846E9
:10E0E0003146E9F759FF204670BD70B5051D284639
:10E0F00014460E46E9F73CFF844228BF044624B18B
:10E10000224631462846E9F76FFF204670BD38B5F4
:10E11000051D28460C46E9F72BFF844228BF04461C
:10E120001CB121462846E9F785FF204638BD04305A
:10E13000E9F786BF014B83ED000A7047100100101C
:10E140000E49CB69B3B10E4B5A8D40F6E4435A43A6
:10E15000CB699A420ED3CB6913B1CB69B2FBF3F30F
:10E16000434340F6FF72B3FBF2F307EE903AB8EE8A
:10E17000E70A70479FED030A704700BFA02C0120FB
:10E18000007AFF1F0000000008B5074B5868FFF732
:10E19000D7FF064BD3ED007A20EE270AFDEEC07ABA
:10E1A00017EE900A08BD00BF982C01201001001046
:10E1B00008B5074B1868FFF7C3FF064BD3ED007A8D
:10E1C00020EE270AFDEEC07A17EE900A08BD00BFC8
:10E1D000982C012010010010244B2DE9F041D3F8B8
:10E1E0000080B8F1000F3ED0214F3B78002B3AD190
:10E1F000FFF7CAFF0646FFF7DBFF1E4B1B68B34263
:10E2000001DD83422FDC1C4B1C4C1B6822781C4D0B
:10E210000344B3420CDBB0450ADB7AB1194B1B68EF
:10E220001844B0420ADB002323702B60227813E0ED
:10E230000123237012B9E1F705F928602B68002B40
:10E24000F4D0E1F7FFF82B68C01A41F28833984206
:10E25000ECD901233B700022BDE8F0410A484FF49D
:10E260008061E2F77DBDBDE8F08100BF1C010010B8
:10E27000F02C01200C01001018010010F12C0120DD
:10E28000EC2C012014010010001002401A4B986978
:10E2900010B568B3D86958B3184C618D40F6E442A4
:10E2A0005143DA69914224D39869DA6912B1DA6983
:10E2B000B1FBF2F2A18D504340F6E443B0FBF3F022
:10E2C0005023401A5843E38D5B1A90FBF3F00C4B3C
:10E2D000D3E901128A42196800F11E00B8BF013269
:10E2E000A0EB010090FBF2F00844B8BF9A60186000
:10E2F00010BD0020FCE700BFA02C0120007AFF1F0A
:10E30000C02C01202DE9F041182022F0DFF806464C
:10E31000114C124917220025EEF7AAFB032702230E
:10E32000F57518202371276022F0D0F84FF01708F8
:10E3300018223146A060C4F81080EEF799FB18212E
:10E340003046C4F80C8022F043F8054BC3E900576F
:10E350009D60BDE8F08100BFCC2C0120173105087D
:10E36000C02C0120054B986803F11002904203D0A5
:10E370001969013122F02CB8704700BFCC2C012064
:10E38000F7B504460023B2F1805FCDE90012C4E97D
:10E3900000330F461046A3604FEAC20502D30A4875
:10E3A00022F09EFB12B1284622F090F84619C4E9EB
:10E3B0000000A66025B12A463946DEF711F830463E
:10E3C0006060204603B0F0BD5C1E05082DE9F04FEB
:10E3D00091B04FF480730AAF0326ADF834304FF498
:10E3E0000073414CDFF86C91ADF83C3001254FF4DF
:10E3F000805A06AB324639463C48CDF82890ADF8F5
:10E400002CA00C940E9408970996FFF7B9FF384B8F
:10E41000364A384900953848FAF702FFCDE90676C2
:10E420004FF0100B354B0A93CDF83090CDF8389063
:10E4300002230DEB0B09DDE906124FF00008ADF8E1
:10E440003C302F48ADF82CB04B46ADF83450FFF7B8
:10E4500097FF2C4B2A4A2C49CDF800802B48FAF71D
:10E46000DFFE264B0A93CDE904764FF40043ADF866
:10E470002C300423ADF83430082399E80600ADF8B9
:10E480003C3023480C9403AB0E94FFF779FF184BF4
:10E490001F4A204900952048FAF7C2FE1F4920482C
:10E4A000FEF774FA1F492048FEF770FA43461F4AE8
:10E4B0001F492048F9F7B4FE1F4B204A1A60A3F801
:10E4C00004A01F4B1F4A1C60A3F804B01E49CDF8DE
:10E4D00000801E48F1F796FD1D4B40221C609A807B
:10E4E00011B0BDE8F08F00BF000C0240002F0120EA
:10E4F00080DE8002B40A0120CC2E01200000024000
:10E50000C02E012000BD01050C0B01208C2E012026
:10E51000802E01205C0A01204C2E012004050120E0
:10E52000242E01204C050120FC2D0120286A05081D
:10E53000700B0120942D01208C2D01200010024031
:10E54000842D012020010010C40B0120FC2C01208F
:10E55000F42C01200004024008B50F48F1F7DAFB63
:10E560000E48F9F7D9FD0E48FEF7C6F90D48FEF73B
:10E57000C3F90D48FAF7EEFF0C48FAF7E1FF0C4833
:10E58000FAF7E8FF0B48FAF7DBFF0B48FAF7E2FF70
:10E590000A48FAF7D5FF08BDFC2C0120942D012074
:10E5A000FC2D0120242E01204C2E0120802E012044
:10E5B0008C2E0120C02E0120CC2E0120002F012006
:10E5C0000520704705207047052070477047000000
:10E5D000034A034692E8030083E8030018467047A5
:10E5E0002C010010A1F13801FFF7F2BFA1F11C01CD
:10E5F000FFF7EEBF10B5064B0360044601464068C6
:10E60000F9F779FF2046F9F77DFD204610BD00BFE0
:10E61000F06A050810B50446FFF7ECFF20461C2100
:10E6200021F0D6FE204610BD0846F9F72DBF012285
:10E6300080F8F8200846F9F747BF0000F8B590F8D1
:10E640005C40054604B395F8E04095F8E83004F0E6
:10E65000070444EA4324AB7ADB0003F038031C438D
:10E660006B7A9B0103F4E07305F158001C43ECF74F
:10E6700049FFEDF745F844EA802189B2BDE8F8404A
:10E680004FF42470FEF7D6BF90F8A0301B07DAD500
:10E690000B4F2B6E042B28BF0423A342D3D96B6FDF
:10E6A00037F8040B33F83410FEF7C4FF6B6F37F8FC
:10E6B000020C03EBC40301349988FEF7BBFFE8E7C3
:10E6C000046C0508A0F12400FFF7B8BF08B578B1C5
:10E6D000084B984206D9084B984201D922F0FAF922
:10E6E00022F0F5F930235843BDE8084021F0EEBE92
:10E6F00008BD00BFAAAAAA025555550507B501A92C
:10E70000E8F7E4FC019B4BB14FF0E0234FF080525F
:10E71000C3F8042DBFF34F8FBFF36F8F03B000BD5D
:10E7200043688B4238D190F8F830012B34D090F800
:10E73000F830022B0DD1B0F8DE305BBAA0F8DE3035
:10E740001B0402D5042380F8F830D0F8A800FFF7A6
:10E75000D5BF90F8F830052BF7D190F8E820B0F944
:10E76000DC305BBA1BB2A0F8DC3042B923EAE373B9
:10E770005B00A3F5FF437F3B1BB2A0F8DC3090F8B1
:10E78000E110D0F8EC2042F8213090F8E13001336C
:10E7900080F8E1300323D6E7704743688B420ED1FF
:10E7A00090F8F830012B0AD090F8F830032B04BF12
:10E7B000022380F8F830D0F8A800FFF79FBF704719
:10E7C00090F8F830012B2DE9F04704460FD140684E
:10E7D000F9F72EFE014650B9032384F8E10084F8CE
:10E7E000F83002220346D4F8A800E8F7EDFBE0F782
:10E7F00029FED4F8E430C01AB0F57A6F08D90023A6
:10E80000D4F8A80084F8F83002221946E8F7DCFBB7
:10E81000D4E93B75E66A636BED1BA3EB060A55452D
:10E820001ED9284621F052FE2A4639468146DDF798
:10E83000D7FD1EB15146304621F0CAFD09EB050354
:10E84000C4F82C906363E36A2B4404F158002363FB
:10E8500004F12C01ECF75EFE04F12C00BDE8F0871A
:10E86000226B921B95420BD8042D05DD2A463946B2
:10E87000304618F009FEE6E7E5D13B683360E2E791
:10E88000042A11DD3946304618F0FEFDD4E90B307C
:10E89000D4F8EC10D4F8F020C31A1944521A002A04
:10E8A000D1DDDDF79DFDCEE704BF3B683360EDE7CA
:10E8B000A0F11C00FFF784BF174B03F1440210B511
:10E8C000C26103F16002426203F178020360826375
:10E8D00003F1D002E03304468265C0F8A430D0F8DA
:10E8E000EC0020B1D4F8F410091A21F071FD04F104
:10E8F000A400FEF707FE04F15800ECF7C5FD04F193
:10E900003800F3F795FA04F11C00EDF72FFA2046D2
:10E91000FFF770FE204610BD146B0508A0F15800EB
:10E92000FFF7CABFA0F13800FFF7C6BFA0F124006F
:10E93000FFF7C2BFA0F11C00FFF7BEBFA0F1A4000B
:10E94000FFF7BABF10B50446FFF7B6FF2046FC211B
:10E9500021F03EFD204610BDA0F1A400FFF7F2BF5C
:10E96000A0F15800FFF7EEBFA0F13800FFF7EABFB3
:10E97000A0F12400FFF7E6BFA0F11C00FFF7E2BF03
:10E980002DE9F8430646894600F1080502F108041E
:10E9900000274E45A4F1080001D1BDE8F88344F8F2
:10E9A000084C55F8083CAB42A84621D155F8042C38
:10E9B000294601322046DDF713FD303458F8043C77
:10E9C00044F8343CD5E90423303545E90E8705F891
:10E9D000307C44E9082355E9062344E9062315F869
:10E9E000103C04F8103C3046EDF7CCFF3036D0E751
:10E9F00044F8083C2B682360DFE7000013B50449A6
:10EA000001AA0446EEF73EF8204602B010BD00BF52
:10EA100059310508A1F13801F0E700BF70B504468F
:10EA20000D461646F9F782FD0A4B0B4A2672C4E9D9
:10EA30000035042363720223A3720023C4E9033365
:10EA400047F6FF732846C4E905232146F9F77BFC06
:10EA5000204670BDF06A0508838500807FB50446B6
:10EA600040680D461646F9F7EAFC01200223CDE97D
:10EA70000230CDE900062B46227A60682146F9F77C
:10EA800095FC04B070BD30B552BA85B004464283DF
:10EA900040680D46F9F7D3FC01220223CDE902328A
:10EAA00004F11A03CDE900232146227A60682B463F
:10EAB000F9F79DFC05B030BD4B1EDBB2A2B1022BB5
:10EAC00018D80F4A32F81310437A827A5B0143EA6E
:10EAD000422341EA030242F4014242F0030292B2AD
:10EAE00082820121FFF7CFBF022B05D8090301F570
:10EAF0008041E9E70021E7E74FF48041E4E700BF08
:10EB00007C6A050810B50446E0F79CFCC4F8E400F4
:10EB10006068F9F7D9FC002384F8E130012384F818
:10EB2000F83010BD08B504460125002694F8F830E9
:10EB300013B92046FFF7E6FF4FF0FF310120E8F759
:10EB400007FA94F8E11094F8E0308B4222D994F857
:10EB5000F830032B05D194F8E8202046FFF7ACFFEE
:10EB6000E4E794F8F830022B09D10120E7F726FDFD
:10EB700004F1DE0201212046FFF770FFD6E794F88A
:10EB8000F830042BD2D1052384F8F83004F1DC02EC
:10EB90000021F0E784F8E160E0F754FC84F8F850D5
:10EBA000C4F8E400C2E7A0F1A400FFF7BBBF000077
:10EBB0002DE9F74FD0E901ABABEB0A03B1EBA30FA3
:10EBC00007460C461AD9D0F800906FF06043AAEBC4
:10EBD0000905A3EBA5018C424FEAA50611D91F48F0
:10EBE00021F07EFF106841F8040B013B002BF9D1A6
:10EBF0000AEB84047C6003B0BDE8F08F51462346E5
:10EC0000F4E7B4422CBF3619B6199E4228BF1E46FF
:10EC1000B6003046019221F059FC019A0544804625
:10EC200005EB8404AC4210D14B4642469A4510D1C4
:10EC3000B9F1000F04D0ABEB0901484621F0C8FB45
:10EC40004644C7E90084BE60D5E7136845F8043B35
:10EC5000E8E753F8041B42F8041BE7E773310508A3
:10EC600038B5D0E90035EC1AA410A14203D9091B2C
:10EC7000FFF79EFF38BDFDD203EB8103AB4218BF07
:10EC80004360F7E737B5002A0CBF042302230129AC
:10EC900038BF0121994228BF1946044680F8E82070
:10ECA00080F8E010002501AA2C300195FFF7D8FF6D
:10ECB00094F8E010019501AA04F1EC00FFF7D0FFF1
:10ECC00003B030BD90F8A0301B0773B5044607D5DC
:10ECD000284E0025236E042B28BF0423AB422FD8D7
:10ECE00001220DF102014FF42470FEF7D7FC28B386
:10ECF000BDF802102046C1F3402201F00701FFF7E2
:10ED0000C1FFBDF80200C0F3C203052B28BF0523D5
:10ED1000A372C0F382136372800AECF7E3FC8DF8F0
:10ED20000400C0F30723C0F307408DF806008DF8F8
:10ED30000530019904F15800ECF7E6FB02B070BD14
:10ED4000308801220DF10201FEF7A8FC78B170882D
:10ED5000012201A9FEF7A2FC48B1636FBDF90210C0
:10ED600043F8351003EBC502BDF90430536001359B
:10ED70000436AFE7046C0508A0F12400FFF7A2BF3A
:10ED80002DE9F043444904468DB04822FFF746FE82
:10ED900004F11C00ECF7D4FF012740490023432273
:10EDA00004F13800F2F79CFC04F1380304F11C0272
:10EDB000CDE90277CDE90077042104F15800ECF7A2
:10EDC000C3FE05AA364906A8EDF75CFE06A919237D
:10EDD000402204F1A400FEF7B1FB06A8EDF7D2FD36
:10EDE000304B236003F14402E26103F1600262628E
:10EDF00003F178020025A26303F1D002E033C4F8E6
:10EE0000A430C4E93B55A265A4F8DE50C4F8E45030
:10EE100084F8E850C4F8F45084F8F85004F138004D
:10EE2000A4F8E070F3F73EF94FF0030894F8E820F7
:10EE300094F8E0102046FFF725FF2A4604F1380039
:10EE4000194B1A49CDF80080F3F7B0F80B253A4674
:10EE500004F13800164B1749CDF80080F3F7A6F8F7
:10EE600004F13800144B154900950222F3F79EF87F
:10EE7000134B14490095424604F13800F3F796F815
:10EE80002046FFF71FFF04F1A400FEF707FB204612
:10EE90000DB0BDE8F08300BF942D01208A31050834
:10EEA00094310508146B05089C310508CA31050822
:10EEB000D1310508FB310508003205080028050896
:10EEC000103205088C3705082DE9FF47D0E90143CA
:10EED0009C4205468A4615D00A78002304F10801B1
:10EEE000C4E906232372C4E9001300220023C4E905
:10EEF0000823022384F8283043683033436004B089
:10EF0000BDE8F0871D4A0121EFF7E0FAD5F800804F
:10EF10000746FFF7DBFBA4EB080900EB09030646F5
:10EF20009AF800100395002203F1080046F8090042
:10EF3000C3E906125A601A72002000210222C3E9B6
:10EF4000080183F82820214632464046FFF718FD85
:10EF5000AB680B4ACDF80480A3EB08031B115343A5
:10EF6000044601A80293ECF7D0FB30232E60303426
:10EF700003FB07666C60AE60C1E700BF281E050892
:10EF8000ABAAAAAA10B588B0044601AA02A8EDF758
:10EF900079FD04F10803DDE9021223602046EEF753
:10EFA00081FE00220023C4E90623C4E908230323C9
:10EFB00002A884F82830EDF7E5FC204608B010BD23
:10EFC00010B588B0044601AA02A8EDF75BFD04F174
:10EFD0000803DDE9021223602046EEF763FE0022FB
:10EFE0000023C4E90623C4E90823032302A884F804
:10EFF0002830EDF7C7FC204608B010BD2DE9FF47CB
:10F000000B6805461446032B00F2EE80DFE803F0A0
:10F01000025F14BF0B6A022B06D190F8E820097C2E
:10F020002846FFF72FFE0FE0012B0DD100F1E00184
:10F030002046FFF749FF07E00B6A022B08D10B8A35
:10F04000052B28BF05238372012004B0BDE8F0879B
:10F05000012B02D100F10A01EAE7082BF4D1D4E92F
:10F0600001639E4207D064493046FFF78BFF636817
:10F0700030336360E8E70121604A2046EFF726FA63
:10F08000D4F800800746FFF721FBA6EB08090546E8
:10F09000594903944844FFF775FF2A4631464046D4
:10F0A000FFF76EFCA368564ACDF80480A3EB080373
:10F0B0001B115343064601A80293ECF726FB3023AD
:10F0C0002560303603FB07556660A560BCE70B6A18
:10F0D000022B08D1D1E90432134390F8E01014BF99
:10F0E000012200229CE7012BAED1D4E901629642B5
:10F0F00011D090F8E820002306F10801C6E90623A4
:10F10000C6E90013337200220023C6E90823022354
:10F1100086F82830ABE71946384A2046EFF7D6F98B
:10F12000D4F800908046FFF7D1FAA6EB090A00EB6D
:10F130000A03074695F8E8100394002203F108003B
:10F1400047F80A00C3E906125A601A72002000212B
:10F150000222C3E9080183F8282031463A4648468E
:10F16000FFF70EFCA368264ACDF80490A3EB090331
:10F170001B115343054601A80293ECF7C6FA30234E
:10F180002760303503FB08776560A7605CE70B6A92
:10F19000022B05D10B8A072B28BF0723437253E7A5
:10F1A000012B02D100F1090142E7082B7FF44CAF9B
:10F1B000D4E901639E4204D012493046FFF700FFB4
:10F1C00055E70E4A01212046EFF780F9D4F8008078
:10F1D0000746FFF77BFAA6EB0809054609490394A1
:10F1E0004844FFF7EDFE58E72246583004B0BDE82A
:10F1F000F047ECF78DBB00BF20320508281E05083C
:10F20000ABAAAAAA56320508A0F13800FFF7F6BE4D
:10F2100001207047012070470120704710B5074B4F
:10F22000036003F13002826003F148026C3304464C
:10F23000C261036200F040FB204610BD506D05081E
:10F24000A0F10800EAE7A0F11C00E7E7A0F1200028
:10F25000E4E700BF10B50446FFF7E0FF2046502169
:10F2600021F0B6F8204610BDA0F10800F2E7A0F1A9
:10F270001C00EFE7A0F12000ECE700001AB1012A22
:10F2800004D000207047024B0360FAE70160F8E702
:10F29000406D05081AB1012A04D000207047024BC6
:10F2A0000360FAE70160F8E7E06C05081AB1012A8B
:10F2B00004D000207047024B0360FAE70160F8E7D2
:10F2C000846C050810B5FC2021F000F90446FFF716
:10F2D00057FD04F11C0010BD10B5502021F0F6F8C8
:10F2E0000821044600F0D4FB054B236003F13002F3
:10F2F000A26003F148026C33E2612362204610BD34
:10F30000506D050810B58C2021F0E0F8044606F099
:10F31000F7FE204610BD000038B504461A2021F043
:10F32000D5F81923A360094B2060024603F11801A8
:10F3300053F8045B42F8045B8B42F9D11B781370DD
:10F340001923636000234376204638BDAD3205089B
:10F35000A1F12001E0E700BF2DE9F843894602F161
:10F36000180400F118050026A5F118039945A4F129
:10F37000180702D13846BDE8F88355F8183C44F820
:10F38000183C35F8143C24F8143C44E9046644F86D
:10F39000086CA4F11000EEF76CFC55F8083C44F83A
:10F3A000046C6BB10222A5F11001A4F11000984782
:10F3B00055F8043C44F8043C55F8083C44F8083C33
:10F3C000C7E906663E622046EEF753FCAB68E6608E
:10F3D0003BB10222294620469847EB68E360AB68C0
:10F3E000A36028342835BFE730B59FB000242B4BED
:10F3F000009302A8CDE90244ADF804400494EEF76E
:10F4000038FC274B2749059306A8274B0493EEF7B2
:10F4100035FC264B0A930CA80123CDE90C44ADF82A
:10F420002C300E94EEF725FC214B22490F9310A8A7
:10F43000214B0E93EEF722FC204B149316A80223C7
:10F44000CDE91644ADF854301894EEF712FC1C4B7D
:10F450001C4919931AA81C4B1893EEF70FFC78203F
:10F4600021F034F8194C00F17803C4E90000024699
:10F470001EA96846A360FFF76FFF6D4660601EAC73
:10F48000283C04F11800EDF7EAFA04F10800EDF762
:10F49000E6FAAC42F4D11FB030BD00BF8C010010C1
:10F4A00005F3020815F20208ADF20208340100105B
:10F4B000D9F2020811F2020895F202082C0100109C
:10F4C000C5F2020819F202087DF202080C2F012091
:10F4D00070B50C4DD5E90046A64207D1286878B131
:10F4E000A968BDE87040091A20F072BF04F1180045
:10F4F000EDF7B5FA04F10800EDF7B1FA2834EBE7BF
:10F5000070BD00BF0C2F0120012070470120704703
:10F5100001207047012070471AB1012A04D0002051
:10F520007047024B0360FAE70160F8E7C86F05080F
:10F530001AB1012A04D000207047024B0360FAE799
:10F540000160F8E7706F05081AB1012A04D00020A5
:10F550007047024B0360FAE70160F8E7146F050893
:10F560001AB1012A04D000207047024B0360FAE769
:10F570000160F8E7B86E05081AB1012A04D000202E
:10F580007047024B0360FAE70160F8E75C6E05081C
:10F5900010B5582020F09AFF044601F0E3FC204605
:10F5A00010BD10B5A02020F091FF04460BF02EFEF8
:10F5B00004F12C0010BD10B5AC2020F087FF0446EC
:10F5C0000DF0FEFF204610BD10B5902020F07EFF0C
:10F5D00040F2062240F2012104460DF075F9084B75
:10F5E000236003F13402A26003F14C02A43304F15E
:10F5F0001000226123630021F2F786F8204610BD37
:10F600003094050810B5502020F060FF044607F044
:10F610005BF8204610BD2DE9F843894602F1180435
:10F6200000F118050026A5F118039945A4F1180763
:10F6300002D13846BDE8F88355F8183C44F8183C28
:10F6400035F8143C24F8143C44E9046644F8086C8A
:10F65000A4F11000EEF70DFB55F8083C44F8046CDB
:10F660006BB10222A5F11001A4F11000984755F8E2
:10F67000043C44F8043C55F8083C44F8083CC7E90D
:10F6800006663E622046EEF7F4FAAB68E6603BB1F0
:10F690000222294620469847EB68E360AB68A360E6
:10F6A00028342835BFE7000030B5B3B000243E4B06
:10F6B000009302A8CDE90244ADF804400494EEF7AB
:10F6C000D8FA3A4B3A49059306A83A4B0493EEF719
:10F6D000D5FA394B0A930CA80123CDE90C44ADF8B7
:10F6E0002C300E94EEF7C5FA344B35490F9310A821
:10F6F000344B0E93EEF7C2FA334B149316A8032340
:10F70000CDE91644ADF854301894EEF7B2FA2F4B09
:10F710002F4919931AA82F4B1893EEF7AFFA2E4BD7
:10F720001E9320A80423CDE92044ADF87C30229418
:10F73000EEF79FFA294B2A49239324A8294B2293B9
:10F74000EEF79CFA284B28932AA80523CDE92A44F2
:10F75000ADF8A4302C94EEF78CFA244B24492D9369
:10F760002EA8244B2C93EEF789FAC82020F0AEFE89
:10F77000214C00F1C803C4E90000024632A96846E2
:10F78000A360FFF748FF6D46606032AC283C04F18F
:10F790001800EDF764F904F10800EDF760F9AC42E8
:10F7A000F4D133B030BD00BF9401001005F602085B
:10F7B0000DF5020879F50208EC010010C9F5020800
:10F7C000E1C5030861F50208F4010010B7F502086D
:10F7D00011F5020849F50208D4010010A3F502084A
:10F7E00015F5020831F502084401001091F50208F0
:10F7F00009F5020819F50208182F012070B50C4D03
:10F80000D5E90046A64207D1286878B1A968BDE8C5
:10F810007040091A20F0DCBD04F11800EDF71FF963
:10F8200004F10800EDF71BF92834EBE770BD00BFC9
:10F83000182F0120034A034692E8030083E80300DF
:10F840001846704734010010A1F12001FFF7F2BF04
:10F85000537D2DE9F0434BB9D76890F84EC0C7F3FC
:10F860000A0702F1FF3ED9B28C4501D8BDE8F0830A
:10F87000016C1944B94201D00133F4E790F84C808F
:10F880009E000121B045F7DD14698C42F4D91EF8C1
:10F89000014012F80190056944EA0924023124B2BA
:10F8A000092945F8264006F10106EBD1E4E7A0F16D
:10F8B0001C00FFF7CDBF0000104B416C03F130027C
:10F8C00010B50360826003F148026C3303624B1C85
:10F8D0000446C26104D0806C0368C9B29B6A984731
:10F8E00004F12000F2F7A4FA04F11C00F0F7F4FF91
:10F8F0002046ECF73BFA204610BD00BF107005080B
:10F90000A0F11C00FFF7D8BFA0F10800FFF7D4BF9B
:10F91000A0F12000FFF7D0BF10B50446FFF7CCFFE1
:10F920002046502120F054FD204610BDA0F12000BB
:10F93000FFF7F2BFA0F11C00FFF7EEBFA0F1080037
:10F94000FFF7EABF90F84C30B0F84010DB02C1F38B
:10F950000A0103F4F04319434FF41C70FDF76ABE2B
:10F96000A0F10800FFF7EEBF38B504460D4602F1DE
:10F970000803AC42A3F1080000D138BD224643F889
:10F98000083C52F8081B914217D1626818460132B0
:10F99000DCF726FD0346D4E906013033626843F8FC
:10F9A000342C43E90801D4E9080194F8282003F82D
:10F9B000102C43E906013034DBE7A26843F8081C49
:10F9C0001A60E8E730B5416C4B1C87B0044604D0A0
:10F9D000806C0368C9B29B6A9847226CA06C029243
:10F9E000002304930123ADF81430D3185340DB43B4
:10F9F00003930568059B009302AB0ECB6D6AA84785
:10FA00006064A06C03681B6907B0BDE8304018470C
:10FA100013B590F84D30994228BF19464B1E48BF88
:10FA20008B1C9B10013380F84E3000230193D0E9EA
:10FA30000432D41AA410A14280F84C1006D901AAAD
:10FA4000091B1030FFF7B4F802B010BDFCD203EB75
:10FA500081039A4218BF4361F6E713B501220446B9
:10FA60000DF106014FF41C70FDF718FE48B1BDF80A
:10FA70000610C1F30A032364C1F3C3212046FFF734
:10FA8000C7FF02B010BDA0F10800FFF7E6BF0000FD
:10FA9000F7B504460F46ECF753F904F11C00F0F7F4
:10FAA000B1FE25490023422204F12000F1F718FE9F
:10FAB000224B236003F13002A26003F148026C3351
:10FAC000E26123626E224FF0FF33C4E910231C4B26
:10FAD00084F84D7001261B68A36404F120000327FD
:10FAE00084F84C6084F84E60F2F7DCFA04F12000F0
:10FAF000144B154900970022F2F758FA324604F1E8
:10FB00002000124B12490097F2F750FA114B12499C
:10FB10000096022204F12000F2F748FA2046FFF78F
:10FB20009CFF2046FFF74EFF204694F84C10FFF74D
:10FB30006FFF204603B0F0BDC732050810700508FE
:10FB4000DC690508D1320508994905080033050824
:10FB50003833050816330508353305082DE9F04F0D
:10FB60000E68012E85B007460B46144608D0022EBB
:10FB700062D0002E00F0B680002005B0BDE8F08F06
:10FB8000096A012952D1D2E901539D4211D090F85E
:10FB90004C20002305F10801C5E90013C5E906233F
:10FBA0002B7200230022C5E90823022385F82830A0
:10FBB00056E06F4A2046EEF789FC302303FB00F83D
:10FBC0004046D4F8009020F081FCA5EB090A00EB38
:10FBD0000A03064697F84C100394002203F108002C
:10FBE00046F80A00C3E906125A601A720020002182
:10FBF0000222C3E9080183F82820294632464846F4
:10FC0000FFF7B2FEA3685B4ACDF80490A3EB0903AB
:10FC10001B110546534301A802933035EBF775FDE0
:10FC2000266046446560A6600120A6E70229FBD154
:10FC3000197CFFF7EDFEF7E7D2E901539D4213D09F
:10FC400090F84D2085F82860002305F10801C5E9EA
:10FC50000623C5E900132B7200220023C5E90823FF
:10FC6000636830336360DFE7414A01212046EEF7E5
:10FC70002DFC302303FB00F94846D4F800A020F007
:10FC800025FCA5EB0A0B00EB0B0397F84D10039432
:10FC90008046002203F1080048F80B00C3E9061271
:10FCA00000200021C3E908015A601A7283F8286015
:10FCB000294642465046FFF757FEA3682D4ACDF825
:10FCC00004A0A3EB0A031B110546534301A80293AA
:10FCD0003035EBF71AFD08EB0900C4F800806560C9
:10FCE000A060A1E7096A01292FD1D2E901539D4201
:10FCF00008D0036C2E7205F10802C5E90026C5E99B
:10FD000006364EE71A4A2046EEF7E0FB302303FBA7
:10FD100000F94846D4F800A020F0D8FBA5EB0A0B68
:10FD200000EB0B033A6C039403F1080140F80B104D
:10FD30008046C3E90626002000210222C3E908010B
:10FD40005E601E7283F82820B2E702297FF46CAF50
:10FD50001A6990F84C309B08C3F5FF63C2F30A029E
:10FD600007339A4294BF02640364FFF72BFE5BE7FC
:10FD7000281E0508ABAAAAAAA0F12000FFF7EEBE34
:10FD80000120704701207047034A034692E80300B0
:10FD900083E80300184670473C010010A1F10801F8
:10FDA000FFF7F2BFD0F8A0308B4201D1FEF7F0B8D8
:10FDB0007047A0F19800FFF7F5BF10B40C1A012CA2
:10FDC000A0EB0101034602EB010004DD22461946C7
:10FDD00010BC17F059BB04BF1B78535410BC7047BC
:10FDE00030B503461446994202D1081A104430BD7A
:10FDF00013F8015B04F8015BF5E7FFF7F1BF38B5D5
:10FE000092F82410D0F8F8309942044628D100F135
:10FE1000B003511EB83011F8015F03F8015B834253
:10FE2000F9D1D368C4F8BC301369C4F8C030137D6D
:10FE300084F8C430537D84F8C5309369C4F8C83061
:10FE4000D369C4F8CC3092F8203084F8D03092F8DE
:10FE5000243084F8D430FEF791F8012384F89C30E4
:10FE600038BDA0F19800FFF7CABF002808B506D03A
:10FE700001DA20F02CFEBDE8084020F027BB08BDC9
:10FE800002686FF000439A4210B502D30B4820F08D
:10FE900027FE8A4208D9B2EB410F4FEA410403D250
:10FEA0009C4203D204602246501C02E0044A0260D5
:10FEB0001846BDE8104020F009BB00BF281F050808
:10FEC000FEFFFF7F2DE9F8430646894600F108054D
:10FED00002F1080400274E45A4F1080001D1BDE855
:10FEE000F88344F8084C55F8083CAB42A84621D1A9
:10FEF00055F8042C294601322046DCF771FA3034DB
:10FF000058F8043C44F8343CD5E90423303545E93D
:10FF10000E8705F8307C44E9082355E9062344E9B7
:10FF2000062315F8103C04F8103C3046ECF72AFD87
:10FF30003036D0E744F8083C2B682360DFE7000048
:10FF4000F7B500F10803044603603E27002101A82D
:10FF50000197FFF795FF019D20600649A5603A468D
:10FF60000646ECF785FD002320467355656003B017
:10FF7000F0BD00BF4A330508A1F10801E0E700BF6A
:10FF8000F7B500239A42CDE90012C0E900330446D8
:10FF90000F461546836002DA0A4820F0A1FD10469C
:10FFA000FFF763FF4619C4E900000346A66025B1C8
:10FFB0002A463946DCF714FA33462046636003B01C
:10FFC000F0BD00BF5C1E05082DE9F041044688B075
:10FFD00005F0C2FE04F19800F0F714FC444B2360D6
:10FFE00003F140029833C4F89830424BA260D3F832
:10FFF0000080414B41490025C4E92E354FF0FF33C5
:020000040803EF
:100000000126C4F8D8303E4BC4F80031C4E9288535
:10001000C4E92A55C4E92C55C4E93255C4E9385518
:10002000C4E93B5584F89C50C4F8C050A4F8C450AF
:1000300084F8D05084F8D45084F8DC60A4F8E850F8
:1000400084F8EA50C4F8F85084F8FC5084F804515D
:1000500084F80851C4F80C31284B029304AF0423F0
:10006000039384F810513B4684F81451042204F59C
:100070008C70FFF785FFADF81C60CDE90455D8F80A
:100080000000079B0093069597E80E00476A4046DC
:10009000B84704F108072123C4F8D80084F80461A4
:1000A0002A46009338464FF00308164B1649F1F7DD
:1000B0007DFF32463846154B1549CDF80080F1F7E3
:1000C00075FF02223846134B1349CDF80080F1F733
:1000D0006DFFD4F8A00003682946DB6B9847D4F87D
:1000E000A00003689B6C9847204608B0BDE8F081EB
:1000F00004710508DC69050888690508CC700508E5
:1001000020A107008933050895240508B1330508A7
:10011000C2330508C6330508BE37050838B59DF853
:10012000144080F8E9400029D0F8A040C0F8F03031
:10013000C0F8EC20B4BF012300239DF81050B4BFD9
:1001400080F8E83080F8E8302368C0E93815BCBF93
:1001500021F00041C0F8E010DD6900F1EC0200F18F
:10016000F40300F1E0012046A84718B9BDE8384083
:10017000FDF70EBF38BD10B50446006818B1A16880
:10018000091A20F025F9204610BD0000154B10B5C6
:1001900003F140020360983304468260C0F898304F
:1001A000D0F8A00094F8D81003689B6A9847D4F858
:1001B000A0000368DB6C984704F58C70FFF7DBFF49
:1001C000D4F8A40020B1D4F8AC10091A20F000F93A
:1001D00004F19800F0F780FB204605F031FE204640
:1001E00010BD00BF04710508A0F10800FFF7CEBFE5
:1001F000A0F19800FFF7CABF10B50446FFF7C6FF8D
:1002000020464FF4927120F0E3F8204610BDA0F193
:100210009800FFF7F1BFA0F10800FFF7EDBF73B53D
:1002200004462546406855F8083BAB4214BFA66813
:100230000F268518B54209D812B11844ECF718FCFE
:100240002368656000225A5502B070BD00920B46CB
:10025000002201462046EFF79BFFF1E708B543680F
:10026000C3F1FF43D1E9001203F5FF0303F5FF4398
:100270007E339A4202D9034820F032FCBDE80840A0
:10028000FFF7CDBF732005082DE9F04F824900F13B
:10029000080316468B424FF00002BFB007460360CA
:1002A0004260027251D1042100910192194620F05E
:1002B00021FC04237B603B6800221A71F46801254D
:1002C000234642F20F7142F21072092B02D9632BBE
:1002D00040D801350023294605A80DF11C090693D5
:1002E0008DF81C30CDF814900DF12C08F1F7BDFA03
:1002F000DDF814A06949C9224046DCF771F80AEB21
:1003000005026421632C32D8092C85BF3EAB03EB78
:100310004404303414F8CB3C84BF14F8CC4C8AF835
:1003200001308AF80040059B069500225A5505A920
:100330003846FFF793FF05A8ECF724FB7A68584B83
:100340009A4225D1574820F0CBFB04221846ECF7FF
:100350008FFBAEE7B3F57A7F01D20235BAE78B4265
:1003600001D80335B6E70435B3FBF2F3ADE7B4FBD0
:10037000F1F001FB104304463EA800EB430313F8E1
:10038000CB0C13F8CC3C02F8010C02F8023DB9E7A3
:10039000454901223846FFF742FF756834684FEA45
:1003A000D57A002D02DA644265EB450520462946E0
:1003B000012642F2107B0A2871F1000304D364285D
:1003C00071F100033FD20136CDF814900AEB060913
:1003D0000023494605A806938DF81C30F1F745FA2D
:1003E000DDF814B02D492D238BF80030C9220BEB1A
:1003F0000A0340460393DBF7F3FF0BEB0A031E44AB
:10040000642C75F1000332D20A2C75F1000541D33A
:100410002419631C039A18F8033018F80440537029
:100420000BF80A40059BCDF81890002203F809202C
:1004300005A93846FFF712FF05A8ECF7A3FA3846DE
:100440003FB0BDE8F08FB0F57A7F71F1000301D2C3
:100450000236B9E7584571F1000301D20336B3E71C
:1004600042F210720023DCF739FF0436A3E720467E
:10047000294664220023DCF731FF5200531C044656
:1004800018F8033006F8013C18F8023006F8023D6F
:100490000D46B5E73034C3E7DD330508AA1F05086C
:1004A000FEFFFF7F73200508F1290508D0E900034E
:1004B00010B51B1A6FF00044E01A884202D21046B1
:1004C00020F00EFB8B422CBFDB185B18A34228BF29
:1004D0002346184610BD00002DE9F843114A89460D
:1004E00001210546FFF7E2FFD5E900748046FFF7DA
:1004F000BCFCE41B002C00F80490064603DD2246F9
:100500003946DBF76DFF0134344427B1A96838461A
:10051000C91B1FF05DFFC5E900644644AE60BDE83D
:10052000F88300BF281E05082DE9F04F90F89C3095
:100530009FB00446002B53D0D0E92C0194F81491BD
:1005400094F8C430D4F8CC200AAF87E80300D4E98B
:100550002FC8B4F8CC1004ADB9F1000F5ED04CEA4E
:10056000C373ADF81210110C120E8DF81520ADF8F2
:1005700016301A0C1B0E8DF8193008F00F038DF889
:100580001A300B23F12003930023CDE91533ADF886
:1005900010008DF814108DF8182001AB29460B229D
:1005A00014A80295FFF7ECFCDDE915370025EAB247
:1005B000904518D8BB4228D01D46002305F8013BC2
:1005C000149900206A1AE7F7C9FE0020E7F77CFEBD
:1005D00014A8CDE91557FFF7CEFD002384F89C3011
:1005E0001FB0BDE8F08F78326A44BB4212F8501C4D
:1005F00003D003F8011B0135D9E714A8CDE9153361
:10060000FFF76AFFDDE91537F5E7002114A8CDE90A
:100610001577FFF761FFDDE91557D1E797E803008C
:10062000D4F8C830B4F8C4B094F8D0A094F8D4E0AA
:10063000CDF86080CDE914011649ADF864B0CDE97C
:10064000161CCDE91A32284614AA21468DF870A04E
:100650008DF874E0FFF718FEDDE9048716A80F2F68
:100660001490029706D9494602A8FFF709FC029F99
:10067000149016977A1C4146ECF7FAF914A81597CE
:10068000F1F74CF914A8ECF77DF92846ECF77AF964
:10069000A3E700BF886905089A422DE9F74F044691
:1006A0000E4617463ED09D1AD0E90182A2EB080201
:1006B00095423AD8A8EB01094D4517D2424641462A
:1006C000A8EB0500FFF799FB63682B446360A8EB78
:1006D00005013046FFF771FB012D20DD2A46394622
:1006E000304603B0BDE8F04F16F0CEBE07EB09016F
:1006F0005A1A002A02DD4046DBF772FE6268A5EB5B
:1007000009052A44626041463046FFF776FB63687C
:10071000B9F1010F4B44636001DD4A46DFE701D1C7
:100720003B78337003B0BDE8F08F164AD0F800A0D4
:100730002946FFF7BBFE0190FFF797FB31460246C3
:1007400081465046FFF74CFB002D834604DD2A46C8
:100750003946DBF745FEAB445A4641463046FFF783
:100760003FFB0546BAF1000F05D0A1685046A1EB4A
:100770000A011FF02DFE01984844C4E90095A060CD
:10078000D0E700BF3C2705082DE9F04FD0E9015321
:100790009D4287B006468A46934615D012680023CC
:1007A00005F10804D1E900012B72C5E90043C5E950
:1007B0000823062385F8283073683033C5E906011D
:1007C000736007B0BDE8F08F0768DFF89890234AA0
:1007D000A5EB07084FEA281309FB03F3934202D164
:1007E0001F4820F07DF9012B2CBFDB180133934209
:1007F00028BF1346302202FB03F420461FF066FE9A
:100800009AED007B00EB08030246DBF80000019242
:10081000002103F1080C42F808C0C3E9080159603F
:100820001972062183ED067B83F828103846294685
:100830000596FFF747FBB3680397DB1B1B110546C3
:1008400009FB03F303A80493EAF75FFF019A326000
:10085000303522447560B260B3E700BFAAAAAA028D
:10086000281E0508ABAAAAAA2DE9F04F0F68012F90
:1008700089B0034615461ED0022F28D0002F40F025
:1008800098800A6A012A0AD103F1BC0203F1B0017F
:100890002846FFF779FF012009B0BDE8F08F202A34
:1008A00040F08980082301970093D1E904238968E7
:1008B000FFF734FCEFE70A6A012AE5D0022A7AD171
:1008C000082300930197096900220023F0E70A6AD0
:1008D000012A64D1D0F8A00003685B6B9847D5E982
:1008E00001639E42834611D006F108033360002362
:1008F0003372C6E90603736000220023C6E90823A9
:100900006B6886F8287030336B60C4E7D5F80080D8
:10091000DFF8B090294AA6EB080A4FEA2A1309FB30
:1009200003F3934202D1264820F0DAF8012B2CBFC2
:10093000DB180133934228BF1346302202FB03F435
:1009400020461FF0C3FD00EB0A0303F1080140F845
:100950000A1000210246C3E906B15960197200204D
:100960000021C3E9080183F828703146404603920C
:100970000795FFF7A7FAAB68CDF81480A3EB08033F
:100980001B11064609FB03F305A80693EAF7BDFE13
:10099000039A2A60303622446E60AA607BE7022AFE
:1009A0007FF479AFD0F8A00009690368DB6A984743
:1009B00071E7002070E702206EE700BFAAAAAA0232
:1009C000281E0508ABAAAAAAA0F10800FFF74CBF91
:1009D0002DE9F04F0B789BB0E72B07468A46029231
:1009E0002FD1012380F814319AF80030E72B01D081
:1009F000F12B2AD1029B1A680026931B9E42314696
:100A000005D21AF801300136F12BF6B2F5D14FF0CC
:100A1000000844464546029B1868B0421DD8621B38
:100A200029460020E7F79AFC0020E7F74DFC10A8C4
:100A3000CDE91054CDF84880FFF79DFB1BB0BDE811
:100A4000F08F90F81431002BCED1029A51463846DF
:100A50001BB0BDE8F04F05F044B906F1010C0021D0
:100A60001AF806E00AEB0C03A0EB06090A469A5CAA
:100A7000F12A03D04A1CD2B24A4523D302360E448F
:100A8000F6B2BEF10C0FC6D801A252F82EF000BF8C
:100A9000C90A03080B0B0308170A0308170A0308FF
:100AA000170A0308610B0308930B0308130C0308D0
:100AB000170A03082B0C0308170A0308170A030870
:100AC000BD0C03081146D2E70728A4D993F804B057
:100AD0005AF80C20039200200021CDE91601BBF149
:100AE000000F98D193F805904A46082AA8BF08221B
:100AF000991D16A8DBF774FCCDE9009BDDE91623F0
:100B000003993846FFF70AFB85E7DEF79BFC4FF4B5
:100B10007A73584340F2F113ADF84C30030C8DF862
:100B2000503013AB0893ADF84E000623000E089921
:100B300009938DF8510007AB062216A8FFF720FA9B
:100B4000214610A8DDE91623CDE91054CDF84880E0
:100B5000FFF7A2FDDDE91054DDF8488016A855E046
:100B6000DA7893F90330D7F8A0005AF80C10002B6C
:100B7000BCBFC2F3801387F804310368B8BFC2F367
:100B80004012DB6AB8BF87F8FC2021F0604198472B
:100B900041E740F2F16397F8FC20ADF8583097F840
:100BA000043143EA02138DF85A30D7F800318DF83A
:100BB0005B301A0A8DF85C201A0C1B0E8DF85D2034
:100BC0008DF85E3097F8082197F8103143EA021348
:100BD0008DF85F30D7F80C31189316AB0A930C23BD
:100BE0000A990B930C2207AB13A8FFF7C9F921460A
:100BF00010A8DDE91323CDE91054CDF84880FFF7A4
:100C00004BFDDDE91054DDF8488013A8FFF7B3FA77
:100C100001E7324A0123CDE9132313AB0C930823D8
:100C20000D930C9907AB082287E7D7E94632934228
:100C30003FF4F1AEA2EB0309A8EB040291450FD8F3
:100C4000B9F1000F04DD4A4619462046DBF7C8FB20
:100C500004EB090221462046FFF7CFF81446DAE6F6
:100C60001F4A0593494610A8CDE91054CDF8488095
:100C7000FFF71CFC0490FFF7F8F8214603900246AA
:100C80002846FFF7ADF8B9F1000F834604DD05995A
:100C90004A46DBF7A5FBCB44214620465A46FFF7E0
:100CA0009FF8044625B1A8EB050128461FF090FBEC
:100CB000DDE9032303EB02081546ACE640F6F143F9
:100CC000ADF84C3097F8DC308DF84E3013AB0E9306
:100CD00003230F930E9907AB03222EE7F1070101BF
:100CE0003C270508034A034692E8030083E8030013
:100CF0001846704744010010A1F11401FFF7F2BF3C
:100D000090F8343030B56BB1D0E91445E243EB4391
:100D1000C1E90023D0E9125415401C40C1E9005438
:100D2000807B30BDD0E91423F2E70000104BC16B8B
:100D300003F1300210B50360826003F148026C33A6
:100D400043614B1C0446026104D0006C0368C9B2C5
:100D50009B6A984704F11400F1F76AF804F1100057
:100D6000EFF7BAFD2046EEF7E3FC204610BD00BFCA
:100D7000F8710508A0F11000FFF7D8BFA0F1080036
:100D8000FFF7D4BFA0F11400FFF7D0BF10B50446A1
:100D9000FFF7CCFF204658211FF01AFB204610BD5C
:100DA000A0F11400FFF7F2BFA0F11000FFF7EEBFB3
:100DB000A0F10800FFF7EABFC38990F8341010B51E
:100DC000013B044603F03F0343EA81114FF41870DE
:100DD000FCF730FC218F40F26120BDE81040C1F3E8
:100DE0000A01FCF727BCA0F10800FFF7E5BFD368B4
:100DF000816BC3F30A03994208D1537D33B9136958
:100E0000082B04BFD2E90023C0E914237047A0F1E6
:100E10001000FFF7ECBF38B504460D4602F1080399
:100E2000AC42A3F1080000D138BD224643F8083C8B
:100E300052F8081B914217D1626818460132DBF75D
:100E4000CFFA0346D4E906013033626843F8342C04
:100E500043E90801D4E9080194F8282003F8102C8C
:100E600043E906013034DBE7A26843F8081C1A6046
:100E7000E8E730B5C16B0446481C87B004D0206C4D
:100E80000368C9B29B6A9847A36B02934FF6FF723F
:100E90000023CDE90323206C0123ADF81430059B1A
:100EA0000568009302AB0ECB6D6AA847E063206C27
:100EB00003681B6907B0BDE8304018470000000018
:100EC000402910B5044607D94023C3814FF0FF30B5
:100ED0000146C4E9120110BD0129084638BF0120AE
:100EE0004029E081F2D0DBF7D9FC9FED070B41EC04
:100EF000110B1BF00DFC51EC100B1FF00FFF013814
:100F000061F10001E5E700BF0000000000000040C3
:100F100037B5054601220DF106014FF41870FCF7B4
:100F2000BDFB58B1BDF8064004F03F010131284631
:100F3000C4F38014FFF7C4FF85F8344001220DF19B
:100F4000060140F26120FCF7A9FB20B1BDF8063094
:100F5000C3F30A03AB6303B030BDA0F10800FFF791
:100F6000D7BF0000F7B50446EEF7CEFB04F1100042
:100F7000EFF748FC25490023252204F11400F0F77F
:100F8000AFFB234B236003F13002A26003F1480260
:100F90006C332261636164224FF0FF33C4E90E2396
:100FA0001C4B1B682364FF220023C4E91223002783
:100FB00000220023C4E9142304F1140084F83470DF
:100FC000F1F770F803262023E3813A4604F1140078
:100FD000114B12490096F0F7E9FF04F11400104B91
:100FE000104900960122F0F7E1FF0F4B0F490096E0
:100FF000022204F11400F0F7D9FF2046FFF788FF22
:101000002046FFF736FF204603B0F0BDF533050854
:10101000F8710508DC690508FC3305080E3405087D
:1010200015340508FA2005082434050899490508EF
:101030002DE9F04F0E68012E85B007460B46144689
:1010400064D0022E00F0C180002E40F00281096AB7
:10105000012952D1D2E901539D4212D0C3892E7287
:1010600005F10802C5E90026C5E90636002300227D
:10107000C5E90823022385F82830636830336360AC
:1010800040E0764A2046EDF721FA302303FB00F9D1
:101090004846D4F800A01FF019FAA5EB0A0B00EBA4
:1010A0000B0303F1080140F80B10FA890394804602
:1010B00000210020C3E90801C3E9062602225E6080
:1010C0001E7283F82820294642465046FFF7A3FEA9
:1010D000A368634ACDF804A0A3EB0A031B110546DD
:1010E000534301A802933035EAF70FFB08EB0900E0
:1010F000C4F800806560A06004E0022902D1197C78
:10110000FFF7DEFE012005B0BDE8F08F0A6A022A73
:1011100001D0202A08D1D3E904231A4314BF0123A4
:10112000002387F83430EDE7012A02D0102A40F07E
:101130009280D4E901539D420AD097F834200023CD
:1011400005F10801C5E90013C5E906232B728DE7F7
:10115000424A01212046EDF7B9F9302303FB00F89C
:101160004046D4F800901FF0B1F9A5EB090A00EB56
:101170000A03064697F834100394002203F108008E
:1011800046F80A00C3E906125A601A7200200021CC
:101190000222C3E9080183F828202946324648463E
:1011A000FFF739FEA3682E4ACDF80490A3EB09039C
:1011B0001B110546534301A802933035EAF7A5FAFF
:1011C000266046446560A6609CE7096A012936D11D
:1011D000D2E901539D420FD0826B85F8286000232D
:1011E00005F10801C5E90623C5E900132B720022A9
:1011F0000023C5E9082340E7184A2046EDF766F9C1
:10120000302303FB00F94846D4F800A01FF05EF934
:10121000A5EB0A0B00EB0B03B96B0394804600228D
:1012200003F1080048F80B00C3E906120020002172
:10123000C3E908015A601A7283F8286043E702295B
:101240007FF460AF1B69C3F30A038363FFF711FEEA
:1012500058E7002057E7022055E700BF281E050881
:10126000ABAAAAAAA0F11400FFF7E2BE034A034604
:1012700092E8030083E80300184670474C01001011
:10128000A1F10801FFF7F2BF10B50446B0F8C41091
:1012900040F20110FCF7CEF9B4F8C6104FF481709B
:1012A000FCF7C8F994F83C31B4F83411DB0203F4CC
:1012B0006053C1F30A0119434FF49070FCF7BAF977
:1012C000B4F8381140F22110BDE81040C1F30A0112
:1012D000FCF7B0B9A0F19800FFF7D6BF08B578B118
:1012E000084B984206D9084B984201D91FF0F2FBEF
:1012F0001FF0EDFB30235843BDE808401FF0E6B86F
:1013000008BD00BFAAAAAA025555550537B504461F
:1013100048201FF0DBF8042300930B4A0B4B0C49C9
:101320000546FBF765FDD4F89400C4F8945010B15D
:1013300003685B689847D4F8940003681B6903B09E
:10134000BDE83040184700BFF1A205083402001084
:101350003CA3050870B504460E461546B44201D1BB
:10136000284670BD21462846EEF7E4FDD4E9062361
:10137000C5E90623D4E90823C5E9082394F82830F1
:1013800085F828302046EBF7FDFA30343035E5E7B4
:1013900013B5044901AA0446EBF774FB204602B0DA
:1013A00010BD00BF3D340508A1F10801F0E700BF02
:1013B000072928BF072180F83C11014491F83D31ED
:1013C000C0F81831704737B50446012200F1C40156
:1013D00040F20110FCF762F9D4F8A030B4F8C41060
:1013E0009B6804F1A0009847012204F1C6014FF464
:1013F0008170FCF753F9D4F8A030B4F8C6105B69DB
:1014000004F1A000984701220DF106014FF49070FD
:10141000FCF744F950B1BDF80610C1F30A03C4F853
:101420003431C1F3C2212046FFF7C2FF01220DF182
:10143000060140F22110FCF731F928B1BDF8063061
:10144000C3F30A03C4F8383103B030BDA0F19800EB
:10145000FFF7B9BFF7B500F1080403250095204652
:10146000284B29490022F0F7A1FD00952046274B83
:1014700027490122F0F79AFD022600952046254BC8
:1014800025490222F0F792FD40F201172046234B36
:10149000234900960422F0F789FD2A462046214B75
:1014A00021490097F0F782FD009520461F4B204907
:1014B0000522F0F77BFD20461E4B1F4900970622B0
:1014C000F0F774FD20461D4B1D4900960722F0F7EA
:1014D0006DFD0B230093204601251A4B1A49082263
:1014E000F0F764FD2046194B194900950922F0F7E1
:1014F0005DFD184B184900950A222046F0F756FD6D
:1015000003B0F0BD5E340508733405087C3405086B
:1015100097340508A0340508B7340508C034050819
:10152000D5340508DC340508F9340508FF3405080E
:10153000163505081F3505083C35050842350508F0
:10154000573505085E3505088C37050870350508E0
:10155000883505088E350508A53505082DE9F043C1
:10156000044689B00D4604F0F7FB04F19800F7F744
:1015700007FD374B019302AA364B029301A904F1F0
:10158000A000F8F707FB04F1DC07334901AA02A821
:10159000EBF778FA1E234FF4807202A93846FBF766
:1015A000CDFF02A8EBF7EEF92C4B236003F14402C8
:1015B000A26003F19C02C4F8982003F1B402E43362
:1015C000C4F8A020C4F8DC3001220023C4E945326D
:1015D000C4E947336422C4F824316E23C4E94D239F
:1015E0001F49204BC4F83051C4E94F132046FFF780
:1015F000EAFE2046FFF72EFFD4F81C81D4F82431F0
:10160000A3EB0809B9F11C0F1BDC2020D4F82051F2
:101610001EF05CFFA5EB080506461DB12A464146B3
:10162000DAF7DEFEB8F1000F03D0494640461EF05F
:10163000CFFE3544C4F81C612036C4F82051C4F8EC
:1016400024613846FBF72AFF204609B0BDE8F08345
:10165000182F01200C2F0120AB350508FC7205085E
:1016600000010204080A102010B5034B0446196853
:10167000FFF774FF204610BDDC69050810B504466D
:10168000006818B1A168091A1EF0A2FE204610BD1C
:10169000134B03F1440210B5826003F19C02036016
:1016A000C0F8982003F1B402E4330446C0F8A02047
:1016B000C0F8DC3000F58E70FFF7E0FF04F1DC00CD
:1016C000FBF720FF04F1A000F8F7A8FA04F1980056
:1016D000F7F7E8FC204604F0B3FB204610BD00BF3E
:1016E000FC720508A0F1A000FFF7D2BFA0F198009E
:1016F000FFF7CEBFA0F10800FFF7CABFA0F1DC00E2
:10170000FFF7C6BF10B50446FFF7C2FF20464FF4EF
:10171000A4711EF05DFE204610BDA0F1DC00FFF7B5
:10172000F1BFA0F1A000FFF7EDBFA0F19800FFF717
:10173000E9BFA0F10800FFF7E5BF00002DE9F04781
:101740000022002300F1A007D0E94A6586B00446D4
:10175000C0E94A2300F594713846F8F755F9D4E901
:101760004AECAC4508BFB64523D08A4E0FCE01AD3A
:101770000FC533682B60D4F83431039308230493E6
:1017800001A90023C3F12005A3F120002EFA03F2E2
:101790000CFA05F52A432CFA00F008330243402BDB
:1017A00001F8012BEED1D4F83001036801A99B693F
:1017B00098473846F8F76CF9D4E94759D0E900362C
:1017C000A9EB0502F61AB24207461BD0D4F824A1B1
:1017D000AAEB0503B3424FEAA60855D230461EF0E5
:1017E00075FE002206440346B8F1000F47D1C4E954
:1017F0004706C4F8246101A8CDE90159CDF80CA031
:10180000FFF73CFF634E0FCE01AD0FC533682B6071
:101810004FF000084FF00809D7E900A5A5EB0A052D
:10182000B8EBA50F4FEAA50651D304F58E739F427E
:1018300022D0D4F81C81D4F82431A3EB08094D45FB
:101840007AD91EB128461EF041FE06462A46514668
:101850003046DAF7C5FDB8F1000F03D049464046DF
:101860001EF0B6FDC4F81C612E44C4F82461D4F8FF
:101870001C312B44C4F8203106B0BDE8F08743F892
:10188000042B08F1FF38AFE7B24213D20023A94579
:101890000DD1A8EBA2082B4642460021013A45F89B
:1018A000041BFBD103EB8803C4F82031AAE745F8F9
:1018B000043BECE71EB12E440023AE4204D1A945FF
:1018C00018BFC4F820519DE745F8043BF5E7D4F86C
:1018D000383103EB9803CDE90339002301AD1E46EF
:1018E000D7E9000208EB0301C9B2121AB1EBA20F4B
:1018F00011D250F82120D4F81C0150F821102A7080
:101900000133914218BF46F001061212042B6A708F
:1019100005F10205E4D156B1D4F83001036801A9FC
:101920009B6998471422002101A815F03FFE08F199
:1019300004085FFA88F86FE7D4F82021A2EB0802C8
:1019400095420DD8042D05DD2A465146404615F036
:101950009BFD8CE78BD1DAF80030C8F8003086E7C1
:10196000042A10DD5146404615F08EFDD4E947307B
:1019700039687A68C31A1944521A002A7FF777AF78
:10198000DAF72EFD73E704BFDAF80030C8F800304C
:10199000ECE700BF5C110508D0F81421D0F818114D
:1019A00001328A42C0F8142104D30022C0F8142165
:1019B000FFF7C4BE704708B504460120E4F7FEFDFA
:1019C0002046FFF7E9FFF8E7A0F1DC00FFF7F3BFDF
:1019D00008B5EFF787FF08BD2DE9FF47036A022B23
:1019E0000C46914601D0202B05D10369C9F800307F
:1019F00004B0BDE8F087012B01D0102BF8D1D4E959
:101A000001539D4214D0D9F80020002305F10801AC
:101A1000C5E906232B72C5E9001300220023C5E99E
:101A20000823022385F82830636830336360DFE7DA
:101A30001D4A01212046ECF749FDD4F800800746F5
:101A4000FFF74CFCA5EB080A00EB0A030646D9F8A1
:101A500000100394002203F1080046F80A00C3E9CD
:101A600006125A601A72002000210222C3E90801FE
:101A700083F82820294632464046FFF76BFCA368CE
:101A80000A4ACDF80480A3EB08031B115343054613
:101A900001A80293E9F739FE30232660303503FBB5
:101AA00007666560A660A3E7281E0508ABAAAAAA78
:101AB0002DE9FF47D0E901439C4205468A4615D0EF
:101AC0000A88002304F10801C4E906232372C4E94B
:101AD000001300220023C4E90823022384F82830DD
:101AE00043683033436004B0BDE8F0871D4A0121EC
:101AF000ECF7ECFCD5F800800746FFF7EFFBA4EB12
:101B0000080900EB09030646BAF800100395002205
:101B100003F1080046F80900C3E906125A601A7278
:101B2000002000210222C3E9080183F82820214671
:101B300032464046FFF70EFCAB680B4ACDF80480F6
:101B4000A3EB08031B115343044601A80293E9F7D2
:101B5000DCFD30232E60303403FB07666C60AE6022
:101B6000C1E700BF281E0508ABAAAAAA2DE9F04FBD
:101B70009BB00F4614AA4449444E8246EAF782FFBE
:101B800007F59E774FF0000817F8013F02A84FF4C1
:101B90007A71B1FBF3F1EAF7D1FF3D4902A8EFF703
:101BA000A1FE014608A8EEF7C5F941460EA8EAF7DE
:101BB000C5FFDDF820B0099D0F9A0E9C0AAB9B452E
:101BC00014BF0A9B0F2305EB0209994505D910ABF9
:101BD0009C4202D0109B994522D9214608A8EEF7D5
:101BE000EFFF014614A8EEF7A5F9DDE914125046FF
:101BF000EEF7E6FF14A8EAF7C5FE0EA8EAF7C2FE64
:101C000008A8EAF7BFFE08F1010802A8EAF7BAFE41
:101C1000B8F1070F33D01F495046FFF7D9FEB3E79D
:101C2000B31A9D4202D91C481EF05AFF5C4502D8E7
:101C3000A3189B4506D9AAB92A4659462046EAF771
:101C400017FF07E0CDE900525B46002221460EA8AF
:101C50001EF050FF0E9BCDF83C90002203F80920A7
:101C60000EA9BFE7002DF5D0012A04EB050002D133
:101C700023786355E0E7214615F006FCDCE7504683
:101C80001BB0BDE8F08F00BFC5250508FEFFFF7F34
:101C9000BB3605083A460508992405082DE9F04F9A
:101CA0000B68054695B0084614460A2B00F28A8256
:101CB000DFE813F00B00140017002A009B00A300BC
:101CC000B00022012A01E901210205F59A7221469C
:101CD000FFF782FE012015B0BDE8F08F05F59C727C
:101CE000F5E70B6A012B05D105F1C4012046FFF78A
:101CF000DFFEEFE7022BEDD1D5F8A0309B68018A1B
:101D000005F1A0009847E5E7D5F8D430AD4ED3E90A
:101D100000574FF0000818354FF00009A5F11803DF
:101D20009F42D7D055F8183C9B79022B04D0012B49
:101D300006D1A54B1B781BB935F8143CFF2B4CD1B1
:101D40000AAB089300238DF8283035F8141C09934A
:101D500002A801238DF84830CDE90E89CDE910891C
:101D6000EAF7ECFEDDE9021208A8EEF729FF02A867
:101D7000EAF708FE08A89549FFF72AFE2846EBF780
:101D8000A7FF60BB35F8143C9149FF2B08BF3146D3
:101D900008A8FFF71DFE8D4908A8FFF719FE55F8A2
:101DA000183C08A81968FFF713FE2846EBF790FFC8
:101DB000B8B135F8142C05238DF848300023CDE94F
:101DC000102355F8182C9288CDE90E23204608A937
:101DD000EDF750F808A8EAF7D5FD28359EE731461B
:101DE000D6E703238DF84830F0E70B6A022B7FF427
:101DF00071AFD5F8A030DB6881E70B6A012B02D107
:101E000005F1C60172E7022B7FF464AFD5F8A0306C
:101E10005B6974E7D5F8D8306A4ED3E900574FF0C4
:101E2000000818354FF00009A5F118039F423FF450
:101E300051AF55F8183C9B79022B04D0012B06D1E9
:101E4000614B1B781BB935F8143CFF2B4CD10AAB06
:101E5000089300238DF8283035F8141C099302A844
:101E600001238DF84830CDE90E89CDE91089EAF7D4
:101E700065FEDDE9021208A8EEF7A2FE02A8EAF765
:101E800081FD08A85149FFF7A3FD2846EBF720FF85
:101E900060BB35F8143C4E49FF2B08BF314608A8FB
:101EA000FFF796FD494908A8FFF792FD55F8183C41
:101EB00008A81968FFF78CFD2846EBF709FFB8B1B1
:101EC00035F8142C05238DF848300023CDE9102374
:101ED00055F8182C9288CDE90E23204608A9ECF776
:101EE000C9FF08A8EAF74EFD28359DE73146D6E739
:101EF00003238DF84830F0E70B6A022B7FF4EAAE3B
:101F0000D5F8A0309B69FAE6096A012953D1D4E9D2
:101F100001639E4214D095F83C21002306F108018C
:101F2000C6E90623C6E90013337200220023C6E97E
:101F30000823022386F82830636830336360C9E6DB
:101F4000244A2046ECF7C2FAD4F800908046FFF706
:101F5000C5F9A6EB090A00EB0A0395F83C110A94AF
:101F60000746002203F1080047F80A00C3E90612F9
:101F700000200021C3E908015A601A72022283F886
:101F8000282031463A464846FFF7E4F9A368124A4A
:101F9000CDF82090A3EB09031B115343054608A875
:101FA0000993E9F7B2FB30232760303503FB08774C
:101FB0006560A7608EE6022910D1017C2846FFF7F4
:101FC000F7F987E6C34A0508082C0120F12905081E
:101FD0007C430508281E0508ABAAAAAA08297FF495
:101FE00079AE294608A8FFF7C1FDD4E901539D4207
:101FF00013D008A92846EFF720FC00230022C5E9EA
:102000000623C5E90823032385F8283063683033A5
:10201000636008A8EAF7B6FC5CE66B4A012120463B
:10202000ECF754FAD4F800900746FFF757F9A5EB00
:1020300009088044064608A940460494EFF7FDFBD2
:1020400000220023C8E90623C8E9082303233246F7
:10205000294688F828304846FFF77CF9A3685B4A90
:10206000CDF80890A3EB09031B115343054602A8C2
:102070000393E9F74AFB30232660303503FB0766FC
:102080006560A660C5E7096A01297FF423AED4E93B
:1020900001639E420FD0D5E94A0106F1080333607F
:1020A00000237360337200220023C6E90823C6E9C7
:1020B000060106233EE7444A2046ECF707FAD4F827
:1020C00000908046FFF70AF9A6EB090A00EB0A0325
:1020D0000746D5E94A0103F1080247F80A20002221
:1020E000C3E90601002000215A601A72C3E9080101
:1020F0000A94062243E70B6A012B7FF4EBAD4FF005
:1021000000094F4617E0D4E9016296421CD053F80B
:1021100028303772DA17C6E90632062386F82830E7
:10212000636806F108013033C6E90017C6E908877D
:10213000636009F10109D5E947325FFA89F8D21ADB
:10214000B8EBA20FDFD3C5E51F4A0193012120465A
:10215000ECF7BCF9D4F800A00090FFF7BFF8019BA2
:102160000A9453F82830A6EB0A0B024658444FEA6B
:10217000E37C00F1080142F80B10C0E9063C06239D
:10218000314680F82830C0E908874760077250461A
:102190000192FFF7DFF8A3680C4ACDF820A0A3EB6B
:1021A0000A031B115343064608A80993E9F7ADFA41
:1021B000019A009922603023303603FB01226660C9
:1021C000A260B6E7002086E5281E0508ABAAAAAAE9
:1021D000A0F10800FFF762BD034A034692E803003E
:1021E00083E803001846704754010010A1F14C0128
:1021F000FFF7F2BF0320704790F8B53070B5044682
:102200000D4603B14D422368D4F8BC609B6A20465A
:1022100098472368761B9B6AB5FBF0F52046C4F807
:10222000CC509847B6FBF0F303FB1066C4F8C060CF
:1022300070BDD0F8AC3001209840704790F8B430B1
:1022400070B5044673B9E830FBF7E4F8DDF7FAF847
:10225000D4F8B830C01A022804D9022104F1F000E1
:10226000FBF7C6F82368D4F8BC509B6AD4F8CC605E
:102270002046984794F8B53000FB065003B1404221
:1022800070BD13B50122044601A94FF48260FBF72B
:1022900005FA78B1BDF8043003F01F020132C4F82A
:1022A000AC20C3F341120132C3F3C013C4F8B02011
:1022B00084F8B53001220DF1060140F21140FBF720
:1022C000EDF908B1BDF80600D4F8AC30103B23EAB4
:1022D000E3739840C4F8C00002B010BDA0F1A400A0
:1022E000FFF7CFBFD0F8B030D0F8AC1090F8B520E1
:1022F000013B01395B0121EAE17103F0600310B594
:1023000043EAC213044601F01F0119434FF48260EF
:10231000FBF790F9D4F8AC30D4F8C010103B23EAA6
:10232000E3731941BDE8104089B240F21140FBF758
:1023300081B9A0F1A400FFF7D5BF00001A4B03F14B
:10234000500210B5C26003F184020360C26403F15D
:10235000DC02F4330446C266C0F8A4300021FFF763
:102360004BFF124B206900211970F7F7BAF804F1FE
:10237000F000EDF7F7F904F1E800EDF7F3F904F1F7
:10238000A400F6F78FFE04F16C00FBF7BBF804F134
:102390004C00EFF74DFD04F10C00F7F7CBF92046A8
:1023A000F3F772FB204610BD40740508242F01206E
:1023B000A0F16C00FFF7C2BFA0F14C00FFF7BEBF59
:1023C000A0F10C00FFF7BABFA0F1A400FFF7B6BF61
:1023D00010B50446FFF7B2FF2046F8211DF0F8FFC4
:1023E000204610BDA0F1A400FFF7F2BFA0F16C00E1
:1023F000FFF7EEBFA0F14C00FFF7EABFA0F10C0021
:10240000FFF7E6BF0C30F7F77CB8A0F10C00FFF740
:10241000F9BF0C30F7F786B8A0F10C00FFF7F9BF51
:10242000036890F8B520DB6910B5044622B19847DF
:10243000D4F8C030184410BD9847D4F8C030C01A42
:10244000F9E707B5D0F8D030C0F8D830D0F8D4309C
:10245000C0F8DC3001A9006FE4F738FE019B4BB1F6
:102460004FF0E0234FF08052C3F8042DBFF34F8F9D
:10247000BFF36F8F03B000BDA0F10C00FFF7E1BF09
:1024800038B504460D4602F10803AC42A3F108003A
:1024900000D138BD224643F8083C52F8081B91424F
:1024A00017D1626818460132D9F79AFF0346D4E97A
:1024B00006013033626843F8342C43E90801D4E95B
:1024C000080194F8282003F8102C43E90601303461
:1024D000DBE7A26843F8081C1A60E8E72DE9F0433F
:1024E000D0F8B03001699FED221ADFED220A022BED
:1024F0008FB0804635D0032B36D0012B34D19FEDE1
:102500001E0A0CA8F7F7AAF9D8F80C300C9C5B6AE5
:1025100008F10C00984701230221C0E906130022AC
:1025200044628262426100F10C05037206460FCDDF
:102530006C46D8F80C700FC40FCD0FC495E8070097
:1025400084E8070008F10C0096E80E00BC6AA0477A
:10255000D8F8100006F10C010FB0BDE8F043F6F713
:102560009DBE9FED060ACCE79FED050AC9E700BFB7
:102570000000807F00000000007C124900B19E49ED
:1025800000B11E4A034B1B7813B90348F6F7ACBFE2
:1025900000207047242F01204C2E0120D0E9361254
:1025A00000B50BBA12BA002966D0B3FA83F1A1F1D3
:1025B000200C8B4002FA0CFC43EA0C03C1F1200C06
:1025C00022FA0CFC43EA0C0333F0404C02FA01F20D
:1025D00008BFB2FA82F1D0F8ACE014BFBCFA8CF1BB
:1025E0002031C1F140010EF109038B420FDA0EF1E7
:1025F0000A03C91AC1F120030CFA03F3CA401A43B3
:10260000A1F120032CFA03F31A432CFA01FC0EF17A
:102610000203012101FA03F301FA0EF14FEA921EBF
:102620004EEA8C6E013B03EA0E03013901EA930185
:10263000C0F8C810C3F30560114980EA9370C3F372
:10264000854C085C80EA0C00C3F3053C085C8CEA0E
:10265000000CC3F3851011F80CC080EA0C0003F0E5
:102660003F03085C4340CB5C5340DB4313F03F0F18
:102670000CBF0120002000BDB2FA82F1203196E7A4
:10268000F40A00102DE9F04104464FF0010800F172
:10269000E80700264FF0FF3101253846FAF7A8FE7B
:1026A000206984F8B45004F10C03082204F1D0012D
:1026B000F6F732FE4FF0FF312846E4F749FC20469A
:1026C000FFF76CFF70B3D4F8AC30013B9D40D4F8F9
:1026D000C830C4F8BC30B8F1000F03D0D4F8C02023
:1026E000C4F8C420D4F8C420991AA94213DDD4F840
:1026F000CC20013AC4F8CC20C4F8C4304FF0000814
:1027000084F8B460DCF79EFEC4F8B80004F1F00071
:10271000FAF780FEBEE7D21AAA42EDDDD4F8CC204B
:102720000132E7E7D4F8E4300133C4F8E430E7E7F6
:10273000A0F16C00FFF7A6BF37B500F14C040325EC
:102740002046EFF7AFFC20460E4B0F4900950022C4
:10275000EFF72CFC20460D4B0D4900950222EFF7B8
:1027600025FC012300932A4620460A4B0A49EFF72D
:102770001DFC0A4B0A49009504222046EFF716FC7F
:1027800003B030BDCD350508E0350508E535050851
:1027900064370508FA3505087A2F05080A36050852
:1027A00044430508F0B587B00446F3F7C3F9494838
:1027B000F6F768FD036847490CCB04F10C00F6F707
:1027C00029FF45490023632204F14C00EEF788FFFE
:1027D000424B18689A889B798DF80E300723019335
:1027E000002302AD0290ADF80C208DF80F3040228E
:1027F0002A23694604F16C000095FAF79FFE0098C1
:10280000A84203D0029901311DF0E2FD04F1A400B9
:10281000F6F7B6FB324B236003F15002E26003F19E
:102820008402E26403F1DC02F433E266C4F8A4300B
:1028300016220323C4E92B234FF480730025A4F848
:10284000B430432384F8E0302946C4E92E55C4E966
:102850003055C4E93255C4E93455C4E93655C4F895
:10286000E45004F1E800FAF7E9FD294604F1F0002C
:10287000FAF7E4FD1B4B94F8E0001B4901221A70A3
:102880002B46062203F0200C5B00DBB280EA030734
:10289000013ABCF1000F18BF3B4612F0FF02F1D124
:1028A0000135ADB2402D01F8013BE9D12046FFF7DB
:1028B000E8FC01212069F6F714FE2046FFF70EFE22
:1028C0002046FFF739FF04F16C00FAF7E7FD2046D8
:1028D00007B0F0BD4C2E01201B3605082336050835
:1028E00040740508242F0120F40A00102DE9FF4749
:1028F000036A022B0C46914601D0202B05D10369B7
:10290000C9F8003004B0BDE8F087012B01D0102BCE
:10291000F8D1D4E901539D4215D0D9F8003005F122
:102920000802D9172A6000222A72C5E906316A60B6
:1029300000230022C5E90823022385F828306368B4
:1029400030336360DEE71F4A01212046EBF7BEFD0E
:10295000302303FB00F73846D4F800801DF0B6FDA5
:10296000A5EB080A00EB0A030646D9F800200394F9
:1029700003F1080146F80A10D0170021C3E9062028
:1029800059601972002000210222C3E9080183F86E
:102990002820294632464046FFF772FDA3680A4ABE
:1029A000CDF80480A3EB08031B110546534301A88F
:1029B00002933035E8F7A9FE26603E446560A660C4
:1029C000A0E700BF281E0508ABAAAAAA2DE9FF4769
:1029D0000B6805460E461446042B00F2CA80DFE859
:1029E00003F003C87018870000F1AC02214630469E
:1029F000FFF77CFFD5F8AC30182B06DDD5F8B030EA
:102A0000022B02DD0223C5F8B030012004B0BDE87E
:102A1000F087D4E901639E4215D0D0F8E430D9178D
:102A200006F10802C6E90631326000227260327295
:102A300000230022C6E90823022386F828306368B1
:102A400030336360E1E74C4A01212046EBF73EFD5D
:102A5000302303FB00F84046D4F800901DF036FD0B
:102A6000A6EB090AD5F8E420039400EB0A03074615
:102A700003F10801D01747F80A10C3E90620002126
:102A800059601972002000210222C3E9080183F86D
:102A9000282031463A464846FFF7F2FCA368374AF9
:102AA000CDF80490A3EB09031B110546534301A87D
:102AB00002933035E8F729FE276047446560A76038
:102AC000A3E700F1B00221463046FFF70FFFD5F82B
:102AD000B030012BB8BF0123032BA8BF0323C5F8D7
:102AE000B030336A022B90D12846FFF7F7FC8CE711
:102AF0000B6A022B01D0202B08D1D6E904321343F4
:102B000014BF0123002385F8B5307EE7012B02D0E6
:102B1000102B7FF47AAFD4E901639E420AD095F876
:102B2000B520002306F10801C6E90013C6E9062313
:102B300033727DE7104A01212046EBF7C7FC3023B2
:102B400003FB00F84046D4F800901DF0BFFCA6EB54
:102B5000090A00EB0A03074695F8B5100394002212
:102B600003F1080047F80A00C3E906125A601A7216
:102B700088E700204AE700BF281E0508ABAAAAAADA
:102B8000A0F14C00FFF722BF034A034692E803007E
:102B900083E80300184670475C010010A1F114019E
:102BA000FFF7F2BF01207047144B03F14C0210B540
:102BB000C26003F16002026103F1740203604261CA
:102BC000CC330F4A436300231370C26B1268044670
:102BD00013603430F6F766FA04F11400EFF728F9C1
:102BE00004F11000F9F7F2FD04F10C00F3F720FDF9
:102BF0002046F2F749FF204610BD00BF9475050836
:102C0000252F0120A0F11400FFF7CEBFA0F1100086
:102C1000FFF7CABFA0F10C00FFF7C6BFA0F1340058
:102C2000FFF7C2BF10B50446FFF7BEFF2046502194
:102C30001DF0CEFB204610BDA0F13400FFF7F2BF1F
:102C4000A0F11400FFF7EEBFA0F11000FFF7EABFFC
:102C5000A0F10C00FFF7E6BF036810B59B6A0446BD
:102C6000984781B24FF40470FAF7E4FC94F84D10E1
:102C700009B1B4F94010BDE8104089B240F211200A
:102C8000FAF7D8BCA0F13400FFF7E6BF37B5044629
:102C90000025012201A94FF40470ADF80450FAF7A1
:102CA000FDFC10B1BDF80430A36001220DF1060156
:102CB00040F21120ADF80650FAF7F0FC40B1BDF833
:102CC0000630A4F84030003B18BF012384F84D3093
:102CD00003B030BDA0F13400FFF7D8BFB1F5004F0D
:102CE00010B504461AD10E48DEF734F8B0B994F89E
:102CF0004D3063B194F84C304BB9FBF73FF9E36BBF
:102D00001B6847F6FF725A62B4F940306364E36BA4
:102D10001B685B6AA364012384F84C3010BD00BFBC
:102D2000000C0240A0F10C00FFF7D8BF38B50446F4
:102D300013201DF0CBFB1223A360094B2060024639
:102D400003F1100153F8045B42F8045B8B42F9D1A4
:102D50001B8813801223636000238374204638BDD0
:102D600032360508A1F11401E0E700BF38B504468A
:102D70000D4602F10803AC42A3F1080000D138BDB2
:102D8000224643F8083C52F8081B914217D162686A
:102D900018460132D9F724FB0346D4E90601303343
:102DA000626843F8342C43E90801D4E9080194F837
:102DB000282003F8102C43E906013034DBE7A26831
:102DC00043F8081C1A60E8E737B500F11404204600
:102DD0000325EFF767F92046074B084900950022C5
:102DE000EFF7E4F8064B0749009501222046EFF77C
:102DF000DDF803B030BD00BF45360508C423050823
:102E000054360508DC430508C36B1B68586AA0F5F7
:102E1000FF407F38704708B50246FFF7F5FF536C57
:102E2000184408BD08B50246FFF7EEFF0B1A5364BD
:102E300092F84D307BB192F84C3063B1936CA3F5AE
:102E4000FF437F3B1B1A5B1A9168B3FBF1F001FB58
:102E50001033A2F8403008BD70B50446F2F76AFEA0
:102E600004F10C00F3F71CFC04F11000F9F7E6FC88
:102E70001D490023612204F11400EEF731FC04F136
:102E80003400F6F77DF8194B236003F14C02E26041
:102E900003F16002226103F17402CC330025636305
:102EA000134B626101262046C4E91155A4F8405035
:102EB000A4F84C501E70FFF7E9FE0E48E063E0F7FF
:102EC00015FCE36B94F84D101B6847F6FF725A62CD
:102ED00065641E6011B92046FFF7A4FF2046FFF786
:102EE00073FF204670BD00BF653605089475050860
:102EF000252F012044070120C36B1A68436C516AD7
:102F000010B5D46AD26AB1EB540F8BBF03F1FF3313
:102F100001339B1A9B18436410BDC36B8B4201D1D4
:102F2000FFF7EABF7047A0F11000FFF7F6BF0000FF
:102F30002DE9F04F0B6885B0074614462BB1012BE5
:102F400075D0002005B0BDE8F08F0B6A022B01D0D0
:102F5000202B03D10B69BB600120F3E7012B01D0CB
:102F6000102BF9D13B6838469B6A9847D4E9015346
:102F70009D42834612D005F108032B600023C5E96A
:102F800006036B602B7200220023C5E9082302238D
:102F900085F82830636830336360DDE7D4F800805B
:102FA000DFF878915B4AA5EB080A4FEA2A1309FB80
:102FB00003F3934202D158481DF092FD012B2CBF20
:102FC000DB180133934228BF1346302202FB03F67D
:102FD00030461DF07BFA00EB0A0303F1080240F8CB
:102FE0000A2000220746C3E906B25A601A7200207E
:102FF00000210222C3E9080183F8282029463A4625
:1030000040460394FFF7B2FEA368CDF80480A3EB1B
:1030100008031B11054609FB03F301A80293303591
:10302000E8F773FB276037446560A76094E70B6A95
:10303000022B01D0202B08D1D1E90432134314BF55
:103040000123002387F84D3086E7012B01D0102B98
:103050005ED1D4E901639E4211D097F84D20002340
:1030600006F10801C6E90623C6E9001333720022FF
:103070000023C6E90823022386F828308AE7D4F81B
:103080000080DFF89890234AA6EB080B4FEA2B1339
:1030900009FB03F393428ED0012B2CBFDB180133C5
:1030A000934228BF1346302202FB03F528461DF049
:1030B0000DFA97F84D10039400EB0B0382460022A3
:1030C00003F108004AF80B00C3E906125A601A72AD
:1030D000002000210222C3E9080183F8282031469C
:1030E00052464046FFF742FEA368CDF80480A3EBAA
:1030F000080306461B1109FB03F301A830365544AB
:103100000293E8F702FBC4F800A06660A56023E71D
:10311000022017E7AAAAAA02281E0508ABAAAAAA93
:10312000A0F11400FFF704BF034A034692E803002E
:1031300083E803001846704764010010A1F14C01B8
:10314000FFF7F2BF90F88020D0F88810F0B5002586
:10315000C0F89010C0F89450002A41D0012A10D035
:103160000B46426F541E0122A2405C1A944249DD74
:10317000D0F89830013BC0F89830002380F8A53093
:10318000F0BD90F89C3090F89D401A0202F47C52F9
:103190002243446F0E2CD8BFC4F10E052A41C0F85B
:1031A00094209B09002642FA06F5023605F0030535
:1031B0000E2E1F4683EA0503F5D1BD420CD0012532
:1031C00005FA04F3013B013C1340A540C0F89430DC
:1031D0005B1BC0F88830C4E7C36F0133C367BFE728
:1031E00000F19B0300F1A30413F8015F9C4242EA43
:1031F0000522F9D1446F0123A340013B1340C0F8DD
:103200009430E6E7C91A8A42B7DAD0F89830013329
:10321000B1E7A0F10C00FFF795BF032070470368EA
:1032200010B5DB6904469847D4F88C30C01A10BD3D
:10323000D0F888305B1AC0F88C307047436F01209B
:1032400098407047134B03F1500210B50360C26001
:1032500003F18402DC33C366D0F88830C0F88C30C8
:103260000D4BC2640446002100691970F6F739F964
:1032700004F16C00F5F716FF04F14C00EEF7D8FDF1
:1032800004F10C00F6F756FA2046F2F7FDFB204653
:1032900010BD00BFB8760508262F0120A0F14C0014
:1032A000FFF7D0BFA0F10C00FFF7CCBFA0F16C007E
:1032B000FFF7C8BF10B50446FFF7C4FF2046A8219A
:1032C0001DF086F8204610BDA0F16C00FFF7F2BF9C
:1032D000A0F14C00FFF7EEBFA0F10C00FFF7EABF32
:1032E000416FB0F8783090F8802001395B0112020C
:1032F00002F4706221EAE17103F0600310B5134338
:10330000044601F01F01194340F21340FAF792F905
:10331000636FD4F88C10103B23EAE3731941BDE8C6
:10332000104089B240F21440FAF784B9A0F16C0061
:10333000FFF7D6BF012380F8A5300C30F6F7E1B8CF
:10334000A0F10C00FFF7F6BF0C30F6F7EBB8A0F1D8
:103350000C00FFF7F9BF90F8A53070B5044643B9EB
:1033600090F8A42000F10C0300F19C010069F5F72E
:10337000D3FF2368D4F888509B6AD4F8986020461D
:10338000984700FB065070BD08B578B1084B9842CD
:1033900006D9084B984201D91DF09CFB1DF097FB04
:1033A00030235843BDE808401DF090B808BD00BF69
:1033B000AAAAAA025555550570B504460E461546EB
:1033C000B44201D1284670BD21462846ECF7B2FD33
:1033D000D4E90623C5E90623D4E90823C5E908236F
:1033E00094F8283085F828302046E9F7CBFA3034B5
:1033F0003035E5E713B5044901AA0446E9F742FB75
:10340000204602B010BD00BF78360508A1F14C017E
:10341000F0E700BF2DE9F043836F012B8DB08046AC
:103420002ED0022B0CBF10242024D8F80C3008F129
:103430000C005B6A984700230122C0E9063244620F
:103440008362436100F10C05027206460FCD6C46A3
:10345000D8F80C700FC40FCD0FC495E8070084E8AE
:10346000070008F10C0096E80E00BC6AA047D8F8E7
:10347000100006F10C010DB0BDE8F043F5F70EBFEA
:103480001824D2E7034B1B7813B90348F6F72CB87E
:1034900000207047262F01204C2E012073B500F12B
:1034A0004C0420460326EEF7FDFD0B2520460F4B6E
:1034B0000F4900960022EEF779FD20460D4B0E498C
:1034C00000950222EEF772FD01230093324620465A
:1034D0000A4B0B49EEF76AFD0A4B0B490095042293
:1034E0002046EEF763FD02B070BD00BFCD35050884
:1034F000E035050889360508643705089E36050855
:103500007A2F0508AA360508AE36050801290AD023
:10351000426F531E48BF931DDB10013380F8A43067
:1035200080F8801070470223F8E713B501220446A3
:1035300001A940F21340FAF7B1F868B1BDF80410E0
:1035400001F01F0301336367C1F34113A367C1F3A4
:1035500003212046FFF7DAFF01220DF1060140F2B8
:103560001440FAF79BF808B1BDF80600636F103BF2
:1035700023EAE3739840C4F88C0002B010BDA0F1B8
:103580006C00FFF7D2BF000038B50446F2F7D2FA5C
:103590002048F5F777FE03681E490CCB04F10C00B8
:1035A000F6F738F81C490023642204F14C00EEF7CA
:1035B00097F804F16C00F5F7E3FC184B236003F176
:1035C0005002E26003F18402DC33E264E366162217
:1035D0000023C4E91D23C4E92133C4E92333C4E92A
:1035E0002533C4E92733E3670823A4F8A4300C4B40
:1035F000012520461D70FFF798FF29462069F5F741
:1036000070FF2046FFF706FF2046FFF747FF2046E2
:1036100038BD00BF4C2E0120B3360508B87605082A
:10362000262F01202DE9FF47036A022B0C46914605
:1036300001D0202B05D10369C9F8003004B0BDE8E2
:10364000F087012B01D0102BF8D1D4E901539D4212
:1036500015D0D9F8003005F10802D9172A600022E8
:103660002A72C5E906316A6000230022C5E90823F1
:10367000022385F82830636830336360DEE71E4A32
:1036800001212046EAF722FFD4F800800746FFF721
:103690007BFEA5EB080A00EB0A030646D9F80020DA
:1036A000039403F1080146F80A10D0170021C3E97A
:1036B000062059601972002000210222C3E9080186
:1036C00083F82820294632464046FFF775FEA36856
:1036D0000A4ACDF80480A3EB08031B1153430546A7
:1036E00001A80293E8F711F830232660303503FB78
:1036F00007666560A660A1E7281E0508ABAAAAAA0E
:103700002DE9FF47D0E901639E4204468A4608D06E
:103710003046ECF72AFC63683033636004B0BDE8E0
:10372000F087154A0121EAF7D1FED4F80080074658
:10373000FFF72AFEA6EB08090546514648440394C4
:10374000ECF713FC2A4631464046FFF735FEA368E6
:103750000A4ACDF80480A3EB08031B115343064625
:1037600001A80293E7F7D1FF30232560303603FB31
:1037700007556660A560D1E7281E0508ABAAAAAA6E
:103780002DE9F7430646994640680A9D02F1004339
:10379000023B1B1A9D4202D923481DF0A1F9344671
:1037A000A5EB020854F8083BA34214BFB4680F24E9
:1037B0008044A04531D854184B4503EB0107A0EBDA
:1037C000040413D80344994510D8CDE900544B465E
:1037D000394630461DF08EF93368C6F80480002261
:1037E000304603F8082003B0BDE8F0834CB1AA428C
:1037F00007D0012C07EB050007EB020109D1BB5CE8
:103800007B55002DE8D02A4649463846E9F730F97D
:10381000E2E7224613F038FEF3E700954B463046C8
:10382000ECF7B6FCD8E700BF992405082DE9F04F66
:1038300000F108030026CFB080468B460360466047
:10384000067242F20F7AB146DBF81000F5F757FE28
:10385000C6F105024FF47A7393400125B0FBF3F4EF
:1038600042F210722346092B02D9632B5DD8013531
:1038700003AF05AB29463846C7E9003987F80890F9
:10388000EDF7F3FF3B6838490193C9221BA8D8F72D
:10389000A7FD019B64205919632C53D8092C85BFBF
:1038A0004EAA02EB4404303414F8CB2C84BF5A7077
:1038B00014F8CC4C2D4998BFE4B21C703B687D6075
:1038C000384603F80590EEF70DF8014609A8ECF725
:1038D00031FB31460FA8E9F731F90FAA09A915A85C
:1038E000F1F7CCFD224915A8EDF7FCFF01461BA816
:1038F000ECF720FBDDE91B124046EDF761F91BA850
:10390000E9F740F815A8E9F73DF80FA8E9F73AF804
:1039100009A8E9F737F801363846E9F733F8032EF6
:1039200092D140464FB0BDE8F08FB3F57A7F01D217
:1039300002359DE7534501D8033599E70435B3FBBC
:10394000F2F390E7B4FBF0FC00FB1C4264460DF57B
:103950009C7C0CEB420212F8CBCC01F801CC12F8A3
:10396000CC2C01F8022D97E7AA1F0508BA360508E6
:10397000B32505082DE9F04F0B68A7B005460E46A4
:103980001446042B00F23181DFE813F005002F010B
:103990006F001C00920000F1740221463046FFF7D0
:1039A00041FE95F88030012B06D16B6F0B2B07DDA4
:1039B0000E2BA8BF0E236B67012027B0BDE8F08F48
:1039C0000C23F8E7D4E901639E4213D0C26F0023B1
:1039D00006F10801C6E90013C6E906233372002385
:1039E0000022C6E90823022386F8283063683033B2
:1039F0006360E1E77F4A01212046EAF767FDD4F8DA
:103A000000908046FFF7C0FCA6EB090A00EB0A0312
:103A10000746E96F2294002203F1080047F80A00E4
:103A2000C3E906125A601A72002000210222C3E97B
:103A3000080183F8282031463A464846FFF7BCFC87
:103A4000A3686D4ACDF88090A3EB09031B11534383
:103A5000054620A82193E7F758FE3023276030352C
:103A600003FB08776560A760A6E70B6A082B0BD1FC
:103A7000014620A8FFF7DAFE204620A9FFF740FE06
:103A800020A8E8F77FFF97E700F17802214630464B
:103A9000FFF7C8FDAB6F23EAE373022BA8BF022335
:103AA000AB67336A022B87D12846FFF7B3FC83E765
:103AB000096A022905D1317C01F00F01FFF726FDCB
:103AC0007AE701294AD16668A36890F880A09E42EF
:103AD0004FF0000808D006F10803C6E90038C6E92F
:103AE00006A886F808807AE7424A2046EAF7EEFC04
:103AF000D4F800900746FFF747FCA6EB090B00EB54
:103B00000B0303F1080240F80B20054600210020BA
:103B10000222C3E9080183F8282031462A46C3E976
:103B200006A8C3F8048083F8088048462294FFF76B
:103B300043FCA368304ACDF88090A3EB09031B1126
:103B40005343064620A82193E7F7DFFD3023256085
:103B5000303603FB07556660A5602DE7082946D17E
:103B6000002504AB254E029303958DF8105001AA51
:103B700056F8041B1AA8E8F785FF21491AA8EDF7A3
:103B8000B1FE014614A8ECF7D5F9294620A8E8F7BC
:103B9000D5FF20AA14A90EA8F1F770FC19490EA8A8
:103BA000EDF7A0FE014608A8ECF7C4F9DDE908121C
:103BB00002A8EDF705F808A8E8F7E4FE0EA8E8F774
:103BC000E1FE20A8E8F7DEFE14A8E8F7DBFE1AA85D
:103BD000E8F7D8FE6B1C022B4FF00105C7D1204639
:103BE00002A9FFF78DFD02A84BE70020E5E60220C1
:103BF000E3E600BF281E0508ABAAAAAAA477050819
:103C0000F1290508B3250508A0F14C00FFF7B2BE65
:103C1000024B187880F00100704700BF252F01206B
:103C200008B50648F5F72CFBD0E900329A421BBFD5
:103C3000034B1878002080F0010008BD4C2E0120B5
:103C4000E72F01201AB1012A04D000207047024B4F
:103C50000360FAE70160F8E7387905081AB1012A2C
:103C600004D000207047024B0360FAE70160F8E7D8
:103C7000E87805081AB1012A04D000207047024BE9
:103C80000360FAE70160F8E7947805081AB1012AA1
:103C900004D000207047024B0360FAE70160F8E7A8
:103CA000407805081AB1012A04D000207047024B61
:103CB0000360FAE70160F8E7EC77050810B5A82083
:103CC0001CF004FC0446FFF75FFC204610BD10B555
:103CD000F8201CF0FBFB0446FEF764FD204610BDF7
:103CE00010B54FF482701CF0F1FB044605F0E4FBC4
:103CF000204610BD10B550201CF0E8FB0446FFF72D
:103D0000ABF8204610BD10B50C201CF0DFFB0446BC
:103D1000F1F710FF204610BD2DE9F843894602F166
:103D2000180400F118050026A5F118039945A4F11F
:103D3000180702D13846BDE8F88355F8183C44F816
:103D4000183C35F8143C24F8143C44E9046644F863
:103D5000086CA4F11000E9F78CFF55F8083C44F812
:103D6000046C6BB10222A5F11001A4F11000984778
:103D700055F8043C44F8043C55F8083C44F8083C29
:103D8000C7E906663E622046E9F773FFAB68E66066
:103D90003BB10222294620469847EB68E360AB68B6
:103DA000A36028342835BFE730B5B3B000243E4BBC
:103DB000009302A8CDE90244ADF804400494E9F769
:103DC00058FF3A4B3A49059306A83A4B0493E9F752
:103DD00055FF394B0A930CA80223CDE90C44ADF8EA
:103DE0002C300E94E9F745FF344B35490F9310A85A
:103DF000344B0E93E9F742FF334B149316A8042378
:103E0000CDE91644ADF854301894E9F732FF2F4B42
:103E10002F4919931AA82F4B1893E9F72FFF2E4B10
:103E20001E9320A80523CDE92044ADF87C302294D0
:103E3000E9F71FFF294B2A49239324A8294B2293F2
:103E4000E9F71CFF284B28932AA80623CDE92A442A
:103E5000ADF8A4302C94E9F70CFF244B24492D93A2
:103E60002EA8244B2C93E9F709FFC8201CF02EFB49
:103E7000214C00F1C803C4E90000024632A968469B
:103E8000A360FFF749FF6D46606032AC283C04F147
:103E90001800E8F7E4FD04F10800E8F7E0FDAC42A3
:103EA000F4D133B030BD00BFA4000010073D0308BB
:103EB00071C10108A53C03085C010010F53C030832
:103EC000113C03088D3C0308BC010010E13C0308D1
:103ED000213C0308753C030854010010CF3C030843
:103EE000852503085D3C030864010010BD3C030800
:103EF00085340308453C0308282F012070B50C4D7C
:103F0000D5E90046A64207D1286878B1A968BDE87E
:103F10007040091A1CF05CBA04F11800E8F79FFD24
:103F200004F10800E8F79BFD2834EBE770BD00BF03
:103F3000282F0120034A034692E8030083E8030088
:103F4000184670476C010010A1F10801FFF7F2BF9D
:103F500070477047C3680C305B681847C3680C3003
:103F60001B681847074B994210B50446084602D112
:103F700004F10C0010BD04491CF078FB0028F7D1B7
:103F8000F8E700BF84560508584C0508074B9942CE
:103F900010B50446084602D104F10C0010BD0449D6
:103FA0001CF064FB0028F7D1F8E700BF8456050831
:103FB000584C050810B540F6CC6104461CF008FAD0
:103FC000204610BD10B55C2104461CF001FA2046C5
:103FD00010BD40F6CC611CF0FBB95C211CF0F8B9B7
:103FE00038B5044623201CF071FA2223A3600A4B43
:103FF0002060024603F1200153F8045B42F8045BA1
:104000008B42F9D11B88138022236360002380F840
:104010002230204638BD00BFCD360508A1F1080189
:10402000DEE700BF37B5044648201CF04FFA0423F2
:1040300000930C4A0C4B0D490546F8F7D9FED4F80D
:104040009400C4F8945010B103685B68984708481E
:10405000F9F776F8D4F8940003681B6903B0BDE85B
:10406000304018471BA20508340200103CA3050885
:10407000781D0508194B03F1500210B5826003F159
:10408000A802C0F8982003F1C002C0F8D02003F1C4
:10409000D802C0F8D82003F1EC02C0F8DC2003F508
:1040A00082720360C0F8E02003F58C7203F5A473FC
:1040B0000446C0F8E420C0F8203100F5D270E9F7DA
:1040C0007AFD04F5CE70E9F776FD04F5CA70E9F7DC
:1040D00072FD204600F066FD204610BD187A0508E6
:1040E000A0F1E400FFF7C6BFA0F1E000FFF7C2BFF8
:1040F000A0F1DC00FFF7BEBFA0F1D800FFF7BABF08
:10410000A0F1D000FFF7B6BFA0F19800FFF7B2BF53
:10411000A0F10800FFF7AEBFA0F59070FFF7AABFAF
:1041200010B50446FFF7A6FF20464FF4D4711CF0EB
:104130004FF9204610BDA0F59070FFF7F1BFA0F138
:10414000E400FFF7EDBFA0F1E000FFF7E9BFA0F149
:10415000DC00FFF7E5BFA0F1D800FFF7E1BFA0F159
:10416000D000FFF7DDBFA0F19800FFF7D9BFA0F1A5
:104170000800FFF7D5BF0B68036013B15A6801321E
:104180005A60704700232DE9F341054603605C2027
:1041900090460C461CF09AF901230646C0E901330B
:1041A00021460C4B46F80C3B074651F8043B009364
:1041B00001A8FFF7E0FF98F8002069463046F5F7C0
:1041C000C5FF01A8E9F7F7FC2846C5E9006702B07A
:1041D000BDE8F081907B0508F0B502218BB000228C
:1041E000044600F09BF93C4B236003F15002A260AF
:1041F00003F1A802C4F8982003F1C002C4F8D0204B
:1042000003F1D802C4F8D82003F1EC02C4F8DC2092
:1042100003F58272C4F8E020002503F58C7203F5E3
:10422000A473C4F8E420C4F82031C4F8905140F6D7
:10423000CC601CF04BF901230646C0E90133274B43
:1042400046F80C3B07463046F0F716FA6A46C4E9D2
:10425000646704F5C87102A80095FFF793FFDDE9D4
:10426000023203B12033C4E9663203A8CDE9025516
:10427000E9F7A1FC012301AA04F5C87104A8019380
:10428000FFF780FFDDE9043203B12033C4E968326F
:1042900005A80023CDE90433E9F78DFCD4F8983163
:1042A000069304F5CE7107A8FFF765FFD4F89031A7
:1042B000089304F5CA7109A8FFF75DFF08AA06A9CB
:1042C000204600F02CFC09A8E9F775FC07A8E9F7DF
:1042D00072FC20460BB0F0BD187A0508747B050807
:1042E000072924D8DFE801F004080C1014181C205A
:1042F000836BA3F809207047836BA3F80B207047EA
:10430000836BA3F80D207047836BA3F80F207047D1
:10431000836BA3F811207047836BA3F813207047B9
:10432000836BA3F815207047836BA3F817207047A1
:10433000806B704719207047836BD3F80100D3F866
:1043400005107047816BC1F80120C1F80530704736
:10435000826B031D9A4208BF00F11D0383637047FF
:10436000072924D8DFE801F004080C1014181C20D9
:10437000036CC3F809207047036CC3F80D20704725
:10438000036CA3F811207047036CA3F81320704747
:10439000036CA3F815207047036CA3F8172070472F
:1043A000036CA3F819207047036CA3F81B20704717
:1043B000006C70471D207047036CD3F80100D3F8E0
:1043C00005107047016CC1F80120C1F80530704735
:1043D000026C031D9A4208BF00F121030364704779
:1043E00000F1210108B51D22043013F00BF800384C
:1043F00018BF012008BD00F11D0108B519220430C5
:1044000013F000F8003818BF012008BD10B50446AD
:10441000B0F8081140F20110F9F70CF9B4F80A11DC
:104420004FF48170F9F706F994F85D1140F203102A
:10443000BDE8104001F00701F9F7FCB8A0F1D00089
:10444000FFF7E4BF0420E2F7B9B890F8363110B5B1
:10445000044693B9012380F83631D0F8240103686B
:104460005B689847D4F824010368DB689847D4F860
:104470006001BDE81040E7F7D7BC10BD02686FF0DF
:1044800000439A4210B502D30B481CF029FB8A4224
:1044900008D9B2EB410F4FEA410403D29C4203D248
:1044A00004602246501C02E0044A02601846BDE83F
:1044B00010401CF00BB800BF281F0508FEFFFF7F4F
:1044C0000B4B994207B510D1D0F89C0001A9E2F737
:1044D000FDFD019B4BB14FF0E0234FF08052C3F83C
:1044E000042DBFF34F8FBFF36F8F03B000BD00BF2C
:1044F00094050120A0F59070FFF7E2BF38B505469E
:10450000006888420C4607D011B14B6801334B60FC
:1045100008B1E8F77FFA2C6038BD00002DE9F043C0
:1045200089B004468846174601F016FC6E4901AA78
:1045300002A8E8F7A7FA1E234FF4807202A904F13B
:104540009800F8F7FBFF02A8E8F71CFA04F1D00086
:10455000F4F716FD04F1D800F2F7A2F804F1DC003C
:10456000F8F7E2FD04F1E000F1F79EFC5F4B0193E8
:1045700002AA5F4B029301A904F1E400F5F70AFBDC
:1045800004F59070F8F75AF95A4B236003F1500282
:10459000A26003F1A802C4F8982003F1C002C4F895
:1045A000D02003F1D802C4F8D82003F1EC02C4F8FB
:1045B000DC2003F58272C4F8E02003F58C7203F569
:1045C000A473C4F8203140F201130025A4F8363159
:1045D0000123C4F8E42084F8348184F83A31C4E932
:1045E0004955C4E94B55444984F83551A4F838512C
:1045F0006A4602A8E8F746FADDE90298022304F5C4
:10460000A670B8F10F0FC4F83C3184F84031C4F8FB
:104610004401CDF8048009D9294601A8FFF72EFFEF
:10462000DDF80480C4F84401C4F84C8108F10102AB
:104630004946E8F71DFAC4F8488102A8E8F7A2F94C
:1046400000254FF400634FF00108A4F88031C4E95D
:104650005855C4E95A55C4E95C55C4E95E55A4F8F7
:104660005C8184F85E7184F85F5164201BF02EFF3A
:104670008146F2F7DFFDC4E96195C4F88C5117B3A8
:1046800044201BF023FF4422294612F08FFF1B4ACF
:104690000260021D034680F8048080F821800264D5
:1046A000D4F87C01C4F87C3110B104211BF090FED9
:1046B00004F1D000F4F7AAFC204600F05FFC20468D
:1046C00009B0BDE8F0833C201BF000FF3C223946D6
:1046D00012F06CFF0A4A0260021D034680F8048053
:1046E00080F81D808263DBE7AB350508182F0120B9
:1046F0000C2F0120787C050806370508D47D0508B5
:10470000F87D0508D0F8240103685B691847D0F8E4
:10471000240103689B6918472DE9F74304460020EC
:10472000E4F71CF800285BD094F880315A1C84F818
:10473000802194F85C21B3EB420F4BDB0022002375
:10474000694604F1E400CDE90023F5F75DF9D4F8FA
:104750007C0103681969DDE900238847D4F860010A
:10476000E7F7D6FCD0E900690027B145FDB23AD1A0
:1047700004F1E400F5F78CF9D0E90067B74240D1C5
:1047800094F88131D4F87C01AB42026850D894F897
:10479000801194F85C516423B3FBF5F399424EDD2C
:1047A000D4F87C0103685B6898470546D4F87C011F
:1047B00003689B689847002183B22A460846E3F7BE
:1047C000E9FFD4F87C0103689B699847002384F8CB
:1047D000803105E0D4F88401F2F762FD0028ADD005
:1047E00003B0BDE8F08394F85E3156F8042B03B9AA
:1047F0001214D4F87C01036829461B6898470137D6
:10480000B3E794F88131AB42BAD9012D56F8042BA5
:1048100003D894F85E3103B11204D4F87C01036824
:1048200029461B6805F1010898475FFA88F5A5E756
:1048300013682946002201359847EDB2A0E7536975
:1048400098470028ACD1CBE790F8383110B5044632
:104850002BB1012380F83731002380F8383194F8E8
:10486000373103F0FF024BBB94F839312BB1D4F848
:10487000600184F83921E7F7EDFAD4F86001E7F731
:10488000A7FA94F85F3194F85C210133DBB29A42C5
:1048900084F85F3105D8002384F85F312046FFF7A4
:1048A0003BFF94F835312BB9D4F86001BDE81040D6
:1048B000E7F7A2BABDE81040F9F774BB10BD0000DD
:1048C00090F85D21064B03EB42031A7A4FF47A739A
:1048D000B3FBF2F300EE103AB8EEC00A704700BF27
:1048E000147E050838B52DED028B04460D46E4F71D
:1048F00051FE08B1E4F748FE154B042D1A68154B1C
:10490000294628BF042184F85D1103EB41014FF4CF
:104910007A700B7A4343D3624B7A84F85C31204639
:10492000FFF7CEFFD4F82401B0EE408A10B103683F
:104930009B6A9847D4F8600138B1B0EE480ABDECE4
:10494000028BBDE83840E7F791BABDEC028B38BD69
:1049500094050120147E050837B50446012200F5B0
:10496000847140F20110F8F799FED4F8E430B4F8FD
:1049700008119B6804F1E4009847012204F5857151
:104980004FF48170F8F78AFED4F8E430B4F80A11D5
:104990005B6904F1E400984700230DF10601012250
:1049A00040F20310ADF80630F8F778FE014618B172
:1049B0009DF8061001F003012046FFF793FF03B0B6
:1049C00030BDA0F1D000FFF7C7BF000090F835312F
:1049D00010B504463BB10B482021DCF7BBF910B100
:1049E000002384F83531204694F85D11FFF77AFFF3
:1049F0000023D4F8600184F83631BDE81040E7F7B1
:104A00001EBA00BF000C024081F0010380F835316E
:104A1000D0F86001E7F7FBB9042938B5044607D19F
:104A20001648DCF797F910B1012384F8393138BD05
:104A30002029FCD11248DCF78DF90546DAF702FD92
:104A4000D4F88C31C01AB0F57A7FF0D994F83521BA
:104A5000B5FA85F35B099342E9D0DAF7F3FCC4F8C1
:104A60008C012DB929462046BDE83840FFF7CCBF60
:104A700094F83A31002BDAD00121F4E70004024027
:104A8000000C0240A0F1D800FFF7C6BF0B79022B43
:104A900070B506460D46144603D112B90121FFF741
:104AA000B3FF2B68022B03D121463046FFF7ACFF42
:104AB0001CB9BDE87040F9F76BBA70BDA0F1E00019
:104AC000FFF7E4BF10B5202104460C48DCF742F99B
:104AD000014630B92046FFF797FFDAF7B3FCC4F878
:104AE0008C010748DEF702FE4FF0FF310120E2F7AC
:104AF0002FFA2046FFF7A8FEF6E700BF000C0240A1
:104B000094050120A0F19800FFF7DCBF10B5044622
:104B1000006810B103685B689847204610BDF7B580
:104B20000B68C0F8243115460446496800F59470B6
:104B3000FFF7E4FC2B68C4F82C31696804F5987021
:104B4000FFF7DCFC2C201BF0C1FC2B6800936B688A
:104B5000019304F23517064613B15A6801325A60C0
:104B60006A4639463046E7F715F901A8E9F723F810
:104B7000D4F86001C4F860610023009310B10368A9
:104B80005B6898476846FFF7C1FF94F93411D4F881
:104B90006001E7F787F904F1980003B0BDE8F04041
:104BA000F8F77CBCF8B5454B036003F15002826016
:104BB00003F1A802C0F8982003F1C002C0F8D02089
:104BC00003F1D802C0F8D82003F1EC02C0F8DC20D1
:104BD00003F58272C0F8E020044603F58C7203F5F9
:104BE000A473C0F8E420C0F82031E430F4F7FDFFEE
:104BF000D4F8840110B103685B689847D4F87C014D
:104C000010B104211BF0E4FBD4E95C57AF4244D15E
:104C1000D4F8700120B1D4F87811091A1BF0D8FB30
:104C2000D4E95957AF4240D1D4F8640120B1D4F847
:104C30006C11091A1BF0CCFB04F5B070FFF766FF8E
:104C400004F5A270E7F79EFE04F59870E8F7B3FF4D
:104C500004F59470E8F7AFFF04F59070F7F7B6FD30
:104C600004F1E400F4F7DAFF04F1E000F1F778F979
:104C700004F1DC00F8F74CFA04F1D800F1F7D8FCA5
:104C800004F1D000F4F70EFA04F19800F8F73AFCBA
:104C9000204601F0D5F82046F8BD55F8040B002851
:104CA000B4D003685B689847B0E755F8040B002858
:104CB000B8D003685B689847B4E700BF787C050804
:104CC0002DE9F041B2B03F492CAA0746E7F7DAFEDA
:104CD000E4F760FC08B1E4F757FC3B4E30244FF09A
:104CE0000008337A757A02A84FF47A71B1FBF3F1B8
:104CF000B1FBF5F5F7F7BAFF002204231146009344
:104D000002A8324BF0F7A6FA014608A8EBF712F911
:104D10002F4908A8ECF7E6FD01460EA8EBF70AF9C3
:104D2000294614A8F7F7A2FF14AA0EA91AA8F0F7AB
:104D3000A5FB28491AA8ECF7D5FD014620A8EBF7FA
:104D4000F9F828AB012126A8CDE926388DF8A080F6
:104D5000ECF78BFD269B1C7001232793269B26AA2C
:104D600083F8018020A92CA8F0F788FBDDE92C123C
:104D70003846EBF725FF2CA8E7F704FE26A8E7F74F
:104D800001FE20A8E7F7FEFD1AA8E7F7FBFD14A82F
:104D9000E7F7F8FD0EA8E7F7F5FD013408A8E7F7F7
:104DA000F1FDE4B202A8E7F7EDFD342C05D00A4985
:104DB00038460236ECF796FD93E7384632B0BDE848
:104DC000F08100BFC5250508147E050826370508B3
:104DD0002B370508BB3605083A46050808B578B1F3
:104DE000084B984206D9084B984201D91BF072FE35
:104DF0001BF06DFE30235843BDE808401BF066BB36
:104E000008BD00BFAAAAAA025555550502686FF051
:104E100000439A4210B502D30B481BF061FE8A4250
:104E200008D9B2EB410F4FEA410403D29C4203D2AE
:104E300004602246501C02E0044A02601846BDE8A5
:104E400010401BF043BB00BF281F0508FEFFFF7F7B
:104E50002DE9F8430646894600F1080502F10804E9
:104E600000274E45A4F1080001D1BDE8F88344F8BD
:104E7000084C55F8083CAB42A84621D155F8042C03
:104E8000294601322046D7F7ABFA303458F8043CB3
:104E900044F8343CD5E90423303545E90E8705F85C
:104EA000307C44E9082355E9062344E9062315F834
:104EB000103C04F8103C3046E7F764FD3036D0E78C
:104EC00044F8083C2B682360DFE72DE9F3470346ED
:104ED000456853F8089B9945884614BF81680F219F
:104EE000AF188F42044616460CD822B1414609EB52
:104EF0000500E7F7BDFD236867600022DA5502B0C0
:104F0000BDE8F08701A80197FFF780FF8246ADB1A9
:104F10002A464946E7F7ACFDB8F1000F06D02EB19E
:104F2000324641460AEB0500E7F7A2FD2046E7F7C7
:104F300029FD019BC4F800A0A360DCE7B8F1000FD5
:104F4000F4D0EDE738B5044608460D46D7F7F8FA31
:104F50006368C3F1FF4303F5FF0303F5FF437E33AB
:104F60009842024602D904481BF0BAFD2946204661
:104F7000BDE83840FFF7A9BF732005082DE9F341CC
:104F800000F108040126032520462A4B2A490096F1
:104F90000022EDF70BF802272046284B2849009500
:104FA0000222EDF703F840F201182046254B26496E
:104FB00000970422ECF7FAFF2A462046234B2449A7
:104FC000CDF80080ECF7F2FF2046224B22490095F5
:104FD0000522ECF7EBFF2046204B2149CDF800805D
:104FE0000622ECF7E3FF20461E4B1F4900970722DD
:104FF000ECF7DCFF20461D4B1D4900960822ECF71C
:10500000D5FF20461B4B1C4900960B22ECF7CEFF28
:105010000B2300932046194B19490922ECF7C6FFD0
:10502000184B194900950A222046ECF7BFFF02B041
:10503000BDE8F081333705083E370508A034050880
:10504000B7340508C0340508D5340508DC34050834
:10505000F9340508FF340508163505081F3505081D
:105060003C35050842350508573505084837050819
:105070006A3705087237050891370508983705081B
:10508000B7370508C2370508D13705082DE9FF47AE
:10509000D0E901439C4205468A4615D00A88002380
:1050A00004F10801C4E906232372C4E900130022B5
:1050B0000023C4E90823022384F8283043683033EE
:1050C000436004B0BDE8F0871D4A0121E9F7FEF90D
:1050D000D5F800800746FFF781FEA4EB080900EB36
:1050E00009030646BAF800100395002203F10800F0
:1050F00046F80900C3E906125A601A72002000211E
:105100000222C3E9080183F828202146324640469E
:10511000FFF79EFEAB680B4ACDF80480A3EB0803B3
:105120001B115343044601A80293E6F7EEFA30231D
:105130002E60303403FB07666C60AE60C1E700BFD1
:10514000281E0508ABAAAAAA2DE9FF47D0E901430A
:105150009C4205468A4615D00A68002304F10801DE
:10516000C4E906232372C4E9001300220023C4E922
:105170000823022384F8283043683033436004B0A6
:10518000BDE8F0871D4A0121E9F7A0F9D5F80080B4
:105190000746FFF723FEA4EB080900EB09030646C8
:1051A000DAF800100395002203F1080046F8090020
:1051B000C3E906125A601A72002000210222C3E9D4
:1051C000080183F82820214632464046FFF740FE7A
:1051D000AB680B4ACDF80480A3EB08031B115343C3
:1051E000044601A80293E6F790FA30232E6030348B
:1051F00003FB07666C60AE60C1E700BF281E0508B0
:10520000ABAAAAAA2DE9F04F14460A68A5B0054634
:105210000B460B2A00F29A82DFE812F06E00980229
:10522000CF00E2005C0164018201FA01020218026F
:105230000C000E02196A012950D1D4E901639E4283
:1052400011D006F1080390F8352133600023C6E938
:1052500006237360337200220023C6E90823022369
:1052600086F8283068E0A64A2046E9F72FF9D4F8F6
:1052700000908046FFF7B2FDA6EB090A00EB0A0397
:1052800003F1080295F835111A94074640F80A20F0
:105290000022C3E906125A601A720020002102227D
:1052A000C3E9080183F8282031463A464846FFF70B
:1052B000CFFDA368934ACDF86090A3EB09031B11BF
:1052C0005343054618A81993E6F71FFA30232760C1
:1052D000303503FB08776560A76009E0022907D134
:1052E000D3E904231A430CBF01210021FFF78CFBF3
:1052F000012025B0BDE8F08F1B6A012B40F0288209
:10530000FFF705FA95F83531D3B94FFA80F865689B
:10531000A3689D424FEAE87A15D005F108032B6097
:1053200000236B602B7200220023C5E9068AC5E9C1
:105330000823022385F82830636830336360D7E799
:105340004FF0FF38E3E76E4A01212046E9F7BEF847
:10535000D4F800900746FFF741FDA5EB090B00EBE1
:105360000B0303F108021A9440F80B2000220646B2
:105370005A601A72002000210222C3E9080183F852
:10538000282029463246C3E9068A4846FFF760FDD1
:10539000A3685C4ACDF86090A3EB09031B1153434B
:1053A000054618A81993E6F7B0F930232660303582
:1053B00003FB07666560A6609AE71A6A012A05D1B1
:1053C00000F584712046FFF761FE91E7022A8FD134
:1053D000D0F8E4209268198A05F1E400904787E745
:1053E000D0F81831484ED3E900574FF0000818356F
:1053F0004FF00009A5F118039F423FF479AF55F82B
:10540000183C9B79022B04D0012B06D13F4B1B7813
:105410001BB935F8143CFF2B54D10EAB0C93002371
:105420008DF8383035F8141C0D93684601238DF83B
:105430005830CDE91289CDE91489E7F77FFBDDE922
:1054400000120D9BF31A9A4202D931481BF048FB17
:105450000CA8FFF73AFD6846E7F794FA0CA82D4927
:10546000FFF770FD2846E8F733FC68BB35F8142CCD
:1054700029492A4BFF2A18BF19460CA8FFF762FDDD
:1054800024490CA8FFF75EFD55F8183C0CA81968D4
:10549000FFF758FD2846E8F71BFCB8B135F8142C87
:1054A00005238DF858300023CDE9142355F8182C26
:1054B0009288CDE9122320460CA9E9F7DBFC0CA861
:1054C000E7F760FA283595E71349D6E703238DF807
:1054D0005830F0E71A6A022A7FF40AAFD0F8E420C5
:1054E000D26878E71A6A012A02D100F5857169E766
:1054F000022A7FF4FDAED0F8E42052696BE700BFCA
:10550000281E0508ABAAAAAAFEFFFF7F082C0120CF
:1055100073200508F1290508C34A05087C430508DE
:10552000D0F81C318B4ED3E900574FF000081835E6
:105530004FF00009A5F118039F423FF4D9AE55F88A
:10554000183C9B79022B04D0012B06D1824B1B788F
:105550001BB935F8143CFF2B52D11AAB189300231A
:105560008DF8683035F8141C199306A801238DF8BE
:105570008830CDE91E89CDE92089E7F7DFFADDE93A
:105580000612199BF31A9A423FF65FAF18A8FFF76D
:105590009CFC06A8E7F7F6F918A87049FFF7D2FCBB
:1055A0002846E8F795FB68BB35F8142C6C496D4B21
:1055B000FF2A18BF194618A8FFF7C4FC674918A8A6
:1055C000FFF7C0FC55F8183C18A81968FFF7BAFC9B
:1055D0002846E8F77DFBB8B135F8142C05238DF883
:1055E00088300023CDE9202355F8182C9288CDE986
:1055F0001E23204618A9E9F73DFC18A8E7F7C2F9D1
:10560000283597E75649D6E703238DF88830F0E729
:105610001A6A022A7FF46CAED0F8E4209269DAE6C6
:105620001B6A012B40F09480FFF76CF8189018A9C2
:105630002046FFF789FD5BE61B6A012B40F088805E
:10564000D0F8240103681B699847EFE7196A01291C
:1056500021D1D4E901639E4206D006F1080190F8F9
:105660005D2131600023F2E53F4A2046E8F72EFF36
:10567000D4F800908046FFF7B1FBA6EB090A074675
:1056800000EB0A031A9403F1080095F85D1147F83E
:105690000A000022FDE5022903D1197CFFF722F957
:1056A00026E608297FF424AE014618A8FFF708FB78
:1056B000D4E901539D4213D018A92846ECF7BDF850
:1056C00000230022C5E90623C5E90823032385F842
:1056D000283063683033636018A8E7F753F907E6AA
:1056E000214A01212046E8F7F1FED4F80090074650
:1056F000FFF774FBA5EB09088044064618A940464D
:105700000E94ECF79AF800220023C8E90623C8E9B2
:10571000082303233246294688F828304846FFF7F5
:1057200097FBA368114ACDF83090A3EB09031B1136
:10573000534305460CA80D93E5F7E7FF3023266099
:10574000303503FB07666560A660C5E70020D0E53D
:105750000220CEE5FEFFFF7F082C0120F12905087D
:10576000C34A05087C430508281E0508ABAAAAAA57
:10577000A0F10800FFF746BD034A034692E8030084
:1057800083E803001846704774010010A1F1080176
:10579000FFF7F2BF7047C3680C301B681847000062
:1057A000074B994210B50446084602D104F10C009B
:1057B00010BD04491AF05AFF0028F7D1F8E700BFDE
:1057C00084560508584C050810B5502104461AF0B7
:1057D000FFFD204610BD50211AF0FABD37B5044632
:1057E00048201AF073FE042300930C4A0C4B0D4919
:1057F0000546F7F7FDFAD4F89400C4F8945010B1B8
:1058000003685B6898470848F7F79AFCD4F8940057
:1058100003681B6903B0BDE83040184786A205083D
:10582000340200103CA30508B8180508174B03F113
:10583000500210B5826003F1A802C0F8982003F16D
:10584000C002C0F8D02003F1D802C0F8D82003F17C
:10585000EC02C0F8DC2003F582720360C0F8E0209F
:1058600003F58C7203F5A4730446C0F8E420C0F875
:10587000203100F5CE70E8F79EF904F5CA70E8F71C
:105880009AF92046FFF78EF9204610BD9C7E050848
:10589000A0F1E400FFF7CABFA0F1E000FFF7C6BF28
:1058A000A0F1DC00FFF7C2BFA0F1D800FFF7BEBF38
:1058B000A0F1D000FFF7BABFA0F19800FFF7B6BF84
:1058C000A0F10800FFF7B2BFA0F59070FFF7AEBFE0
:1058D00010B50446FFF7AAFF20464FF4D0711AF026
:1058E00077FD204610BDA0F59070FFF7F1BFA0F145
:1058F000E400FFF7EDBFA0F1E000FFF7E9BFA0F182
:10590000DC00FFF7E5BFA0F1D800FFF7E1BFA0F191
:10591000D000FFF7DDBFA0F19800FFF7D9BFA0F1DD
:105920000800FFF7D5BF00002DE9FF41022100224A
:105930000446FEF7F3FD3D4B236003F15002A260E5
:1059400003F1A802C4F8982003F1C002C4F8D020E3
:1059500003F1D802C4F8D82003F1EC02C4F8DC202B
:1059600003F582724FF00008C4F8E02003F58C7252
:1059700003F5A473C4F8E420C4F82031C4F890817E
:1059800040F6CC601AF0A2FD0646294B0127C0E97B
:10599000017746F80C3B05463046EEF76DFEC4E94C
:1059A000646550201AF092FDC0E901770746214B4B
:1059B00047F80C3B054604F5CA7103A80296FEF7AA
:1059C000DAFB022202A93846F1F7A2FF03A8E8F7A2
:1059D000F2F805F11003C4F89831C4F89C5103A8FB
:1059E000CDF80C80CDF80880E8F7E5F8D4F89831C8
:1059F000009304F5CE7101A8FEF7BDFBD4F89031F9
:105A0000029304F5CA7103A8FEF7B5FB02AA694622
:105A10002046FFF784F803A8E8F7CDF801A8E8F7D7
:105A2000CAF8204604B0BDE8F08100BF9C7E05089E
:105A3000747B0508F87F0508034A034692E80300D3
:105A400083E80300184670477C010010A1F10801AB
:105A5000FFF7F2BF37B5044648201AF037FD04239C
:105A60000093104A104B11490546F7F7C1F9D4F8D5
:105A70009400C4F8945010B103685B6898470C48D0
:105A8000F7F75EFBD4F8980100B104380421F1F770
:105A90007DFFD4F8940003681B6903B0BDE8304073
:105AA000184700BF86A20508340200103CA3050871
:105AB000B8180508174B03F1500210B5826003F1C6
:105AC000A802C0F8982003F1C002C0F8D02003F16A
:105AD000D802C0F8D82003F1EC02C0F8DC2003F5AE
:105AE00082720360C0F8E02003F58C7203F5A473A2
:105AF0000446C0F8E420C0F8203100F5CE70E8F785
:105B00005AF804F5CA70E8F756F82046FFF74AF845
:105B1000204610BD2C800508A0F1E400FFF7CABFA5
:105B2000A0F1E000FFF7C6BFA0F1DC00FFF7C2BFA5
:105B3000A0F1D800FFF7BEBFA0F1D000FFF7BABFB9
:105B4000A0F19800FFF7B6BFA0F10800FFF7B2BFC1
:105B5000A0F59070FFF7AEBF10B50446FFF7AAFF9F
:105B600020464FF4D0711AF033FC204610BDA0F54A
:105B70009070FFF7F1BFA0F1E400FFF7EDBFA0F1D7
:105B8000E000FFF7E9BFA0F1DC00FFF7E5BFA0F1FF
:105B9000D800FFF7E1BFA0F1D000FFF7DDBFA0F113
:105BA0009800FFF7D9BFA0F10800FFF7D5BF0000AC
:105BB0002DE9F043012185B000220446FEF7AEFC3A
:105BC0003C4B236003F15002A26003F1A802C4F829
:105BD000982003F1C002C4F8D02003F1D802C4F821
:105BE000D82003F1EC02C4F8DC2003F582724FF0F8
:105BF0000008C4F8E02003F58C7203F5A473C4F820
:105C0000E420C4F82031C4F8908140F6CC601AF04A
:105C10005DFC0746284B0126C0E9016647F80C3BAE
:105C200005463846EEF728FDC4E9647550201AF0A1
:105C30004DFC8146214B0297C0E9016604F5CA7705
:105C400049F80C3B0546394603A8FEF794FA32465C
:105C500002A94846F1F75CFE03A8E7F7ACFF05F19F
:105C60001003C4F89831C4F89C5103A8CDF80C80F7
:105C7000CDF80880E7F79FFFD4F89831009304F53A
:105C8000CE7101A8FEF777FAD4F890310293394625
:105C900003A8FEF770FA02AA69462046FEF73FFF06
:105CA00003A8E7F788FF01A8E7F785FF204605B0BE
:105CB000BDE8F0832C800508747B0508F87F050893
:105CC000034A034692E8030083E80300184670473E
:105CD00084010010A1F10801FFF7F2BF0020704716
:105CE0007047C06AECF7F0BC37B50446C06A0D4691
:105CF000ECF704FD40280246074928BF4022284609
:105D0000E2F7C8FA236801909B69034901AA20467B
:105D1000984703B030BD00BF342F01200120E0F7C9
:105D20004DBC000038B504465C201AF0CFFB5B2563
:105D30002A4605492060A560D6F752FB002280F86C
:105D40005B206560204638BD00380508A1F10801D8
:105D5000FFF7E8BF0020704770B505461B4B45F8BC
:105D6000083B044601221A4900232846EBF7B8FCF9
:105D7000184B23603833A3606C201AF0A7FB214630
:105D80000646F0F705FDA662A4201AF09FFB064622
:105D9000ECF7B8FCE66204F13000F0F793F804F198
:105DA0007000F5F75DFAC8201AF090FB4FF4E1316E
:105DB0000646ECF7F3FC00232846C4F89060C4F8CC
:105DC0009430ECF76FF9204670BD00BF8C4B05088E
:105DD000512E0508B881050810B50446006810B1B9
:105DE00003685B689847204610BD000030B5044644
:105DF00085B048201AF06AFB042300930D4A0E4B2D
:105E00000E490546F6F7F4FFD4F89400C4F8945010
:105E10000023039310B103685B68984703A8FFF75A
:105E2000DBFFD4F8940003681B6905B0BDE830407F
:105E3000184700BFF1A20508340200103CA3050872
:105E4000134B10B503600446383383609430FFF77A
:105E5000C3FFD4F8900010B103685B68984704F161
:105E60007000F5F729F804F13000F0F791F8E06AD6
:105E700010B103685B689847A06A10B103685B685B
:105E8000984704F10800EBF7D3FF204610BD00BF90
:105E9000B8810508A0F10800FFF7D2BF10B504468D
:105EA000FFF7CEFF204698211AF092FA204610BD47
:105EB000A0F10800FFF7F2BF0520704705207047EA
:105EC000034A034692E8030083E80300184670473C
:105ED0008C010010A1F11C01FFF7F2BF0B4B10B5B4
:105EE00003F12C020360826003F144029C330446F8
:105EF000C26140F83C3FE5F7C7FA04F11C00EBF73C
:105F000097FF2046E5F732FF204610BD8082050846
:105F1000A0F11C00FFF7E2BFA0F10800FFF7DEBF11
:105F2000A0F13C00FFF7DABF10B50446FFF7D6FF3B
:105F300020468C211AF04CFA204610BDA0F13C00FE
:105F4000FFF7F2BFA0F11C00FFF7EEBFA0F10800C1
:105F5000FFF7EABF7FB5054601220DF106014FF4B8
:105F60000C70F7F79BFBB8B1BDF80600000AE5F727
:105F7000B9FBC0F307238DF80C00C0F307408DF880
:105F80000D308DF80E00039905F13C00E5F7BCFAE1
:105F9000BDF8063085F88A3095F884301B0707D5A0
:105FA000114E00246B6C082B28BF0823A34201D894
:105FB00004B070BD3088012202A9F7F76FFB80B1F1
:105FC000708801220DF10A01F7F768FB48B1AB6D4B
:105FD000BDF9081043F8341003EBC402BDF90A30D0
:105FE000536001340436DDE724830508A0F108007E
:105FF000FFF7B0BF70B505463C30E5F783FAE5F72B
:106000007FFB95F88A1041EA002189B24FF40C70A9
:10601000F7F710FB95F8404054B995F884301B070A
:1060200006D50C4E6B6C082B28BF0823A34200D862
:1060300070BDAB6D36F8040B33F83410F7F7FAFA8D
:10604000AB6D36F8020C03EBC40301349988F7F703
:10605000F1FAE7E724830508A0F10800FFF7CABFBB
:1060600038B5044614201AF031FA1323A3600A4B02
:106070002060024603F1100153F8045B42F8045B10
:106080008B42F9D119889B78937013231180636038
:106090000023C374204638BD6D380508A1F11C01EA
:1060A000DEE700BF38B504460D4602F10803AC42F6
:1060B000A3F1080000D138BD224643F8083C52F84D
:1060C000081B914217D1626818460132D6F788F949
:1060D0000346D4E906013033626843F8342C43E9BF
:1060E0000801D4E9080194F8282003F8102C43E9AA
:1060F00006013034DBE7A26843F8081C1A60E8E7C1
:10610000F0B5044685B0E5F71BFE012529490023BB
:10611000412204F11C00EBF7E3FA0621CDE9025518
:10612000CDE9005504F11C03224604F13C00E5F7DB
:106130000BFD214B236003F12C02A26003F144020A
:106140009C33E363062384F885304FF6FF73002702
:10615000A4F888304FF0FF33E26184F88A3084F885
:1061600086701648E5F730F90F2805FA00F5D8BF14
:10617000C0F11007013DA4F88850204684F88670CD
:10618000FFF7E8FE032504F11C00EBF78BFF04F199
:106190001C000B4B0B4900950022EBF707FF04F1A5
:1061A0001C00094B094900950222EBF7FFFE20462F
:1061B00005B0F0BD8138050880820508F40C012087
:1061C00086380508F7380508933805088E3805081D
:1061D0002DE9F843D0E900846FF06043A4EB080494
:1061E000B3EBA40F074689464FEAA40002D1144836
:1061F0001AF076FC01282CBF00180130984228BF05
:106200001846860030461AF061F9D9F8003003517B
:1062100005461CB122464146D6F7E2F804342C4428
:10622000B8F1000F05D0B9684046A1EB08011AF09B
:10623000CFF8C7E900543544BD60BDE8F88300BF1E
:10624000281E05082DE9F34100238DF80330D0E91D
:1062500004320446934218BF43610DF103011D4807
:10626000F7F740FE9DF8037094F885309F42804612
:1062700028BF1F460025EBB29F420AD804F13C001C
:1062800004F11001E5F746F904F1100002B0BDE891
:10629000F08158F82520B4F88830134094F886200F
:1062A000934094F88A20A3F5FF432A417F3BD2070D
:1062B000019301D40135DEE7D4E905218A4203D0F8
:1062C00042F8043B6261F5E701A904F11000FFF711
:1062D0007FFFEFE7F40C01202DE9F04F0F6887B046
:1062E00006460B4614463FB1022F7BD03C3007B028
:1062F000BDE8F04FE5F70CBB0A6A022A01D0202A5C
:1063000006D11B6986F88A30012007B0BDE8F08FFE
:10631000012A02D0102A40F0C680D4E901539D42E0
:1063200014D096F88A20002305F10801C5E9062358
:10633000C5E900132B7200220023C5E908230223BC
:1063400085F82830636830336360DDE7D4F8008077
:10635000DFF86491564AA5EB080B4FEA2B1309FBB3
:1063600003F3934202D153481AF0BAFB012B2CBF1E
:10637000DB180133934228BF1346302202FB03F798
:1063800038461AF0A3F896F88A10059400EB0B0330
:106390008246002203F108004AF80B00C3E9061206
:1063A0005A601A72002000210222C3E9080183F812
:1063B0002820294652464046FFF774FEA368CDF8D0
:1063C0000C80A3EB080305461B1109FB03F303A88C
:1063D000303557440493E5F798F9C4F800A0656098
:1063E000A76091E70B6A012B5FD1D2E901A39A451F
:1063F00011D090F885208AF8287000230AF108014E
:10640000CAE90623CAE900138AF8083000220023EB
:10641000CAE9082396E7D2F80080DFF89C90244A66
:10642000AAEB080B4FEA2B1309FB03F393429AD014
:10643000012B2CBFDB180133934228BF13463022B7
:1064400002FB03F528461AF041F800EB0B03024665
:1064500096F885000192002103F1080642F80B60CE
:10646000C3E906015960197200200021C3E908013F
:1064700083F82870514640460594FFF713FEA36841
:10648000CDF80C80A3EB08031B11064609FB03F3B0
:1064900003A80493E5F739F9019A226030362A44BB
:1064A0006660A26030E702202FE738462DE700BF84
:1064B000AAAAAA02281E0508ABAAAAAAA0F11C0033
:1064C000FFF70ABF0420704704207047034A0346C1
:1064D00092E8030083E80300184670479401001017
:1064E000A1F11001FFF7F2BF10B5084B036003F1F3
:1064F000300248330446826040F8103FEBF798FCC6
:106500002046E9F715F9204610BD00BF7C83050839
:10651000A0F10800FFF7E8BFA0F11000FFF7E4BF0B
:1065200010B50446FFF7E0FF2046502119F050FF58
:10653000204610BDA0F11000FFF7F2BFA0F1080047
:10654000FFF7EEBF10B50446018E40F20320F7F7C7
:1065500071F894F83C104FF40170F7F76BF8A18EC6
:106560004FF40270BDE81040F7F764B8A0F10800DE
:10657000FFF7E8BF08B578B1084B984206D9084B39
:10658000984201D91AF0A6FA1AF0A1FA302358431A
:10659000BDE8084019F09ABF08BD00BFAAAAAA0228
:1065A0005555550538B504461A2019F08FFF1923A3
:1065B000A360094B2060024603F1180153F8045B05
:1065C00042F8045B8B42F9D11B7813701923636086
:1065D00000234376204638BDAB380508A1F11001F1
:1065E000E0E700BF38B504460D4602F10803AC42AF
:1065F000A3F1080000D138BD224643F8083C52F808
:10660000081B914217D1626818460132D5F7E8FE9F
:106610000346D4E906013033626843F8342C43E979
:106620000801D4E9080194F8282003F8102C43E964
:1066300006013034DBE7A26843F8081C1A60E8E77B
:10664000002310B50163C381012404FA03F20A4256
:1066500018BFC28903F101031CBF0132C281082B9C
:10666000F3D110BD13B50023044601220DF106013C
:1066700040F20320ADF80630F7F710F820B1BDF86E
:1066800006102046FFF7DCFF01220DF106014FF452
:106690000170F7F703F828B19DF8063003F0010305
:1066A00084F83C3001220DF106014FF40270F6F738
:1066B000F5FF10B1BDF80630636302B010BDA0F164
:1066C0000800FFF7CFBF0000F7B50446E9F71CF854
:1066D00027490023212204F11000EBF701F8254B94
:1066E000236003F1300248330027A26023610022B7
:1066F0000023C4E91023C4E91223FF212046C4E982
:106700000D7784F83C70FFF79BFF0326FFF7AAFF85
:1067100004F11000EBF7C6FC3A4604F11000164BEA
:1067200016490096EBF742FC04F11000144B154992
:1067300000960122EBF73AFC04F11000124B1349CA
:1067400000960222EBF732FC01230093324604F15B
:1067500010000F4B0F49EBF729FC04F110000E4B12
:106760000E4900960422EBF721FC204603B0F0BD51
:10677000C53805087C83050886380508F7380508FC
:10678000CA380508CE380508933805088E3805083C
:10679000D7380508D62F0508E2380508FC38050863
:1067A0002DE9F0470024174D80460F4691462646B6
:1067B0004FF0010AD8F830200AFA04F3134214D03B
:1067C000A9882868DAF7C6FA31460136D7E90023E6
:1067D000F6B2B9F1000F11D0003818BF012088407F
:1067E000024343EAE073C7E900230134082C05F1B2
:1067F0000805DFD198F80E00BDE8F087B0FA80F008
:106800004009ECE7742F01202DE9F34100230446F1
:106810000022CDE900230E4690F83C206946FFF7A0
:10682000BFFF636BDDE9008713B3A56C88EA05053C
:106830001D40D8F707FEA36BC01A322814D89DB9A3
:10684000656B236C1D40336872681D43636B28EAD7
:1068500003032B43C6E90032C4E91032A07BC4E92C
:10686000128702B0BDE8F081D8F7ECFDA063EAE73B
:10687000D6E9002342EA08023B43C6E90023EDE7DC
:106880002DE9FF47D0E901439C4205468A4615D0D1
:106890000A68002304F10801C4E906232372C4E94D
:1068A000001300220023C4E90823022384F82830BF
:1068B00043683033436004B0BDE8F0871D4A0121CE
:1068C000E7F704FED5F800800746FFF753FEA4EB78
:1068D000080900EB09030646DAF8001003950022C8
:1068E00003F1080046F80900C3E906125A601A725B
:1068F000002000210222C3E9080183F82820214654
:1069000032464046FFF76EFEAB680B4ACDF8048076
:10691000A3EB08031B115343044601A80293E4F7B9
:10692000F4FE30232E60303403FB07666C60AE60EB
:10693000C1E700BF281E0508ABAAAAAA2DE9F04F9F
:106940002DED028B14460A6887B00B46042A00F22C
:106950000681DFE812F005001A007E00BE00F90093
:106960001A6A022A08D11969FFF76AFE012007B0E6
:10697000BDEC028BBDE8F08F012A40F0F28000F1FF
:1069800030012046FFF77CFFF0E7196A022908D1A1
:10699000D3E904231A4314BF0123002380F83C30B9
:1069A000E4E7012940F0DD806568A36890F83CA029
:1069B0009D424FF0000812D005F10803C5E90038E8
:1069C000C5E906A885F8088000220023C5E9082348
:1069D000022385F82830636830336360C6E7624A73
:1069E0002046E7F773FDD4F800900746FFF7C2FD95
:1069F000A5EB090B00EB0B0303F1080240F80B2099
:106A00000646002100200222C3E9080183F828205D
:106A1000C3E906A8C3F8048083F8088029463246F3
:106A200048460594FFF7DEFDA368CDF80C900546B7
:106A3000A3EB09034D4A1B11534303A80493E4F746
:106A400064FE30232660303503FB07666560A66070
:106A50008CE7196A012940F08480D4E901539D42F2
:106A60000AD005F108032B6000236B602B7208220B
:106A70000023C5E90623A7E73B4A2046E7F726FDA2
:106A8000D4F800800746FFF775FDA5EB080900EB79
:106A9000090303F1080240F80920002106460820F6
:106AA000C3E9060100200021C3E908010022059482
:106AB0005A601A72022283F828202946324640463C
:106AC000FFF790FDA368CDF80C800546A3EB080303
:106AD000B0E71E6A012E44D190F83C204FF0000A26
:106AE0004FF0000B6946CDE900ABFFF759FE656832
:106AF000A3689D429DED008B0AD005F108032B6031
:106B0000002385ED068BC5E908AB6B602B725FE750
:106B1000154A31462046E7F7D9FCD4F800800746ED
:106B2000FFF728FDA5EB080900EB090303F10802B4
:106B300040F80920002283ED068BC3E908AB064626
:106B400005945A601A72B5E71A6A022A02D11B69C3
:106B500043630BE7012A04D100F1340111E700205F
:106B600005E7022003E700BF281E0508ABAAAAAA72
:106B7000A0F11000FFF7E2BE104B114A1A604FF46B
:106B8000004199804FF480419A6099811A614021B7
:106B90004FF400529A82998302F18042202102F53B
:106BA000F832998410219A611A629A6299851A635F
:106BB00008219A63042299869A877047742F0120CE
:106BC00000080240034A034692E8030083E80300FA
:106BD000184670479C010010A1F10801FFF7F2BFB1
:106BE000A2F17803012B01D97B2A08D10C2303FBE6
:106BF0000100D0E9AD32934218BFC0F8B8327047F7
:106C0000A0F19800FFF7ECBF00EE902A38B5FAEE3D
:106C1000E90AB0EE000A05460C4615F061FE0C23A9
:106C200003FB04F101F52D716B185A686B589A42F9
:106C300000D138BD83ED020A0C33F8E7A0F19800CB
:106C4000FFF7E2BF10B504464FF4FA70DEF746F9DD
:106C5000D4F8A80007F06CF950B1D4F8A80007F0F8
:106C60007FF928B9D4F8A800BDE810400AF079B936
:106C700010BD0C234B4303F52D7370B50E46C118A0
:106C8000C3584C680546A34214D0194611F80C0BA2
:106C9000904215D18C4205D0621A0C2A0BDD1846A1
:106CA00010F0F2FB0C2101FB0651D1F8B8320C3B7D
:106CB000C1F8B83270BD04BF07C983E80700F1E727
:106CC0000B46E0E7A0F19800FFF7D3BF174B03F1A5
:106CD0004C0270B50360826003F1A402D433044611
:106CE000C0F89820C0F8A03000F55D7500F52D764D
:106CF000AE4208D055F80C0D0028F9D0A968091A41
:106D000019F066FBF4E7D4F8A80010B103685B68DB
:106D1000984704F1A000F5F759FD04F19800F1F748
:106D2000D5FE2046FFF78CF8204670BD508405083C
:106D3000A0F19800FFF7CABFA0F10800FFF7C6BF97
:106D4000A0F1A000FFF7C2BF10B50446FFF7BEFFD9
:106D500020464FF4647119F03BFB204610BDA0F1B2
:106D6000A000FFF7F1BFA0F19800FFF7EDBFA0F181
:106D70000800FFF7E9BF00002DE9F04F2DED028B71
:106D80000468DFED388A646B83B088460746924614
:106D90009946A0470C2101FB0872D2E9AE439C4200
:106DA000B7EE008A0FD084F800A084F80190C4EDFB
:106DB000018A84ED028A0C44C2F8B84203B0BDECEB
:106DC000028BBDE8F08FD2F8B4B22748A4EB0B02D7
:106DD000951045432548854202D1254819F080FE8B
:106DE000012D2CBF6D190135854228BF05464D4345
:106DF0002846CDE9003219F069FB019A009B00F8A2
:106E000002A08118064681F80190C1ED018A81ED4A
:106E1000028A8646DC4664451BD1164AA4EB0B0465
:106E2000A408544324F040440C2204FB0222B4186A
:106E3000BBF1000F04D0A3EB0B01584619F0C8FAC0
:106E40000C2303FB0877C7E9AD642E44C7F8BC6286
:106E5000B4E79CE807000EF10C0E0EE907000CF1F8
:106E60000C0CD8E700000000ABAAAAAAAAAAAA0A9A
:106E7000281E0508ABAAAA2AA0F19800FFF77CBF3C
:106E800037B50446482019F021FB042300930B4A30
:106E90000B4B0C490546F5F7ABFFD4F89400C4F84A
:106EA000945010B103685B689847D4F89400036865
:106EB0001B6903B0BDE83040184700BF74A1050846
:106EC000340200103CA3050813B5044901AA044686
:106ED000E5F7D8FD204602B010BD00BF093905080E
:106EE000A1F10801F0E700BF2DE9F0472DED028B7D
:106EF00004468AB0FEF730FF04F19800F1F7DAFD9E
:106F000004F1A000F5F79AFC7D4B236003F14C02DD
:106F1000A26003F1A402D4330026C4F8A03004F127
:106F2000B40543F6FF73C4E92A633146C4F89820D8
:106F300084F8B0604FF40072284610F037FB3146F9
:106F4000C02204F52D7010F031FB3146102204F5FB
:106F50005D7010F02BFB40F6C413C4F884339FED32
:106F6000668B6423A4F88833DFF8C891654B664FBD
:106F7000C4F88C336FF0440A4FF0000800265046E6
:106F8000D5F79CFC42464B46D5F72CFEB0EE480A9E
:106F9000F0EE680A41EC110B15F0BAFB324651ECE9
:106FA000100B3B46D5F7F4FCD5F7EAFF0AF1010ACE
:106FB000BAF13B0F45F8040BE1D1544BC4F8A430AF
:106FC0001A6853496423D362524B01261B68B3FBF2
:106FD000F1F3013B93624FF44A70166019F076FAB0
:106FE000002105464C48F2F74FF9009690E80C0056
:106FF000494928460AF01AFB484BD4F8A8002B60F0
:1070000003F174022A6103F18C02AA6103F1C00248
:107010006A6203F58C726A6403F5A672C5F884206F
:1070200003F5B072C5F8882003F5BC7203F5C6738A
:10703000C5F8C020C5F8C430C4F8A85010B1036822
:107040005B689847364E0FCE04AD0FC596E8030037
:1070500085E803000AAB13E907008DE8070004ABDD
:107060000ECBD4F8A80007F046FBD4F8A800002106
:1070700009F0A6FED4F8A83093F808310BB9F6F75A
:1070800087FFD4F8A800012107F06EFA0022D4F897
:10709000A800114607F07FFAD4F8A800002380F872
:1070A000E63108F061FF08B9F6F772FFD4F8A800DE
:1070B000012107F059FA0326D4F8A800012208217B
:1070C00007F048FD04F10800164B1749009600220E
:1070D000EAF76CFF154B16490096012204F10800EF
:1070E000EAF764FFD4F8A400DCF700FB20460AB0FE
:1070F000BDEC028BBDE8F0870000000000000040FE
:107100005084050817B7D13800807B40DC0501208A
:1071100040420F00000000108C2E0120785105081D
:1071200070110508203905089F2005082A3905082F
:10713000403905080000284038B5D0E9AD31994202
:1071400090F8742304460BD1002A53D0002280F813
:107150007423BDE83840D0F8A800114607F01BBAE8
:1071600042B9B0F98413D0F8A80007F014FA01234B
:1071700084F87433D4F8B852D4EDE36A15ED016A9B
:1071800055ED027A15F80C3CE6EE267A04EB830303
:1071900093ED2D7A45ED027A67EE877A17EE900A25
:1071A000D5F79EFB15A3D3E90023D5F7F1FBD5F75F
:1071B000E7FE00EE100A15F06BFC15F80B3CDFED56
:1071C0000E6AD4F8A80007EE103AB8EEC77AC7EEF8
:1071D000267A94ED2B7A67EE807AB8EE477A67EEDE
:1071E000877AFDEEE77A17EE903A19B2BDE838409B
:1071F00007F0E2B838BD00BF0000FE42182D44542D
:10720000FB210940D0F8A4308B4201D1FFF794BF95
:107210007047A0F1A000FFF7F5BF00002DE9F0478F
:10722000D0E90078324AA8EB070A4FEA2A13534301
:10723000304A934206460C4602D12F4819F050FCC2
:10724000012B2CBFDB180133934228BF1346302299
:1072500002FB03F5284619F039F9216800EB0A030F
:107260008146002203F1080049F80A00C3E906122A
:107270005A601A72002000210222C3E9080183F833
:1072800028203C4609F10803A0450DD103F128044C
:1072900027B1B1683846C91B19F09AF84D44C6E9C0
:1072A0000094B560BDE8F087224643F8083C52F8E8
:1072B000081B914217D1626818460132D5F790F841
:1072C0000346D4E906013033626843F8342C43E9BD
:1072D0000801D4E9080194F8282003F8102C43E9A8
:1072E00006013034D0E7A26843F8081C1A60E8E7CA
:1072F000ABAAAAAAAAAAAA02281E050838B504465B
:107300000846236A022B01D0202B02D12369136087
:1073100038BD012B01D0102BFAD1D0E901318B42BD
:1073200013D0116803F108040022C3E90042C3E945
:1073300006121A72002400250222C3E9084583F8C8
:107340002820436830334360E2E71146FFF766FFC9
:10735000DEE708B503460846114602681AB1012A5D
:1073600007D0002008BD03F56172FFF7C7FF0120B9
:10737000F8E703F1AC02F8E7A0F10800FFF7E9BF76
:10738000034A034692E8030083E803001846704767
:10739000A4010010A1F11001FFF7F2BF012380F852
:1073A0004730036800211B69184710B5036804467D
:1073B0001B6900219847002384F8473010BD90F8DE
:1073C000461090F8443001F0070141EAC33190F8CB
:1073D00045301B0103F07003194389B24FF4087064
:1073E000F6F728B9A0F13000FFF7E9BF70B5044601
:1073F0000E461546B44201D1284670BD21462846A6
:10740000E8F798FDD4E90623C5E90623D4E9082363
:10741000C5E9082394F8283085F828302046E5F798
:10742000B1FA30343035E5E7184B70B50646184CE4
:10743000036003F14802A033026146F8303F154B68
:10744000216800220546A0691A70DCF763FA6168BA
:10745000A069DCF75FFAA168A069DCF75BFAE16874
:10746000A069DCF757FAA069DCF77AF93046F1F742
:1074700019FE05F11000EAF7DBFCE868064B2B600B
:1074800008B1E5F7C7FA284670BD00BF9C8505081E
:10749000BC690508BC2F012074630508A0F1100029
:1074A000FFF7C2BFA0F13000FFF7BEBF10B5044622
:1074B000FFF7BAFF2046482118F08AFF204610BD8A
:1074C000A0F13000FFF7F2BFA0F11000FFF7EEBF10
:1074D00013B5044901AA0446E5F7D4FA204602B0E0
:1074E00010BD00BF51390508A1F11001F0E700BF40
:1074F00000232DE9F341C0E900338360114B541A96
:107500009C4205460E46904602D90F4819F0E8FA0B
:10751000062767431CB1384618F0D8FF0446C5E972
:1075200000442744AF60B04504D128466C6002B0E7
:10753000BDE8F081204656F8041B01AAE5F7A2FA3F
:107540001834F0E7545555155C1E0508024B1878A1
:1075500080F00100704700BFBC2F01200A4B4FF69E
:10756000FF72DB69B3FBF0F0B0FBF2F2531CB0FB2F
:10757000F3F300209BB263F30F0092B282B062F388
:107580001F4002B0704700BFBC690508013A032ADA
:1075900016D8DFE802F002070C110A4B9B691B6842
:1075A00059637047074B9B691B6899637047054B8C
:1075B0009B691B68D9637047024B9B691B68196400
:1075C000704700BFBC690508F8B590F84730002B3C
:1075D00000F08B8090F844304C4224B2002B08BF5E
:1075E0000C4690F84630032B7FD8DFE803F00256B4
:1075F00036604FF47A7314FB03F347F6FF7293FB84
:10760000F2F307EE903A90ED0E7AF8EEE76ADFEDCE
:10761000377A67EE277AE6EEC77ADFED356A67EEEE
:10762000266AF4EEE67AF1EE10FA0CDCDFED316A50
:1076300027EE267AB4EEE77AF1EE10FAD4BFF0EE38
:10764000676AF0EE476A2C4BFCEEE67A1A7D17EE7D
:10765000901ABDE8F840FFF799BF274D002CAF7C8A
:107660006E7C14DA32460021FFF790FF3A464FF65F
:10767000FF71FFF78BFF002CC36B2A7CB8BF6442FD
:10768000A4B25C4347F6FF7194FBF1F1E1E73A469F
:107690000021FFF77BFF3246E9E7C36B04F5FF44A7
:1076A0007F345C43144B4FF6FF71DA7CECE784EADD
:1076B000E475114BC26B9F7D5E7DA5EBE475ADB2A9
:1076C000002C02FB05F547F6FF7295FBF2F506DA92
:1076D00032460021FFF75AFF3A462946B9E73A46B3
:1076E0000021FFF753FF3246F7E7F8BD0080BB44A7
:1076F0000000FA4400007A44BC69050870B5D0E97E
:1077000000560446AE4207D1206818B1A168091A94
:1077100018F05EFE204670BD2846E5F733F91835AF
:10772000F0E7000030B50D46016889B00446CA6232
:1077300002A818228B6200210FF038FF60234FF05F
:10774000FF310B480193F5F707FD29462046DCF78A
:10775000E1F82A4601A92046DCF75CFC29462046D0
:10776000DCF7D6F80248F5F7FFFC09B030BD00BFE2
:10777000B42F012037B50446032970D8DFE801F0A3
:10778000024E596490F84630002B3ED1354BDB69F0
:1077900049F64042E263344AB3FBF2F3314D2364CD
:1077A000EA6984F845103149B2FBF1F207EE902AFC
:1077B0005A1C07EE102AF8EEE77AB8EEC77AE26BA9
:1077C0002968A869C7EE876AC4ED0E6AFFF7AAFFA9
:1077D000D4E90F236968A869FFF7A4FFD4E90F2350
:1077E000A968A869FFF79EFFD4E90F23E968A86993
:1077F000FFF798FFA869D7F787FA23681B6900216C
:10780000204603B0BDE83040184740F6B830FFF7D7
:10781000A5FE83B2E3630190030CBFE790F8463006
:1078200023B9104B47F23052DB69B3E742F22830FC
:10783000EDE790F8463023B90A4B44F62062DB6945
:10784000A8E744F26820E2E790F8463023B9054BF8
:1078500042F21072DB699DE745F6C050D7E703B0EE
:1078600030BD00BFBC69050880841E0040420F0087
:1078700080F8461090F84510FFF77CBF13B5002341
:10788000044601220DF106014FF40870ADF80630F0
:10789000F5F704FF90B19DF80610204601F00F01A6
:1078A000FFF7E6FFBDF806102046C1F30211FFF70F
:1078B00061FFBDF80630DB0B84F8443002B010BD28
:1078C000A0F13000FFF7DABF2DE9F3412F4B036041
:1078D0004FF000080446C0F80880182018F0F6FDA4
:1078E000054601262A4BC0E9016645F80C3B0746D0
:1078F0002846EEF71FF927494346C4E90257842278
:1079000004F11000E9F7ECFE04F13000F1F738FB68
:10791000214B236003F14802A03323634FF07E53D1
:107920002261A36344F620625F23C4E90F234FF46E
:1079300080336364194B20461E70FFF79FFF94F855
:1079400045102046FFF716FF0B2704F11000EAF759
:10795000A9FB324604F11000114B12490097EAF7D7
:1079600025FB424604F110000F4B10490097EAF73F
:107970001DFB0323009304F110000D4B0D4902225F
:10798000EAF714FB204602B0BDE8F08174630508F5
:1079900054560508693905089C850508BC2F012047
:1079A000703905082129050885390508AE3605080E
:1079B0000A360508444305082DE9FF47D0E901438D
:1079C0009C4205468A4615D00A78002304F1080136
:1079D000C4E906232372C4E9001300220023C4E98A
:1079E0000823022384F8283043683033436004B00E
:1079F000BDE8F0871D4A0121E6F768FD302303FB4F
:107A000000F73846D5F8008018F060FDA4EB0809AF
:107A100000EB090306469AF800100395002203F1D3
:107A2000080046F80900C3E906125A601A720020DD
:107A300000210222C3E9080183F8282021463246AA
:107A40004046FFF7D3FCAB68094ACDF80480A3EBAE
:107A500008031B110446534301A802933034E3F793
:107A600054FE2E603E446C60AE60C0E7281E0508E0
:107A7000ABAAAAAA2DE9FF47D0E901539D420446CB
:107A80008A4611D02846E9F7D8FE00230022C5E92E
:107A90000623C5E90823032385F8283063683033BB
:107AA000636004B0BDE8F0871A4A0121E6F70EFDD5
:107AB000302303FB00F84046D4F8009018F006FD90
:107AC000A5EB090707440646514638460394E9F7F3
:107AD000B4FE00220023C7E90623C7E908230323D5
:107AE0003246294687F828304846FFF77FFCA368CE
:107AF000094ACDF80490A3EB09031B110546534333
:107B000001A802933035E3F700FE26604644656025
:107B1000A660C6E7281E0508ABAAAAAA70B50E463D
:107B200005461446B54201D1204670BD294620467F
:107B3000E9F783FE18341835F4E781422DE9F8435C
:107B40000446894621D0D1E9006805688368A8EB1E
:107B500006075B1BBB421FD2384618F0B7FC4146F4
:107B6000024605463046FFF7D9FFD4E90068B04524
:107B70000DD1206818B1A168091A18F029FC2560F8
:107B80003D44A56023683B446360BDE8F88330460C
:107B9000E4F7F8FE1836EAE743685B1B9F421AD900
:107BA00006EB0308B04520D1D4E90036D9F80050DF
:107BB000D9F80480F31A1D44A845E3D0294630467D
:107BC000E9F73BFE18351836F6E731462846EBF75D
:107BD000A8F818351836B045F7D16668AE42D1D04E
:107BE0002846E4F7CFFE1835F8E731462846EBF78C
:107BF00098F818351836D5E72DE9F0470D68012DAE
:107C00009CB08046144608D0022D00F0BC80002DA8
:107C100074D000201CB0BDE8F0870B6A022B04D1A1
:107C2000097CFFF7A7FD0120F4E7012B08D190F8AC
:107C300045308DF8583016A92046FFF7BDFEF2E713
:107C4000082BF0D1854BD3E90079B9EB070624D096
:107C5000304618F03BFC05462E442A464946384635
:107C60000396FFF75BFF98F84630CDE90150B3B9B2
:107C70007B4901A8FFF761FFDDE90178794BA8EBAB
:107C80000706F61000255E43A946AE4209D801A8B2
:107C9000CDE90178FFF732FDC5E73546DCE76F49EE
:107CA000E7E71821704A01FB057104A8F3F7E8FE25
:107CB00029460AA8E4F742FF0AAA04A910A8EDF78A
:107CC000DDFB6A4910A8E9F70DFE014616A8E8F7A2
:107CD00031F916A92046FFF7CDFE16A8E4F752FEAB
:107CE00010A8E4F74FFE0AA8E4F74CFE09F10109D9
:107CF00004A8E4F747FE5FFA89F5C6E70B6A022B92
:107D000003D1097CFFF7B4FD8DE7012B02D190F878
:107D100046308EE7082B86D1554FDFF84881D7E9EA
:107D200000135B1ADB10EEB208FB03F39E42BFF4B4
:107D30007AAF182303FB06114B4A04A8F3F7A0FE01
:107D400031460AA8E4F7FAFE0AAA04A910A8EDF73A
:107D500095FB464910A8E9F7C5FD014616A8E8F7C6
:107D6000E9F816A92046FFF785FE16A8E4F70AFEF3
:107D700010A8E4F707FE0AA8E4F704FE04A80135FA
:107D8000E4F700FECBE70B6A022B01D0202B08D1D1
:107D9000D1E90432134314BF0123002388F844308F
:107DA00041E7012B01D0102B55D1D4E901539D425D
:107DB00014D098F84420002305F10801C5E90623F2
:107DC0002B72C5E9001300220023C5E90823022312
:107DD00085F8283063683033636024E7254A012141
:107DE0002046E6F773FB302303FB00F73846D4F850
:107DF000009018F06BFBA5EB090A00EB0A0306469E
:107E000098F844101894002203F1080046F80A007C
:107E1000C3E906125A601A72002000210222C3E947
:107E2000080183F82820294632464846FFF7DEFA43
:107E3000A3680C4ACDF85890A3EB09031B11054623
:107E4000534316A817933035E3F75FFC26603E4492
:107E50006560A660E7E62846DCE600BFCC2F01207F
:107E6000D82F0120ABAAAAAAF1290508B325050835
:107E7000C02F0120281E0508A0F11000FFF7BCBE8E
:107E800007B50D4A0D4801ABA2F11001FFF730FB19
:107E90000B4A0C4801ABA2F11001FFF729FB0A4A7B
:107EA0000A4801ABA2F11001FFF722FB084803B01A
:107EB0005DF804EBF5F78CB960850508D82F012033
:107EC00050850508CC2F012040850508C02F0120D2
:107ED000B42F0120084A08B51046084B1360F5F787
:107EE00057F90748FFF70AFC0648FFF707FC064862
:107EF000FFF704FC08BD00BFB42F0120E8680508A7
:107F0000C02F0120CC2F0120D82F01201030704726
:107F1000D0F824315B1AC0F828317047A0F1100066
:107F2000FFF7F6BF90F849311BB190F84A3183F062
:107F30000103184670470320704710B50446D7F771
:107F400081FAD4F81431C01A642805D92368B4F929
:107F500010111B6920469847D4E94903C01A10BD87
:107F6000A0F11000FFF7E9BF08B578B1084B9842BF
:107F700006D9084B984201D918F0ACFD18F0A7FDBE
:107F800030235843BDE8084018F0A0BA08BD00BF30
:107F9000AAAAAA0255555505032070472AB1436C79
:107FA000002299881868D8F7DBBE08461146F4F716
:107FB00095BDA0F13C00FFF7F1BF0B4611462AB179
:107FC000436C012299881868D8F7CABE4FF0FF3277
:107FD0001846F4F757BDA0F13C00FFF7EEBF2DE9BE
:107FE000F8430646894600F1080502F10804002717
:107FF0004E45A4F1080001D1BDE8F88344F8084CCF
:1080000055F8083CAB42A84621D155F8042C294626
:1080100001322046D4F7E4F9303458F8043C44F8EF
:10802000343CD5E90423303545E90E8705F8307C2A
:1080300044E9082355E9062344E9062315F8103CD2
:1080400004F8103C3046E4F79DFC3036D0E744F8A5
:10805000083C2B682360DFE7114B03F15C0210B58D
:108060000360026103F19002E8330446C363C26116
:1080700000F5AA70E4F786FC04F13C00F4F72BFC51
:1080800004F11C00E9F7D4FE04F11000EDF7FCFC4C
:10809000E068044B236008B1E4F7BCFC204610BD47
:1080A000988605087463050801F5FF41B0F82C2196
:1080B0007F3189B28A1A82EAE273A3EBE273B3F5E5
:1080C000004F10B5044608DBD0F83031002AB4BFA9
:1080D000013303F1FF33C0F83031D4F83031A4F864
:1080E0002C11C3EB03430B44A3F5FF437F3BC4F8C0
:1080F0002431D7F7A7F9C4F8140110BD38B5A0F89A
:108100001E1104460D46D7F79DF9C5F3401315F42B
:108110008055C4F8400184F84A3108BF84F84951B9
:1081200038BD02F00300C0F104009201C0B230B5C6
:1081300001F80129421E23F04043D20011F8015FEB
:1081400023FA02F4083A2C4312F1080F0C70F5D10F
:1081500030BD10B500210446202248300FF026FA29
:10816000002384F86830206C84F82F31012184F8D2
:108170002E3184F84831BDE81040F4F7AFBC10B59B
:108180000446D7F75FF9D4F84431C01A0A2805D954
:1081900094F8483113B12046FFF7DBFF206C0A2228
:1081A000BDE810400121F4F76DBC0000F8B50446AD
:1081B0000E4615461F46FFF7E2FF002838D024235D
:1081C0002A4684F8693084F86A50314684F86B7026
:1081D00004F16C00D4F704F9EA1C002304F16901EE
:1081E0001448E8F7D8FA6319020A83F86C2083F878
:1081F0006D006A1D206C04F16901F4F726FC054648
:1082000060B15FB1D7F71EF90123C4F83C01206CBF
:1082100084F82F31F4F70CFC2846F8BD2368216C54
:108220001B6D204601229847206C0121F4F756FC73
:108230000025F1E7340B00102DE9F74300269146A5
:108240001F4602220B46694604468DF80060CDF8B1
:1082500001608DF80560FFF764FF4B4605460DEBA6
:10826000000132462046FFF75CFF2A1894F81C31C3
:10827000D2B269462046FFF799FF0546D8B1D7F735
:10828000E1F80646D7F7DEF8801B092805D894F8F0
:108290002F3113B1F4F7E0FFF4E794F82F317BB1FD
:1082A000012384F84831D4F818310133C4F8183167
:1082B000002384F82F310025284603B0BDE8F08361
:1082C000002FF9D0D4F890303B60F5E7002380F818
:1082D0004A31022240F22A21FFF7AEBF00230122D9
:1082E00040F6E511FFF7A8BF10B5036800211B6930
:1082F00004469847002320461A46BDE8104040F641
:10830000E511FFF799BF0000F8B50446006C0E4672
:10831000F4F70FFC0546D7F795F8C4F8440194F834
:1083200068301F2B00F2A380002D40F0A08094F84D
:1083300068303278591C234484F8681083F8482048
:1083400094F8483094F82E21DBB232B1112B04D1CD
:1083500094F868100629CAB207D094F82F215ABBA6
:10836000206CBDE8F840F4F763BB454884F82E5113
:10837000522304F14801E8F7F3F960B1012384F8CE
:108380004831D4F80C310133C4F80C312046BDE833
:10839000F840FFF7DEBEB4F84960B4F84B50204611
:1083A000FFF7D7FE31462046FFF77EFE29462046DE
:1083B000BDE8F840FFF7A2BE252BD1D194F8683074
:1083C000052BCDD994F8493094F84A2094F86810D8
:1083D000DDB204338B42D2B2C2DA94F81C3193423C
:1083E000D4D194F868202748002304F14801E8F725
:1083F000D2F940B1D4F80C310133C4F80C31012367
:1084000084F84831C2E784F8890004F14B068542BC
:1084100019D8002384F82F31B8E71CF8017F1039F0
:1084200007FA01F10A437146B1F1080EF5D194F84B
:1084300089104F1C223104EB8101034484F88970B8
:10844000D8B24A60E3E794F889301F2BE1D82318AB
:1084500006EB000C93F84B209309C3F10403DBB245
:10846000591EC90002F03F028A40D900DCE7D4F867
:1084700018310133C4F81831012384F84831F8BDAC
:10848000340D0010340B0010A0F13C00FFF73CBF8E
:1084900037B500F11C0401252046E9F703FE20460C
:1084A0001C4B1D4900950022E9F780FD2A46204615
:1084B0001A4B1B490095E9F779FD2046194B1A49DB
:1084C00000950222E9F772FD2046184B18490095E5
:1084D0000322E9F76BFD2046164B1749009504224D
:1084E000E9F764FD2046154B154900950522E9F78B
:1084F0005DFDB02300932046124B13490622E9F795
:1085000055FD124B1249009507222046E9F74EFD12
:1085100003B030BDFA350508EE390508F539050810
:10852000063A05080E3A0508E54505081C3A05080F
:108530004D4A0508293A0508ED490508363A050867
:10854000453A05084D3A0508653A0508693A0508AF
:10855000753A05082DE9F84FFF2B93461ABF03F033
:108560000302C2F10B0205229846D31D23F0070334
:1085700000AFADEB030D0446684600258A4600F8BF
:10858000015B013A2946BE6A0FF010F8B8F1FF0FFF
:10859000E9461FFA8AFA0FD00A23022269462046CA
:1085A000FFF7BFFD434605460DEB000101222046C3
:1085B000FFF7B7FD0544EDB209EB050109230222DF
:1085C0002046FFF7AEFD054459FA85F153460122D6
:1085D0002046FFF7A6FD50FA85F5EAB294F81C3163
:1085E00049462046FFF7E2FD054620B9012384F8FD
:1085F000483100251AE0D6F725FF8146D6F722FF3D
:10860000A0EB0900B04205D294F82F3113B1F4F772
:1086100023FEF3E794F82F3163B9B8F1FF0F0CBFD5
:10862000D4F89030D4F89830CBF800302846BD46C6
:10863000BDE8F88F012384F84831D4F818310133AC
:10864000C4F81831002384F82F31D2E713B50A2477
:108650000094FFF77FFF02B010BD07B5FF2301AA0A
:108660004FF46171FFF7F2FF18B1019800EB800041
:10867000400000B203B000BD07B5FF2301AA40F2DD
:108680008531FFF7E3FF48B101984FF47A7310FB8F
:1086900003F04FF40C7390FBF3F000B203B000BD95
:1086A00070B5044686B0D6F7CDFED4F83C31C01A7A
:1086B000952802D8002006B070BD002301AA41F21F
:1086C00084712046FFF7C2FF064610B1019BA4F853
:1086D000203100231A464FF40A712046FFF7ACFD03
:1086E000012302AA40F229212046FFF7AFFF029B97
:1086F000054610B1A4F81E313546002BDAD0002310
:10870000039303AA012340F235212046FFF79EFF81
:108710000123054004AA40F2ED112046FFF796FF21
:1087200080B39DF8103084F86C31013B072B22D8C0
:10873000DFE803F00404040404181B1E039B9B00E1
:10874000A361012305AA40F22F212046FFF77EFFF7
:1087500028B1059B032B14BF002005F0010084F80D
:108760004901A8E7039B1B01EAE7039B9B01E7E79D
:10877000039B1B02E4E704F5A670EDF72BFD012334
:1087800084F84A310025DCE790F82F3170B50446B3
:108790000E461546CBB990F8493193B1D6F752FE43
:1087A000D4F83C31C01A0A2810D8D6F74BFED4F8BA
:1087B0004431C01A0A2813D9206CF4F7B8F948B923
:1087C0000EE0FFF76DFF0028E8D170BD94F82E3160
:1087D000002BEAD0012384F84831002384F82E319D
:1087E0002046FFF7CCFC18B9012384F84831ECE7A8
:1087F000102384F8343194F81C3184F83531062282
:10880000522304F59A711348A4F83661A4F838513C
:10881000E7F7A6FF04F59A7184F83A010722206C65
:10882000F4F713F9216C50B9236820461B6D01221F
:108830009847206C0121BDE87040F4F74FB9084615
:10884000F4F7F6F8D6F7FEFD0123C4F83C0184F8EE
:108850002E31BAE7340D0010A0F81011002289B2B1
:10886000FFF792BF836910B5044613B190F8493100
:1088700013B92046FFF714FFA06910BDA0F1100046
:10888000FFF7F0BF0F4A45F2555303EA500302EADF
:10889000400243EA02000C4A81B243F2333302EA57
:1088A000810203EA90031343C3F30B109AB220F042
:1088B000F000064B000503EA0213000D184340BA0E
:1088C00080B27047AAAAFFFFCCCCFFFFF0F0FFFFF9
:1088D0002DE9F041714B0025044688B003608560A6
:1088E0001820884617F0F2FD06466D4B0122C0E9BC
:1088F000012246F80C3B07463046EDF71BF9C4E968
:10890000026704F11000EDF715F943468922654925
:1089100004F11C00E8F7E4FE634904F13C00F4F7BD
:108920000BF9624B236003F15C02226103F19002B8
:10893000E26194F81C2184F868500132E83384F82D
:108940001C2147F6FF72E363A4F82C21584B84F8EE
:1089500089504FF48872C4F80C51C4E94955C4F8E1
:1089600014516364C4F81851A4F8105184F82E51BE
:10897000A4F8205184F82F51C4F83051C4F83C5168
:10898000C4F83421C4F8405184F83851C4F8445133
:1089900084F8395184F83A5184F8485184F849519F
:1089A00084F84A5143496A4601A8E4F76BF8DDE9C7
:1089B00001752023C4F84C3104F5AE7002230F2D4D
:1089C00084F85031C4F8540105F1010606D9304647
:1089D00017F07CFDC4F85C51C4F8540132463946A6
:1089E000354EE4F745F8C4F8585101A8E3F7CAFF3B
:1089F0003378ABBB31491A46082557B25200D2B280
:108A000082F00700013D32EA270228BF024615F036
:108A1000FF05F2D101339BB2B3F5807F01F8012B42
:108A2000E9D1274FA8B2FFF72DFF1023001201B2A2
:108A3000400080B280F4004282F00502013B30EA3F
:108A4000210028BF104613F0FF03F0D1FFF71AFFF3
:108A50000135B5F5807F27F8020BE3D10123337090
:108A600000254FF4E123CDE901350C23CDE905358F
:108A700001A94FF40043206C0793CDE90355F3F7A8
:108A8000A5FF636C2A4618689988D8F769F92046CB
:108A9000FFF7FEFC204608B0BDE8F08174630508CE
:108AA000545605087D3A0508242E012098860508AD
:108AB0008C2D0120813A0508E62F0120340D00108D
:108AC000340B00102DE9FF47D0E901439C420546D5
:108AD000894615D00A6804F1080323600023C4E91D
:108AE00006232372636000220023C4E908230223C3
:108AF00084F8283043683033436004B0BDE8F08721
:108B00001D4A0121E5F7E2FCD5F800800746FFF792
:108B10002BFAA4EB080A00EB0A03D9F8001003951E
:108B200003F1080240F80A200022C3E906120646B3
:108B30005A601A72002000210222C3E9080183F85A
:108B40002820214632464046FFF749FAAB680B4AD7
:108B5000CDF80480A3EB08031B115343044601A87E
:108B60000293E2F7D2FD30232E60303403FB076618
:108B70006C60AE60C1E700BF281E0508ABAAAAAAB8
:108B80002DE9FF47D0E901439C4205468A4617D0AC
:108B9000B1F9003004F10802D917226000222272D4
:108BA000C4E90631626000230022C4E908230223DD
:108BB00084F8283043683033436004B0BDE8F08760
:108BC0001D4A0121E5F782FCD5F800800746FFF732
:108BD000CBF9A4EB080900EB09030646BAF900201B
:108BE000039503F1080146F80910D0170021C3E9E5
:108BF000062059601972002000210222C3E90801F1
:108C000083F82820214632464046FFF7E8F9AB6852
:108C10000A4ACDF80480A3EB08031B115343044612
:108C200001A80293E2F771FD30232E60303403FB7C
:108C300007666C60AE60C0E7281E0508ABAAAAAA4A
:108C40002DE9FF47D0E901439C4205468A4615D0ED
:108C50000A88002304F10801C4E906232372C4E949
:108C6000001300220023C4E90823022384F82830DB
:108C700043683033436004B0BDE8F0871D4A0121EA
:108C8000E5F724FCD5F800800746FFF76DF9A4EB63
:108C9000080900EB09030646BAF800100395002204
:108CA00003F1080046F80900C3E906125A601A7277
:108CB000002000210222C3E9080183F82820214670
:108CC00032464046FFF78BF9AB680B4ACDF804807B
:108CD000A3EB08031B115343044601A80293E2F7D8
:108CE00014FD30232E60303403FB07666C60AE60E9
:108CF000C1E700BF281E0508ABAAAAAA2DE9FF47B5
:108D0000D0E901439C4205468A4616D00B6804F11F
:108D10000802D917226000222272C4E9063162607B
:108D200000230022C4E90823022384F82830436882
:108D30003033436004B0BDE8F0871E4A0121E5F7F7
:108D4000C5FBD5F800800746FFF70EF9A4EB08092C
:108D500000EB09030646DAF80020039503F1080149
:108D600046F80910D0170021C3E90620596019728E
:108D7000002000210222C3E9080183F828202146AF
:108D800032464046FFF72BF9AB680B4ACDF804801A
:108D9000A3EB08031B115343044601A80293E2F717
:108DA000B4FC30232E60303403FB07666C60AE6089
:108DB000C0E700BF281E0508ABAAAAAA0B7813B506
:108DC0001446072B43D8DFE803F0040C0F181B24CC
:108DD000272100F586712046FFF774FE012002B0BE
:108DE00010BD00F58C71F6E7FFF737FCADF8040015
:108DF00001A92046FFF7C4FEF0E7FFF73DFCF5E7C9
:108E000000F58F712046FFF71BFFE7E700F5907133
:108E1000F8E7FFF75BFAE1E70B6A102B0DD10023AF
:108E200000930989FF236A46FFF710FC009B01931A
:108E300001A92046FFF762FFD0E7202BCED1002307
:108E40000A69009309896B46FFF7F6F9EEE70020FF
:108E5000C5E7A0F11C00FFF7B1BF03207047000079
:108E6000034A034692E8030083E80300184670476C
:108E7000BC010010A1F15401FFF7F2BFD0F8C430DB
:108E80005B1AC0F8CC307047036810B5DB69044644
:108E90009847D4F8CC30C01A10BD90F8FC0020B12F
:108EA000431E58425841400570474FF48020704798
:108EB000194B03F1480210B5C26003F17C02036054
:108EC000C26403F19402EC334367144B4265002201
:108ED00004461A70D0E905120069F0F7C9FB04F1E5
:108EE000F400E6F73FFC04F1EC00E6F73BFC04F18C
:108EF0007400F4F707FB04F15400E8F799FF04F15C
:108F00004C00F0F7CFF804F10C00F0F713FC20460A
:108F1000ECF7BAFD204610BDE4870508E72F0120D5
:108F2000A0F15400FFF7C4BFA0F14C00FFF7C0BF91
:108F3000A0F10C00FFF7BCBFA0F17400FFF7B8BFB1
:108F400010B50446FFF7B4FF20464FF4827117F0C6
:108F50003FFA204610BDA0F17400FFF7F1BFA0F169
:108F60005400FFF7EDBFA0F14C00FFF7E9BFA0F1FF
:108F70000C00FFF7E5BF38B590F8FC2090F8FE3004
:108F800090F8D010012A4FEA83034FEA022202F43C
:108F9000706203F00C03044643EA020301F003018C
:108FA00041EA030140F201400CBF05250225F4F718
:108FB00041FBD4F8CC10294189B2BDE838404FF4C8
:108FC0008060F4F737BBA0F14C00FFF7D4BF90F8F6
:108FD000D13010B5044613B1D4F8C40010BD01233C
:108FE00080F8D130EC30F4F715FAD6F72BFAD4F834
:108FF0000031C01A0228EFD9022104F1F400F4F77D
:10900000F7F9E9E708B578B1084B984206D9084B5B
:10901000984201D917F05EFD17F059FD30235843EF
:10902000BDE8084017F052BA08BD00BFAAAAAA02BC
:109030005555550590F8D13013B50446BBB1806F36
:1090400001A9DEF743F8019B4BB14FF0E0234FF04D
:109050008052C3F8042DBFF34F8FBFF36F8FD4F846
:10906000E430C4F8DE30B4F8E830A4F8E23002B0FE
:1090700010BDA0F10C00FFF7DDBF70B504460E4631
:109080001546B44201D1284670BD21462846E6F770
:1090900051FFD4E90623C5E90623D4E90823C5E92D
:1090A000082394F8283085F828302046E3F76AFC36
:1090B00030343035E5E710B504460069F0F7C4F9FF
:1090C000206904F12001F0F7E9F82069BDE81040BB
:1090D000F0F7DFB970B504460E46D0E90512006915
:1090E000F0F7C6FA2069F0F7CDF8D0E90031C91AD7
:1090F000C1F3C701B14228BF314684F8D0102069BE
:10910000F0F7C2F803686361838823832046FFF782
:10911000D2FFD4E905122069BDE87040F0F756BAD5
:109120001FB590F8FC3000F10C02A3B98DF809309E
:10913000ADF80C306423CDE9002361F07F010069B4
:109140008DF80810022303AA02A9F0F750F99DF840
:109150000D0004B010BD00238DF80A30ADF80C30BE
:109160008DF80E306423CDE900238DF809100069D5
:109170003024032303AA02A98DF80840F0F737F939
:109180009DF80E00E5E71FB590F8FC3073B9642335
:109190008DF80D2000938DF80C1000F10C030222C5
:1091A000006903A9F0F7FAF805B000BD012BFBD167
:1091B00060238DF80C3064238DF80E2000938DF819
:1091C0000D1000F10C030322EAE700001FB590F830
:1091D000FC30012B1ED1104B1A889B788DF80A3079
:1091E0000023ADF80C308DF80E306423019300F1AC
:1091F0000C0300930069ADF80820032303AA02A919
:10920000F0F7F5F89DF80E00A0F1550358425841CB
:1092100005B000BD0020FBE7881105081FB590F8D8
:10922000FC309BB900F1D8018322C0F8D8208DF81A
:109230000C300B7100F10C030292009300F1E40278
:1092400004230069F0F744F805B000BD012BFBD101
:1092500000224FF46873ADF80C20C0F8D8300293A8
:10926000BDF80C30A0F8DC3000F10C03009300F1E5
:10927000E402062300F1D801E3E70000F8B590F816
:10928000FC30044693BB90F8DF5090F8E01090F863
:10929000E13081EA5106C1F3400085EA550787EACB
:1092A000970786EA9606DA0884F8B800C3F3001038
:1092B00082EA930284F8B90087EA060082EA920201
:1092C00080EA171080EA161082EA12121B09104376
:1092D00043EA85238908C04343EA011300F00100F3
:1092E000C4F8C030002384F8D130F8BD012B21D15F
:1092F00090F8E23090F8E01090F8E12094F8E35014
:10930000C3F3400084F8B80003F00100DB0843EA2F
:10931000413343EA421384F8B900C4F8C030064828
:109320000023032204F1E001E7F71AFA2B1A58424E
:109330005841D7E70020D5E7340E001070B5044639
:109340004FF0FF3104F1EC00F4F752F82046FFF73C
:1093500065FF4FF0FF310120DDF7FAFD2046FFF7F2
:109360008DFF70B3236820469B6A9847D4E92F216C
:109370008E1AB6EB500FD4F8C8301CDD013BC4F890
:10938000C8302368C4F8BC109B6AD4F8C860204673
:109390009847D4F8C03000FB0633C4F8C430D6F781
:1093A00051F8C4F8000104F1F400F4F733F8002395
:1093B00084F8D130C4E7521AB2EB500FE1DD01332B
:1093C000DDE7D4F8D4300133C4F8D430E7E7A0F1B6
:1093D0007400FFF7B3BF0023C0E9303380F8FC10FE
:1093E000C0F8BC30C0F8C830C0F8D430A0F8B830ED
:1093F0007047000013B590F8FE308B42044618D039
:10940000032928BF032180F8FE1000EB810191EDB4
:109410002B0A9FED091A0169DFED080A6846F0F78B
:109420001DFA009BA363204602B0BDE81040FFF781
:1094300042BE02B010BD00BF0000807F00000000EF
:109440002DE9F341012206460DF1060140F20140EB
:10945000F4F724F948B3BDF80640230A012B4FF076
:1094600001020DF106014FF480600CBF4FF00508BA
:109470004FF0020804F003051F46F4F70FF908B196
:10948000BDF8060000FA08F0C6F8CC0039463046B0
:10949000FFF7A1FF2946FFF71DFEC4F38101304607
:1094A00002B0BDE8F041FFF7A5BF0446D5E7A0F143
:1094B0004C00FFF7C5BF00002DE9F0418AB004461B
:1094C000ECF738FB7448EFF7DBFE036872490CCB0E
:1094D00004F10C00F0F79EF804F14C00EFF750FD9A
:1094E00000236E49622204F15400E8F7F9F804F110
:1094F00074076B4903AA04A8E3F7C4FA2A234FF4BC
:10950000807204A93846F4F719F804A8E3F73AFA88
:10951000644B236003F14802E26003F17C02E264E1
:1095200003F194026265604A07CAEC330025636761
:1095300004F1AC0383E807002946C4E92F55C4E9C8
:109540003155C4E93555A4F8B850C4F8CC50A4F846
:10955000D050A4F8DC50C4F8DE50A4F8E250C4F8AF
:10956000E450A4F8E85004F1EC00F3F767FF294653
:1095700004F1F400F3F762FF4FF4E063A4F8FC3069
:109580004A4B21699FED4A1ADFED4A0A9FED4A0ACC
:1095900084F8FE504FF00108C4F8005104A883F885
:1095A0000080F0F75BF9049B94F8FD10434AC4F87F
:1095B0003080C4E90E350223E36284F81C802B4618
:1095C0004FF008084FFA83FC5B00DBB281EA03002E
:1095D00008F1FF3833EA2C0328BF034618F0FF08D0
:1095E000F0D10135ADB2B5F5807F02F8013BE6D18F
:1095F0002046FFF725FFD4E905122069EFF7E6FFC3
:10960000032504F15400E8F74DFD424604F15400EF
:109610002B4B2C490095E8F7C9FC04F154002A4B68
:109620002A4900950122E8F7C1FC0123009304F1C7
:1096300054004FF00B08264B26490222E8F7B6FCEF
:109640002A4604F15400244B2449CDF80080E8F761
:10965000ADFC04F15400224B2249CDF800800422D5
:10966000E8F7A4FCB023009304F154001E4B1F49FB
:109670000522E8F79BFC81231D49009306221D4B20
:1096800004F15400E8F792FC3846F3F707FF204650
:109690000AB0BDE8F08100BF4C2E0120C93A050890
:1096A000CF3A0508E48705088C110508E72F01204B
:1096B0000000807F000000008096184B340E0010E0
:1096C0008A3E0508D53A0508D83A0508683C0508D9
:1096D000E13A05087A2F0508F43A0508AE36050880
:1096E000153B050864370508263B0508653A05085B
:1096F000FE2D05083A3B05082DE9FF47D0E9014357
:109700009C4205468A4615D00A78002304F10801D8
:10971000C4E906232372C4E9001300220023C4E92C
:109720000823022384F8283043683033436004B0B0
:10973000BDE8F0871D4A0121E4F7C8FED5F8008096
:109740000746FFF75FFCA4EB080900EB0903064698
:109750009AF800100395002203F1080046F809006A
:10976000C3E906125A601A72002000210222C3E9DE
:10977000080183F82820214632464046FFF77DFC49
:10978000AB680B4ACDF80480A3EB08031B115343CD
:10979000044601A80293E1F7B8FF30232E6030346D
:1097A00003FB07666C60AE60C1E700BF281E0508BA
:1097B000ABAAAAAA2DE9FF47D0E901439C4205467E
:1097C0008A4616D00B6804F10802D91722600022DD
:1097D0002272C4E90631626000230022C4E9082332
:1097E000022384F8283043683033436004B0BDE876
:1097F000F0871E4A0121E4F769FED5F8008007468C
:10980000FFF700FCA4EB080900EB09030646DAF8B1
:109810000020039503F1080146F80910D017002134
:10982000C3E9062059601972002000210222C3E911
:10983000080183F82820214632464046FFF71DFCE8
:10984000AB680B4ACDF80480A3EB08031B1153430C
:10985000044601A80293E1F758FF30232E6030340C
:1098600003FB07666C60AE60C0E700BF281E0508FA
:10987000ABAAAAAA10B588B0044601AA02A8E3F7C9
:1098800001F902A92046E6F770FB02A8E3F77AF88F
:10989000204608B010BD00002DE9F04F2DED028BE1
:1098A00014460A68A9B005460B46062A00F245820E
:1098B000DFE812F0070021008300D5001F012B0212
:1098C0003B021A6A012A08D190F8D0300133229362
:1098D00022A92046FFF76EFF07E0022A40F02F8200
:1098E000197C0139C9B2FFF7F5FB012029B0BDECA5
:1098F000028BBDE8F08F1E6A012E56D103685B69AA
:1099000098476568A3689D4281464FEAE07A12D085
:1099100005F108032B6000236B602B7200220023EB
:10992000C5E9060AC5E90823022385F828306368DB
:1099300030336360D9E73146BC4A2046E4F7C6FDC0
:10994000D4F800800746FFF75DFBA5EB080B00EBA2
:109950000B0303F1080240F80B20002206465A6070
:109960001A72002000210222C3E9080183F828208E
:1099700029463246C3E9069A40462494FFF77DFB08
:10998000A368AB4ACDF88880A3EB08031B115343AF
:10999000054622A82393E1F7B8FE30232660303530
:1099A00003FB07666560A6609FE7022E40F0C78153
:1099B00002681969526A904797E7D4E901639E42A9
:1099C00011D0D0F8D420002306F10801C6E90623FF
:1099D000C6E90013337200220023C6E908230223DC
:1099E00086F82830A3E70121904A2046E4F76EFD6F
:1099F000D4F800908046FFF705FBA6EB090AD5F8DE
:109A0000D4102494074600EB0A03002203F1080057
:109A100047F80A00C3E906125A601A7200200021B2
:109A20000222C3E9080183F8282031463A46484615
:109A3000FFF723FBA3687E4ACDF88890A3EB0903C8
:109A40001B115343054622A82393E1F75EFE302302
:109A50002760303503FB08776560A76045E71A6A21
:109A6000012A08D190F8FC308DF8883022A92046D0
:109A7000FFF742FE39E7022A03D1197CFFF7ABFC5E
:109A800033E7082A40F05B81D4E901639E4204D0A9
:109A900068493046FFF7EEFE49E7644A0121204657
:109AA000E4F714FDD4F800800746FFF7ABFAA6EB05
:109AB000080905465F4924944844FFF7DBFE314618
:109AC0002A464046FFF7D9FAA368594ACDF888805C
:109AD000A3EB08031B115343064622A82393E1F787
:109AE00014FE3023303603FB075325606660A36005
:109AF000FBE6196A012918D1D4E901639E4202D01C
:109B000090F8FE205FE7494A2046E4F7DFFCD4F8EE
:109B100000908046FFF776FAA6EB090A95F8FE104A
:109B20002494074600EB0A036FE7022903D1197C4E
:109B3000FFF760FCD9E6082940F0018100F1AC098B
:109B40004FF000089FED3C1ADFED3C0A99ED000A4A
:109B5000296905A8EFF782FE0698D2F7C1FE384BB7
:109B60003A22CDE9000137490AA8EBF706F8364951
:109B70000AA8E7F7B7FE014610A8E6F7DBF9414669
:109B800016A8E2F7DBFFDDF840B0119F179A169E8A
:109B900012AB9B4514BF129B0F2307EB020A9A4599
:109BA0002A4B05D918A98E4202D018998A4537D96F
:109BB000DB1B9A4202D9264816F092FF314610A8C4
:109BC000E6F724FB01461CA8E6F7B4F921491CA8D6
:109BD000E7F788FE014622A8E6F7ACF9D4E901636D
:109BE0009E4209F1040962D022A93046E6F7BDF988
:109BF00063683033636022A8E2F7C4FE1CA8E2F772
:109C0000C1FE16A8E2F7BEFE10A8E2F7BBFE08F1FF
:109C100001080AA8E2F7B6FEB8F1030F92D164E694
:109C20009B1A9F421AD90C48C6E700BF281E050898
:109C3000ABAAAAAA493B05080000807F00000000EB
:109C4000C0290508D5720408F1290508FEFFFF7F29
:109C500073200508B3250508992405085E4502D838
:109C6000B3189B4506D9AAB93A4659463046E2F799
:109C7000FFFE07E0CDE900725B460022314616A8E0
:109C800016F038FF169BCDF85CA0002203F80A20DE
:109C900016A998E7002FF5D0012A06EB070002D19C
:109CA0003378F355E0E731460DF0EEFBDCE7254A6B
:109CB00001212046E4F70AFCD4F800B00390FFF736
:109CC000A1F9A6EB0B07824622A938440994E6F7CE
:109CD0004CF9314652465846FFF7CFF9A3681A4A65
:109CE000CDF81CB0A3EB0B031B115343064607A88A
:109CF0000893E1F70AFD039AC4F800A03023303638
:109D000003FB02A36660A36075E71A6A102A05D1F7
:109D10001989FFF705FA8DF88800A7E6202A0ED1E9
:109D20001A7C1989FFF72FFADFE51B6A012B7FF4F4
:109D3000DCADFFF74BFA2290CAE50020D6E5022001
:109D4000D4E500BF281E0508ABAAAAAAA0F15400BA
:109D5000FFF7A2BD01207047034A034692E80300C3
:109D600083E8030018467047CC010010A1F12801D8
:109D7000FFF7F2BFA1F11801FFF7EEBF034A034658
:109D800092E8030083E8030018467047C4010010FE
:109D9000A1F12801FFF7F2BFA1F11801FFF7EEBF13
:109DA0001830704710B503682DED028B1B6C90EDD9
:109DB000218A08EE901A0446984707EE900AF8EEBA
:109DC000E88AF8EE677A88EEA77A78EE477ABDECF3
:109DD000028BC4ED237A10BDA0F11800FFF7E2BF9B
:109DE000D0F8C430042B06D1D0F8A400A0F10803A9
:109DF0005842584170470020704710B503682DED58
:109E0000028B04461B6C9847236808EE100ADB6B34
:109E100020469847B8EE488A28EE008AFDEEC87AB8
:109E2000BDEC028B17EE900A10BDA0F11800FFF7F1
:109E3000E4BF4FF6FF707047032070477047000083
:109E400010B52DED028B82B004464FF44153012230
:109E50000DF102014FF47470ADF80230F3F71EFCFF
:109E600048B194F9A330002B4CD19DF8023003F097
:109E70003F0384F8A23040F2D1300023012201A92F
:109E8000ADF80430F3F70AFC88B1BDF80430DFED1B
:109E9000236AC3F30B0207EE902AF8EEE77AC3F3C6
:109EA000003387EEA67A84F8A13084ED2E7A94F8F8
:109EB000A1301BB30023ADF8063094F9A330002B7A
:109EC00040F2D3304FF0010218BF4FF475700DF11E
:109ED0000601F3F7E3FB88B1BDF9063008EE103A4E
:109EE000236820461B6C984707EE900AB8EEC88A94
:109EF000F8EE677A88EE277A84ED237A02B0BDEC1B
:109F0000028B10BD012BB6D1BDF80230C3F385130F
:109F100084F8A23040F2D230AFE700BF0000C84260
:109F2000A0F11000FFF78CBF30B52DED028B044679
:109F300083B04FF4415301220DF106014FF47470C8
:109F4000ADF80630F3F7AAFB94F9A330BDF806206C
:109F5000002B4BD194F8A23022F03F0203F03F03D4
:109F60001343ADF8063040F2D135BDF8061021F4A8
:109F7000E04189B24FF47470ADF80610F3F75AFB64
:109F8000D4ED2E7A9FED217A94F8A13067EE877A8E
:109F90002846FDEEE77A17EE901AC1F30B0141EA6D
:109FA000033189B2F3F746FB94F8A130D3B12368AB
:109FB00094ED238A1B6C2046984707EE900AF8EE32
:109FC000677A94F9A33067EE887A002BFDEEE77A82
:109FD00040F2D33017EE903A18BF4FF4757099B233
:109FE000F3F728FB03B0BDEC028B30BD012BBAD1D7
:109FF00094F8A2309B0103F47C6322F47C62134347
:10A00000ADF8063040F2D235AFE700BF0000C842DD
:10A01000A0F11000FFF788BFF8B5D66890F9A2301C
:10A02000C6F345119942044625D1D2E90075D5F70A
:10A0300009FA06F01F06092EC4F898001CD0172E46
:10A0400026D0012E17D1EBB2C4F8A870C4F8A43002
:10A05000C5F30723C4F8AC30C5F307432D0EC4F88D
:10A06000B030C4F8B45094F8BC3023B1002384F865
:10A07000BC30C4F8C460F8BDC4F88470C4F888501B
:10A08000D5F7E0F90023C4F89C0084F8A030F2E78B
:10A09000D5F7D8F9C4F89070C4F89400EBE7A0F1B4
:10A0A0002400FFF7B9BF000008B578B1084B98420B
:10A0B00006D9084B984201D916F00CFD16F007FDA1
:10A0C00030235843BDE8084016F000BA08BD00BF71
:10A0D000AAAAAA02555555054FF6FF7070470320EE
:10A0E0007047704738B504460D4602F10803AC428C
:10A0F000A3F1080000D138BD224643F8083C52F8CD
:10A10000081B914217D1626818460132D2F768F9EC
:10A110000346D4E906013033626843F8342C43E93E
:10A120000801D4E9080194F8282003F8102C43E929
:10A1300006013034DBE7A26843F8081C1A60E8E740
:10A1400013B5044901AA0446E2F79CFC204602B07C
:10A1500010BD00BF673B0508A1F12801F0E700BF73
:10A16000024B187880F00100704700BFE92F0120F2
:10A17000024B187880F00100704700BFE82F0120E3
:10A1800030B590F8A23087B001225B01ADF8142001
:10A19000044690F8A320D0F8800003F4FC630293F7
:10A1A0004FF4FC6303930568059B009302F00102E2
:10A1B000049202AB0ECB6D6AA847C4F8C00007B08A
:10A1C00030BD000073B500F1280403252046E7F7F1
:10A1D00069FF2046204B214900950022E7F7E6FE63
:10A1E000012620461E4B1F4900950122E7F7DEFE9F
:10A1F00020461D4B1D4900960222E7F7D7FE2A464E
:10A2000020461B4B1B490096E7F7D0FE20461A4B11
:10A210001A4900950422E7F7C9FE2046184B194950
:10A2200000960522E7F7C2FE022300932046164B54
:10A2300016490622E7F7BAFE2046154B1549009647
:10A240000722E7F7B3FE144B144900950822204675
:10A25000E7F7ACFE02B070BD843B050899490508DC
:10A26000953B0508A23B0508A93B05087A2F050880
:10A27000BC3B0508ED490508C93B0508E83B050856
:10A28000F23B0508FE3B0508033C05082A3C05088F
:10A29000363C0508274605084E3C0508633C050882
:10A2A000F0B5574B89B00360002304468360182043
:10A2B0000D4616F00BF901230646C0E90133514B58
:10A2C00046F80C3B07463046EBF734FCC4E902671E
:10A2D00004F11000EEF754FE04F11800EBF72AFC2D
:10A2E00004F12400E6F78EFA2B464749852204F153
:10A2F0002800E7F7F5F9454901AA02A8E2F7C2FBF1
:10A3000019234FF4807202A904F14800F3F716F9FB
:10A31000029804AB984203D00499013116F058F822
:10A320003B4A226002F16803236102F18003A361CA
:10A3300002F1B403636202F1D803A362354B1B68D8
:10A34000C4F880300023C4F88430C4F88830C4F8DE
:10A350008C30C4F890304FF07E5369B202F5987299
:10A36000C4F8B83001239942A2644FF00002C4F847
:10A37000A42084F8A220C4F8A82008BF84F8A21062
:10A38000C4F8AC20C4E92522C4F8B020C4F89C204D
:10A39000C4F8B420A4F8A02084F8BC3084F8A3103A
:10A3A00084F8BD20C4F8C020C4F8C42084F8C820B4
:10A3B0002046FFF745FD2046FFF7E2FED4F8800077
:10A3C00003689B6B9847022805D8D4F8800003687F
:10A3D00003211B6B9847D4F8800003680021DB6BD6
:10A3E00098472046FFF7EEFED4F8800003689B6C88
:10A3F000984704F14800F3F751F8204609B0F0BD42
:10A4000074630508545605086C3C0508713C050842
:10A410006C890508DC690508F0B50C4D07460E4649
:10A420000FCD87B001AC0FC42B6823600123D7F890
:10A4300080008DF8153097F9A23046EA431603687C
:10A4400003969B6901A9984707B0F0BD98110508CC
:10A4500090F8C83010B504464BB190F8A0306BB9F5
:10A46000012384F8A03009212046FFF7D5FF94EDA1
:10A47000210AD4ED237A30EE670A10BDD4F7E2FF4B
:10A48000D4F89C30C01A0528EAD8F0E7A0F11800EB
:10A49000FFF7DEBF70B50D4D06460FCD86B001AC9F
:10A4A0000FC42B6823600423049396F9A230D6F8D6
:10A4B00080008DED010A5B0143F00E0303930368F6
:10A4C00001A99B69984706B070BD00BF98110508A7
:10A4D0001F4B9FED200A03F1680210B5026103F1E2
:10A4E0008002826103F1B40204460360426203F118
:10A4F000D80203F5987382628364FFF7CBFFD4F828
:10A50000800094F8C01003689B6A9847D4F88000D4
:10A510000368DB6C984704F14800F2F7F3FF04F19D
:10A520002800E7F785FC04F12400E6F7D5F904F1EB
:10A530001800EBF7A9FA04F11000EEF7B3FDE0689C
:10A54000054B236008B1E2F765FA204610BD00BF55
:10A550006C89050800000000746305080C4B03F1CA
:10A56000680210B5026103F18002826103F1B40256
:10A570000360426203F1D80203F598738364054BCC
:10A580008262044600221A70FFF7A2FF204610BD27
:10A59000FC8B0508E82F0120A0F12800DEE7A0F1E0
:10A5A0002400DBE7A0F11800D8E7A0F11000D5E700
:10A5B000A0F14800D2E700BF10B50446FFF7CEFF78
:10A5C0002046CC2115F004FF204610BDA0F1480024
:10A5D000F2E7A0F12800EFE7A0F12400ECE7A0F1FA
:10A5E0001800E9E7A0F11000E6E700000C4B03F1CA
:10A5F000680210B5026103F18002826103F1B402C6
:10A600000360426203F1D80203F598738364054B3B
:10A610008262044600221A70FFF75AFF204610BDDE
:10A62000B48A0508E92F0120A0F12800DEE7A0F197
:10A630002400DBE7A0F11800D8E7A0F11000D5E76F
:10A64000A0F14800D2E700BF10B50446FFF7CEFFE7
:10A650002046CC2115F0BCFE204610BDA0F14800DC
:10A66000F2E7A0F12800EFE7A0F12400ECE7A0F169
:10A670001800E9E7A0F11000E6E7000007EE901AE5
:10A680009FED057AF8EEE77A87EE870AD0ED2E7A0D
:10A6900020EE270AFFF7FEBE00FEFF46F0B50F4D85
:10A6A0008C46064617460FCD89B003AC0FC42B6805
:10A6B0002360CDE900C70823069396F9A230D6F8A7
:10A6C0008000CDE903C75B0143F00B0305930368EA
:10A6D00003A99B69984709B0F0BD00BF9811050810
:10A6E000F0B50D4D06460F460FCD87B001AC0FC437
:10A6F0002B6823600423049396F9A230D6F88000D7
:10A7000001975B0143F007030393036801A99B6969
:10A71000984707B0F0BD00BF9811050808B504467A
:10A72000012600254FF4FA70DBF748FFD4F8C43057
:10A73000022B33D0052B42D0012B09D1D4F8A43001
:10A74000012B05D10321C4F8C4102046FFF7C8FF30
:10A75000D4F8A430032B46D0D4F8A430042B42D034
:10A76000D4F8A430072B3ED0D4F8A4300D2B3AD027
:10A77000D4F8A430062B36D0D4F8A430082B39D125
:10A78000D4F8C430052B35D0D4F8C430042B31D0E4
:10A7900004232DE0012384F8C830C3E7D4F8A430A3
:10A7A000012B07D108212046FFF79AFF0523C4F8A3
:10A7B000C430CDE7D4F8A430082BC9D1F6E7042380
:10A7C000C4F8C430D4F8A430082BC1D194F8A11037
:10A7D00019B9236820469B6C9847012211462046F0
:10A7E000FFF75CFFB4E7D4F8C430022B02D0022399
:10A7F000C4F8C430D4F726FED4F89430C01AB0F5AB
:10A800007A7F03D917212046FFF706FED4F71AFEF8
:10A81000D4F89830C01AB0F5FA6FBBD9C4F8A45078
:10A820000023C4F8C45084F8BC60B4E7A0F1480029
:10A83000FFF774BF10B50023044680F8BD309FEDCC
:10A84000070AFFF727FED4F8A430082B05D12046CD
:10A850000121BDE81040FFF743BF10BD000000001C
:10A86000D0F8A4300122934280F8BD2002D1082103
:10A87000FFF736BF7047000070B50C4D06460FCD90
:10A8800086B001AC0FC42B6823600123049396F9B2
:10A89000A230D6F880005B0143F0100303930368F5
:10A8A00001A99B69984706B070BD00BF98110508C3
:10A8B0002DE9FF47D0E901439C4205468A4615D061
:10A8C0000A68002304F10801C4E906232372C4E9DD
:10A8D000001300220023C4E90823022384F828304F
:10A8E00043683033436004B0BDE8F0871D4A01215E
:10A8F000E3F7ECFDD5F800800746FFF7D5FBA4EBA6
:10A90000080900EB09030646DAF800100395002257
:10A9100003F1080046F80900C3E906125A601A72EA
:10A92000002000210222C3E9080183F828202146E3
:10A9300032464046FFF7D6FBAB680B4ACDF80480A1
:10A94000A3EB08031B115343044601A80293E0F74D
:10A95000DCFE30232E60303403FB07666C60AE6093
:10A96000C1E700BF281E0508ABAAAAAA2DE9FF4728
:10A97000D0E901439C4205468A4616D00B6804F193
:10A980000802D917226000222272C4E906316260EF
:10A9900000230022C4E90823022384F828304368F6
:10A9A0003033436004B0BDE8F0871E4A0121E3F76D
:10A9B0008DFDD5F800800746FFF776FBA4EB08096C
:10A9C00000EB09030646DAF80020039503F10801BD
:10A9D00046F80910D0170021C3E906205960197202
:10A9E000002000210222C3E9080183F82820214623
:10A9F00032464046FFF776FBAB680B4ACDF8048041
:10AA0000A3EB08031B115343044601A80293E0F78C
:10AA10007CFE30232E60303403FB07666C60AE6032
:10AA2000C0E700BF281E0508ABAAAAAA2DE9F04F6F
:10AA300014460A6885B005460B46082A00F2ED81E7
:10AA4000DFE812F07900EE006D00E7006301090015
:10AA50005501CD01D9011F6A012F40F0E08190ED31
:10AA6000247ADFEDB87A666867EE277A17EE900AE7
:10AA700016F022F9A3689E428046894615D006F159
:10AA80000803C6E90689336000237360337200232C
:10AA90000022C6E90823022386F828306368303391
:10AAA0006360012005B0BDE8F08F3946A64A204614
:10AAB000E3F70CFDD4F800A00746FFF7F5FAA6EB84
:10AAC0000A0B00EB0B0303F10802039440F80B2080
:10AAD00000225A601A720546002100200222C3E9B2
:10AAE000080183F82820C3E9068931462A465046E2
:10AAF000FFF7F8FAA368CDF804A00646A3EB0A0313
:10AB0000924A1B11534301A80293E0F7FEFD302344
:10AB10002560303603FB07556660A560C1E71B6AF8
:10AB2000012B40F07C81D0F8A830019301A9204688
:10AB3000FFF7BEFEB5E71A6A022A01D0202A0DD11E
:10AB40001B6985F8A230D5F8800095F8C01003681D
:10AB50009B6A98472846FFF713FBA2E7012A01D01A
:10AB6000102AF0D1D4E901639E4215D095F9A230A4
:10AB700006F10802D917326000223272C6E90631A6
:10AB8000726000230022C6E90823022386F82830D9
:10AB9000636830336360D6E76B4A01212046E3F7F0
:10ABA00095FCD4F800908046FFF77EFAA6EB090AE0
:10ABB000039495F9A22000EB0A03074603F108016C
:10ABC00047F80A10D0170021C3E90620596019720E
:10ABD000002000210222C3E9080183F82820314621
:10ABE0003A464846FFF77EFAA368584ACDF80490E3
:10ABF000A3EB09031B115343064601A80293E0F798
:10AC000084FD30232760303603FB08776660A76039
:10AC100099E71B6A012B40F00281D0F8A43084E749
:10AC20001E6A012E56D1D0F8800003689B6B9847AE
:10AC30006568A3689D4282464FF000080FD005F179
:10AC40000803C5E9003800220023C5E908230223D0
:10AC5000C5E9060885F8088085F828301EE73146E2
:10AC6000394A2046E3F732FCD4F800900746FFF754
:10AC70001BFAA5EB090B00EB0B0303F1080203948D
:10AC8000064640F80B20002100200222C3E90801FB
:10AC900083F8282029463246C3E906A8C3F8048071
:10ACA00083F808804846FFF71DFAA368274ACDF8C5
:10ACB0000490A3EB09031B115343054601A802931B
:10ACC000E0F723FD30232660303503FB076665601F
:10ACD000A660E6E6022E40F0A280D0F88000197C43
:10ACE000036803291B6B38BF03219847D9E6186A0C
:10ACF000022840F09480D3E90423013A1A437FF4F8
:10AD0000D1AE2846FFF7B8FDCBE6196A01294CD130
:10AD1000D0ED2E7A9FED0E7A6668A36867EE877A8B
:10AD20009E42FDEEE77A17EE908A4FEAE87A11D05C
:10AD300006F1080333600023C6E9068A73603372A4
:10AD4000A5E600BF00007A44281E0508ABAAAAAAFF
:10AD50000000C842334A2046E3F7B8FBD4F800901D
:10AD60000746FFF7A1F9A6EB090B00EB0B0303F174
:10AD70000802039440F80B2000225A601A7205461C
:10AD8000002100200222C3E9080183F82820C3E93A
:10AD9000068A31462A464846FFF7A4F9A368CDF84B
:10ADA00004900646A3EB0903AAE6022937D1D3E9AA
:10ADB0000423002BBCBF00221346B2F5805F73F161
:10ADC0000003A8BF40F6FF7207EE902ADFED166A77
:10ADD000F8EEE77A87EEA67A80ED2E7A61E61B6AB6
:10ADE000012B7FF45EAE90F8C830019301A9204694
:10ADF000FFF7BCFD55E61A6A012A02D190F8A1308E
:10AE0000F3E7022A7FF44DAED3E904231A4314BFBB
:10AE10000123002380F8A13043E6002042E602200F
:10AE200040E600BF281E05080000C842A0F1280027
:10AE3000FFF7FCBD042070470420704704207047D2
:10AE4000034A034692E8030083E80300184670476C
:10AE5000D4010010A1F12C01FFF7F2BFA1F10C0108
:10AE6000FFF7EEBF408F704710B5064B03600446F6
:10AE700001464068EDF73FFB2046EDF743F92046D9
:10AE800010BD00BFA08D050810B50446FFF7ECFF0C
:10AE900020460C2115F09CFA204610BD0F4B03F103
:10AEA000480210B5C26003F1A0020360C26203F160
:10AEB000C002D8330446426340F83C3FF2F722FB1D
:10AEC00004F12C00E4F734FC04F10C00E6F7B0FFC9
:10AED0002046FFF7C9FF204610BD00BFC48D0508FE
:10AEE000A0F13400FFF7DABFA0F12C00FFF7D6BFC6
:10AEF000A0F10C00FFF7D2BFA0F13C00FFF7CEBFDE
:10AF000010B50446FFF7CAFF2046A02115F060FAED
:10AF1000204610BDA0F13C00FFF7F2BFA0F13400C5
:10AF2000FFF7EEBFA0F12C00FFF7EABFA0F10C0085
:10AF3000FFF7E6BF438F90F87410013B03F03F0327
:10AF400043EA81114FF41470F2F774BBA0F134009E
:10AF5000FFF7F0BF10B5002380F89C300446084688
:10AF6000EDF7B2FAD4F76EFAC4F8940010BD436856
:10AF70008B4213B504462BD190F89C3043B3D4F7E1
:10AF800061FA94F8901094F89120C4F89400C900E4
:10AF9000A1F12003C1F1200022FA00F002FA03F32C
:10AFA00003438A40D4E9220119431043C4E9220132
:10AFB000206C01A9DCF78AF8019B4BB14FF0E0232C
:10AFC0004FF08052C3F8042DBFF34F8FBFF36F8F44
:10AFD00002B010BDC089704738B504460D4602F175
:10AFE0000803AC42A3F1080000D138BD224643F863
:10AFF000083C52F8081B914217D16268184601328A
:10B00000D1F7EEF90346D4E906013033626843F81C
:10B01000342C43E90801D4E9080194F8282003F806
:10B02000102C43E906013034DBE7A26843F8081C22
:10B030001A60E8E713B5044901AA0446E1F722FDC6
:10B04000204602B010BD00BF903C0508A1F10C01E4
:10B05000F0E700BF38B504460D46EDF767FA054B3B
:10B06000C4E900350023284623722146EDF76BF929
:10B07000204638BDA08D050813B50124CDE9004454
:10B0800013460A4601464068EDF775F902B010BD57
:10B0900008B5044600254FF0FF310120DBF758FFCB
:10B0A00094F8901094F875204B1C93420BDA2131E0
:10B0B00084F8915084F8903004F19102C9B220468E
:10B0C000FFF7DAFFE7E7D4E9222384F89050C4E9D8
:10B0D000202384F89C50DEE7A0F13C00FFF7D8BFA6
:10B0E00038B590F874300446D0E920505B4262EBEA
:10B0F00002026B404240C1E90032D4E91E501D40BB
:10B100001040C1E90050D4F79DF9D4F89430C01A2A
:10B11000D4F8983098420CD994F89C304BB1002365
:10B12000606884F89C30EDF7CFF9D4F78BF9C4F858
:10B1300094006068EDF77CF998B994F89C3003F0BE
:10B14000FF0273B9002000210123C4E9220184F821
:10B15000902084F89C3004F1910220212046FFF7D2
:10B160008BFF94F83A0038BDA0F12C00FFF7B8BF70
:10B17000012910B50446084638BF0120402828BFE1
:10B180004020431EDB1001333F29608784F875306F
:10B1900015D8D1F783FB9FED0C0B41EC110B11F08F
:10B1A000B7FA51EC100B15F0B9FD013861F100014F
:10B1B000C4E91E016068BDE81040EDF785B94FF0A5
:10B1C000FF300146F4E700BF00000000000000402F
:10B1D00013B5012204460DF106014FF41470F2F785
:10B1E0005DFA68B19DF8061001F03F01013120467B
:10B1F000FFF7BEFFBDF80630C3F3801384F8743048
:10B2000002B010BDA0F13400FFF7E2BF2DE9F0411C
:10B2100039498AB00446FFF71DFF0023374924222D
:10B2200004F10C00E6F75CFA04F12C00E4F76CFA88
:10B23000324903AA04A8E1F725FC1423402204A9FB
:10B2400004F13C00F2F77AF9049806AB984203D077
:10B250000699013115F0BCF8294B236003F148022F
:10B26000E26003F1A002E26203F1C002D833E363BB
:10B2700040F201136263A4F87430FF220023C4E992
:10B280001E23002300220026C4E92023C4E9222330
:10B29000FA22C4F8982004F10C00A4F89060C4F8D5
:10B2A000946084F89C60E6F7FDFE0327082363871B
:10B2B000324604F10C00134B13490097E6F776FE73
:10B2C00004F10C00114B124900970122E6F76EFEC3
:10B2D000104B11490097022204F10C00E6F766FEBC
:10B2E0002046FFF775FF04F13C00F2F7D7F820463F
:10B2F0000AB0BDE8F08100BF942D0120C73C0508CD
:10B30000C48D0508FC3305080E34050815340508FE
:10B31000FA200508CE3C0508643705082DE9F04FF2
:10B320000E68012E87B007460B46144664D0022EE5
:10B3300000F0C180002E40F02081096A012955D11A
:10B34000D2E901539D4212D0438F2E7205F10802BB
:10B35000C5E90026C5E9063600230022C5E9082311
:10B36000022385F828306368303363603AE0854A09
:10B370002046E3F7ABF8302303FB00F94846D4F846
:10B3800000A015F0A3F8A5EB0A0B00EB0B037A8FD6
:10B39000059403F1080140F80B108046C3E9062626
:10B3A000002000210222C3E9080183F82820294651
:10B3B0005E601E7242465046FFF70EFEA368724A58
:10B3C000CDF80CA0A3EB0A031B110546534303A8B9
:10B3D00004933035E0F799F908EB0900C4F80080D0
:10B3E0006560A060012007B0BDE8F08F0229F9D1A7
:10B3F000197CFFF7BDFEF5E70A6A022A01D0202A70
:10B4000008D1D3E904231A4314BF0123002387F88A
:10B410007430E7E7012A02D0102A40F0B080D4E966
:10B4200001539D420AD097F87420002305F10801CA
:10B43000C5E90013C5E906232B728DE7514A0121A6
:10B440002046E3F743F8302303FB00F84046D4F8E6
:10B45000009015F03BF8A5EB090A00EB0A0306463D
:10B4600097F874100594002203F1080046F80A00CA
:10B47000C3E906125A601A72002000210222C3E9B1
:10B48000080183F82820294632464846FFF7A4FDE4
:10B49000A3683D4ACDF80C90A3EB09031B110546A8
:10B4A000534303A804933035E0F72FF92660464450
:10B4B0006560A66096E7D1F82080B8F1010F53D1FE
:10B4C0004068ECF795FE6568A3689D4283464FF09F
:10B4D000000A0ED005F10803C5E9003A0022002356
:10B4E000C5E9060AC5E9082385F808A085F828609B
:10B4F00039E74146234A2046E2F7E8FFD4F80090B6
:10B50000302303FB00F8A5EB09024046019214F03A
:10B51000DDFF019A0594831803F108018150074665
:10B5200000210020C3E908013A462946C3E906BACA
:10B53000C3F804A083F808A083F828604846FFF702
:10B540004BFDA368104ACDF80C90A3EB09031B1127
:10B550000546534303A804933035E0F7D6F8276037
:10B5600047446560A7603DE7B8F1020F7FF43AAF4A
:10B57000097C4068ECF7A1FE34E7002033E70220A5
:10B5800031E700BF281E0508ABAAAAAAA0F10C004B
:10B59000FFF7C4BE01207047034A034692E8030048
:10B5A00083E8030018467047E4010010A1F1280168
:10B5B000FFF7F2BFA1F11801FFF7EEBF034A034600
:10B5C00092E8030083E8030018467047DC0100108E
:10B5D000A1F12801FFF7F2BFA1F11801FFF7EEBFBB
:10B5E00018307047B0F8B23013B990F88C0070473B
:10B5F0000020704748F6A0407047000007EE901A00
:10B60000D0ED286A9FED057AF8EEE77AD6EE877AD4
:10B61000FDEEE77AC0ED2D7A704700BF0000C8420A
:10B62000A0F11800FFF7EABF0320704713B500230D
:10B63000ADF8063090F88930002B04464FF0010237
:10B6400040F2C3300DF1060108BF4FF47070F2F7FD
:10B6500025F850B1BDF8063003F01F020132C3F3E4
:10B66000801384F8882084F88D3094F88930002B7A
:10B6700040F2C1304FF0010218BF4FF471700DF16C
:10B680000601F2F70BF828B1BDF80630C3F30E033C
:10B69000A4F8A43094F8893040F2C23040F2C53C9E
:10B6A00001220DF10601002B18BF6046F1F7F6FFED
:10B6B00018B1BDF90630C4F8B43002B010BDA0F125
:10B6C0001000FFF7B3BF000010B590F8883090F875
:10B6D000892090F88D10013B0446002A03F01F03D7
:10B6E00043EA811140F2C33008BF4FF47070F1F7A4
:10B6F000A1FF94F88930B4F8A410002BC1F30E0117
:10B7000040F2C13018BF4FF47170F1F793FFD4F8D5
:10B71000B4100C4A48F6A04333EA210328BF13466D
:10B7200091FBF3F203FB121194F8893040F2C2301E
:10B7300040F2C532BDE8104089B2002B18BF104658
:10B74000F1F778BF6073FFFFA0F11000FFF7BCBFF7
:10B7500008B578B1084B984206D9084B984201D9F0
:10B7600015F0B8F915F0B3F930235843BDE8084097
:10B7700014F0ACBE08BD00BFAAAAAA0255555505D3
:10B7800048F6A0407047032070472DE9F84306466D
:10B79000894600F1080502F1080400274E45A4F18E
:10B7A000080001D1BDE8F88344F8084C55F8083C7E
:10B7B000AB42A84621D155F8042C29460132204637
:10B7C000D0F70EFE303458F8043C44F8343CD5E948
:10B7D0000423303545E90E8705F8307C44E9082319
:10B7E00055E9062344E9062315F8103C04F8103CFB
:10B7F0003046E1F7C7F83036D0E744F8083C2B680C
:10B800002360DFE7024B187880F00100704700BF2B
:10B81000EB2F0120024B187880F00100704700BF29
:10B82000EA2F012030B5D0F8A810002987B00446CF
:10B8300005DBD0F884000368C9B29B6A984794F886
:10B840008830D4F88400202B28BF2023012284F8DC
:10B850008830ADF8142003F5107394F88920029312
:10B8600040F2FF3303930568059B009302F0010249
:10B87000049202AB0ECB6D6AA847C4F8A80007B0CB
:10B8800030BD0000F0B50E4D06460F4694460FCD74
:10B8900087B001AC0FC42B6838687968236001ABAE
:10B8A00003C396F88830D6F8840003F5A073CDE979
:10B8B000033C036801A99B69984707B0F0BD00BF2E
:10B8C000AC11050807B500238DF800100822694661
:10B8D0008DF80130ADF802300193FFF7D3FF03B0CC
:10B8E00000BD000090F88D3010B5044663B1D3F769
:10B8F000A9FDD4F89830C01AD4F88030984203D902
:10B9000092212046FFF7DEFFD4ED2D7AD4ED286A90
:10B910009FED057AF8EEE77AD6EE877AFDEEE77AC4
:10B9200017EE900A10BD00BF0000C842A0F1180039
:10B93000FFF7D8BF9A21FFF7C5BF07B50023CDF8A1
:10B94000013008220193A123ADF8041069468DF857
:10B950000030FFF797FF03B000BD10B5002104468B
:10B9600080F88A10FFF7E9FF20468021BDE81040EB
:10B97000FFF7A8BF1C4B03F15C0210B5026103F195
:10B980007402826103F1A8020360426203F1CC02F7
:10B9900003F59273044682628364D0F8840094F8BD
:10B9A000A81003689B6A98472046FFF7D6FF04F16A
:10B9B0004800F1F7A7FD04F12800E6F739FA04F191
:10B9C0002400E4F789FF04F11800EAF75DF804F1B8
:10B9D0001000EDF767FBE068044B236008B1E1F766
:10B9E00019F8204610BD00BF3C8F05087463050898
:10B9F0000C4B03F15C0210B5026103F17402826129
:10BA000003F1A8020360426203F1CC0203F59273D2
:10BA10008364054B8262044600221A70FFF7AAFF76
:10BA2000204610BDB4910508EA2F0120A0F128009E
:10BA3000DEE7A0F12400DBE7A0F11800D8E7A0F1D1
:10BA40001000D5E7A0F14800D2E700BF10B50446CA
:10BA5000FFF7CEFF2046B82114F0BAFC204610BDF7
:10BA6000A0F14800F2E7A0F12800EFE7A0F12400E0
:10BA7000ECE7A0F11800E9E7A0F11000E6E700000C
:10BA80000C4B03F15C0210B5026103F17402826198
:10BA900003F1A8020360426203F1CC0203F5927342
:10BAA0008364054B8262044600221A70FFF762FF2E
:10BAB000204610BD78900508EB2F0120A0F128004A
:10BAC000DEE7A0F12400DBE7A0F11800D8E7A0F141
:10BAD0001000D5E7A0F14800D2E700BF10B504463A
:10BAE000FFF7CEFF2046B82114F072FC204610BDAF
:10BAF000A0F14800F2E7A0F12800EFE7A0F1240050
:10BB0000ECE7A0F11800E9E7A0F11000E6E7B0F8D3
:10BB1000B21021B9012280F88A20FFF70EBF7047CA
:10BB200090F88A2007EE101ABAB190F88C20A2B1D2
:10BB3000B8EEC77ADFED096AB0F8A430C7EE267A0E
:10BB400007EE103AB8EEC77A67EE877AFDEEE77A2D
:10BB500017EE903A19B2FFF7F0BE704700FEFF46AD
:10BB60000A8812B103685B6918477047000000003B
:10BB70002DE9F84390F88830D16803F510739942A5
:10BB800004460BD1012380F88B3013789A2B00F0F8
:10BB9000888005D8922B52D0942B62D0BDE8F883D0
:10BBA000A12B0DD0B52BF9D1D2F80130C0F88F30D0
:10BBB000B2F80530A0F89330D37980F89530EDE7EE
:10BBC000537880F8AE305388A0F8AC30B2F80480D7
:10BBD000D588F1F7CFFB94F88D30064663B3D4F8DF
:10BBE0009C70B84228D00FFA88F0D0F767FE8046E4
:10BBF000F01B8946D0F752FE34A3D3E90023D0F7D7
:10BC0000C7FE02460B4640464946D0F7EBFFD1F748
:10BC1000B7F92DB207EE105A07EE900AB8EEC77AC0
:10BC200077EE877A94ED287A77EE877AB6EE007A07
:10BC300067EE877AC4ED287AC4F89C60AEE7556851
:10BC4000D3F700FCC4F898002846D0F737FE1CA3B1
:10BC5000D3E90023D0F79CFED1F792F9C4F8A000F5
:10BC60009CE7D588D3F7EEFB94ED287ADFED167AC2
:10BC7000C4F89800C7EE277A17EE900AD0F730FE86
:10BC8000064628460F46D0F719FE0DA3D3E9002338
:10BC9000D0F77EFE02460B4630463946D0F7C2FC4E
:10BCA000DAE7537880F8AE309388A0F8B0300146D8
:10BCB000D38821F8B23FBDE8F843FFF751BF00BF7A
:10BCC0007B14AE47E17A843F0000B44300000000DB
:10BCD00080842E41A0F12400FFF74ABF13B5002451
:10BCE000ADF805408DF807408DF801108DF8022061
:10BCF0008DF80330B6241B0A082269468DF80040EF
:10BD00008DF80430FFF7BEFD02B010BD08B5044643
:10BD10006420DAF753FC002594F88C3084F88B50BB
:10BD200033B92046B521FFF7CDFD1420DAF746FCE4
:10BD300094F88D305BB12046FFF7FCFD4FF47A702C
:10BD4000DAF73CFC94F88B3084F88C30E4E794F814
:10BD50008C301BB194F88E30002BEFD0204600239E
:10BD600001229221FFF7BAFF84F88E509620DAF76D
:10BD700025FCE3E7A0F14800FFF7C8BF38B590F80D
:10BD80008D308B4204460D4607D039B100231A4648
:10BD90009221FFF7A3FF84F88D5038BD012380F86E
:10BDA0008E30F8E773B500F1280403262046E6F745
:10BDB00079F9012520461D4B1D4900960022E6F722
:10BDC000F5F82A4620461B4B1B490095E6F7EEF88E
:10BDD00020461A4B1A4900960222E6F7E7F8324647
:10BDE0002046184B18490095E6F7E0F82046174B17
:10BDF000174900950422E6F7D9F82046154B164955
:10BE000000950522E6F7D2F82046144B1449009617
:10BE10000622E6F7CBF840F2011300931149124BCA
:10BE200007222046E6F7C2F802B070BDE73C0508DD
:10BE300099490508F73C05087A2F0508033D0508D0
:10BE4000E83B05083B3D0508653D05086A3D0508DA
:10BE500063300508963D0508FE3B0508BF3D050813
:10BE6000F33D05080C3E0508FE3D05082DE9F043AD
:10BE7000504B0025044689B0036085601820884631
:10BE800014F024FB06464C4B4FF00109C0E9019920
:10BE900046F80C3B07463046E9F74CFEC4E902671A
:10BEA00004F11000EDF76CF804F11800E9F742FE18
:10BEB00004F12400E4F7A6FC434640498B2204F138
:10BEC0002800E5F70DFC3E4901AA02A8E0F7DAFDDB
:10BED00002A919234FF4807204F14800F1F72EFBF8
:10BEE00002A8E0F74FFD374B236003F15C022261AB
:10BEF00003F17402A26103F1A802626203F1CC02B1
:10BF000003F59273A3640A23C4F880302E4BA26217
:10BF10001B68C4F884300023C4F8A0304FF47A734F
:10BF2000C845A4F8A4306FF00103C4F8A83008BFD6
:10BF3000022384F88890204608BF84F88830C4E93A
:10BF40002355C4E92655C4E92C5584F88980A4F802
:10BF50008A50A4F8945084F89650A4F8AC5084F811
:10BF6000AE50FFF763FB2046FFF75CFCD4F884007B
:10BF700003689B6B9847022805D8D4F884000368AF
:10BF800003211B6B9847D4F8840003680021DB6B06
:10BF900098472046FFF706FFD4F8840003689B6C9F
:10BFA000984704F14800F1F779FA204609B0BDE856
:10BFB000F08300BF7463050854560508123E050857
:10BFC000163E05083C8F0508DC6905082DE9FF478A
:10BFD000D0E901439C4205468A4615D00A780023E1
:10BFE00004F10801C4E906232372C4E90013002206
:10BFF0000023C4E90823022384F82830436830333F
:10C00000436004B0BDE8F0871D4A0121E2F75EFA03
:10C01000D5F800800746FFF79BFBA4EB080900EB6F
:10C02000090306469AF800100395002203F1080060
:10C0300046F80900C3E906125A601A72002000216E
:10C040000222C3E9080183F82820214632464046EF
:10C05000FFF79BFBAB680B4ACDF80480A3EB08030A
:10C060001B115343044601A80293DFF74EFB302314
:10C070002E60303403FB07666C60AE60C1E700BF22
:10C08000281E0508ABAAAAAA2DE9FF47D0E901435B
:10C090009C4205468A4615D00A88002304F108010F
:10C0A000C4E906232372C4E9001300220023C4E973
:10C0B0000823022384F8283043683033436004B0F7
:10C0C000BDE8F0871D4A0121E2F700FAD5F80080AB
:10C0D0000746FFF73DFBA4EB080900EB0903064602
:10C0E000BAF800100395002203F1080046F8090091
:10C0F000C3E906125A601A72002000210222C3E925
:10C10000080183F82820214632464046FFF73DFBD0
:10C11000AB680B4ACDF80480A3EB08031B11534313
:10C12000044601A80293DFF7F0FA30232E60303482
:10C1300003FB07666C60AE60C1E700BF281E050800
:10C14000ABAAAAAAF0B589B0044601AA02A8E0F7F2
:10C1500099FCDDE9027504F108000F2D206004D977
:10C16000681C14F0B3F9A56020606A1C3946E0F73A
:10C170007FFC00220023C4E90623C4E9082303232B
:10C1800002A8656084F82830E0F7FCFB204609B07F
:10C19000F0BD00002DE9FF4714460A6805460B462E
:10C1A000072A00F21481DFE802F0049520348E9B08
:10C1B000DAA11A6A012A05D100F188012046FFF7A9
:10C1C00005FF0EE0022A40F00481D3E9042390F831
:10C1D0008810002B08BF8A4203D080F88820FFF720
:10C1E00021FB012004B0BDE8F0871A6A022A01D0C1
:10C1F000202A03D11B69A5F8A430F2E7012A05D152
:10C2000005F1A4012046FFF73FFFEAE7102AF7D027
:10C21000E7E7196A012940F0DC80D4E901639E4216
:10C2200015D0B0F9AC30D91706F10802C6E90631CD
:10C23000326000227260327200230022C6E90823B5
:10C24000022386F82830636830336360C9E7624AA6
:10C250002046E2F73BF9D4F800908046FFF778FAE1
:10C26000A6EB090AB5F9AC20039400EB0A030746D4
:10C2700003F10801D01747F80A10C3E9062000218E
:10C2800059601972002000210222C3E9080183F8D5
:10C29000282031463A464846FFF777FAA3684F4AC6
:10C2A000CDF80490A3EB09031B115343054601A8E5
:10C2B0000293DFF72AFA30232760303503FB087733
:10C2C0006560A7608DE71B6A012B40F0828000F15A
:10C2D000AE0173E71B6A012B7BD100F1B20191E73C
:10C2E0001B6A012B75D100F1B0018BE7196A012996
:10C2F0006FD1D4E901539D4200F18F0904D0494622
:10C300002846FFF71FFF9EE7334A2046E2F7DEF894
:10C31000D4F800800746FFF71BFAA5EB080A06468B
:10C32000494650440394FFF70DFF324629464046E4
:10C33000FFF72BFAA368294ACDF80480A3EB080382
:10C340001B115343054601A80293DFF7DEF93023A2
:10C350002660303503FB07666560A66041E7196A11
:10C36000012929D1D4E901639E420AD090F88D2099
:10C37000002306F10801C6E90013C6E9062333725B
:10C380005AE7154A2046E2F7A1F8D4F80090804613
:10C39000FFF7DEF9A6EB090A00EB0A03074695F85A
:10C3A0008D100394002203F1080047F80A00C3E946
:10C3B00006125A601A7265E702290AD1D3E90423EA
:10C3C0001A4314BF01210021FFF7D8FC09E7002020
:10C3D00008E7022006E700BF281E0508ABAAAAAAA4
:10C3E000A0F12800FFF7D6BE042070470420704754
:10C3F000034A034692E8030083E8030018467047A7
:10C40000EC010010A1F11001FFF7F2BF813070477D
:10C4100038B503689B6A0546984743790479827862
:10C420000178DB0003F0180304F003041C43437895
:10C43000DB0143EA8213C278B5F87200013943EA9E
:10C44000022301F03F011943F1F7F4F8B5F8740045
:10C450002146BDE83840F1F7EDB8A0F10800FFF73C
:10C46000D7BF000008B578B1084B984206D9084BF1
:10C47000984201D914F02EFB14F029FB30235843C5
:10C48000BDE8084014F022B808BD00BFAAAAAA025D
:10C490005555550538B590F877200446082A28BF29
:10C4A0000822084604F18701CFF79AFF034694F863
:10C4B0008000D3E9002150B194F882C0BCF1000F94
:10C4C00026D1A06F0240E06F0140C3E9002194F83B
:10C4D000830018B1D243C943C3E90021A06F1040C3
:10C4E000E26F18600A40606B5A60ECF7F7FF10B912
:10C4F00094F876300BB9A07B38BD606B94F8772048
:10C5000004F1300304F18701ECF706FFA07B38BD8E
:10C51000C0F1200C01FA0CFCC24042EA0C02A0F16E
:10C52000200C21FA0CFC42EA0C02C140CDE700BF0E
:10C5300070B504460E461546B44201D1284670BD7A
:10C5400021462846E3F7F6FCD4E90623C5E906238D
:10C55000D4E90823C5E9082394F8283085F8283061
:10C560002046E0F70FFA30343035E5E713B50449DB
:10C5700001AA0446E0F786FA204602B010BD00BFCB
:10C58000403E0508A1F11001F0E700BF2DE9F3419D
:10C590009046114A934207460E4602D90F4814F0BE
:10C5A0009FFA18255D436BB1284613F08FFF0446B0
:10C5B000C7E900442544BD60B04505D17C6002B0A8
:10C5C000BDE8F0811C46F3E7204656F8041B01AA9B
:10C5D000E0F758FA1834EFE7555555055C1E050885
:10C5E0000148ECF781BF00BFCC2E012010B50446F6
:10C5F000406BECF729FF606B04F14401ECF74EFE51
:10C60000606BBDE81040ECF744BF00000B4B10B569
:10C6100003F134020360826003F14C02A433044648
:10C62000026140F8303FEDF785F804F11000E5F7BE
:10C63000FFFB2046E3F77CF8204610BD5893050821
:10C6400010B5074B036003F13402826003F14C0222
:10C65000A433044602610363FFF7D8FF204610BDF0
:10C6600030940508A0F10800EAE7A0F11000E7E720
:10C67000A0F13000E4E700BF10B50446FFF7E0FF8B
:10C680002046902113F0A4FE204610BDA0F1080022
:10C69000F2E7A0F11000EFE7A0F13000ECE70000B6
:10C6A00073B500F1100420460B26E5F7FBFC0325CB
:10C6B0002046154B154900960022E5F777FC2046E9
:10C6C000134B144900950122E5F770FC2046124BEC
:10C6D000124900950222E5F769FC2A462046104BD4
:10C6E00010490095E5F762FC20460F4B0F49009575
:10C6F0000422E5F75BFC0E4B0E490096052220460E
:10C70000E5F754FC02B070BDAA360508AE36050840
:10C710004D3E05085F3E0508663E05086D3E05086E
:10C72000743E05080E340508863E0508D53A05080E
:10C73000153B0508913E050873B58DE8060090F895
:10C7400070509DF800309D4228BF1D4604468DF86C
:10C7500000500098BDF80430C4F88100D4E90E12EE
:10C76000606BA4F88530ECF783FF9DF80410606BD4
:10C77000013989B2ECF788FD18B10368A363838897
:10C78000A387D4E90E12606BECF720FF94F8843095
:10C79000B3BB012284F8402084F8822080222266E4
:10C7A0006365236594F88620214B53F82230E365B6
:10C7B0002046FFF71BFF402D2ED02846D0F76EF8FD
:10C7C0009FED190B41EC110B0FF0A2FF51EC100B78
:10C7D00014F0A4FA013861F1000105F00703C3F178
:10C7E000080384F880309DF80330C4E91E01BBB90A
:10C7F000AB1CDB10013384F87730E58102B070BDEB
:10C80000012BCFD1002284F8402084F8822080229E
:10C81000636522660223C4E74FF0FF300146DCE780
:10C820006B1E48BFAB1DE4E70000000000000040A5
:10C830000095050890F8853090F8862080F88410DF
:10C84000D0F8811043EA0222FFF776BF73B50122C8
:10C8500006466946B0F87200F0F720FF58B3BDF8FD
:10C860000040B6F87400012269462546F0F716FF2D
:10C8700018B3BDF80030C4F3801105F03F058DF802
:10C88000021003F00302C4F3C0110135240AC3F3FC
:10C89000C1038DF800508DF801108DF803408DF81C
:10C8A00004208DF805309DE80600304602B0BDE852
:10C8B0007040FFF741BF0446D3E70123DBE7A0F157
:10C8C0000800FFF7C3BF0000F8B504460F46164640
:10C8D000E2F71AFF22490023222204F11000E4F7B4
:10C8E000FFFE2048ECF7CCFC03681E490CCB04F19A
:10C8F0003000ECF78FFE1C4B236003F13402A26082
:10C9000003F14C02A4332363402384F870304FF4C6
:10C9100080632261A4F87630FF220023C4E91E233D
:10C920004FF400624FF48033C4E920230023A4F8BD
:10C93000883084F88A302046A4F87270A4F87460B5
:10C94000FFF784FF2046FFF7ABFE04F11000012142
:10C95000E4F718FD012384F876302046F8BD00BFC7
:10C960009A3E0508CC2E012058930508032928BFBC
:10C970000321044B80F8861053F82130C365FFF77C
:10C9800035BE00BF009505082DE9FF47D0E90143FA
:10C990009C4205468A4616D00B6804F10802D91756
:10C9A000226000222272C4E9063162600023002264
:10C9B000C4E90823022384F82830436830334360F5
:10C9C00004B0BDE8F0871E4A0121E1F77FFDD5F8EC
:10C9D00000800746FFF746FDA4EB080900EB0903BA
:10C9E0000646DAF80020039503F1080146F809101D
:10C9F000D0170021C3E906205960197200200021D8
:10CA00000222C3E9080183F8282021463246404625
:10CA1000FFF78EFDAB680B4ACDF80480A3EB08034B
:10CA20001B115343044601A80293DEF76EFE302328
:10CA30002E60303403FB07666C60AE60C0E700BF59
:10CA4000281E0508ABAAAAAA2DE9FF47D0E9014391
:10CA50009C4205468A4615D00A78002304F1080155
:10CA6000C4E906232372C4E9001300220023C4E9A9
:10CA70000823022384F8283043683033436004B02D
:10CA8000BDE8F0871D4A0121E1F720FDD5F80080BF
:10CA90000746FFF7E7FCA4EB080900EB090306468D
:10CAA0009AF800100395002203F1080046F80900E7
:10CAB000C3E906125A601A72002000210222C3E95B
:10CAC000080183F82820214632464046FFF730FD12
:10CAD000AB680B4ACDF80480A3EB08031B1153434A
:10CAE000044601A80293DEF710FE30232E60303496
:10CAF00003FB07666C60AE60C1E700BF281E050837
:10CB0000ABAAAAAA2DE9FF47D0E901639E420446D9
:10CB10008A4608D03046E3F728FA6368303363600A
:10CB200004B0BDE8F087154A0121E1F7CFFCD4F845
:10CB300000800746FFF796FCA6EB0809054651461C
:10CB400048440394E3F711FA2A4631464046FFF77A
:10CB5000EFFCA3680A4ACDF80480A3EB08031B117D
:10CB60005343064601A80293DEF7CFFD302325602C
:10CB7000303603FB07556660A560D1E7281E05081F
:10CB8000ABAAAAAA2DE9F04F00F108030026C9B00C
:10CB900080469346036046600672DBE900236E49D7
:10CBA0009B1ADB10F7B24B43BB4203D8404649B057
:10CBB000BDE8F08F18237B43D11852F80390D1F8C9
:10CBC00004A000230AF1010103A805AD04938DF828
:10CBD00014300395E4F749FE5246494603A8E3F7AB
:10CBE000EFFF5E49012203A8E3F7EAFF092F2FD9DF
:10CBF000632F8CBF4FF003094FF002090BAB0022EB
:10CC0000494609A809930A928DF82C20E4F72DFED5
:10CC10005349DDF824A0C92215A8CFF7E1FB632F03
:10CC20000BAB18D9642248A8B7FBF2F102FB1172D2
:10CC300000EB42020F460AEB090112F8CB0C01F897
:10CC4000010C12F8CC2C01F8022C3037FFB20DE0A9
:10CC50004FF00109D2E7092FF7D948AA02EB47079D
:10CC600017F8CB2C8AF8012017F8CC7C8AF80070D2
:10CC7000099ACDF82890002102F80910DDF80C90EF
:10CC8000049F0A9AA94518BF0599099D08BF0F215D
:10CC900007EB020A8A4504D99D4202D00B9B9A45B4
:10CCA0000DD9294603A8E3F78BFF01460FA8E3F748
:10CCB00041F92C4B109A9A4231D12B4804E0294B70
:10CCC0009B1A9F4202D9294813F00AFF4D4502D80A
:10CCD000AB18994506D9AAB93A4649462846DFF71E
:10CCE000C7FE07E0CDE900724B460022294609A89D
:10CCF00013F000FF099BCDF828A0002203F80A20BA
:10CD000009A9D3E7002FF5D0012A05EB070002D1CE
:10CD10002B78EB55E0E729460AF0B6FBDCE7012269
:10CD200013490FA8E3F772FA014615A8E3F702F9D1
:10CD3000DDE915124046E3F743FF15A8DFF722FEB1
:10CD40000FA8DFF71FFE09A8DFF71CFE03A80136B6
:10CD5000DFF718FE21E700BFABAAAAAAF129050850
:10CD6000AA1F0508FEFFFF7F732005089924050808
:10CD7000B32505082DE9F04F0B6887B004460E4631
:10CD80001546052B00F2E780DFE813F0A4008F00C2
:10CD900075000600D500C5000F6A022F0DD103688B
:10CDA0009B6A98473369037003794279016843EAC3
:10CDB00002222046FFF7C0FC1EE0012F40F0CD808C
:10CDC00003685B6998476C68AB689C4282464FF089
:10CDD000000815D004F10803C4E90038002200233C
:10CDE000C4E9082384F80880022384F828306B689B
:10CDF0003033C4E906086B60012007B0BDE8F08F4E
:10CE00003946574A2846E1F761FBD5F800900746B6
:10CE1000FFF728FBA4EB090B00EB0B0303F108025F
:10CE200040F80B200646002100200222C3E9080139
:10CE300083F8282021463246C3E906A8C3F80480B7
:10CE400083F8088048460295FFF772FBAB68454AB5
:10CE5000CDF80090A3EB09031B1153430446684629
:10CE60000193DEF752FC30232E60303403FB07665B
:10CE70006C60AE60C0E70B6A022B0AD103689B6A44
:10CE80009847D6E90432134314BF0123002383706B
:10CE90008AE7012B61D103689B6A984783780093E6
:10CEA00069462846FFF770FDA6E70B6A022B0AD1F8
:10CEB00003689B6A9847D6E90432134314BF0123E1
:10CEC0000023437070E7012B47D103689B6A9847A2
:10CED0004378E4E70B6A022B03D1097CFFF7AAFC35
:10CEE0008AE7012B08D190F884308DF8003069462C
:10CEF0002846FFF7A9FD7FE7082B2ED11A4A2146C5
:10CF00006846FFF73FFE28466946FFF7FBFD684687
:10CF1000DFF738FD70E70B6A022B03D1097CFFF7BE
:10CF200025FD69E7012B02D190F88630DDE7082B5B
:10CF300013D10E4AE3E700F1850229463046E8F7AF
:10CF400069F901287FF458AF94F8853094F8862069
:10CF5000D4F881102BE700204FE702204DE700BFF7
:10CF6000281E0508ABAAAAAAF82F0120EC2F012041
:10CF7000A0F11000FFF7FEBE0C4B0D4A0B4810B598
:10CF80000024C3E900449C60A2F108010223FFF7DA
:10CF9000FDFA084B084A9C60C3E900440548032396
:10CFA000A2F10C01FFF7F2FA10BD00BFF82F01202B
:10CFB000FC920508EC2F0120F492050808B50348FF
:10CFC000FAF79CFB0248FAF799FB08BDEC2F012009
:10CFD000F82F01200420704704207047034A0346BD
:10CFE00092E8030083E8030018467047F40100103C
:10CFF000A1F11001FFF7F2BF90F89030032B9ABF18
:10D00000014AD05C002070470C95050810B5034B11
:10D0100003600446ECF78EFB204610BD80950508A2
:10D0200010B50446FFF7F2FF2046442113F0D0F973
:10D03000204610BD10B5044690F8901040F2022032
:10D04000F0F7F8FAB4F8911049BA89B24FF41170B8
:10D05000F0F7F0FAB4F8931049BA89B240F24520DB
:10D06000F0F7E8FAB4F896104FF41070F0F7E2FA1F
:10D07000B4F8981040F24120F0F7DCFAB4F89A10B6
:10D0800040F24220F0F7D6FAB4F89C1040F2432068
:10D09000BDE81040F0F7CEBAA0F10800FFF7CABF14
:10D0A00008B578B1084B984206D9084B984201D987
:10D0B00013F010FD13F00BFD30235843BDE808407A
:10D0C00013F004BA08BD00BFAAAAAA025555550517
:10D0D00070B504460E461546B44201D1284670BDCF
:10D0E00021462846E2F726FFD4E90623C5E90623B0
:10D0F000D4E90823C5E9082394F8283085F82830B6
:10D100002046DFF73FFC30343035E5E713B50449FE
:10D1100001AA0446DFF7B6FC204602B010BD00BFEE
:10D12000ED3E0508A1F11001F0E700BF37B500F1B1
:10D1300010042046E4F7B6FF0B2303250093204696
:10D14000264B27490022E4F731FF00952046254B66
:10D1500025490122E4F72AFF00952046234B244964
:10D160000222E4F723FF00952A462046214B22495C
:10D17000E4F71CFF00952046204B21490422E4F7E8
:10D1800015FF009520461F4B1F490522E4F70EFFAF
:10D19000009520461D4B1E490622E4F707FF009527
:10D1A00020461C4B1C490722E4F700FF009520464F
:10D1B00001251A4B1A490822E4F7F8FE2046194BBC
:10D1C000194900950922E4F7F1FE184B184900951A
:10D1D0000A222046E4F7EAFE03B030BD133F0508FB
:10D1E000AE360508203F05083A3F05083E3F0508D2
:10D1F000583F05085C3F0508783F05087D3F050856
:10D20000993F05089E3F0508AF3F0508B63F050852
:10D21000CB3F0508D13F0508E53F0508EB3F050872
:10D22000FF3F050805400508A63505081340050819
:10D230001B40050813B5044600230DF107010D48F6
:10D240008DF80730F0F74EFE94F8913094F8A42052
:10D250006FF040410B4450F823309340A4F89E30C7
:10D2600094F892300B4450F823309340A4F8A03047
:10D2700002B010BDF40C0120002330B580F8A330BB
:10D2800090F89030032B36D8DFE803F01202120238
:10D29000B0F89E30B0F896209A4203D9012380F866
:10D2A000A33028E0B0F898209A4224D20223F6E76F
:10D2B000B0F89E40B0F89650B0F8A020B0F89A3080
:10D2C000B0F89C10A54206D99142EFD893422CBFEA
:10D2D00000230123E3E7B0F89850A5420CD2934213
:10D2E00034BF052300239142D9D9062380F8A33007
:10D2F00090F8A23043B930BD934234BF03230023DA
:10D300009142CCD90423CAE70723C8E7D0F8A80084
:10D3100030B1B0F840301B090B6000234B600C208B
:10D320007047000010B591E80C0004460749ECF77F
:10D3300071F9074B2360282100238022C4E90B12D6
:10D34000C4E90833A4F84030204610BDCC2E01209B
:10D350008095050810B50446034600F140010222FD
:10D360000348EBF7D9FF94F84000C0F3400010BD2C
:10D37000CC2E012010B50446D0F8A80020B1FFF74C
:10D38000E9FF84F8A20010BD94F89330013B072B0D
:10D39000F7D8064A02EBC30152F833008988D3F765
:10D3A000D9FC003818BF0120EBE700BF742F012023
:10D3B00038B505460C46FFF73DFF2846FFF7DAFF74
:10D3C0002846FFF759FF00230022C4E90023214625
:10D3D000FFF79CFF95F8A3305BB1013B01220344AA
:10D3E00002FA03F3D4E90012194342EAE372C4E9F2
:10D3F0000012A87B38BD10B50446006810B1036860
:10D400005B689847204610BD0F4B70B503F13002A2
:10D4100003604833044682600361A830FFF7EBFFE6
:10D4200004F1900504F13006B54204D0183D2846B9
:10D43000DFF7A8FAF8E704F11000E4F7F9FC20465A
:10D44000E2F776F9204670BDB4950508A0F1080012
:10D45000FFF7DABFA0F11000FFF7D6BF10B5044602
:10D46000FFF7D2FF2046AC2112F0B2FF204610BDDC
:10D47000A0F11000FFF7F2BFA0F10800FFF7EEBF28
:10D4800013B501220C460DF10601F0F707F908B1BA
:10D49000BDF80640204602B010BD036801601BB114
:10D4A0001A68184652681047704700002DE9F3418A
:10D4B000D0F8A8508B1E04460E46DBB2A5B1012B56
:10D4C00008D90021A830FFF7E8FF002104F1A800E7
:10D4D000FFF7E3FF236884F890605B692046984774
:10D4E000E08102B0BDE8F081012BF3D80A48EBF7E8
:10D4F000C7FED0F80080442012F0E8FF41460746FE
:10D50000FFF710FF04F1A80039460195FFF7C5FFAA
:10D5100001A8FFF770FFDDE7CC2E012013B5B0F8AE
:10D52000911049BA044689B24FF41170FFF7A8FF71
:10D53000B4F8931084F89200030A49BA84F8913041
:10D5400089B240F24520FFF79BFF030A84F894005C
:10D5500084F8933001220DF1060140F20220F0F729
:10D560009DF830B39DF806102046FFF79FFFB4F8F2
:10D5700096104FF41070FFF783FFB4F89810A4F8DA
:10D58000960040F24120FFF77BFFB4F89A10A4F810
:10D59000980040F24220FFF773FFB4F89C10A4F803
:10D5A0009A0040F24320FFF76BFFA4F89C0002B002
:10D5B00010BD0146D8E7A0F10800FFF7AFBF00009B
:10D5C00030B5044685B0E2F79FF82A4900232322AC
:10D5D00004F11000E4F784F8274B236003F13002D4
:10D5E00048332361A26025496A4604F13000DFF721
:10D5F00049FA01AA224904F14800DFF743FA02AAD6
:10D60000204904F16000DFF73DFA1F4903AA04F145
:10D610007800DFF737FA062384F8913040F20513DB
:10D62000A4F89230012384F894304FF4C843A4F84E
:10D63000963003F1484303F561530025C4F8983050
:10D6400043F22053C4E9273584F8A450C4F8A85005
:10D650000E48DDF7B9FE0F2898BFC0F1100584F819
:10D66000A4502046FFF75AFF2046FFF75FFD2046F3
:10D6700005B030BD20400508B495050828400508D0
:10D680002E4005083D40050843400508F40C0120E4
:10D690002DE9FF47D0E901439C4205468A4615D053
:10D6A0000A78002304F10801C4E906232372C4E9BF
:10D6B000001300220023C4E90823022384F8283041
:10D6C00043683033436004B0BDE8F0871D4A012150
:10D6D000E0F7FCFED5F800800746FFF7E1FCA4EB7D
:10D6E000080900EB090306469AF80010039500228A
:10D6F00003F1080046F80900C3E906125A601A72DD
:10D70000002000210222C3E9080183F828202146D5
:10D7100032464046FFF7DCFCAB680B4ACDF804808C
:10D72000A3EB08031B115343044601A80293DDF742
:10D73000ECFF30232E60303403FB07666C60AE6074
:10D74000C1E700BF281E0508ABAAAAAA2DE9F04729
:10D7500000F108030024DFF810813F4FBCB00546FC
:10D760000360446004720E46D6E90CA902AB009334
:10D7700009F101010023684601938DF80830E4F7B0
:10D7800074F84A4651466846E3F71AFA01223349CB
:10D790006846E3F715FA214606A8DFF7CFF906AA8F
:10D7A00069460CA8E7F76AFE2D490CA8E4F79AF839
:10D7B000014612A8E2F7BEFB18F8011B18A8DFF714
:10D7C000BDF918AA12A91EA8E7F758FE24491EA8F9
:10D7D000E4F788F8014624A8E2F7ACFB17F8011B30
:10D7E0002AA8DFF7ABF92AAA24A930A8E7F746FE52
:10D7F0001C4930A8E4F776F8014636A8E2F79AFB10
:10D80000DDE936122846E3F7DBF936A8DFF7BAF888
:10D8100030A8DFF7B7F82AA8DFF7B4F824A8DFF7B5
:10D82000B1F81EA8DFF7AEF818A8DFF7ABF812A81A
:10D83000DFF7A8F80CA8DFF7A5F806A8DFF7A2F82D
:10D8400001346846DFF79EF8042C06F118068BD1E8
:10D8500028463CB0BDE8F0874C960508F12905083C
:10D860003A460508B3250508509605082DE9F04FFE
:10D870000B6805468BB0084614460A2B00F2298136
:10D88000DFE813F00B00AE00B400B700BA00BD0033
:10D89000C300C600C900CC001E01096A022907D1D5
:10D8A000017C2846FFF702FE01200BB0BDE8F08F97
:10D8B000012954D16668A36895F890A09E424FF064
:10D8C000000812D006F10803C6E906A8C6E9003828
:10D8D00000220023C6E9082386F80880022386F880
:10D8E0002830636830336360DEE77C4A2046E0F727
:10D8F000EDFDD4F800900746FFF7D2FBA6EB090B2D
:10D9000000EB0B0303F1080240F80B200546002151
:10D9100000200222C3E9080183F8282031462A4664
:10D92000C3E906A8C3F8048083F808804846069433
:10D93000FFF7CEFBA3686A4ACDF81090A3EB09036A
:10D940001B115343064604A80593DDF7DEFE302382
:10D950002560303603FB07556660A560A4E70829FB
:10D96000A2D1294604A8FFF7F1FED4E901639E4243
:10D970000AD004A93046E2F7F8FA636830336360EE
:10D9800004A8DEF7FFFF8FE7544A01212046E0F7A5
:10D990009DFDD4F800800746FFF782FBA6EB08093F
:10D9A000054604A948440394E2F7DFFA2A463146C3
:10D9B0004046FFF78DFBA368494ACDF80480A3EBEE
:10D9C00008031B115343064601A80293DDF79DFE91
:10D9D00030232560303603FB07556660A560CFE72E
:10D9E00005F196022146ECF7CFFD5EE705F19802BE
:10D9F000F8E705F19A02F5E705F19C02F2E705F177
:10DA000093022146E7F706FC4FE705F19402F8E799
:10DA100005F19102F5E705F19202F2E7096A0129A1
:10DA200059D1D4E901639E420FD0B5F89E10B5F8E4
:10DA3000A020002306F10800C6E90003C6E906138A
:10DA4000C6E908233372062349E7244A2046E0F753
:10DA50003DFDD4F800908046FFF722FBA6EB090AB3
:10DA600000EB0A030746B5F8A010B5F89E0006942F
:10DA7000002203F1080547F80A50C3E90602C3E98A
:10DA800008125A601A72062283F8282031463A4654
:10DA90004846FFF71DFBA368114ACDF81090A3EB91
:10DAA00009031B115343054604A80593DDF72DFE1A
:10DAB00030232760303503FB08776560A760F3E605
:10DAC0000B6A012B07D105F1A3012046FFF7E0FD0A
:10DAD000EAE60020E9E60220E7E600BF281E050886
:10DAE000ABAAAAAAA0F11000FFF7C0BE034A0346E2
:10DAF00092E8030083E8030018467047FC01001019
:10DB0000A1F12401FFF7F2BFA1F11801FFF7EEBF69
:10DB100090F80931052B02D1D0F8203313B990F8D1
:10DB20002D310BB1806870471830704790F809317B
:10DB3000052B1ABF90F82D0180F0010000207047DE
:10DB400010B5034B03600446EFF7DCFC204610BD24
:10DB5000F896050810B50446FFF7F2FF20463C2171
:10DB600012F036FC204610BD4430EBF7CABCA0F1E1
:10DB70004400FFF7F9BF10B544300C46EBF7D2FC78
:10DB80002046BDE81040EBF784BCA0F14400FFF74D
:10DB9000F2BFD0F87032032B09D190F8873223B14D
:10DBA00090F888320BB190F8853218467047002300
:10DBB000FBE790F80921012A02D8D0F874017047D8
:10DBC000023A012A02D8D0F8A401704703685B6CBE
:10DBD0001847034690F80901012807D193F88421DA
:10DBE0002AB193F88B020130C0B270470120704710
:10DBF000A0F11800FFF7EDBF10B504467AB90B6825
:10DC0000032B0CD103681146DB699847D4F87032B6
:10DC1000062B18BFC4F874320623C4F8703210BD46
:10DC2000A0F1C000FFF7E8BF08B578B1084B9842F3
:10DC300006D9084B984201D912F04CFF12F047FF69
:10DC400030235843BDE8084012F040BC08BD00BF77
:10DC5000AAAAAA025555550502686FF000439A42D8
:10DC600010B502D30B4812F03BFF8A4208D9B2EB41
:10DC7000410F4FEA410403D29C4203D20460224682
:10DC8000501C02E0044A02601846BDE8104012F041
:10DC90001DBC00BF281F0508FEFFFF7F70B50446AE
:10DCA0000E461546B44201D1284670BD214628468D
:10DCB000E2F740F9D4E90623C5E90623D4E90823AD
:10DCC000C5E9082394F8283085F828302046DEF787
:10DCD00059FE30343035E5E7F7B5541A0F2C0546B8
:10DCE0000F46019411D9002101A8FFF7B5FF019E4D
:10DCF0002860AE60224628683946DEF7B9FE2B68F8
:10DD00006E6000229A5503B0F0BD2646F2E700008F
:10DD100038B500F1080305460C46036011B9064802
:10DD200012F0DBFE0846CEF70BFC214622182846EF
:10DD3000BDE83840FFF7D0BF401F05088188006864
:10DD40000122D3F70DB8818800680022D3F708B804
:10DD500070B5012304460D4669B980F8303100F5ED
:10DD6000F470FFF7F0FF236884F88A5220465B695D
:10DD7000BDE87040184780F88A32036800229B692A
:10DD800080F830219847236820461B6A984778B965
:10DD9000EFF31083D4F88C0033B9EFF305831BB98C
:10DDA000BDE87040D8F7A0B9BDE87040D8F7F6B923
:10DDB00070BDD1ED047AFEEEE17A38B5002303752B
:10DDC00017EE903AD1ED057AFEEEE17A5B42036000
:10DDD00017EE903AD1ED017AFEEEE17A5B42C0EDAA
:10DDE000027AD1ED027A4360FEEEE17A0446C0ED9C
:10DDF000037AD1ED037AFEEEE17A1546C0ED047A9E
:10DE00000846E8F7B0FEB5EEC00AF1EE10FA05F0EC
:10DE10000105D8BF00252575204638BD08B590F806
:10DE20000931052B08D1806828B103681B69984720
:10DE3000003818BF012008BD0020FCE710B50446DB
:10DE4000FFF7ECFF28B1A0680368BDE810409B6AAB
:10DE500018474FF6FF7010BDA0F11800FFF7EEBF96
:10DE600008B500210448EBF70FFABDE8084090E838
:10DE700006000148EBF79CBB8C2E012008B5012160
:10DE80000448EBF701FABDE8084090E806000148B5
:10DE9000EBF78EBB8C2E0120012930B50FD1184A2B
:10DEA00000F5E67302F11805106851681C4603C4BA
:10DEB0000832AA422346F7D112881A8030BD0229BF
:10DEC0000DD1104A00F5E67302F11805106851688B
:10DED0001C4603C40832AA422346F7D1ECE70329C3
:10DEE000ECD1094A00F5E67302F118051068516893
:10DEF0001C4603C40832AA422346F7D1DCE700BF20
:10DF0000C0110508DA110508F411050810B504461A
:10DF1000B0F82411B0F8DC01EFF78CFBB4F826114F
:10DF2000B4F8DE01EFF786FB012384F8893210BDD7
:10DF300038B5F0F729F942F21075A84204460BDD16
:10DF4000F0F736F9054B9C42D4BF01240024A842C7
:10DF5000D8BF0024204638BD0024FBE7AF300100C5
:10DF600038B590F8084105467CB190F8884264B114
:10DF700090F886424CB190F8874234B190F80A315B
:10DF8000032B04D1D0F874411CB9204638BD062BB0
:10DF900002D195F88542F8E7012BF6D18068036835
:10DFA0001B6998470028F0D1F3E7D0F8700270475A
:10DFB000F8B5064680680368DB69984796F82C3107
:10DFC0004FF6FF7580FB054513B1644265EB4505CF
:10DFD000B06803689B6A984700230246294620469A
:10DFE000CFF72CF9B6F80C71B6F8923200FB073077
:10DFF00000B2F8BD0000000038B50546F0F7C4F8DF
:10E000000446F0F7D5F8241A07EE904A95ED4F7ABA
:10E01000F8EEE77AF4EEC77AF1EE10FA1DDDB5F806
:10E02000584195ED407A67EE877A07EE104AB8EED0
:10E03000C77A67EE877A17EE900ACEF751FC08A3ED
:10E04000D3E90023CEF7A4FCCEF752FF20EAE0701C
:10E05000A042A8BF204600B238BD0020FCE700BFA8
:10E060002D431CEBE2362A3F10B590F891325A1E30
:10E070008EB0044680F8912253B1D0F87032092B4B
:10E0800018BFC0F874320923C0F878320EB010BD42
:10E0900068460F49FFF73CFE16236946069308A819
:10E0A00002238DF81C30E3F7C8FB6846DEF76AFCF4
:10E0B00006A8E8F78FF8D4F87032062B18BFC4F81A
:10E0C00074320623C4F8783208A8DEF75BFCDDE77B
:10E0D0006140050890F894321BB190F80531C3F304
:10E0E0004003184670470000D0B50446D0F8F80049
:10E0F000CEF7F6FB0A4B0022CEF74AFC0646B4F8F0
:10E10000120101300F46CEF7D9FB02460B463046CE
:10E110003946CEF767FDCEF733FF00EE100AD0BDCB
:10E120000000104030B5044687B0806C01F07F05D8
:10E13000EBF78AF90023CDF809304FF4FA73019315
:10E1400004F144030093A06C8DF80850052304AA41
:10E1500002A9EBF74CF9DDF8110000BA07B030BDA9
:10E160006A21FFF7DFBF08B55321FFF7DBFF00B2DD
:10E1700008BD10B552210446FFF7D4FF00F0070098
:10E18000012804D194F80A31092B08BF092010BDD9
:10E1900010B563210446FFF7C5FFC0B284F87C02C6
:10E1A00010BD6B21FFF7BEBFA0F11800FFF7F9BF4C
:10E1B00008B590F80931012B04D12A21FFF7B2FFED
:10E1C00000B208BD042B01D13A21F7E7023B012B35
:10E1D00001D84621F2E703689B6B9847F0E7A0F16E
:10E1E0001800FFF7E5BF08B56421FFF79BFF001497
:10E1F00008BD08B56921FFF795FF00B208BD10B54D
:10E20000044608466921FFF78DFF03B200146060E1
:10E210002360204610BD90F80931012B10B504464B
:10E2200004D12A21FFF77EFF001410BD9A1E012A97
:10E2300001D84621F6E7042B01D13921F2E7FFF797
:10E24000EDFD20B12046BDE81040FFF7B1BE2046ED
:10E25000BDE81040FFF787BF73B50446806C61F0DE
:10E260007F0615BAEBF7F0F84FF4FA7384F8A06262
:10E27000C4F8A1520093A06C04F14403052204F5F4
:10E280002871EBF78BF802B070BD000010B50022CA
:10E2900004460121FFF7E0FF00212046FFF742FF7F
:10E2A000024BC31A5842584110BD00BF31373634B3
:10E2B00010B5012204460321FFF7CEFF02212046BC
:10E2C000FFF730FFD4F8D03094ED3C7AC3F17F43B0
:10E2D00003F57F0303F50043013313FA80F307EEE0
:10E2E000903AF8EE677A67EE877A9FED047A67EEE8
:10E2F000877AFDEEE77A17EE900A10BD00007A44A7
:10E3000090F8E43010B5044613B99FED290A10BD0A
:10E3100002220321FFF7A0FF02212046FFF702FFA0
:10E3200080B2D4F8D030A0F5FF407F38C01A002862
:10E33000EBDD07EE900A9FED1F7AF8EEE77A87EEA5
:10E34000270AD4ED357A60EE277A94ED360A87EE07
:10E35000800A0EF095FAD4ED377AC0EE277A17EEE0
:10E36000900ACEF7BDFA0EA3D3E90023CEF75AF9EF
:10E37000CEF706FE07EE900AB7EE007AC7EE277AD0
:10E3800017EE900ACEF7ACFA07A3D3E90023CEF735
:10E3900047F9CEF7F5FD00EE100AB8E7AFF30080BD
:10E3A00083DBB5DCE1796B3F6666666666127140B9
:10E3B0000000000000F428470A461C21FFF74CBF6C
:10E3C00084B0F8B507AC84E80E009DF8232005461C
:10E3D00000F5BA730BAF264603CEBE4218605960F3
:10E3E000344603F10803F6D1317819709DF82230D4
:10E3F0009DF8211085F82C219B0043EA41039DF8EC
:10E4000020100B439DF8241043EAC1039DF825100A
:10E4100043EA012343EA023225212846FFF71CFF85
:10E42000079A26212846FFF717FFBDF82830BDF8C8
:10E430002620292143EA02422846FFF70DFF9DF8D6
:10E440002C3013B1002385F88B32BDE8F84004B0BE
:10E45000704784B038B505AD85E80E009DF82F50A3
:10E46000DDF81E2080F82C5104460D21FFF7F4FE44
:10E47000DDF8222020460E21FFF7EEFEDDF82620F3
:10E4800020460F21FFF7E8FE059A20464021FFF7BE
:10E49000E3FEBDF8182020463E21FFF7DDFEDDF843
:10E4A0001A2020464521FFF7D7FEBDF82A20BDF8E7
:10E4B0002C30204643EA02423C21FFF7CDFE9DF876
:10E4C0002E20204642EA0532BDE838403B2104B008
:10E4D000FFF7C2BE84B070B505AC84E80E000646F6
:10E4E00000F5C4750FCC0FC594E8070003C59DF86F
:10E4F00016302A809DF81820BDF81A101B0243EA36
:10E5000002139DF8152013439DF8172043EA0233A8
:10E51000144A02EA01421A4330463321FFF79CFEB7
:10E52000079A30463421FFF797FE089A3046352186
:10E53000FFF792FE099A30463621FFF78DFEBDF8AF
:10E540002820BDF82A30304643EA02423721FFF73F
:10E5500083FEBDF82C203046BDE87040382104B061
:10E56000FFF77ABE0000FF0F092980F80A1114BFD7
:10E570000A4601225221FFF76FBE38B50446154600
:10E580000A462121FFF768FE2A4620462021BDE8E1
:10E590003840FFF761BE41EA02422421FFF75CBE2A
:10E5A00038B505460C460A465121FFF755FE85F859
:10E5B0000E4138BD38B505460C4641EA02225021CD
:10E5C000FFF74AFE85F80F4138BD0A466B21FFF779
:10E5D00043BE38B590F80931012B04460D461ED1D3
:10E5E00090F88431DBB16B21FFF79CFD4FF6FF7390
:10E5F000401B90FBF3F3C3EB0343C01AB4F8823122
:10E6000018442368A4F88201DB6B20469847B4F9CC
:10E610008211411A2046BDE83840FFF7D6BF29468F
:10E62000F8E7A0F11800FFF7D4BF10B501290A469A
:10E63000044638BF0122C0F87421C0F8A421262165
:10E64000FFF70AFED4F8A42120464021BDE810407F
:10E65000FFF702BE0A46A0F856115D21FFF7FCBD88
:10E6600007EE901AF8EE677A38B50446A0F858110C
:10E6700017EE900A0D46CEF733F9074B0022CEF77E
:10E6800087F9CEF735FC2A46A4F838015E212046EA
:10E69000BDE83840FFF7E0BD0000E83F37B58DE842
:10E6A00006009DF802309DF801209DF800409B0077
:10E6B00043EA42031C439DF80330054644EAC30481
:10E6C0009DE803009DF80430C5F86C0144EA03148A
:10E6D0009DF80530A5F8701128463E224E2144EAE7
:10E6E0004314FFF7B9FD22464D21284603B0BDE88B
:10E6F0003040FFF7B1BD84B070B505AC84E80E00C2
:10E70000054600F5AA760FCC0FC694E80300BDF8C5
:10E71000142086E8030028465C21FFF79DFDBDF824
:10E72000162028465D21FFF797FDBDF818202846E2
:10E730005E21FFF791FD079A28465F21FFF78CFDC8
:10E74000089A28466021FFF787FD099A284661212B
:10E75000FFF782FD0A9A2846BDE87040622104B0A6
:10E76000FFF77ABDF8B50E4604460F4600F535753D
:10E770000FCE0FC596E80300192285E80300204656
:10E780004E21FFF769FD3A6820464D21FFF764FDF1
:10E7900020461A224E21FFF75FFD7A6820464D2160
:10E7A000FFF75AFD20461C224E21FFF755FDBA689F
:10E7B00020464D21FFF750FD20461D224E21FFF738
:10E7C0004BFDFA6820464D21FFF746FD20461E22EC
:10E7D0004E21FFF741FD3A6920464D21FFF73CFDF0
:10E7E00020461F224E21FFF737FD3A7D20464D215E
:10E7F000BDE8F840FFF730BDF8B50E4604460F46B9
:10E8000000F52F750FCE0FC596E80300112285E89D
:10E81000030020464E21FFF71FFD3A6820464D2198
:10E82000FFF71AFD204612224E21FFF715FD7A68E8
:10E8300020464D21FFF710FD204614224E21FFF700
:10E840000BFDBA6820464D21FFF706FD2046152234
:10E850004E21FFF701FDFA6820464D21FFF7FCFC31
:10E86000204616224E21FFF7F7FC3A6920464D213B
:10E87000FFF7F2FC204617224E21FFF7EDFC3A7D10
:10E8800020464D21BDE8F840FFF7E6BC70B500F525
:10E890002C730C46064607C92DED028B98B083E811
:10E8A00007002578022D3DD0032D52D0012D0FD029
:10E8B0000023CDE90133CDE9033305938DF81830FA
:10E8C00001A93046FFF798FF18B0BDEC028B70BD70
:10E8D0006388304608EE103AFFF706FC2379DFED37
:10E8E000287A9FED281A00EE903AB8EE488AF8EEA2
:10E8F000600A88EE000A0021C0EEA70A0DA8E8F71A
:10E9000073FC07AC0DA9012207A8FFF752FA0FCC40
:10E9100001AD0FC594E8030085E803000DA8E8F7F2
:10E9200021F9CDE76388304608EE103AFFF7DCFBAB
:10E9300023799FED141A00EE903AB8EE488AF8EE6B
:10E94000600AF2EE047AC0EEA70A032188EE000AFC
:10E95000D4E76388304608EE103AFFF7C5FB237909
:10E9600094ED021A00EE903AB8EE488AF8EE600A8A
:10E97000F2EE047AC0EEA70A042188EE000ABDE791
:10E980000000C8420000000041EA02427521FFF782
:10E9900063BC80F8152180F8141141EA0222192184
:10E9A000FFF75ABCFF290A4640F6FF73B8BFFF22A3
:10E9B0009A42A8BF1A46A0F812211821FFF74CBCB2
:10E9C000D0B5B5EEC00AF1EE10FA2DED028B04467B
:10E9D000B0EE408A21D9D0F8F800CDF781FF104B76
:10E9E0000022CDF7D5FF064618EE100A0F46CDF7E8
:10E9F00077FF02460B4630463946CEF7F3F8094B0F
:10EA00000022CDF70DFECEF79BFABDEC028B81B252
:10EA10002046BDE8D040FFF7C5BFBDEC028BD0BD9E
:10EA2000000010400000F03F70B5044661F07F0622
:10EA300015BA806CEAF708FD84F8A062C4F8A15208
:10EA4000A06C04F1440304F528710522BDE8704070
:10EA5000EAF783BC08B504464FF0FF310120D8F730
:10EA600077FAA06BFFF7DAF90028F5D0A36B986C62
:10EA7000EAF734FD0028EFD1A56B2846FFF798FA96
:10EA80001C2102462846FFF7CFFFE5E72DE9F041BC
:10EA900090469DF8185006460F461C46FFF742FB6D
:10EAA00004FA05F304EA080420EA0300AC4044EA4F
:10EAB000000239463046BDE8F041FFF7CDBB37B51F
:10EAC0000D4628210446FFF72DFBD4F87431C0EB26
:10EAD0000040B0FBF3F080B2424212B2A4F88021B1
:10EAE000F5B1B4F87E21B4F80C3113FB00232921D1
:10EAF000A4F87E312046FFF715FB020C120400B289
:10EB0000024329212046FFF7A7FB23682046DB6B41
:10EB100098470146204603B0BDE83040FFF755BD99
:10EB200000954FF6FF7329212046FFF7AFFFECE772
:10EB300007B590F87C3280F87C128B4218BF80F8C1
:10EB40007D3200230A4600936321FF23FFF79EFFD7
:10EB500003B000BD12B980F87E127047FFF7E8BF1E
:10EB600038B590F87C32032B04460D4607D00321BC
:10EB7000FFF7DEFF94F80A112046FFF7F5FC2A465E
:10EB800020466821BDE83840FFF766BB38B590F8ED
:10EB90007C32022B04460D4607D00221FFF7C8FF46
:10EBA00094F80A112046FFF7DFFC2A46204666212A
:10EBB000BDE83840FFF750BB90F87C32012B70B5B0
:10EBC00004460D46164605D090F8303113B90121A0
:10EBD000FFF7AEFFADB245EA064220466421BDE82C
:10EBE0007040FFF739BB036870B51B6A04460D46D9
:10EBF000984798B394F88A3283B385EAE573B4F9F9
:10EC00003621B4F93461A3EBE5739BB29342D8BFCC
:10EC1000F61A94F82C31C8BFB61A1BB194F8093112
:10EC2000052B02D094F82E310BB16D422DB2D4EDEC
:10EC3000407AF5EE407AF1EE10FA08D094F82F31D0
:10EC40002BB12046FFF7D8F9002818BF06462A4600
:10EC500031B22046BDE87040FFF7AEBF70BD2DE970
:10EC6000F0410E46642155080746FFF75BFA012D77
:10EC70001FFA80F8A6EB080438BF012594FBF5F4D1
:10EC800024B9B0452CBF4FF0FF34012484EAE47569
:10EC9000A5EBE475A6EB0803002BB8BF5B42AB42C3
:10ECA00001DABDE8F08108EB040138461FFA81F86B
:10ECB000002209B2FFF780FF0220D7F77FFCE9E7C7
:10ECC000002273B511460646FFF776FF3225002471
:10ECD00031466846FFF793FADDE90032022013441B
:10ECE000013D1C44D7F76AFC15F0FF05F0D1322333
:10ECF00094FBF3F00028B8BF40426328CCBF00204B
:10ED0000012002B070BD2DE9F0471E46551890F85D
:10ED100008319DF824A0089FADB2012B18BF1546FD
:10ED200003689B69044688469847BAF1000F21D0D2
:10ED300005EB080194F8083189B2012B08BF0D4694
:10ED40002AB20FFA88F12046FFF736FF2046FFF778
:10ED50000AFA022105462046FFF706FC2A4620460D
:10ED60002321FFF779FA3A4631462046BDE8F047BD
:10ED7000FFF703BC20460821FFF7DAFE2AB20FFA9C
:10ED800088F12046FFF707FCE0E700002DE9F04F8F
:10ED900000218DB00446FA20EFF70EF92046FFF768
:10EDA000E8F90A902046FFF7F3F994F80E310B903A
:10EDB000022120460893FFF7F3FB00212046FFF7CE
:10EDC00004FC002211462046FFF7F6FE0022232114
:10EDD0002046FFF741FA02212046FFF7C5FB01213B
:10EDE0002046FFF7A5FE94F80831023BDBB2012B69
:10EDF00005D8B4F83811FA222046FFF730FFD4F8CE
:10EE0000A431B44D9A08142A28BF1422012AB8BF8D
:10EE10000122132B98BF012395FBF2F54FF0140745
:10EE200084BF0A22B3FBF2F3B7FBF3F794F808317F
:10EE3000012F38BF0127023B0A22DBB27A43012BA4
:10EE400088BF174601216423CDE9003100223B46EB
:10EE5000B4F838112046FFF756FFB4F80C316D4274
:10EE60004FF6FF786B43CDE90488002506935B429B
:10EE70000993A9462E460795AA460220D7F79EFB7E
:10EE8000236820469B6B9847069B984240F39780E7
:10EE9000BAF1000F40F0938064234FF0010BCDE9ED
:10EEA000003B5246B4F838117B422046FFF72BFF57
:10EEB000DA46022203212046FFF7CEF9022120463E
:10EEC000FFF730F903224FEA104B11462046FFF7B7
:10EED000C3F902212046FFF725F9049A5A4594BF49
:10EEE0000492CDF810B0030C059A80B2824294BF10
:10EEF00005920590984528BF98465E4538BF5E4606
:10EF0000814538BF81469D4238BF1D46BAF1030F87
:10EF1000B3D1049B94F8092133445B08A4F8AE31C3
:10EF2000049B032AA6EB03066B4BB3FBF6F6A4F88F
:10EF3000B0610BD1059A4A445208A4F8B221059A4F
:10EF4000A9EB0209B3FBF9F3A4F8B43108EB05030C
:10EF50005B08A4F8B631A5EB0805412120465E4BBD
:10EF6000B3FBF5F3A4F8B831FFF7DCF8079B834255
:10EF7000D4BF0020012084F8BF0104F5D8730FCB63
:10EF80008DE80F0004F5D2730ECB2046FFF761FA2F
:10EF90000A992046FFF7E8FA0B992046FFF7C8FDCB
:10EFA00008992046FFF7FCFA20460021FFF70DFBE9
:10EFB000002108460DB0BDE8F04FEEF7FDBF236815
:10EFC00020469B6B9847099B984202DABAF1010FE1
:10EFD0001DD0236820469B6B984700287FF769AFB8
:10EFE000BAF1020F7FF465AF642200212046FFF7DB
:10EFF00036FE4FF47A730122CDE9003200231A461F
:10F0000019462046FFF77FFE4FF0030A51E7049BA5
:10F01000314AF3185B08A4F8AE31049BF31AB2FB33
:10F02000F3F3A4F8B03194F80931032B0BD1059B0D
:10F030004B445B08A4F8B231059BA9EB0303B2FB78
:10F04000F3F3A4F8B43105EB08034FF0000A5B08B2
:10F05000A4F8B63184F8BFA11F4AA5EB0803B2FBA0
:10F06000F3F3A4F8B83104F5D8730FCB8DE80F0093
:10F0700004F5D2730ECB2046FFF7EBF9514664221C
:10F080002046FFF7ECFD4FF0010B4FF47A73524628
:10F090005146CDE9003B20465346FFF734FEFA20A7
:10F0A000D7F78CFA524641212046FFF7D5F8412187
:10F0B0002046FFF737F864230093CDF804B007909B
:10F0C0005246B4F838113B462046FFF71CFE4FF07D
:10F0D000020AEEE60170FFFF00FFF6002DE9F74F90
:10F0E000044600216420EEF767FF2046FFF741F851
:10F0F00081462046FFF74CF801902046FFF733F891
:10F10000014607462046FFF757F901212046FFF741
:10F110002BFA002211462046FFF74EFD0121204622
:10F12000FFF706FDB4F838114FF47A722046FFF766
:10F1300096FD2046FEF73CFF00250646AA4641F212
:10F14000280BE91909B22046FFF736F90A20D7F74C
:10F1500035FA2046FEF72CFF2F350AF10103B046A1
:10F160001BB2ADB24045B8BF9A465D450646E8D1F0
:10F17000642220460021FFF772FD49462046FFF732
:10F18000F3F901992046FFF7D3FCBAF12C0FC8BF61
:10F1900094F82C314FF00001C8BF83F001030846FA
:10F1A000C8BF84F82C3103B0BDE8F04FEEF704BFC0
:10F1B0002DE9F04F90F80831023BDBB2012B97B0FC
:10F1C000044600F27A8190F809315A1E022A02D9C7
:10F1D000052B40F0728100219620EEF7EDFE2046CF
:10F1E000FFF719F881462046FEF7C3FF0590204639
:10F1F000FEF7CEFF0022114606902046FFF7DCFC0A
:10F2000001212046FFF7B0F949462046FFF7D4F820
:10F21000B4F9381103234900FA2291FBF3F1204697
:10F2200089B2FFF71CFD4FF0000A5746564609EB1E
:10F230000A0109B22046FFF7BFF80520D7F7BEF94B
:10F240002046FEF7E8FFA0EB090000B2A0EB0A0899
:10F25000B8F1000F00EB0A05B8BFC8F10008002D97
:10F26000B8BF6D420FFA88F82DB24FF0000BB8F519
:10F27000FA6F21DDB5F5FA6F20DD0BF1010BBBF163
:10F28000330F00F01D812046FEF7C5FFA0EB0900FB
:10F2900000B2A0EB0A08AAEB0005B8F1000FB8BF56
:10F2A000C8F10008002DB8BF6D420A200FFA88F897
:10F2B0002DB2D7F783F9DAE7A84501DD013636B27A
:10F2C0001FFA8BF3322B03D10137BFB20A2F2ED88E
:10F2D0000AF1FF0A44F2BF039A45A8D14FF0010892
:10F2E0002046FEF798FF814524D1784908A8FEF70B
:10F2F0000FFD142308A90E9310A802238DF83C30AB
:10F30000E2F79BFA0EA8E6F765FF10A8DDF73AFBD7
:10F3100008A8DDF737FBD4F87032062B18BFC4F805
:10F3200074320623C4F870324FF0000843E04FF007
:10F330000008D5E7B8F1000FF6D043F6FF7A09EBE5
:10F340000A0109B22046FFF737F80520D7F736F94A
:10F350002046FEF760FFA0EB090000B2A0EB0A0315
:10F3600000EB0A05002BB8BF5B42002DB8BF6D4211
:10F370000FFA83FB2DB2002140F6C4139B450ADD32
:10F380009D420ADD0131332960D1711C09B2AB45C0
:10F39000C8BF0E4606E0AB4501DD013636B289B284
:10F3A000322903D10137BFB20A2FBDD8AAF1FF0A13
:10F3B0001AF1C00FC3D1322E29DD94F80931012B87
:10F3C0005DD1D4E9600194F87B3183F0010384F8C6
:10F3D0007B318DE8030004F5BA730ECB2046FEF7AF
:10F3E000EFFF3B4908A8FEF793FC182308A90E93EA
:10F3F00010A801238DF83C30E2F71FFA0EA8E6F7BB
:10F40000E9FE10A8DDF7BEFA08A8DDF7BBFA642212
:10F4100000212046FFF723FC00212046FEF7CCFF09
:10F4200005992046FFF7A0F806992046FFF780FBD4
:10F43000B8F1000F02D0012384F88532002108467C
:10F44000EEF7BAFD404617B0BDE8F08F20460791B1
:10F45000FEF7E1FEA0EB090000B2A0EB0A03AAEB65
:10F460000005002BB8BF5B42002DB8BF6D420A20DB
:10F470000FFA83FB2DB2D7F7A1F807997CE79A1E04
:10F48000012A11D894F8BF3183F0010384F8BF3109
:10F4900004F5D8730FCB8DE80F0004F5D2730ECBB3
:10F4A0002046FEF7D6FF9CE7052B02BF94F82C31CF
:10F4B00083F0010384F82C3193E74FF00108C1E792
:10F4C000731C1BB2A845C8BF1E46FDE67840050860
:10F4D0009E40050873B50026A0F82411A0F8262147
:10F4E0000446154600960A464FF6FF730921FFF7BA
:10F4F000CDFA00964FF6FF732A4608212046FFF703
:10F50000C5FA02B070BD00002DE9F04F95B000259E
:10F5100090F8E430029104462A46032180F8E45032
:10F520000193FEF799FE2046FEF723FE0390204646
:10F53000FEF72EFE294604902046FFF7F9FA6420D4
:10F54000D7F73CF8B4F824B1B4F826A1CFF77AFF86
:10F550002F4605902E46A946A846CFF773FF059B78
:10F56000C01A029B984245D3642E79F1000322D33E
:10F57000642D77F100031ED30023304649464246EE
:10F58000CDF7ACFEA0F5FF437F3B002BB8BF5B423D
:10F5900041F288394B4506460DDC00234246284699
:10F5A0003946CDF79BFEA0F5FF437F3B002BB8BF4C
:10F5B0005B424B4546DD2D4906A8FEF7A9FB152306
:10F5C00006A90C930EA802238DF83430E2F735F922
:10F5D0000CA8E6F7FFFD0EA8DDF7D4F906A8DDF7C5
:10F5E000D1F90020019B84F8880284F8E43015B03A
:10F5F000BDE8F08F002203212046FEF72DFE0221F8
:10F600002046FEF78FFD82B2ABEB020342F20F7E83
:10F61000734444F61E6C63459FD8AAEB10417144B5
:10F6200061454FEA104398D8934692191FFA83FA1E
:10F6300049F100095B1916461D4647F1000708F11C
:10F6400001088AE782B2B1B2A4F82621A4F82411F5
:10F650002046FFF73FFF03992046FEF785FF20462F
:10F660000499FFF765FA0120BCE700BFC640050812
:10F6700073B51026A0F82811A0F82A2104461546D3
:10F6800000960A464FF6FF730921FFF7FFF900962F
:10F690004FF6FF732A4608212046FFF7F7F902B01C
:10F6A00070BD07B51F230A4680F8501100936321EF
:10F6B0000123FFF7EBF903B000BD84B010B5044699
:10F6C00003A880E80E0004F5A07307AA50F8041BF5
:10F6D00043F8041B9042F9D102781A70039A20462D
:10F6E0005421FEF7B9FD049A20465621FEF7B4FDD9
:10F6F000059A20465821FEF7AFFD2046069A5A216A
:10F70000FEF7AAFD9DF81C102046BDE8104004B08D
:10F71000FFF7C7BF000000002DE9F04F00F535737B
:10F72000A1B000250446194680F8E8520693FFF779
:10F7300019F82046FEF71DFD04902046FEF728FD2F
:10F7400005902046FEF70FFD01462046FEF734FEE9
:10F7500001212046FEF708FF01212046FFF7E8F9C6
:10F7600004F5A0772A4629462046FFF725FA0FCF51
:10F7700009AE0FC63B68B4F958A13380B4F93831EB
:10F780009F4F9A45A8BF9A465046CDF797F89D4B94
:10F790000022CDE90201CDF7FBF8CDF7A9FB4FF42C
:10F7A000C80254210FFA80FB2046FEF755FD2A4679
:10F7B00051462046FFF700FA642500262A0454210A
:10F7C0002046FEF749FD3220D6F7F8FE2046FEF728
:10F7D00010FD584518DCCDF771F832468046894651
:10F7E0003B46DDE90201CDF7D3F802460B46404621
:10F7F0004946CDF75DFB002800F0AB800A35ADB27D
:10F8000044F61F639D42D9D9002211462046FFF7D6
:10F81000D3F96420D6F7D2FE2B0407934FF00009EA
:10F820004FF0400B4FF06408079B542148EA030255
:10F830002046FEF711FDCFF705FE00220746514690
:10F840002046FFF7B9F90026CFF7FCFDC01B312891
:10F8500040F28180002211462046FFF7ADF964276F
:10F86000B9F10A0F0ADD0120D6F7A8FE2046FEF7FF
:10F87000C0FC013F17F0FF078146F1D13046CDF7BC
:10F880001DF85BA3D3E9002306460F46DDE902011C
:10F89000CDF77EF8DDE90223CCF7C4FE02460B4625
:10F8A00030463946CDF704FB00285CD0A8EB0B08A6
:10F8B0000126069984F8E8622046FEF753FF6B1E86
:10F8C0009BB244F61E62934204F1240767D808F104
:10F8D000FF339BB2934262D8DDE90C01ADF82650AC
:10F8E0000090ADF82A50ADF82480ADF82880ADF82E
:10F8F000041009AB0ECB2046FFF7DFFE42490EA8ED
:10F90000FEF706FA0EA914A8E1F797FF01220023DB
:10F91000CDE91A2300220023CDE91C23042327224A
:10F9200014A98DF8783038463346E2F70BFB14A85B
:10F93000DDF728F80EA8DDF725F804992046FEF734
:10F9400013FE20460599FFF7F3F8304621B0BDE8D5
:10F95000F08F643553E72046FEF74BFC8642814624
:10F96000B8BF064670E724A3D3E90023DDE902010E
:10F97000CDF70EF80B46024639463046CDF77AFAF7
:10F98000002814BF4FF0640B4FF00A0BD8441FFA45
:10F9900088F844F61F6398457FF646AF88E71B4911
:10F9A0000EA8FEF7B5F90EA914A8E1F746FF00224C
:10F9B0000023CDE91A23CDE91C230423272214A90F
:10F9C0008DF8783038460123E2F7BCFA14A8DCF74A
:10F9D000D9FF0EA8DCF7D6FF04992046FEF7C4FD38
:10F9E00020460599FFF7A4F80020AFE7AFF30080A9
:10F9F0007B14AE47E17AA43F666666666666EE3FB4
:10FA00000000E03F0000E83FE9400508FE4005082F
:10FA100007B500230A4600931A21FF23FFF736F8A3
:10FA200003B000BD012310B580F88A32D0F87032DF
:10FA3000022B04460AD190F886223AB190F885222A
:10FA400022B1C0F874320323C0F878322046FEF7A2
:10FA50006FFA88B194F8303173B907212046FFF767
:10FA6000D7FF04F5F470FEF769F994F87E1220468A
:10FA7000BDE81040FFF75CB8D4F87032012B18BF16
:10FA8000C4F874320123C4F8783210BDF8B50446C6
:10FA90009DF818600F4611461D46FEF783FF394654
:10FAA0002046FFF7B5FF324629462046FEF771FF94
:10FAB00020460022BDE8F8401721FEF7CDBB002309
:10FAC00010B580F88A32D0F87032032B044601D08A
:10FAD000052B10D100212046FFF72AF800212046EF
:10FAE000FFF796FFD4F87032022B18BFC4F87432B7
:10FAF0000223C4F8783210BD07B590F8082180F8C9
:10FB0000101108230093032A14BF002201F0010200
:10FB100001231A21FEF7BAFF03B000BD38B50C4629
:10FB200090F804310546032C28D8DFE804F0021EC3
:10FB3000212403F001031BB3012C08BF0122A5F807
:10FB40000C2185F8084142EA04421B212846FEF7B1
:10FB500083FB032C16D195F884329BB995F81011CC
:10FB60002846BDE83840FFF7C7BFC3F34003E2E7CC
:10FB7000C3F3C003DFE7C3F38003DCE70024DEE761
:10FB80001C46DCE738BD0000F7B5089E04461F465A
:10FB900041EA02420721FEF75FFB3A462046052173
:10FBA000FEF75AFB324620460621FEF755FB042598
:10FBB0003A1E2946204600954FF0010318BF012246
:10FBC000FEF764FF321E4FF01403009318BF0122AA
:10FBD000294620460123FEF759FF044A0A21204600
:10FBE00003B0BDE8F040FEF737BB00BF00010018CE
:10FBF0002DE9F74F044600216420EEF7DDF9236874
:10FC000020469B6B9847002183462046FEF7DDFC8B
:10FC10002046FEF7AEFA82462046FEF7B9FA0C23DC
:10FC20000022009325214FF4805381462046FEF7A1
:10FC30002DFF00212046FEF7BFFB01212046FEF7E5
:10FC400093FC002211462046FEF7B6FF0121204614
:10FC5000FEF76EFFB4F838114FF47A722046FEF7C3
:10FC6000FEFF2A212046FEF75DFA00264FEA2048D3
:10FC70003546374631462046FEF79EFB0A20D6F72A
:10FC80009DFC2A212046FEF74DFA7B1CB8EB204F45
:10FC90001BB24FEA20484FF076012046C8BF1F46EE
:10FCA000FEF740FA6B1C9BB210F0040F06F12F0612
:10FCB00018BF1D46B2B241F228039A4236B2D9D1DA
:10FCC000236820469B6B984700EB0B012046FEF70C
:10FCD0007CFC642200212046FEF7C1FF51462046ED
:10FCE000FEF742FC49462046FEF722FF2C2D94BF2A
:10FCF000002501252C2FD4BF0023012384F87B315C
:10FD000094F87A31AB4205D02C2FCCBF00270127C5
:10FD100084F87B710021084684F8785184F8795181
:10FD200084F87A5103B0BDE8F04FEEF745B930B52D
:10FD300090F80951012D8DB0044627D1FFF758FFE7
:10FD400094F87A21002302A9CDE90013CDE9062316
:10FD50008DF8083000220023CDE9082302238DF816
:10FD6000283004F124002B461F226946E2F7EAF806
:10FD70006846DCF707FED4F87032042B18BFC4F8CD
:10FD800074320423C4F878320DB030BDAB1E012BA1
:10FD900006D890F805315B07EDD4FEF7F7FFEAE7E8
:10FDA000052DE8D1FFF79AF9E5E72DE9F04F85B089
:10FDB00004460D46FEF7BCF8002800F0BC8094F81D
:10FDC0000831023BDBB2012B00F2B580002132206A
:10FDD000EEF7F2F82046FEF7CCF980462046FEF713
:10FDE000D7F90022039011462046FEF7E5FE94F86D
:10FDF0000931012B35D194F88B3203F0FF0113B98F
:10FE00002046FEF75CFE29262046FEF7ACF91023BB
:10FE100000228146009331464FF6FF732046FEF7DD
:10FE200035FE49462046FEF7C7FA01212046FEF777
:10FE30009BFB4FF47A72A9B22046FEF710FF2046D2
:10FE4000FEF7E9F907463220D6F7B8FB00234FF456
:10FE50007A7B9A46FB1A6333C62B1AD94FF0000AF5
:10FE60001BE0023B012B0BD8002241212046FEF76C
:10FE7000F3F9002247212046FEF7EEF94526C3E7B5
:10FE80002046FDF7CBFF002855D00026A4F892624B
:10FE9000BAE70AF1010A1FFA8AFA2046FEF7BBF90F
:10FEA00005460A20D6F78AFBBAF11E0F18D1A9EB36
:10FEB000050520462DB264220021FEF7D0FE002D5C
:10FEC000204608BF0125FDF7A9FF98B9102300932C
:10FED0002A464FF6FF7331462046FEF7D7FD0BE06A
:10FEE0000BF1FF3B1FFA8BFB3B46BBF1000FDED053
:10FEF0002F46AFE7A4F8925294F80931012B14D1A0
:10FF0000A4F87E5120460021FEF756FA41462046CD
:10FF1000FEF72AFB03992046FEF70AFE0021084659
:10FF200005B0BDE8F04FEEF747B8023B012B98BF94
:10FF3000A4F8AA51E6E705B0BDE8F08F38B50D4644
:10FF40007C210446FEF7EEF815B1D4F8C83118400C
:10FF5000C4F8C40138BD0A467D21FEF77DB90A46C2
:10FF60007D21FEF779B9000030B52DED028B97B0F9
:10FF70000446FEF78BF940B904F50C70E6F72AF950
:10FF8000002017B0BDEC028B30BD01221146204687
:10FF9000FEF762F900212046FEF7C4F8B0F5803F75
:10FFA00040F0A08094F8E631002B00F09B80EDF744
:10FFB000F9FF9FED6A1ADFED6A0A9FED6A0AA16CEC
:10FFC0000BA8E9F74BFC0B9B2367A06C04F15801CD
:10FFD000E9F764F9012384F88432D4F8803243B914
:10FFE0002046FEF7D5F8002800F087800223C4F8E9
:10FFF0008032002264212046FEF72EF994F8153154
:020000040804EE
:10000000009394F81431B4F8122100212046FFF730
:100010003DFDB4F80C2194F808112046FFF77EFD51
:1000200094F80A112046FEF79FFA04F5CA730FCB25
:100030006D4607C52B8004F5C4730ECB2046FEF732
:1000400049FAD4F820310093D4F81C31B4F81821BF
:10005000B4F816112046FFF797FDB4F82621B4F83E
:1000600024112046FFF736FAB4F82A21B4F82811F3
:100070002046FFF7FDFA04F52C712046FEF706FC3A
:100080002046FEF731F894EDC78A9FED351ADFED73
:10009000360A88EE000A00210BA8E7F7A5F801222E
:1000A0000BA905A8FDF785FE05A92046FEF75AFB1A
:1000B0000BA8E6F757FD2046FDF73AFFF8B9962161
:1000C0002046FFF721FAD0B9D4F87032062B18BFBA
:1000D000C4F874320623C4F8783204F5F470FDF7DE
:1000E00032FE4DE794F88432002B7FF476AFD4E9EA
:1000F0005B122046FEF7D2FA6FE7012377E7B4F8E8
:10010000EE20B4F8EC102046FEF73EFC94F8843262
:10011000E3B100212046FFF722FFD4E9530104F5A3
:10012000A0730090ADF804100ECB2046FFF7C5FA7F
:1001300000212046FFF702FF012384F88632CFF723
:1001400081F9C4F8A80294F886021AE74FF0816199
:10015000C4F8C8112046FFF7FEFEDEE70000807FEE
:1001600000000000002474493333333F0A467C21E9
:10017000FEF772B873B509230D4616460093252184
:1001800001230446FEF782FC26B1002228212046E6
:10019000FEF762F815B1002384F88B320021204667
:1001A000FFF7E4FF94F80921022A19D0012A14BFAD
:1001B000002305F00103002594F8CB211B0143EA3D
:1001C000851322F0500203F05003134384F8CB311F
:1001D000D4F8C811204602B0BDE87040FFF7BBBE9E
:1001E0000023E9E72DE9F04F90F80961012E85B071
:1001F00004468B4690469A4668D1FDF7BAFF0390B5
:100200002046FDF7C5FF002504F5357784F8E85250
:10021000394681462046FEF7A5FA2A462946204659
:10022000FEF7CAFC9DF8382031462046FFF7A2FFB2
:100230004FF4FA7241462046FEF711FD0A2300935F
:100240002A4601965B4641462046FEF75CFD40F299
:10025000E93594F88B322BB9013D03D00A20D6F74B
:10026000ADF9F6E7642200212046FEF7F8FC0A23E8
:100270000122CDE9003200231A4619462046FEF736
:1002800042FD94F88B322BB9EDF782FE04F5F8703D
:10029000E5F7A0FFBAF1000F03D000212046FEF7DA
:1002A0000EFC012384F8E83239462046FEF75AFA5C
:1002B00049462046FEF73CFC20460399FEF754F9D8
:1002C00094F88B02C0B205B0BDE8F08F0020FAE7C9
:1002D00037B5B0F98231B0F93821002B02EBD27278
:1002E0004FF000030093C2F34F02ACBF6FF009015F
:1002F0000A210446FFF776FF054660B194F8843181
:100300004BB123682046DB6B9847B4F98211411A40
:100310002046FEF75AF9284603B030BD30B590F8B4
:10032000873295B0044643B9D4F87032012B40F0BF
:1003300019810423C4F87832A4E0FDF7F9FD002800
:10034000F2D094F80951012D2DD109212046FEF754
:1003500027F9002209212046FEF72CF994F88F3264
:1003600023B92046FFF744FC84F8965294F80931EB
:10037000012B1BD194F88421C2B194F88B22AAB925
:10038000B4F98221002AB4F93821009302EBD27229
:10039000ACBF6FF009010A21C2F34F022046FFF7FC
:1003A00021FF02210AE0023D012D6DD92046FDF713
:1003B000DAFE01462046FDF7FFFF01212046FEF749
:1003C000D3F8B4F938112046FFF7EFFC2046FEF7CA
:1003D000EFFE0546002869D194F8973294F89822E8
:1003E0000133DBB29A4284F8973226D25F4984F80F
:1003F000850202A8FDF78CFC142302A908930AA821
:1004000002238DF82430E1F718FA02A8DCF7BAFAD3
:1004100008A8E5F7DFFE236820465B699847D4F813
:10042000703284F89552062B18BFC4F87432062334
:10043000C4F870320AA8DCF7A5FA94F8AC320BB312
:10044000002384F8AC324A4902A8FDF761FC02A9F6
:1004500008A8E1F7F2F901220023CDE90E230022DA
:100460000023CDE9102308A90422012304F124006C
:100470008DF84820E1F766FD08A8DCF783FA02A8AA
:10048000DCF780FA15B030BD0B212046FEF788F866
:1004900000220B212046FEF78DF894F805315B070A
:1004A0003FF564AF2046FEF771FC5FE7012384F857
:1004B000853294F80931012B0FD194F8843163B15E
:1004C00094F88B324BB123682046DB6B9847B4F924
:1004D0008211411A2046FEF778F894F8AC320BB33B
:1004E000002384F8AC32234902A8FDF711FC02A9CD
:1004F00008A8E1F7A2F901220023CDE90E2300228A
:100500000023CDE9102308A90422012304F12400CB
:100510008DF84820E1F716FD08A8DCF733FA02A8A9
:10052000DCF730FAD4F87032052B18BFC4F87432F7
:100530000523C4F8783294F80931012B06D1032140
:10054000204615B0BDE83040FEF70EB8023B012B47
:1005500001D80621F4E72046FDF760FC002891D081
:100560000921EDE7C4F87432E3E600BF1241050843
:100570002B4105083E41050810B5002204461146EE
:10058000FFF7F8FD012384F88B3210BD012110B56F
:1005900080F8C0110446FFF7D1FCC200C4F8C401C2
:1005A0004FEA106303D594F80921012A05D05B06B0
:1005B00006D594F80931022B02D12046FFF7DCFF63
:1005C00000212046FFF7D2FD01212046FFF7B6FCAF
:1005D000D4F8C43198421CBF002384F8C03110BD48
:1005E000B1F5807F04D190F8C0310BB9FFF7CEBFD1
:1005F0007047A0F18400FFF7F3BF00000B4BD3F866
:100600004E200260D3F85220B3F85630038101F037
:1006100003030370C1F3800383F001030372C1F38A
:10062000C20389094260437081807047C011050888
:1006300084B004AB03E907009DF80400BDF808305E
:1006400000F0030040EA83109DF80C3083F00103B2
:1006500040EA83009DF80530DB0003F038031843BF
:1006600080B204B0704790F87C2190F82C31920051
:1006700042EA430290F87A31134390F86C2143EA3E
:10068000C20390F86D2143EA021390F8842143EAF3
:10069000421390F82D2143EA821390F82E2143EA69
:1006A000C21390F82F2143EA022390F88A2143EAEB
:1006B000422390F8502143EA822390F8CC2043EA69
:1006C000C22080B2704738B5044600F5847393E8C1
:1006D0000700FFF7ADFF94F80931012B0CBFD4F8E8
:1006E0007451D4F8A4510146B4F8CC01ECF7A2FF40
:1006F000A9B2B4F8CE01ECF79DFFB4F83611B4F806
:10070000D201ECF797FF2046FFF7ADFFB4F8D051C8
:1007100001462846ECF78EFFB4F84611B4F8D40130
:10072000ECF788FFB4F84411B4F8D601ECF782FF77
:10073000B4F84211B4F8D801ECF77CFFB4F84011DA
:10074000B4F8DA01ECF776FFB4F88211B4F8E001FE
:10075000ECF770FFB4F8B21294F8B032B4F8E401D8
:10076000C1F30C0141EA433189B2BDE83840ECF7EE
:1007700061BFA0F11000FFF7A6BF00002DE9F34113
:1007800000F1240403252046E1F78CFC0B272046CA
:10079000984B994900950022E1F708FC2046974BB9
:1007A000974900970122E1F701FC2046954B9649B5
:1007B000009702220126E1F7F9FB2A462046934BD7
:1007C00093490097E1F7F2FB2046924B924900963D
:1007D0000422E1F7EBFB2046904B9149009505225E
:1007E000E1F7E4FB4FF0830820468E4B8E490096DC
:1007F0000622E1F7DBFB20468C4B8D49CDF80080CB
:100800000722E1F7D3FB20468A4B8B49009508224B
:10081000E1F7CCFB2046894B894900950922E1F795
:10082000C5FB2046874B884900950A22E1F7BEFBAD
:100830003A462046854B86490095E1F7B7FB2046AE
:10084000844B854900950C22E1F7B0FB2046834B91
:10085000834900950D22E1F7A9FB2046814B82498F
:1008600000950E22E1F7A2FB2046804B80490095BF
:100870000F22E1F79BFB20467E4B7F49009610221A
:10088000E1F794FB20467D4B7D4900951122E1F76D
:100890008DFB20467B4B7C49CDF800801222E1F78E
:1008A00085FB2046794B7A4900951322E1F77EFBC0
:1008B0002046784B784900951422E1F777FB4FF4F6
:1008C000807300932046754B75491522E1F76EFB46
:1008D0002046744B7449CDF800801622E1F766FB80
:1008E0002046724B724900951F22E1F75FFB2046BC
:1008F000704B714900961722E1F758FBB023009323
:1009000020466E4B6E491822E1F750FB20466D4B96
:100910006D4900951922E1F749FB20466B4B6C4964
:1009200000961D22E1F742FB20466A4B6A4900957A
:100930001C22E1F73BFB2046684B694900961A22CE
:10094000E1F734FB2046674B674900961B22E1F72D
:100950002DFB2046654B664900961E22E1F726FBDB
:100960002046644B644900952022E1F71FFB204696
:10097000624B634900952122E1F718FB2046614B49
:10098000614900962222E1F711FB20465F4B604946
:1009900000962322E1F70AFB20465E4B5E49009752
:1009A0002422E1F703FB20465C4B5D49009525229C
:1009B000E1F7FCFA20465B4B5B4900952622E1F704
:1009C000F5FA2046594B5A4900962722E1F7EEFAEC
:1009D0002046584B584900952822E1F7E7FA574B33
:1009E0005749CDF8008029222046E1F7DFFA02B00E
:1009F000BDE8F08153410508C42305085E410508A0
:100A0000694105086F4105087E41050885410508D3
:100A10009A410508A4410508B2410508BB410508F3
:100A2000CC410508D2410508EA410508F141050815
:100A3000FB410508024205080B4205081342050860
:100A40001C420508244205082B42050831420508CE
:100A5000384205083E420508494205085342050848
:100A60005E420508684205086E42050873420508A3
:100A7000794205087E420508924205089A42050817
:100A8000C7420508CF420508DB420508E3420508D6
:100A900009430508144305082243050828430508AF
:100AA000354305083C430508484305084F430508FE
:100AB0006043050867430508633005087E43050861
:100AC000653A0508A2430508B3430508B94305087C
:100AD000C8430508D1430508E2430508EB43050870
:100AE000FC43050806440508184405082344050886
:100AF000ED4905082D4405086144050870440508C2
:100B000087440508934405089C4405089F4405084C
:100B1000AD440508B5440508E1440508EC44050862
:100B2000244505082C4505084045050848450508A5
:100B30005D450508694505088C4505089645050885
:100B4000AC45050830B587B004460D4668460A49ED
:100B5000FDF7DEF85022694621232046ECF7EEFC33
:100B60006846DBF70FFF054B2360A5632046ECF7D3
:100B700095FC204607B030BDB4450508F896050839
:100B8000836B93F8863207B57BB1406801A9D6F72D
:100B90009DFA019B4BB14FF0E0234FF08052C3F818
:100BA000042DBFF34F8FBFF36F8F03B000BDD0F89C
:100BB00020338B4210B5044611D1FDF72FF970B1E7
:100BC0002046FDF787FA50B194F80A31092B06D177
:100BD000D4F8240318B1BDE81040FFF7D1BF10BD11
:100BE000A0F1C400FFF7E3BF10B50446006810B1E0
:100BF00003685B689847204610BD00002F4B03F147
:100C0000740210B5026103F18C02826103F1C0022B
:100C1000426203F58C72426403F5A672C0F8842028
:100C200003F5B0720360C0F8882003F5BC7203F5C9
:100C3000C6730446C0F8C430C0F8C02000F5F47094
:100C4000FDF781F804F54970FFF7CEFF04F5167043
:100C5000DBF798FE04F50E70DBF794FE04F50670E2
:100C6000DBF790FE04F5FC70DBF78CFE04F1C400AA
:100C7000EBF7ACFD04F1C000E5F772F904F1880070
:100C8000ECF740FC04F18400E5F7D2FC04F14400E9
:100C9000E8F750FD04F12400E1F7CAF804F1180068
:100CA000E4F7F2FE04F11000E8F7FCF9E068044B09
:100CB000236008B1DBF7AEFE204610BD1097050893
:100CC00074630508A0F1C000FFF798BFA0F1880089
:100CD000FFF794BFA0F18400FFF790BFA0F144009C
:100CE000FFF78CBFA0F12400FFF788BFA0F1180028
:100CF000FFF784BFA0F11000FFF780BFA0F1C40090
:100D0000FFF77CBF10B50446FFF778FF20464FF48D
:100D10004A710FF05DFB204610BDA0F1C400FFF743
:100D2000F1BFA0F1C000FFF7EDBFA0F18800FFF711
:100D3000E9BFA0F18400FFF7E5BFA0F14400FFF791
:100D4000E1BFA0F12400FFF7DDBFA0F11800FFF71D
:100D5000D9BFA0F11000FFF7D5BF000073B5D0F8E0
:100D60002453044695B93C200FF0B0FB21460646BB
:100D7000FFF7E8FED4F824030195C4F8246310B10A
:100D800003685B68984701A8FFF72EFF0948C4F87D
:100D9000200302680849FA23D362084B1B68B3FB9F
:100DA000F1F3013393620123136002B0BDE8704098
:100DB000D2F79CBC6C06012080841E00000000104D
:100DC00030B50D4690F8043190F8052185B0044601
:100DD000052D3DD8DFE805F0032E343A3731C3F353
:100DE0000013BBB3D4F820331BB12046FDF772F9D2
:100DF00010B9052D08BF002594F8CB3184F80951AE
:100E000023F0500384F8CB31D4F8C8112046FFF703
:100E1000A2F8002384F88532013D94F82C3184F83F
:100E20007B3184F8BF31042D7DD8DFE805F0152D26
:100E300045507600C3F34013D3E7C2F34003D0E735
:100E4000C3F38013CDE702F00103CAE7DB09C8E76B
:100E50000025D1E71D46CFE7D4F8743193B1D4F81B
:100E60007032D4E96001042B18BFC4F87432042333
:100E7000C4F878328DE8030004F5BA730ECB20462F
:100E8000FDF79EFA05B030BDD4F87032042B18BFC0
:100E9000C4F874320423C4F87832002384F8BE31D5
:100EA00004F5D8730FCB8DE80F0004F5D2730ECB89
:100EB0002046FDF7CEFAE5E7D4F87032042B18BFD0
:100EC000C4F874320423C4F878320123E6E7D4F876
:100ED0007032022B18BFC4F874320223C4F878327F
:100EE00020460C21FDF75CFB002220460C21FDF77B
:100EF00061FB012384F8853220460521FDF734FB90
:100F000004F5CA730FCB6D4607C52B8004F5C47377
:100F10000ECB2046FDF7DEFAB4E7A06818B10368EF
:100F20001B69984750B9D4F87032022B16D10223AE
:100F3000C4F87832012384F88532A3E7002384F8CB
:100F400085322046FFF70AFFD4F870320A2B18BF0B
:100F5000C4F874320A23C4F8783293E7C4F87432C0
:100F6000E5E738B590F88732044633BB012580F8B1
:100F7000875200F592712A46B0F8DC01ECF78EFB3F
:100F800080B1B4F8DE012A4604F59371ECF786FBD4
:100F900040B1B4F82621B4F8241184F889522046CF
:100FA000FEF798FA94F8893243B94FF496712046C7
:100FB000FEF7AAFA50B984F8870238BD2046FDF73B
:100FC0007FFE0028F1D0012384F8883204F5F47004
:100FD000FCF7B4FE07212046FEF71AFD94F885328F
:100FE00033B994F809112046BDE83840FFF7E8BE50
:100FF00094F83031002BE0D10123D4F8782284F822
:101000009532D4F8703294F87D129A42204618BF77
:10101000C4F87432FDF78CFDBDE838400A20E5F7CE
:10102000A3BA0000F8B504460025B04E94F8863205
:1010300043B9D4F87032062B04D00BB1C4F8743223
:10104000C4F8705294F895321BB1D4F87832C4F8D1
:101050007032D4F870320B2B27D8DFE813F00C0075
:101060006B002601E8004901780126006C01E400CC
:101070008E005D01CB0084F895522046FDF706F9FD
:10108000002851D094F83031002B4DD194F886329D
:1010900013B92046FEF768FFD4F87032012B18BF51
:1010A000C4F874320123C4F870322046FCF740FFC4
:1010B0000746F0B9D4F87032012B1AD094F8862282
:1010C000BAB194F88722A2B1C4F8783204F504705A
:1010D000E5F780F839462046FDF72AFDD4F870324E
:1010E00084F89552012B18BFC4F874320123C4F858
:1010F000703294F8C0312BB100212046FFF736F84A
:1011000084F8C0510A20D5F759FA94F83031002BF1
:101110008CD0236820461B6A9847002886D1D4F8D3
:101120008C00D5F7F3FA80E784F88652FA20D5F7D9
:1011300045FABAE784F89552ECF734FF2046FCF7FD
:10114000F7FE60B194F830314BB933780133DBB23C
:10115000052B337005D894F8873243B104E035701D
:10116000E4E794F8873223B1012384F895326420B0
:10117000DDE72046FFF7F5FEEDE7012384F88D3229
:101180002046FCF7D5FE68B304F53577394620468E
:1011900084F8E852FDF7E6FA04F5F470FCF7CEFDAA
:1011A00007212046FEF734FC3220D5F707FA4FF42A
:1011B000FA712046FEF7A8F9C0B12046FCF7A6FE5A
:1011C0002046FEF7B4FD94F809112046FFF7F8FD1C
:1011D000012384F8965284F8E83239462046FDF718
:1011E000C1FA62E76420D5F7E9F9C9E72046FCF7C0
:1011F0003BFF5AE784F895522046FCF799FE70B100
:101200002046FEF789FA012384F89532D4E99C231D
:10121000934201D0C4F87422C4F8783245E76420C0
:10122000D5F7CCF9E8E72046FFF752F8EEE7CEF71E
:1012300009F9D4F89C32C31AB3F5FA6F33D9C4F85C
:101240009C022046FFF7A2F976212046FCF76AFFB0
:10125000020401D501300ED194F88A325BB101232A
:1012600084F8313123682046DB690021984704F572
:101270001470E4F7AFFF94F8E430A3B12046FDF713
:101280003FF8D4ED387AB4EEE70AF1EE10FA0ADD51
:10129000D4F87032072B18BFC4F874320723C4F88F
:1012A0007832ECF775FEC82041E76420D5F786F95F
:1012B00094F83131002B3FF4F8AE76212046FCF74C
:1012C00031FF03047FF5F1AE01303FF4EEAE04F5DB
:1012D0001470E5F70DF9D4F8703284F831510BB180
:1012E000C4F87432C4F87052DFE600BF0430012045
:1012F00094F88732002B3FF4D8AE2046FCF718FE56
:1013000000283FF4D2AE94F80831002B3FF4CDAE64
:101310002046FFF703F8C8E694F88732002B3FF425
:10132000C4AE2046FCF704FE00283FF4BEAEA3681E
:10133000002BE8D1B9E6236820465B699847D4F8CA
:101340007032062B18BFC4F87432062364E70123F9
:1013500084F8853294F88A32BBB9236820465B69E9
:1013600098470323C4F8743294F88D32002B3FF46D
:101370009CAE84F88D522046FFF775F9B4F8D07111
:1013800001463846ECF756F98FE62046FCF7E8FDB3
:101390000028E2D0236820469B699847D4F8703231
:1013A000032B18BFC4F874320323C4F87832DBE788
:1013B000A0F18800FFF736BE90F8942280F89412CE
:1013C00031B92AB190F80931052B01D1FFF7F8BCEA
:1013D00070470000244B5A68012A70B506462BD18D
:1013E0001D6800F1C8040FCD0FC40FCD0FC40FCD81
:1013F0000FC495E80F0084E80F0096ED3D0AECF766
:1014000099FEB6F8EE20B6F8EC103046FDF7BCFABF
:1014100096F8FC2030461146FDF7BBFA96F8081105
:10142000B6F80C213046FEF779FB96F809113046E4
:10143000BDE87040FFF7C4BC1B6803EB8212934207
:101440001C46DAD01879884203F14003F7D10FCC5B
:1014500006F1C8050FC50FCC0FC50FCC0FC594E81A
:101460000F0085E80F00C8E71402001001F0010327
:1014700080F8783180F8793180F87A31C1F340030F
:1014800080F82C3180F87B3180F8BF3180F88B31C7
:10149000C1F3800380F87C31C1F3C00380F86C3164
:1014A00080F86E3180F87031C1F3001380F86D312F
:1014B00080F86F31C1F3401380F88431C1F3801399
:1014C00080F82D3101F0C003A3F1C0025342534113
:1014D00080F82E31C1F3002380F82F31C1F340236F
:1014E00080F88A31C1F3802380F85031C90AFFF7B0
:1014F00071BF000010B586B004460023B0F8CC01DF
:10150000ADF80630012201A9ECF7C8F868B103A8CC
:10151000BDF80410FFF772F8034603CB1B78C4F83C
:101520000801C4F80C1184F81031B4F8CE0101227E
:101530000DF10601ECF7B2F820B1BDF80610204617
:10154000FDF773F8012204F5A371B4F8D401ECF7A8
:10155000A5F8012204F5A271B4F8D601ECF79EF8C3
:10156000012204F5A171B4F8D801ECF797F8012233
:1015700004F5A071B4F8DA01ECF790F8012202A9A1
:10158000B4F8E001ECF78AF8BDF80830B4F8D201FD
:10159000A4F88231012204F59B71ECF77FF8B4F8CE
:1015A000DC01012204F59271ECF778F860B3B4F82D
:1015B000DE01012204F59371ECF770F820B30123EA
:1015C00084F88932B4F8D00101220DF10A01ECF758
:1015D00065F8E8B1BDF80A102046FFF747FF012380
:1015E00084F88F32B4F8E401012203A9ECF756F82D
:1015F00040B1BDF80C30C3F30C025B0BA4F8B2226F
:1016000084F8B03206B010BD012384F89632D9E7D1
:10161000034B1B6820461979FFF7DCFEE2E700BFA9
:1016200014020010A0F11000FFF764BF2DE9F0478D
:101630002DED028B88B00025CDE90023E24B03603D
:101640000446856018209DF848709FEDE08A0EF0F2
:101650003DFF81464FF00108DD4BC0E9018849F8A4
:101660000C3B82464846E4F765FAC4E9029A04F165
:101670001000E7F785FC04F11800E4F75BFA7B1E25
:10168000D449DBB2812204F12400E0F729F8DDE936
:101690000023D14904F14400E7F7BCFF04F18400C2
:1016A000E4F7FEFF02A8CD49FCF732FB02A919239B
:1016B0004FF4807204F18800EBF740FF02A8DBF7DB
:1016C00061F904F1C000E4F7EFFB04F1C400EBF7AB
:1016D000B5F8C34B236003F17402226103F18C025D
:1016E000A26103F1C002626203F58C72626403F5C9
:1016F000A672C4F8842003F5B072C4F8882003F5FC
:10170000BC7203F5C673C4F8C430B64BC4F8C83015
:10171000B54BC4F8D430B54BC4F8D830B44BC4F88A
:10172000DC30B44BC4F8E0304FF0FF33C4F8EC3099
:10173000B14BC4F8F030B14BC4F8F430B04BC4F83E
:10174000F830142384F8FC304FF07C53C4F8003197
:10175000B4F80431C4F8C0206FF30B0343F43F63C3
:1017600043F00F03A4F804310423A4F80C3140F62D
:10177000FF73A4F81231A34B84F8CC50C4F8D050B6
:1017800084F8E45084ED3A8AA4F8085184F80A8178
:10179000A4F80E5184F81081C4F8143140F24B13B0
:1017A000A4F81831984AC4F834514FF00053C4E9F2
:1017B00047334FF00123C4E9492341F28833A4F8A9
:1017C0003831924BC4F83C31914B924A84F85081A5
:1017D000C4E950334FF080714FF40003C4E9521351
:1017E0008D4BC4F8543147F6FF73A4F858316FF0AD
:1017F0000043C4E95923C4E95733884BC4F86C51FA
:1018000042F210706422C4E95D03A4F88E214FF403
:10181000807342F6AA22A4F88831C4E94B55C4E982
:101820005F55A4F8705184F88451A4F88A8184F833
:101830008C81A4F89051A4F89221A4F8A021784AB0
:10184000C4F8AC21C4E96E351A44764BC4F8CC31E7
:1018500003F5A0230233C4F8D031734BC4F8D4315C
:1018600040F22933A4F8D83140F22A33A4F8DA310F
:101870006E4BC4F8DC3103F5E02345F255510233D9
:10188000A4F89411C4F8E0314FF400414FF44B73C5
:10189000A4F89611A4F8E4314AF6AA21644BA4F8FE
:1018A0009811C4F8E8314DF255518023C4E96C22F7
:1018B000A4F89A11A4F8EC3102A8C4E96985C4E936
:1018C00071555C49A4F89C51A4F89E5184F8C0510C
:1018D00084F8E681FCF71CFA4FF002091723C4F8DC
:1018E000F03102A984F8F49104F5FC70DFF7A5FF4C
:1018F00002A8DBF747F802A84F49FCF709FA0A23C8
:10190000C4F8103202A984F8148204F50670DFF7D7
:1019100094FF02A8DBF736F802A84849FCF7F8F96B
:101920000C23C4F8303202A984F8348204F50E7016
:10193000DFF783FF02A8DBF725F802A84049FCF790
:10194000E7F902A9C4F8509284F8549204F516708D
:10195000DFF773FF02A8DBF715F840F20123C4E9B3
:10196000A435032384F898324FF47A73A4F8B23282
:101970003223A4F8B432334BC4F8B832324BC4F833
:101980007892C4E99C55C4E9A055C4E9A755C4E9B7
:10199000AF55C4E9B155C4E9B555A4F87C5284F8F3
:1019A0007E52A4F8885284F88A5284F88B52C4F884
:1019B0008C5284F8A452C4F8A852A4F8AC5284F80B
:1019C000B052C4F8CC5241E0746305080000000036
:1019D00054560508BB4505088C2E01205A410508C0
:1019E00010970508BF4505080080BB4400E0AB46E2
:1019F000006086450000B4423C57733B295CF541CA
:101A000020BCBE4B323294028782878200007A4427
:101A10002003BC0201000080FF7F3075010101003E
:101A20000000FF7F2003210327032803230324034F
:101A300000100240C6450508DB450508ED450508D0
:101A400000460508000020410000AF4384F8D05252
:101A5000C4E9B755C4F81C33324BC4F8E452C4E9A6
:101A6000C835294604F12400C4E9BB55C4E9BD5575
:101A7000C4E9C155C4E9C35584F8E852C4F8FC521E
:101A800084F80053C4F8145384F81853DFF77AFC31
:101A900039462046FCF700FA2046FEF76FFE224842
:101AA000E7F714FC061D0FCE04F158070FC70FCE41
:101AB0000FC796E807004FF4827387E80700C4E970
:101AC00016354FF400739FED191A9FED190AA16C9A
:101AD000E366F0EE480A02A8C4E91859C4F8688021
:101AE000E7F7BCFE029BA06C84F85480C4E91C3567
:101AF000C4E91E55E7F7A8FC04F15801A06CE7F70C
:101B0000CDFBA06CE7F7C5FC2046FFF7F3FC04F122
:101B100024004146DFF736FC204608B0BDEC028BBE
:101B2000BDE8F0876C0601208C2E01208096184BB2
:101B30000024F44A38B50B684D6883600446C068D9
:101B4000854207D015B16B6801336B6008B1DAF7D5
:101B500061FFE56094F80931052B11D1D4F82033E9
:101B600073B1D4F8243313B92046FFF7F7F8D4F84B
:101B700070320A2B18BFC4F874320A23C4F87832C2
:101B800038BD08B5DFF7AEFE08BD00002DE9F04115
:101B9000A8B00D4604465D4904A8FCF7B9F8002238
:101BA00001212846FCF758FB00212846FCF7BAFA29
:101BB000431E0333039014D9132300930021544B85
:101BC000059A04A8F1F7DCFD0023236004A9201D79
:101BD000DFF733FE04A8DAF7D5FE204628B0BDE8CB
:101BE000F08100BA0CAB039004AA03A90AA80A93D7
:101BF000FCF772F8012211462846FCF72DFB002164
:101C00002846FCF78FFA030C14BF0121002105467A
:101C100016A8DAF793FF3F4916A8DFF763FE0146DF
:101C20001CA8DEF787F9291E18BF012122A8DAF7C0
:101C300085FF1C9B1D98239A1EA98B4218BF1E9FCF
:101C4000229908BF0F2700EB020CBC4505D924AF31
:101C5000B94202D0249FBC4550D91CA8DEF7B0FF82
:101C6000014610A8DEF766F922A8DAF78BFE1CA859
:101C7000DAF788FE16A8DAF785FEDDE90A8718ABE1
:101C80001693F91C002316A817938DF86030DFF720
:101C9000ECFD2149032216A8DEF792FF3A464146A1
:101CA00016A8DEF78DFF1D4916A8DFF71BFE0146BB
:101CB0001CA8DEF73FF9DDE910121CA8DEF780FF53
:101CC000014622A8DEF736F9DDE9221204A8DEF784
:101CD00077FF22A8DAF756FE1CA8DAF753FE16A8FB
:101CE000DAF750FE04A92560201DDFF7A6FD10A835
:101CF000DAF748FE0AA8DAF745FE6BE70022009003
:101D0000114622A8F1F73CFDAAE700BFC52505084A
:101D10001D460508C53C05085A4105083146050819
:101D20002DE9F04F2DED028BD1E9005399B09FEDD5
:101D3000428B05EB8313814614460093009BAB4214
:101D400004D119B0BDEC028BBDE8F08F99F8903248
:101D500029791BB999F8CC308B4231D106A8DAF732
:101D6000EDFE374906A8DFF7BDFD01460CA8DEF7FA
:101D7000E1F829680CA8DFF7B5FD014612A8DEF7E7
:101D8000D9F86668A36895F804B09E421AD012A9E3
:101D90003046DFF752FD0023F361042386F8283034
:101DA0006368C6F818B0303386ED088B636012A8FC
:101DB000DAF7E8FD0CA8DAF7E5FD06A8DAF7E2FDA8
:101DC0004035BBE71F4A01212046DCF77FFBD4F8F2
:101DD00000A00190FBF728FFA6EB0A070744804606
:101DE00012A938460594DFF728FD00230421424656
:101DF000FB6187F8281087ED088B3146C7F818B0CB
:101E00005046FBF74BFFA1680F4BCDF80CA0A1EBA0
:101E10000A0109115943064603A80491D9F775FC34
:101E2000019AC4F800803023303603FB02826660DA
:101E3000A260BCE7AFF300800000000000000000DB
:101E4000F1290508281E0508ABAAAAAA2DE9FF4713
:101E5000D0E901639E4204468A4608D03046DEF748
:101E600084F863683033636004B0BDE8F087154AD6
:101E70000121DCF72BFBD4F800800746FBF7D4FEEA
:101E8000A6EB08090546514648440394DEF76DF871
:101E90002A4631464046FBF701FFA3680A4ACDF8BF
:101EA0000480A3EB08031B115343064601A80293C9
:101EB000D9F72BFC30232560303603FB07556660CD
:101EC000A560D1E7281E0508ABAAAAAA2DE9FF47FD
:101ED000D0E901439C4205468A4616D00B6804F1BE
:101EE0000802D917226000222272C4E9063162601A
:101EF00000230022C4E90823022384F82830436821
:101F00003033436004B0BDE8F0871E4A0121DCF79E
:101F1000DDFAD5F800800746FBF786FEA4EB08093A
:101F200000EB09030646DAF80020039503F10801E7
:101F300046F80910D0170021C3E90620596019722C
:101F4000002000210222C3E9080183F8282021464D
:101F500032464046FBF7A2FEAB680B4ACDF8048040
:101F6000A3EB08031B115343044601A80293D9F7BE
:101F7000CCFB30232E60303403FB07666C60AE6010
:101F8000C0E700BF281E0508ABAAAAAA2DE9FF4793
:101F9000D0E901439C4205468A4615D00A680023D1
:101FA00004F10801C4E906232372C4E900130022E6
:101FB0000023C4E90823022384F82830436830331F
:101FC000436004B0BDE8F0871D4A0121DCF77EFACA
:101FD000D5F800800746FBF727FEA4EB080900EBC5
:101FE00009030646DAF800100395002203F1080001
:101FF00046F80900C3E906125A601A72002000214F
:102000000222C3E9080183F82820214632464046CF
:10201000FBF744FEAB680B4ACDF80480A3EB080342
:102020001B115343044601A80293D9F76EFB3023DA
:102030002E60303403FB07666C60AE60C1E700BF02
:10204000281E0508ABAAAAAA2DE9FF47D0E901433B
:102050009C4205468A4615D00A78002304F10801FF
:10206000C4E906232372C4E9001300220023C4E953
:102070000823022384F8283043683033436004B0D7
:10208000BDE8F0871D4A0121DCF720FAD5F8008071
:102090000746FBF7C9FDA4EB080900EB0903064658
:1020A0009AF800100395002203F1080046F8090091
:1020B000C3E906125A601A72002000210222C3E905
:1020C000080183F82820214632464046FBF7E6FD0A
:1020D000AB680B4ACDF80480A3EB08031B115343F4
:1020E000044601A80293D9F710FB30232E60303448
:1020F00003FB07666C60AE60C1E700BF281E0508E1
:10210000ABAAAAAA2DE9FF47D0E901439C420546A4
:102110008A4615D00A78002304F10801C4E9062391
:102120002372C4E9001300220023C4E90823022318
:1021300084F8283043683033436004B0BDE8F0874A
:102140001D4A0121DCF7C2F9D5F800800746FBF7EC
:102150006BFDA4EB080900EB090306469AF8001092
:102160000395002203F1080046F80900C3E90612AE
:102170005A601A72002000210222C3E9080183F884
:102180002820214632464046FBF788FDAB680B4AC3
:10219000CDF80480A3EB08031B115343044601A8A8
:1021A0000293D9F7B2FA30232E60303403FB07666E
:1021B0006C60AE60C1E700BF281E0508ABAAAAAAE2
:1021C0002DE9FF47D0E901439C4205468A4615D0D8
:1021D0000A88002304F10801C4E906232372C4E934
:1021E000001300220023C4E90823022384F82830C6
:1021F00043683033436004B0BDE8F0871D4A0121D5
:10220000DCF764F9D5F800800746FBF70DFDA4EB79
:10221000080900EB09030646BAF8001003950022EE
:1022200003F1080046F80900C3E906125A601A7261
:10223000002000210222C3E9080183F8282021465A
:1022400032464046FBF72AFDAB680B4ACDF80480C6
:10225000A3EB08031B115343044601A80293D9F7CB
:1022600054FA30232E60303403FB07666C60AE6096
:10227000C1E700BF281E0508ABAAAAAA036A022B61
:1022800010B40C4601D0202B03D10369138010BC7D
:102290007047012B01D0102BF9D12046114610BCFC
:1022A000FFF78EBF10B586B004466846FBF730FDD9
:1022B00069462046DDF759FE6846DAF763FB20469B
:1022C00006B010BD10B586B004466846FBF720FD89
:1022D00069462046DDF749FE6846DAF753FB20469B
:1022E00006B010BD000000002DE9F04F2DED028B6F
:1022F0000B6895B005460E461446292B00F2B085B2
:10230000DFE813F03A00C000FF004201B601C5014A
:10231000F4014F025C027202750278027B027E02B7
:10232000810284029C02FB0264038E039503B003C6
:10233000F5031D042E0445045D006A0087023D0478
:10234000550007042A004E00F30258049604C60400
:10235000E1044C0556055A0500F22D12214630467F
:10236000D9F7DEF995F82D310BB985F82E3115B076
:10237000BDEC028BBDE8F08F0B6A022B01D0202B45
:1023800005D131692846FCF750F90120EFE7012B10
:1023900001D0102BF9D12846FBF70BFC089009E07F
:1023A00000F5977221463046D9F7BAF9EDE7D0F833
:1023B0007032089308A92046FFF7E8FDE5E70123FE
:1023C00080F89132D0F87032092B18BFC0F87432FF
:1023D0000923C5F87832D8E790F896324FF0000814
:1023E0009BB990F888A2D4E901539D420FD005F122
:1023F0000803C5E90038C5E906A885F80880002368
:102400000022C5E9082302238EE1C246EBE7AA4A6F
:1024100001212046DCF75AF8D4F800900746FBF774
:1024200003FCA5EB090B00EB0B0303F1080240F8DA
:102430000B200646002100200222C3E9080183F890
:102440002820C3E906A8C3F8048083F80880294639
:10245000324648460A94FBF721FCA368CDF8209049
:102460000546A3EB0903954A1B11534308A809939A
:10247000D9F74BF930232660303503FB07666560DA
:10248000A66082E70B6A012B08D190F808318DF81D
:10249000203008A92046FFF735FE76E7022B06D14B
:1024A000B0F80C21097C2846FDF738FB6DE784491C
:1024B00008A8FBF72DFC95F80431D90703D581490D
:1024C00008A8FFF75EFB95F804319A0703D57E490B
:1024D00008A8FFF756FB95F804311B0703D57B4985
:1024E00008A8FFF74EFB95F804315F0703D578493C
:1024F00008A8FFF746FB08A92046FFF7A7FC08A895
:10250000B9E10B6A012B02D190F80931BFE7022B28
:1025100003D1097CFEF754FC37E7694908A8FBF7AB
:10252000F7FB95F80431DE0603D5664908A8FFF7E6
:1025300028FB95F80431980603D5664908A8FFF7EB
:1025400020FB95F80431590603D5634908A8FFF725
:1025500018FB95F90431002B03DA604908A8FFF74E
:1025600010FB95F80531DA0703D55D4908A8FFF798
:1025700008FB95F805319B07BDD52846FBF7AAFD5A
:102580000028B8D05749B3E7096A01295ED14FF056
:10259000000A0AAACDE9082AD4E901529FED448B2A
:1025A00090F8CC708DF828A04FF0020B9542CDE941
:1025B0000E7A8DED108B8DF848B013D008A92846FF
:1025C000DDF7B8FCDDE90E23C5E90623DDE91023BC
:1025D000C5E908239DF8483085F828306368303312
:1025E00063608CE7344A2046DBF770FFD4F8009034
:1025F0000290FBF719FBA5EB09060644804608A9E3
:1026000030460794DDF796FC29464246C6E9067A2D
:1026100086ED088B86F828B04846FBF73FFBA36899
:10262000264ACDF81490A3EB09031B11534305462A
:1026300005A80693D9F769F8029AC4F800803023F8
:10264000303503FB02836560A36058E702290AD195
:1026500090F89032002B3FF498AE317C01F01F01CE
:10266000FEF7B8FE91E620492246FFF759FB8CE6BB
:102670000C6A012C40F0F783002390F8091180F8D0
:102680008532FEF79DFB85F8AC4203206FE60B6AAE
:10269000012B05D100F586712046FFF791FD74E608
:1026A000022B7FF472AE0A8A90F80811FBE600BF95
:1026B0000000000000000000281E0508ABAAAAAA1E
:1026C000C5250508344605083C4605084246050868
:1026D000514605085C460508634605086D46050831
:1026E000744605087C460508140200100E6A012E87
:1026F0007FF44BAE014605A8FBF781FD6568A36832
:10270000DDF81880059F9D424FEAE87B4FEAE779A4
:1027100010D005F10803C5E9068BC5E908792B60DF
:1027200000236B602B72062385F8283063683033F2
:1027300063602AE63146C24A2046DBF7C7FE2668B8
:102740000290FBF771FAA5EB060A00EB0A030246BA
:10275000002103F1080042F80A00596019720621AD
:1027600083F82810C3E9068B2946C3E90879304667
:1027700003920A94FBF792FAA368B24908969B1B4E
:102780001B114B43054608A80993D8F7BEFF039ACF
:10279000029922603023303503FB01226560A2607C
:1027A000F3E50B6A012B02D100F5AB7174E7022B44
:1027B0007FF4EBAD098AFBF74DFFE6E500F5A37268
:1027C00021463046FFF75AFD336A022B7FF4DDAD18
:1027D000D5E9530105F5A0730090ADF804100ECBB8
:1027E0002846FCF76AFFD0E500F5A272E8E700F59D
:1027F000A172E5E700F5A072E2E700F5A572DFE758
:1028000000F5A472DCE700F5A772D9E700F5A6721F
:10281000D6E700F5C27221463046D8F781FF336A09
:10282000022B7FF4B2ADD5E960018DE8030005F518
:10283000BA730ECB2846FBF7C3FDA6E5014608A8F0
:10284000FFF7A4F96568A368DDF820B09D424FF05A
:10285000000A13D009A92846DEF7EFFF0023002263
:10286000C5E90823042385F8283063683033C5E9B7
:1028700006BA636009A8DAF785F886E5704A01218F
:102880002046DBF723FED4F800900746FBF7CCF98F
:10289000A5EB09060644804609A930460794DEF7F1
:1028A000CCFF00220023C6E908230423294686F82A
:1028B00028304246C6E906BA4846FBF7EFF9A36856
:1028C000604ACDF81490A3EB09031B11534305464E
:1028D00005A80693D8F719FF3023303503FB07838B
:1028E000C4F800806560A360C4E7FBF7E1FC0890D2
:1028F00008A92046FFF7EAFA47E5096A012954D1F9
:1029000090F86D3190F86C91666849EA4309A368C4
:102910009E424FF0000A0FD006F10803C6E9003AC4
:10292000C6E9069A86F808A000230022C6E9082313
:10293000022386F82830F9E6414A2046DBF7C6FD37
:10294000D4F800800746FBF76FF9A6EB080B00EB05
:102950000B0303F1080240F80B200546002100207C
:102960000022C3E9069AC3E908015A601A720222DA
:102970000A9483F828202A4631464046FBF78EF910
:10298000A368304ACDF82080A3EB08031B11534302
:10299000064608A80993D8F7B8FE302325603036DC
:1029A00003FB07556660A560EFE402297FF4EDACF8
:1029B000336903F00102C3F3400380F86C2180F80F
:1029C0006D31D0E95B12FBF769FEDEE40B6A012B87
:1029D00004D1FBF7CEFB8DF820005AE5022B03D182
:1029E000097CFBF7C1FDD0E4D4E901639E4204D029
:1029F00015493046FFF756FC98E6114A012120465A
:102A0000DBF764FDD4F800800746FBF70DF9A6EB71
:102A1000080905460C490A944844FFF743FCAAE715
:102A200000F59B7221463046FFF728FCADE40B6AA7
:102A3000012B0BD100F5A8712046FFF705FBA4E49C
:102A4000281E0508ABAAAAAA87460508022B7FF410
:102A50009CACD1E90432134314BF01210021FCF7DF
:102A600020FE92E40F6A012F7FF48FACD0F8E800CB
:102A7000C9F736FFA54BCDE900013A22A44908A8C1
:102A8000E2F77BF8D4E901639E4204D008A93046FE
:102A9000DDF76BFAA2E59F4A39462046DBF716FDC3
:102AA000D4F800800746FBF7BFF8A6EB08090546F7
:102AB00008A948440794DDF758FA2A4631464046AB
:102AC000FBF7ECF8A368944ACDF81480A3EB080355
:102AD0001B115343064605A80693D8F716FE30236C
:102AE0002560303603FB07556660A56007E50B6A75
:102AF000012B02D100F27B119EE7022B7FF445AC43
:102B0000D1E90432134314BF0123002380F87B3141
:102B100089E60B6A012B02D100F5BD718CE7022B0F
:102B20007FF433ACD1E90432134314BF01230023F3
:102B300080F87A3180F8783180F8793173E60B6A61
:102B4000012B7FF422ACFBF7DBFB10EE100AC9F778
:102B5000C7FE724B0022C9F71BFFCAF7C9F9C6E6C8
:102B60000B6A102B03D1097CFBF7DCFA16E4202B4F
:102B700040F079810A69097AFBF76EFB05E4D0F829
:102B80007032082B18BFC0F87432082321E40B6A96
:102B9000022B09D1D1E90432134314BF01210021D2
:102BA000FCF7AAFFFFF7F1BB012B7FF4EEAB00F5BA
:102BB000887141E7FBF7FCF96568A3689D4281468F
:102BC0004FEAE07A08D005F108032B600023C5E93D
:102BD000060A6B602B7212E44E4A01212046DBF795
:102BE00075FCD4F800800746FBF71EF8A5EB080B30
:102BF00000EB0B0303F1080240F80B2000225A609F
:102C00001A720646002100200222C3E9080183F857
:102C10002820C3E9069A2946324640460A94FBF723
:102C20003DF8A368CDF820800546A3EB08031AE41D
:102C30000B6A012B02D190F8B03228E4022B0BD1A1
:102C40000B7C032B08D880F8B03205F52C71284690
:102C5000FBF71CFEFFF799BBD4E901639E4204D049
:102C60002F493046FFF72EFB60E52A4A0121204616
:102C7000DBF72CFCD4F800800746FAF7D5FFA6EB6B
:102C80000809054626490A944844FFF71BFB72E6EB
:102C90000B6A022B11D1D1E90432012B72F1000130
:102CA000BCBF01230022B3F5005F72F10002A8BF90
:102CB00041F6FF73A0F8B232C7E7012B7FF465AB92
:102CC00000F2B221E8E4096A02290DD1D6E9043202
:102CD000002ABCBF00231A46802B72F10002A8BF55
:102CE0007F2380F8B432B0E701297FF44EABD4E9FA
:102CF00001639E4216D090F8B422002306F1080129
:102D0000C6E90013C6E9062333720DE6C02905089B
:102D1000D5720408281E0508ABAAAAAA00005940CB
:102D2000B4460508514A2046DBF7D0FBD4F80090A2
:102D30008046FAF779FFA6EB090A00EB0A0307467B
:102D400095F8B4120A94002203F1080047F80A002B
:102D5000C3E906125A601A72002000210222C3E958
:102D6000080183F8282031463A464846FAF796FF8C
:102D7000A3683F4ACDF82090A3EB09031B115343EE
:102D8000054608A80993D8F7C0FC302327603035E2
:102D900003FB08776560A760FFF7F7BAD0F87032D9
:102DA0000B2B18BFC0F874320B23C0F878326CE4D8
:102DB00000F22F12FFF7F6BA0F6A022F0AD1D1E9FB
:102DC0000401CAF7FDF900EE100A2846FBF7F8FDEA
:102DD000FFF7DBBA012F7FF4D8AAFBF785F910EED5
:102DE000100A0DF069FF6568A3689D428046894618
:102DF00009D005F108032B600023C5E906896B6043
:102E00002B72FFF7FCBA3946184A2046DBF75EFB07
:102E1000D4F800A00746FAF707FFA5EB0A0B00EB72
:102E20000B0303F1080240F80B2000225A601A72CB
:102E30000646002100200222C3E9080183F8282069
:102E4000C3E906892946324650460A94FAF726FF16
:102E5000A368CDF820A00546A3EB0A03FFF703BB48
:102E60000020FFF784BA0220FFF781BA281E050868
:102E7000ABAAAAAAA0F12400FFF736BA034A034678
:102E800092E8030083E80300184670471C02001014
:102E9000A1F10801FFF7F2BF30B50346144699428D
:102EA00002D1081A104430BD13F8015B04F8015B2D
:102EB000F5E703461046CA1A012A02DD194604F056
:102EC000E3BA04BF1B7803707047000008B578B1FF
:102ED000084B984206D9084B984201D90DF0FAFDEB
:102EE0000DF0F5FD30235843BDE808400DF0EEBA73
:102EF00008BD00BFAAAAAA02555555050A4B10B530
:102F00000360044638338360002208488021CDF7EF
:102F100027FFD4F8C40010B103685B6898472046C7
:102F2000F2F78EFF204610BDF89905080010024008
:102F3000A0F10800FFF7E2BF10B50446FFF7DEFF7F
:102F40002046C8210DF044FA204610BDA0F108002B
:102F5000FFF7F2BF002808B506D001DA0DF0B7FD83
:102F6000BDE808400DF0B2BA08BD00002DE9F047F9
:102F7000D0E90148444505468A4605D0217043689A
:102F800001334360BDE8F08707686FF00043E41B3E
:102F90009C4202D111480DF0A3FD012C2CBF04EB83
:102FA000040904F10109994528BF99464846FFF7ED
:102FB000D1FF00F804A006461CB122463946C9F7E5
:102FC0000FFA0134344427B1A8EB070138460DF05D
:102FD000FFF9C5E900644E44AE60D3E7281E05083A
:102FE0009A422DE9F84F04460F4691469B4677D00A
:102FF0009E1AD0E901535B1B9E423CD8A5EB010809
:1030000046451FD2A5EB06082A4629464046FFF74B
:1030100043FF6368A8EB07023344A7EB0801012ACA
:10302000636005EB010009DD394604F02DFA3A46EC
:1030300059464846BDE8F84FFFF73BBF04BF3B7811
:103040006B54F4E702EB080AABEB0A02002A03DD3B
:1030500051462846C9F7C4F96268A6EB080632440F
:10306000626029463846FFF717FF63684344636090
:103070003A465146DDE7D0F800B06FF00043A5EBCB
:103080000B08A3EB0802964202D916480DF028FD62
:1030900046452CBFB044C044984528BF984640469A
:1030A000FFF758FF3946024682465846FFF7F4FEBE
:1030B00032464946C9F794F9294682193846FFF73E
:1030C000EBFE0546BBF1000F05D0A1685846A1EB09
:1030D0000B010DF07DF9C4E900A50AEB0803A3601C
:1030E000BDE8F88F3C27050838B504460D4602F1C7
:1030F0000803AC42A3F1080000D138BD224643F8D2
:10310000083C52F8081B914217D1626818460132F8
:10311000C9F766F90346D4E906013033626843F81B
:10312000342C43E90801D4E9080194F8282003F875
:10313000102C43E906013034DBE7A26843F8081C91
:103140001A60E8E713B5044901AA0446D9F79AFCC6
:10315000204602B010BD00BF49470508A1F1080193
:10316000F0E700BF10B500231846DCB2A24201D838
:10317000C0B210BD0C68E45C01332044F5E70000E8
:1031800073B5302300F10804032500932046194B42
:1031900019490522DEF70AFF2046184B1849009509
:1031A0000022DEF703FF22262046164B1649009523
:1031B0000122DEF7FBFE2046144B15490096022241
:1031C000DEF7F4FE2A462046124B13490095DEF73F
:1031D000EDFE2046114B124900950422DEF7E6FE73
:1031E000104B1149009606222046DEF7DFFE02B0A2
:1031F00070BD00BF7E430508653A0508D94705083C
:103200004D4A0508FD470508683C05081B480508A8
:1032100056480508644805088C480508954805087F
:10322000AE360508A8480508D648050808B50A4678
:1032300001460020D5F792F8BDE808400020D5F7F8
:1032400043B8000070B59EB00446F2F785FD4A4BC6
:1032500023603833A360494B04F1980203F1100650
:1032600018685968154603C50833B3422A46F7D192
:103270001B882B80424D0FCD04F1AC060FC695E89C
:10328000030086E803000026682205F10801C4F85F
:10329000C46004A8C9F7A4F82046FFF771FF4FF4F3
:1032A0004A700DF013F9314605463648E5F7ECFF54
:1032B0000123009390E80C0032492846FEF7B6F946
:1032C000314BD4F8C4002B6003F174022A6103F17E
:1032D0008C02AA6103F1C0026A6203F58C726A640F
:1032E00003F5A672C5F8842003F5B072C5F88820EE
:1032F00003F5BC7203F5C673C5F8C020C5F8C43029
:10330000C4F8C45004F1AC0510B103685B68984779
:10331000D4F8C460682204A906F1C800C9F760F8AF
:1033200001213046FAF7B8FDD4F8C40003685B6D9C
:10333000984704F1B80393E807008DE8070095E883
:103340000E00D4F8C400FBF7D6F9D4F8C40000216D
:10335000FDF736FDD4F8C4008830EAF79FF8D4F8BA
:10336000C4300122D3F8E801B3F8EC11CDF7F8FC32
:1033700020461EB070BD00BFF89905081812050858
:103380002C1205088C2E01207851050810B5044632
:10339000006818B1A168091A0DF01AF8204610BD8E
:1033A0002DE9FF47D0E901439C4205468A4616D0E5
:1033B0000B6804F10802D917226000222272C4E9C6
:1033C0000631626000230022C4E90823022384F846
:1033D000283043683033436004B0BDE8F0871E4AAC
:1033E0000121DBF773F8D5F800800746FFF76EFD83
:1033F000A4EB080900EB09030646DAF80020039560
:1034000003F1080146F80910D0170021C3E906208E
:1034100059601972002000210222C3E9080183F8D3
:103420002820214632464046FFF75EFEAB680B4A35
:10343000CDF80480A3EB08031B115343044601A8F5
:103440000293D8F762F930232E60303403FB07660D
:103450006C60AE60C0E700BF281E0508ABAAAAAA30
:1034600010B50C1A002C134605DD014622461846FD
:10347000C8F7B6FF0319184610BD0000F8B51C1EAA
:1034800005460E46174602DA08480DF029FB20468D
:10349000FFF760FD0444C5E900000246AC60394610
:1034A0003046FFF7DDFF6860F8BD00BF5C1E050811
:1034B000F0B589B0044601AA02A8D9F7E3FADDE91C
:1034C000027504F108000F2D206004D9681C0CF06F
:1034D000FDFFA56020606A1C3946D9F7C9FA0023B0
:1034E0000022C4E90623C4E9082302986560032387
:1034F00084F8283004AB984203D0049901310CF0D1
:1035000067FF204609B0F0BD2DE9F04F0B6887B08A
:1035100006460D461446062B00F27381DFE813F0D1
:1035200007007B009200B700C8005501AB000F6A8E
:10353000012F57D1D0F8C400FAF755FE6568A3688B
:103540009D4281464FEAE07A12D005F10803C5E9B1
:10355000060A2B6000236B602B7200230022C5E952
:103560000823022385F828306368303363604EE017
:103570003946A64A2046DAF7A9FFD4F80080074664
:10358000FFF7A4FCA5EB080B00EB0B0303F108020B
:1035900040F80B2000225A601A72064600210020D3
:1035A0000222C3E9080183F82820C3E9069A2946C4
:1035B000324640460594FFF797FDA368CDF80C808E
:1035C0000546A3EB0803924A1B11534303A8049337
:1035D000D8F79BF830232660303503FB076665601B
:1035E000A66014E0022F40F00E81D0F8C400FAF774
:1035F000DCFC032804D0D6F8C40003689B69984714
:10360000D6F8C400B5F9101003681B69984701206B
:1036100007B0BDE8F08F0B6A012B0AD1D0F8C400C7
:1036200003689B6B9847039003A92046FFF7B8FEF9
:10363000EDE7022B40F0E7800969D0F8C400FBF702
:103640008FFAE4E70B6A022B06D12969D6F8C40089
:103650006422FAF792FFDAE7202B40F0D4800A23A5
:103660000122CDE900320B6900222989D6F8C40075
:10367000FBF749FBCBE70B6A022BE6D0202B40F08F
:10368000C2800A230022CDE900320B69EDE70B6A04
:10369000012B04D1D0F8C400FAF762FDC3E7022B76
:1036A00040F0B1800969D0F8C400FBF76FFAAEE7CB
:1036B0000F6A012F40D1D0F8C400FAF769FD6568A0
:1036C000A3689D4282464FF0000808D005F1080328
:1036D000C5E90038C5E906A885F808803DE74B4AEA
:1036E00039462046DAF7F2FED4F800900746FFF795
:1036F000EDFBA5EB090B00EB0B0303F108020594AE
:10370000064640F80B20002100200222C3E90801F0
:1037100083F82820C3E906A8C3F8048083F808804A
:10372000294632464846FFF7DFFCA368CDF80C90E7
:103730000546A3EB090346E7022F11D1D1E9041393
:103740000A2973F100030BDAD0F8C4000022C9B2D1
:10375000FBF700FAD6F8C40003689B69984756E760
:10376000D4E901639E4204D02A493046FFF7A0FE07
:10377000FAE6264A01212046DAF7A8FED4F80080AE
:103780000746FFF7A3FBA6EB080905462149059468
:103790004844FFF78DFE2A4631464046FFF7A4FC19
:1037A000A3681B4ACDF80C80A3EB08031B115343FD
:1037B000064603A80493D7F7A8FF302325603036C8
:1037C00003FB07556660A56021E70B6A102B0FD13C
:1037D000097CD0F8C400FAF7A5FC6568A3689D428F
:1037E00082464FF000087FF471AF084A012178E764
:1037F000202B08D10A69D0F8C400097AFAF72CFD09
:1038000005E7002004E7022002E700BF281E0508A4
:10381000ABAAAAAAE7480508A0F10800FFF774BE02
:1038200010B50C1A012C134607DD01462246184636
:1038300003F02AFE0319184610BD04BF027803F8EE
:10384000012BF8E710B50C1A012C134607DD0146D1
:103850002246184603F018FE0319184610BD04BF8F
:10386000027803F8012BF8E72DE9F347836806682F
:10387000A3EB060A5245CDE90012044689461746D5
:103880001AD9002A02DA19480DF02AF91046FFF772
:1038900061FB09EB0701054602464846FFF7E0FDDC
:1038A0001EB1514630460CF093FD25603D44C4E9FD
:1038B000015502B0BDE8F0874568AD1BAF42324606
:1038C00008D839444846FFF7BDFF63689842F0D0F6
:1038D0006060EEE769184846FFF7B4FF626809EBDD
:1038E000070105EB0900FFF7BBFDF1E75C1E0508CA
:1038F0002DE9F047D2F8008000248CB0A045CDE936
:10390000064406468A461746089418D002DA8748C5
:103910000DF0E6F84046FFF71DFB424605465146CE
:10392000C8F75EFD05EB0809B8F1090FCDF8209046
:103930000CD03A4651463046F2F7D3F928E04246D9
:103940000846FFF76DFF45468146F2E79AF80030DA
:10395000012BEED1082206A93046CDE90659FFF722
:1039600001FC19F8013C834205D00846FFF70EFD23
:103970000CB0BDE8F0876B78AF788F2B59D00BD89F
:103980000F2B00F08D80882B00F0A0800A2B72D0C6
:10399000CDE9065906A8E9E7922B2AD0942BF7D156
:1039A000634BD6F8C40003933946FAF7BBFB00BA61
:1039B000019004AB03AA214609A8CDE909440B9460
:1039C000FFF70EFB0A9902AB01AA09A8FFF708FB53
:1039D000082209A93046FFF7C5FB014609A8FFF7F1
:1039E000C5FA09980921FFF721FC09A8FFF7CEFCC9
:1039F000CEE7DAF80420D6F8C400394612BAFAF74E
:103A00002BFC4C4B0393EB788DF810302B798DF811
:103A100011306B798DF81230AB798DF8133005AA1F
:103A2000082303A909A8CDE90A440994FFF726FD54
:103A3000CEE710460CF04AFD032F00F108030B936C
:103A4000046044600A930CD13B4B01933A490990BE
:103A5000082302931A4609A8FFF706FF0998099060
:103A6000B6E7042FFBD1354B039308233349049366
:103A700009901A46EFE7324A0023CDE90A33099349
:103A8000A2F10801082309A8FFF7F8FC052F099BFC
:103A900002D10222DA719BE7022F99D10122F9E7C4
:103AA0001346284A0994A2F1080109A8CDE90A445D
:103AB000FFF7E4FC052F8BD1099CEAF765FB642333
:103AC00090FBF3F0E071000AA07181E71E4A1068D4
:103AD0005168127A03AB03C31A7027B9092103A8EE
:103AE000FFF7A4FB54E7012F7FF452AF174A0024DD
:103AF000A2F10801082309A8CDE90A440994FFF7B7
:103B0000BDFC099A14719DF81030263B53719DF845
:103B10001230303B93719DF813109DF814303039FA
:103B2000303B0A2000FB0133D37151E75C1E0508CE
:103B30000201649402016492C8990508C0990508BD
:103B4000C0990508B89905084C490508B0990508B9
:103B5000034A034692E8030083E8030018467047CF
:103B60002C020010A1F12801FFF7F2BFA1F118010A
:103B7000FFF7EEBF034A034692E8030083E8030021
:103B80001846704724020010A1F12801FFF7F2BF88
:103B9000A1F11801FFF7EEBF012380F88D307047C7
:103BA00090F898007047D0F88800031F5842584199
:103BB000704710B503682DED028B04461B6C9847C7
:103BC000236808EE100ADB6B20469847B8EE488A57
:103BD00028EE008AFDEEC87ABDEC028B17EE900A43
:103BE00010BDA0F11800FFF7E4BF4FF6FF7070475B
:103BF00090F898300BB9E4F79BBF1830704700007D
:103C000010B52DED028B82B004460023B0F8800081
:103C1000ADF8063001220DF10601E9F73FFD18B1BC
:103C2000BDF80630A4F8C830B4F8820001220DF1C6
:103C30000601E9F733FD28B1BDF80630C3F3C00330
:103C400084F89830B4F8840001220DF10601E9F7F8
:103C500025FDE8B1BDF90600C8F730FE1CA3D3E985
:103C60000023C8F7BFFFC9F78BF908EE100AFDEE75
:103C7000C87AF8EEE77A38EE678AF6EE007AB0EEA8
:103C8000C87AB4EEE77AF1EE10FA05DC84ED2A8A00
:103C900002B0BDEC028B10BD18EE100AC8F720FE72
:103CA000B5EEC08AF1EE10FA4FF0000207DD064BC8
:103CB000C8F7B8FCC9F764F9C4F8A800E8E7034BF3
:103CC000F6E700BFAFF300800000F0BF0000F03F58
:103CD000000000000088C340A0F11000FFF790BF73
:103CE00090F8983010B533B9E4F722FF0368BDE8C7
:103CF00010401B691847032010BDA0F11800FFF702
:103D0000EFBF000008B578B1084B984206D9084BC0
:103D1000984201D90CF0DEFE0CF0D9FE3023584356
:103D2000BDE808400CF0D2BB08BD00BFAAAAAA0299
:103D3000555555054FF6FF707047000013B50449FF
:103D400001AA0446D8F79EFE204602B010BD00BF6F
:103D500067490508A1F12801F0E700BF024B187878
:103D600080F00100704700BF06300120024B187838
:103D700080F00100704700BF05300120034639B9CB
:103D80000C4A10689288C3F88000A3F8842070471A
:103D9000012906D1074AD2F80600C3F880005289EB
:103DA000F3E70229F3D1034AD068C3F88000128AEE
:103DB000EBE700BFAC120508F0B5D0F8C0104B1C03
:103DC00087B0044609D0D0F8BC000368C9B29B6A2A
:103DD00098474FF0FF33C4F8C03094F8C8300293CE
:103DE000FF260023CDE90363D4F8BC0040F20113A1
:103DF000ADF814300768059B009302AD95E80E00FE
:103E00007F6AB847D4F8C430C4F8C000013315D174
:103E100094F8C930FF2B2AD14FF460534FF47F42FE
:103E2000D4F8BC00CDE902320668059B009395E802
:103E30000E00756AA847C4F8C4000DE0D4F8BC00B1
:103E400003684FF0FF329B6AC4F8C420314698479C
:103E5000D4F8C4300133DBD0D4F8C030013308D0FB
:103E6000D4F8C400013018BF012007B0F0BDFF2214
:103E7000D6E70020F9E7000010B52DED028B90ED9C
:103E80002A8AFDEEC87A0446F8EEE77A38EE678AA9
:103E9000F6EE007AB0EEC87AB4EEE77AF1EE10FAF8
:103EA00011DD18EE100AC8F71BFDB5EEC08AF1EE61
:103EB00010FA4FF0000217DD0C4BC8F7B3FBC9F73F
:103EC0005FF808EE100ADFED0A7AB4F8840028EEF5
:103ED000278ABDEEC88A18EE103ABDEC028B99B263
:103EE000BDE81040E9F7A6BB024BE6E70000F0BFD3
:103EF00000401C460000F03F10B50446B0F8C81062
:103F0000B0F88000E9F796FB94F89810B4F88200B6
:103F1000C900E9F78FFB2046BDE81040FFF7ACBFB2
:103F2000A0F11000FFF7E8BF10B503682DED028B7C
:103F30001B6C90ED278A044608EE901A984707EE0E
:103F4000900AF8EEE88AF8EE677A204688EEA77ABB
:103F500078EE477ABDEC028BC4ED2A7ABDE81040BA
:103F6000FFF78ABFA0F11800FFF7DEBF73B500F1BD
:103F7000280403262046DEF795F820462A4B2B49D5
:103F800000960022DEF712F82046294B29490096B8
:103F900001220125DEF70AF82046274B2749009623
:103FA0000222DEF703F832462046254B25490095CC
:103FB000DDF7FCFF2046244B244900950422DDF761
:103FC000F5FF2046224B234900950522DDF7EEFF41
:103FD0002046214B214900950622DDF7E7FF2046C8
:103FE0001F4B204900950722DDF7E0FF20461E4BBE
:103FF0001E4900950822DDF7D9FF20461C4B1D49BC
:1040000000950922DDF7D2FF20461B4B1B49009685
:104010000A22DDF7CBFF1A4B1A4900960B222046E5
:10402000DDF7C4FF02B070BD7A490508954905085F
:104030009F490508AE490508B8490508A23B05088F
:10404000CC490508DD490508E8490508F349050894
:10405000FD490508E5450508164A05082A4A0508E8
:10406000324A0508683C0508404A05084D4A0508DB
:10407000544A05086C4A0508794A05088D4A05081E
:10408000984A05085C3C05082DE9F043604B002781
:10409000044689B00360876018200E460CF016FABB
:1040A00005465C4B4FF00108C0E9018845F80C3B20
:1040B00081462846E1F73EFDC4E9025904F11000AB
:1040C000E4F75EFF04F11800E1F734FD04F1240089
:1040D000DCF798FB33465049872204F12800DDF7CE
:1040E000FFFA4E4901AA02A8D8F7CCFC19234FF4D5
:1040F000007202A904F14800E9F720FA02A8D8F7F3
:1041000041FC474B236003F16402226103F17C020E
:10411000A26103F1B002626203F1D40203F5967367
:10412000A3644FF47873A4F8803040F2E133A4F82C
:10413000823040F2E233A4F884300023C4F888705F
:10414000C4F89C30C4F8AC70C4F8A030C4F8B070A7
:10415000C4F8A430C4F8B430C4F8A830314B84F8A3
:104160008D701B68C4F8B870C4F8BC302E4FA262C2
:104170004FF0FF33C4E930334FF64073A4F8C83032
:104180003B7884F89880DBB9DFF8A0C01A4610218C
:1041900010B200284FEA4202B8BF82F4815201F106
:1041A000FF31B8BF82F0010211F0FF01F0D10133FD
:1041B0009BB2B3F5807F2CF8022BE7D101233B7033
:1041C00031462046FFF7DAFD2046FFF719FD20466D
:1041D000FFF7F2FDD4F8BC0003689B6B98470228F8
:1041E00005D8D4F8BC00036803211B6B9847D4F8AA
:1041F000BC0003689B6C98472046FFF7B7FE04F1AC
:104200004800E9F74BF9204609B0BDE8F08300BF4C
:104210007463050854560508B24A0508A9490508FB
:10422000FC9A0508DC69050807300120340F0010EE
:10423000D0B52DED028B90ED298ADFED237A30EE9B
:10424000488A0446B0EEC87AB4EEE77AF1EE10FA86
:10425000F0EE408A13DDD0F8A000C8F741FBB5EEC0
:10426000C08AF1EE10FA02460B464FF0000028DD3E
:104270001649C8F7D7F9C8F783FEC4F8A00018EEAE
:10428000900AC8F72DFB124B0022C8F7ABFC06467C
:10429000D4F8A0000F46C8F723FB0B460246394668
:1042A0003046C8F7BFF9C8F76BFEC4ED298ABDECEC
:1042B000028BD4F8AC30C4F89C000133C4F8AC30A5
:1042C000D0BD0449D5E700BF000034430000F0BF73
:1042D000008076400000F03F2DE9F041104D9446FB
:1042E00006461F4688460FCD86B001AC0FC42B682A
:1042F000236061463A4601A8C8F772F8D6F8BC00B8
:1043000096F8C91004970123ADF81430036841EA08
:10431000082103919B6901A9984706B0BDE8F08187
:10432000C012050807B590F8C8308DF80430002396
:104330008DF805308DF8063001AA03230821FFF718
:10434000CBFF03B000BD00231A463821FFF7C4BFDE
:10435000D0F88830042B10B5044601D1FFF7F3FFE5
:1043600094ED270AD4ED2A7A30EE670A10BDA0F149
:104370001800FFF7EDBF186810B5441C1C60141638
:104380000C541868441C1C6014140C541868441C09
:104390001C6014120C541868441C1C600A5410BD94
:1043A00020EE200A1346FDEEC07A17EE902AFFF7A2
:1043B000E2BF000010B52DED028B036882B01B6ACE
:1043C0000446B0EE408A984798B194F88D3083B196
:1043D000002301AA69462046DFED080A0193B0EEEA
:1043E000480AFFF7DDFF04236A460A212046FFF74B
:1043F00073FF02B0BDEC028B10BD00BF0050C3477D
:1044000010B507EE901A9FED167AF8EEE77A2DEDCB
:10441000028B87EE878A0446D0ED247A78EE677A9D
:10442000F0EEE77A17EE900AC8F75AFA0AA3D3E932
:104430000023C8F73DFD08B1E9F7AAFD84ED248A01
:10444000B0EE480ABDEC028B2046BDE81040FFF7F5
:10445000B1BF00BFAFF300807B14AE47E17A843F69
:1044600000FEFF4610B59FED040A0446FFF7A2FFC9
:10447000002384F88D3010BD00000000234B03F1B1
:10448000640210B5026103F17C02826103F1B002A3
:1044900004460360426203F1D40203F5967382621C
:1044A0008364FFF7DFFFD4F8BC000368DB6C984738
:1044B000D4F8BC0094F8C0100023C4F88830036816
:1044C0009B6A9847D4F8BC0094F8C41003689B6AB0
:1044D000984704F14800E9F715F804F12800DDF7E2
:1044E000A7FC04F12400DCF7F7F904F11800E1F768
:1044F000CBFA04F11000E4F7D5FDE068044B23602B
:1045000008B1D8F787FA204610BD00BFFC9A05080D
:10451000746305080C4B03F1640210B5026103F1EA
:104520007C02826103F1B0020360426203F1D402B3
:1045300003F596738364054B8262044600221A7069
:10454000FFF79CFF204610BD849D05080530012023
:10455000A0F12800DEE7A0F12400DBE7A0F11800BD
:10456000D8E7A0F11000D5E7A0F14800D2E700BFDE
:1045700010B50446FFF7CEFF20464FF486710BF0CE
:1045800027FF204610BDA0F14800F1E7A0F1280068
:10459000EEE7A0F12400EBE7A0F11800E8E7A0F1B6
:1045A0001000E5E70C4B03F1640210B5026103F162
:1045B0007C02826103F1B0020360426203F1D40223
:1045C00003F596738364054B8262044600221A70D9
:1045D000FFF754FF204610BD409C0508063001201F
:1045E000A0F12800DEE7A0F12400DBE7A0F118002D
:1045F000D8E7A0F11000D5E7A0F14800D2E700BF4E
:1046000010B50446FFF7CEFF20464FF486710BF03D
:10461000DFFE204610BDA0F14800F1E7A0F1280020
:10462000EEE7A0F12400EBE7A0F11800E8E7A0F125
:104630001000E5E7186810B5441C1C60140E0C54FB
:104640001868441C1C60140C0C541868441C1C6032
:10465000140A0C541868441C1C600A5410BD1FB581
:1046600090F8C8308DF8083000238DF809303223D7
:104670008DF80A30032302A901934FF4014201ABE4
:104680000446FFF7D7FF08230A4620461946FFF7DE
:1046900023FE04B010BD00002DE9F047DFF8E090E4
:1046A00004464FF000084FF0000A4FF4FA70D1F7BB
:1046B00085FFD4F888301BB92046FFF733FEF4E7B6
:1046C000D4F88830022B08D9D4F8BC0003681B6CDE
:1046D000984710B92046FFF7C2FFCAF7B3FED4F8D7
:1046E000B830D4F88820042A42D1C01AB0F57A7FB5
:1046F00043D8D4ED247AF5EE407AF1EE10FA11D0D9
:1047000094F88D3073B1D4F88830042B0AD1D4F8E2
:10471000BC0003681B6C984720B994ED240A20461E
:10472000FFF748FECAF78EFED4F8B050451BB5F52A
:104730007A7FBAD9D4F8AC00C8F7B0F80646284654
:104740000F46C8F7ABF842464B46C8F74BFA02464D
:104750000B4630463946C8F745FAC8F711FCC4F88D
:10476000B400C4F8ACA0CAF76DFEC4F8B0009CE772
:10477000D4F88820052ABCD1B7E7C4F888A0B8E7E8
:1047800000408F40A0F14800FFF786BF10B51468C5
:10479000085D21440434CB7843EA0063487843EA57
:1047A00000438878146043EA002010BD10B51468F7
:1047B000085D21440434CB7843EA0063487843EA37
:1047C00000438878146043EA002010BD10B51368D8
:1047D000CC5C194402334878136040EA042000B2EC
:1047E00010BD08B5FFF7E2FF07EE900AF8EEE77A92
:1047F00087EE800A08BD08B5FFF7E8FF07EE900ACC
:10480000F8EEE77A87EE800A08BD00002DE9F04354
:1048100004468BB02AB10D4615F8017B27B1322F23
:1048200033D00BB0BDE8F083B1F8019091F801806E
:104830008E7801AA033104A8D8F724F9CDE90177CD
:10484000059A03972A4401AB03CBD37BC2F803003C
:10485000C2F80710C2F80B7073B999FA99F91FFAE8
:1048600089F940F2025399450DD90323C4F88830E1
:1048700004A8D8F787F8D4E7360246EA08461E436C
:104880001A4B9E42F1DC0123F0E70023294604AADB
:104890000493FFF77BFFC105064607D5B2EE040A75
:1048A00029462046FFF7A7FF84ED250A32040BD5E1
:1048B000049B5A1CEB5C84F88C3094F88C30049286
:1048C0008BB10523C4F88830F303AAD5204604AA87
:1048D00029469FED070AFFF784FF20460BB0BDE88D
:1048E000F043FFF7A5BC0423ECE700BF320305004B
:1048F0000024744900000000F7B504461546CAF7C5
:10490000A1FDC4F8B800EB6894F8C810DAB2C3F39C
:104910000723382B1DD194F8C930FF2B01D09342C7
:1049200064D1002301AA294620460193FFF73EFFE8
:10493000C7F7C4FF31A3D3E90023C8F753F9C8F779
:104940001FFB00EE100A204603B0BDE8F040FFF761
:104950006FBC914248D1122B46D8042B44D9053B59
:104960000D2B41D8DFE803F007131E3840404040CC
:1049700040404040403D2A692B7804F1CA00013A8A
:10498000691C184403B0BDE8F040C7F729BD2B8867
:104990005BBA9BB23F2B27D82A6904F1CA00023ABE
:1049A000A91CEEE76E8876BAB6B2402E1CD804F188
:1049B000CA07AD881048002332463946DBF7DBFED4
:1049C0006DBAADB2A8420FD1F2B23946204603B05B
:1049D000BDE8F040FFF71ABF2A7C023AD2B2A91C08
:1049E000F4E70223C4F8883003B0F0BD9142FBD154
:1049F00097E700BFAFF30080340F00100000000005
:104A0000006AF840A0F12400FFF776BF70B50546B4
:104A10000E460830286056F8083BB3420C4618D1C1
:104A20004A6831460132C7F7DBFC63686B600023DC
:104A300063602372D4E906232660C5E90623D4E91E
:104A40000823C5E9082394F8283085F8283028463B
:104A500070BD2B608B68AB60E7E770B504460E460F
:104A60001546B44201D1284670BD21462846FFF7BD
:104A7000CDFF2046D7F786FF30343035F1E7000010
:104A80002DE9FF47D0E901439C4205468A4616D0EE
:104A90000B6804F10802D917226000222272C4E9CF
:104AA0000631626000230022C4E90823022384F84F
:104AB000283043683033436004B0BDE8F0871E4AB5
:104AC0000121D9F703FDD5F800800746FFF71AF951
:104AD000A4EB080900EB09030646DAF80020039569
:104AE00003F1080146F80910D0170021C3E9062098
:104AF00059601972002000210222C3E9080183F8DD
:104B00002820214632464046FFF7A7FFAB680B4AF4
:104B1000CDF80480A3EB08031B115343044601A8FE
:104B20000293D6F7F2FD30232E60303403FB076684
:104B30006C60AE60C0E700BF281E0508ABAAAAAA39
:104B40002DE9FF47D0E901439C4205468A4615D02E
:104B50000A68002304F10801C4E906232372C4E9AA
:104B6000001300220023C4E90823022384F828301C
:104B700043683033436004B0BDE8F0871D4A01212B
:104B8000D9F7A4FCD5F800800746FFF7BBF8A4EBE3
:104B9000080900EB09030646DAF800100395002225
:104BA00003F1080046F80900C3E906125A601A72B8
:104BB000002000210222C3E9080183F828202146B1
:104BC00032464046FFF749FFAB680B4ACDF80480F8
:104BD000A3EB08031B115343044601A80293D6F725
:104BE00094FD30232E60303403FB07666C60AE60AA
:104BF000C1E700BF281E0508ABAAAAAA2DE9F04FFD
:104C00000B68054691B0084614460B2B00F2308223
:104C1000DFE813F00C001B0076001E00DE00E5014B
:104C2000EA00F500510164016801C20105F1C80202
:104C30002146E0F7EFFA04462846FFF7BDF800B931
:104C40000224204611B0BDE8F08F05F1C902EFE75C
:104C5000096A012917D1D4E901639E4215D095F85C
:104C60008C2006F1080333600023C6E90623736035
:104C7000337200230022C6E90823022386F8283075
:104C80006368303363600124DBE7C64A2046D9F706
:104C90001DFCD4F800908046FFF734F8A6EB090A13
:104CA00000EB0A03069495F88C1003F1080240F813
:104CB0000A200022C3E9061207465A601A72002031
:104CC00000210222C3E9080183F8282031463A4630
:104CD0004846FFF7C2FEA368B34ACDF81090A3EB95
:104CE00009031B115343054604A80593D6F70DFD90
:104CF00030232760303503FB08776560A760C2E783
:104D00000E6A012E56D1D5F8BC0003689B6B9847FC
:104D10006568A3689D4282464FF000080FD005F1F8
:104D20000803C5E9003800220023C5E9082302234F
:104D3000C5E9060885F8088085F82830A0E73146DF
:104D4000984A2046D9F7C2FBD4F800900746FEF7F0
:104D5000D9FFA5EB090B00EB0B0303F10802069446
:104D6000064640F80B20002100200222C3E908017A
:104D700083F8282029463246C3E906A8C3F80480F0
:104D800083F808804846FFF768FEA368864ACDF896
:104D90001090A3EB09031B115343054604A8059388
:104DA000D6F7B3FC30232660303503FB0766656019
:104DB000A66068E7022E7FF466AFD5F8BC30097CA8
:104DC0001A680329126B38BF0321184690475AE727
:104DD0000B6A012B7FF457AFD5F88830049304A9F0
:104DE0002046FFF7ADFE4EE70B6A012B7FF44BAF79
:104DF000D5ED2D7AFCEEE77ACDED047AEFE7096A7E
:104E000001297FF440AF95ED2A7AD5ED277A77EE28
:104E1000C77A9FED667A67EE877A06AAFDEEE77A93
:104E2000049217EE903A0022D8178DF81820CDE999
:104E30000A30059200230022CDE90C2302238DF8CD
:104E40003830D4E901639E420AD004A93046FFF706
:104E5000DDFD63683033636004A8D7F793FD12E784
:104E6000504A2046D9F732FBD4F800800746FEF7B7
:104E700049FFA6EB0809054604A948440394FFF737
:104E8000C5FD2A4631464046FFF7E7FDA368464A7E
:104E9000CDF80480A3EB08031B115343064601A879
:104EA0000293D6F732FC30232560303603FB0755DA
:104EB0006660A560D0E70B6A012B7FF4E4AED5ED08
:104EC000247A9FED3B7A67EE877A04A9FDEEE77AB4
:104ED0002046CDED047AFFF7D3FDD4E62846FFF750
:104EE00032FAD0E6096A01294AD16668A36895F8C2
:104EF00098A09E424FF0000808D006F10803C6E9CA
:104F00000038C6E906A886F80880B2E6254A204699
:104F1000D9F7DCFAD4F800900746FEF7F3FEA6EBCB
:104F2000090B00EB0B0303F108020694054640F859
:104F30000B20002100200222C3E9080183F8282069
:104F4000C3E906A8C3F8048083F8088031462A46DE
:104F50004846FFF782FDA368CDF810900646A3EB04
:104F60000903114A1B11534304A80593D6F7CDFB3F
:104F700030232560303603FB07556660A56082E666
:104F800002297FF480AED0E90432134314BF012319
:104F9000002385F8983076E60B6A012B0CD1D5ED0D
:104FA0002A7A8EE7281E0508ABAAAAAA286B6E4E9D
:104FB00000401C4600007A44022B7FF464AED1E925
:104FC0000401C8F7FDF81FED067A06EE900AC6EE5A
:104FD000877A2846C5ED2A7AFEF74EFF53E60F6A18
:104FE000012F7FF450AE95ED257A5FED0E7A66685D
:104FF00067EE277A17EE900A0BF05EFEA3689E42DA
:105000008046894608D006F1080333600023C6E9CC
:105010000689736033722CE63946164A2046D9F762
:1050200055FAD4F800A00746FEF76CFEA6EB0A0B73
:1050300000EB0B0303F10802069440F80B2000225A
:105040005A601A720546002100200222C3E90801B5
:1050500083F82820C3E9068931462A465046FFF7DF
:10506000FCFCA368CDF810A00646A3EB0A0378E782
:105070000024E6E5281E0508A0F12800FFF7BEBDC4
:1050800001207047012070470120704701207047C0
:1050900001207047012070471AB1012A04D0002076
:1050A0007047024B0360FAE70160F8E760A105086A
:1050B0001AB1012A04D000207047024B0360FAE7BE
:1050C0000160F8E708A105081AB1012A04D0002000
:1050D0007047024B0360FAE70160F8E7B4A00508E7
:1050E0001AB1012A04D000207047024B0360FAE78E
:1050F0000160F8E760A005081AB1012A04D0002079
:105100007047024B0360FAE70160F8E704A0050866
:105110001AB1012A04D000207047024B0360FAE75D
:105120000160F8E7B09F05081AB1012A04D00020F9
:105130007047024B0360FAE70160F8E7589F0508E3
:105140001AB1012A04D000207047024B0360FAE72D
:105150000160F8E7049F050810B54FF4A4700BF048
:10516000B5F90446ECF780FA204610BD10B54FF4AF
:1051700092700BF0ABF90446EAF726FF204610BD0B
:1051800010B54FF464700BF0A1F90446F1F7ACFED2
:10519000204610BD10B5C8200BF098F90446FEF764
:1051A00051F8204610BD10B54FF4D4700BF08EF9B5
:1051B0000446EFF711F8204610BD10B54FF4D0703B
:1051C0000BF084F90446F0F7AFFB204610BD10B594
:1051D0004FF4D0700BF07AF90446F0F7E9FC204662
:1051E00010BD10B598200BF071F90446F0F7B4FD2E
:1051F000204610BD2DE9F843894602F1180400F15C
:1052000018050026A5F118039945A4F1180702D145
:105210003846BDE8F88355F8183C44F8183C35F892
:10522000143C24F8143C44E9046644F8086CA4F1E6
:105230001000D8F71EFD55F8083C44F8046C6BB11B
:105240000222A5F11001A4F11000984755F8043C82
:1052500044F8043C55F8083C44F8083CC7E90666A5
:105260003E622046D8F705FDAB68E6603BB10222FE
:10527000294620469847EB68E360AB68A360283472
:105280002835BFE730B5D1B000255B4B009302A8AD
:10529000CDE90255ADF804500495D8F7EAFC574B18
:1052A0005749059306A8574B0493D8F7E7FC564B8C
:1052B0000A939A88ADF82C200CA8CDE90C550E95D0
:1052C000D8F7D7FC514B52490F9310A8514B0E936E
:1052D000D8F7D4FC504B14939A88ADF8542016A8F4
:1052E000CDE916551895D8F7C4FC4C4B484919938D
:1052F0001AA84B4B1893D8F7C1FC4A4B1E939A88B7
:10530000ADF87C2020A8CDE920552295D8F7B1FC36
:10531000454B3F49239324A8444B2293D8F7AEFC36
:10532000434B28939A88ADF8A4202AA8CDE92A55A2
:105330002C95D8F79EFC3F4B3F492D932EA83F4B11
:105340002C93D8F79BFC3E4B32939A88ADF8CC2037
:1053500034A8CDE934553695D8F78BFC394B3A490A
:10536000379338A8394B3693D8F788FC384B3C93A1
:105370009A88ADF8F4203EA8CDE93E554095D8F77F
:1053800078FC344B3449419342A8344B4093D8F7CE
:1053900075FC334B46939A88ADF81C2148A8CDE99B
:1053A00048554A95D8F765FC2E4B2F494B934CA88E
:1053B0002E4B4A93D8F762FC4FF4A0700BF086F89E
:1053C0002B4D00F5A073C5E90000024650A96846C0
:1053D000AB60FFF70FFF6C46686050AD283D05F1EC
:1053E0001800D7F73CFB05F10800D7F738FBA542BA
:1053F000F4D151B030BD00BF84010010E351040866
:1054000081500408415104087C010010CF51040868
:10541000855004082951040874010010BB51040888
:10542000115104086C010010A7510408F950040838
:105430001C0200109551040889500408E15004082A
:105440009C010010815104088D500408C9500408C3
:105450003C0100106D51040891500408B15004083B
:105460004C01001059510408955004089950040843
:1054700008300120FFF706BF70B50C4DD5E9004696
:10548000A64207D1286878B1A968BDE87040091A1A
:105490000AF09EBF04F11800D7F7E1FA04F1080002
:1054A000D7F7DDFA2834EBE770BD00BF08300120E4
:1054B000F0B585B010491148114D124F02AAD7F727
:1054C000E1FA1149114801AAD7F7DCFA48200AF09D
:1054D000FDFFC5E90D0000F148060446EE63A64253
:1054E00002D1AE6305B0F0BD204657F8041B03AAF5
:1054F000D7F7C8FA1834F2E7C54A05083802001091
:105500003402001068A10508D24A050850020010B4
:1055100070B50B4CD4E90D56AE420CD1606B18B18E
:10552000E16B091A0AF054FF0648D7F72BFA064830
:10553000D7F728FA70BD2846D7F724FA1835EBE7D5
:105540003402001050020010380200101F484FF0C3
:10555000805101601E484FF4A01101601D484FF4B6
:10556000414101601C481D4902688A4208F438AF75
:105570001B49026800608A4206F44CADDFF864D033
:10558000002103E0184B5B58435004311748184B77
:1055900042189A42F6D3002103E0164B5B58435061
:1055A00004311548154B42189A42F6D3144A02E0CA
:1055B000002342F8043B134B9A42F9D3C9F72AFE61
:1055C00002F02CF9C7F7A6FF7047000040380240F0
:1055D0003038024000700040004002400DF0ADBA8B
:1055E000EFBEADDE00000220DCAE050800000010BA
:1055F000F00A0010CCB90508F00A001034110010B0
:105600000000002020330120FEE7000000B50B4C15
:105610002468864685B0E0689C460C4652B108492D
:105620000094CDE9011273460649624600F0EEF897
:1056300002F066F904490A46F2E700BFD4040010FC
:1056400098130508A8130508A413050800230146AC
:105650001A46184602F008B900B5044B83B0196821
:10566000019002F0E3FA019803B000BDD4040010E9
:105670002DE9F04F85B089460092574A03901E46A7
:105680000D46294615F8014B135D13F00803F8D1B8
:105690002D2C75D02B2C0CBF029302934FF0FF33AF
:1056A00008BF2C78019308BF8D1C6FF0004A2EB9FB
:1056B000302C73D00A27B0463E4604E0102E67D047
:1056C00037464FEAE67801983A4643465146C7F7CF
:1056D00005FE002393468E46024619461846A44608
:1056E00010E08E4508BF82423BD000FB08F307FB69
:1056F0000133A0FB07010B44201843EBE4710123A5
:1057000015F801CBACF13004092C05D9ACF14104FA
:10571000192C0DD8ACF13704A64211DDB3F1FF3FCF
:10572000EED082427EEB0103DBD24FF0FF33E7E79E
:10573000ACF16104192C03D8ACF15704A642EDDC9E
:105740005A1C13D0029A12B1404261EB4101009AF7
:1057500022B1002B37D1009BC3F8009005B0BDE803
:10576000F08FA345C1DA4FF0FF33C9E7039A222334
:105770001360009B53B3019805F1FF395146EAE7E6
:10578000019301232C7802938D1C4FF0004A8EE781
:10579000302C0CD037464FF0000894E72B7803F0FC
:1057A000DF03582B08D00827B0463E468BE72B78FE
:1057B00003F0DF03582BEDD110276C784FF0000871
:1057C00002353E467FE701908A46D4E7019851466C
:1057D00005B0BDE8F08F00BF51A3050800B5DFF8A4
:1057E00018E084461346DEF800005DF804EB0A4634
:1057F0006146FFF73DBF00BFD4040010024B0344D5
:10580000587800F04400704750A305080EB400B566
:1058100082B003ABDFF81CC053F8042B01930146A0
:10582000DCF8000000F008F802B05DF804EB03B00B
:10583000704700BFD40400102DE9F04FC5B00DF142
:10584000500A8346049116460021082250461C4601
:105850000B9301F0ABFEBBF1000F04D0DBF834304A
:10586000002B00F04987049B5A6EB3F90C30D00727
:1058700040F14181990400F1A985049943F4005352
:1058800022F400528B814A66930401F1AE80049B9E
:10589000B3F90C301D0740F1BD80049A1269002A4B
:1058A00000F0B88003F01A020A2A00F0C280002338
:1058B000CDE91933CDE90E331BAADFF86C980D93AF
:1058C000189217460793B0464546D9F8CC4101F0E7
:1058D0000BFFCDF800A003462A4612A95846A04760
:1058E000002800F0C580C0F2BB80129A252A03462A
:1058F00001D01D44E9E7B5EB0806044640F0BC8042
:10590000002319468DF8433008934FF0FF326B782F
:10591000059205F10108039108F101081946A1F16A
:1059200020035A2B00F2F280DFE813F0E603F000C8
:10593000F000DF03F000F000F000BF03F000F00023
:1059400007025302F00012020004F000F1035B00B2
:105950005B005B005B005B005B005B005B005B006F
:10596000F000F000F000F000F000F000F000F000B7
:10597000F000D8019F03F000F000F000F000F0000C
:10598000F000F000F000F000F0001902F000F0006C
:10599000F000AA01F000FB02F000F000BA05F000F0
:1059A000F000F000F000F000F000F000F000F00077
:1059B000F000D8016801F000F000F00095036801E4
:1059C0006D00F0008B03F0007D036A0320036D007F
:1059D000F000AA016A005902F000F000FB05F00097
:1059E0006A00A1F13003002218F8011B02EB8202C9
:1059F00003EB4202A1F13003092BF5D908928EE79F
:105A000098F8003088E7039B43F02003039398F84D
:105A1000003081E7049D5846294601F085FC0028A6
:105A200040F0F687B5F90C3003F01A020A2A7FF429
:105A30003EAF0499B1F90E20002AFFF638AF4A6E46
:105A4000D20702D49F0540F190870499234632463D
:105A5000584601F015F80790079845B0BDE8F08F5B
:105A600008220021504601F0A1FD01231D442CE72E
:105A7000B5EB0806044610D01A9B33441A93199BC1
:105A80000133072BC7E90086199310DC0837079B01
:105A900033440793002C7FF433AF1A9B002B40F064
:105AA0006E87049B0022B3F90C30199218E0049918
:105AB00018AA584601F024F878B91BAFE7E7049913
:105AC00018AA584601F01CF8002800F08380099BB2
:105AD0001BB10999584601F071FF049BB3F90C30D2
:105AE000049A526ED0077FD55B0600F1668707984F
:105AF00045B0BDE8F08F9F0540F114819D047FF50E
:105B0000BCAE90047FF5C6AE00F071BF0029C4D0D2
:105B1000002301228DF8AC108DF8433009930A92CE
:105B200005932BAD0692DDE919C0039C14F08406A1
:105B30000146624626D1089B069C1C1B002C00F3E4
:105B4000ED839DF8433003B300260C960132012308
:105B500001317B60072A0DF14303CDE919213B6038
:105B600000F3868308370C9B63B1013211AB02311D
:105B70003B60072A4FF00203CDE919217B6000F357
:105B80006B830837802E00F0EE82059B0A981C1A62
:105B9000002C00F326830A9B3D6001321944072A3A
:105BA000CDE919217B6000F34C830837039B5C0728
:105BB00005D5089B069A9C1A002C00F36583DDE945
:105BC000073206988242ACBF9B181B180793002926
:105BD0007FF475AF00231993099B1BB109995846AF
:105BE00001F0ECFE1BAF6FE69A053FF57DAF049C1C
:105BF000A06DC9F77BFBB4F90C3075E7039B9806E1
:105C000040F13C840B9B073323F00702536852F8A2
:105C1000084B0B921E46002BC0F23882059A002AD0
:105C200007DB039B23F08003039354EA060300F091
:105C30008C840A2C76F1000380F0F7803034059ACA
:105C40009DF843308DF80F41012AB8BF012206921A
:105C5000002B00F0AF83069B013300250693012340
:105C6000CDE909530DF20F15DDE91921039B13F05E
:105C70008406084694463FF45EAF00230C9365E724
:105C80000B9E00238DF8433056F8043B0993002BFC
:105C900000F05585532900F07284039B13F0100423
:105CA00040F06D84059A002AC0F2138509982146B8
:105CB000C6F746FB9DF84330099D002800F08B860F
:105CC000421B0A9222EAE2720692002B00F00E8535
:105CD0000132059406920B960994C5E7432903D037
:105CE000039BDD0640F127840822002116A801F05D
:105CF0005DFC0B9A2BAD126816AB2946584602F094
:105D00004FFC0A90013000F04F860A9B23EAE373B0
:105D100006930B9B04330B9300238DF843300993B8
:105D2000059300E7049DA86DC9F7C4FAB5F90C30D6
:105D30006A6E99043FF5A8AD9FE50B9B53F8042BC1
:105D40000892002A80F23D83089A0B9352420892EF
:105D5000039B43F00403039398F80030DCE5039BB6
:105D600043F010009B0640F14E830B9B073323F05A
:105D700007031A46596852F8083B0B9200228DF827
:105D80004320059A002AC0F2118320F49062039206
:105D900053EA010200F01E8344AD03F00702DB0862
:105DA00043EA4173C908303253EA0104284605F832
:105DB000012DF2D1039B13F0010340F09E82059A5E
:105DC000099344AB5B1B9A42B8BF1A460A930692EA
:105DD000A9E62B238DF8433098F800309CE5039911
:105DE0008E0600F1A48003990B9A11F0100052F86E
:105DF000043B40F02783039911F0400100F0CA846E
:105E00008DF843009BB205990026B1421C4606DB83
:105E1000039921F080010391002B00F07B850A2C6F
:105E200076F100030B92FFF409AF039B0997002062
:105E3000CDF830B044A9DDF834B0069003F48067A3
:105E4000CDF8288025E00690A319B54843F100035A
:105E5000A0FB032C2CF0030202EB9C029B1AE31A1A
:105E60004FF0CC32A046B64602FB03F266F10006C4
:105E700000FB0622A3FB0043B8F10A0F13444FEACC
:105E800054047EF1000E294644EAC3744FEA5306D7
:105E90002ED3069BA24A01330693A31943F10003B4
:105EA0001046A2FB032525F0030202EB95029B1A84
:105EB000E31AA3FB003266F1000500FB05225B0834
:105EC00043EAC27303EB8303A4EB4303303301F8CB
:105ED000013C4D1E002FB7D006989BF8003083423E
:105EE000B1D1FF28AFD00A2C76F1000380F0AF8447
:105EF00005999DF84330CDF834B044AA521B914225
:105F0000B8BF1146DDE90978DDF830B00A92069194
:105F1000002B00F0EE83069B0133069300230993C8
:105F2000A2E6039B43F010019B0640F189820B9B84
:105F3000073323F0070200238DF84330059B566892
:105F400052F8084B0B92002BC0F2EE8221F0800336
:105F5000039354EA06037FF46CAE059B002B40F0DC
:105F6000DE840A930693099344ADDCE5059C0B9906
:105F70000398002247F630039442ADF844308DF880
:105F8000432051F8043BC0F2D28220F0800040F060
:105F900002000390002B00F0E58303F00F0461483A
:105FA0001B09045D8DF80F410B9100F0568502210D
:105FB00006910DF20F1503F00F011B09415C05F866
:105FC000011D43EA0273120953EA0201F3D144AB03
:105FD0005A1B059B0A929342B8BF1346069A002AA1
:105FE00000F03985DDE91921039C023314F08406A1
:105FF00006930846944600F0E98200230993B4E52D
:10600000039886063FF5B1AE03990B9ACD0652F878
:10601000043B00F114850398440640F1C8839BB209
:106020000B920021AAE603990B9A8C0602F1040355
:1060300040F1F081126807991160C91751600B9304
:1060400042E498F800306C2B00F08F82039A42F003
:106050001002039260E498F80030682B00F07B8215
:10606000039A42F04002039256E4039A940642F0E7
:10607000100300F100820B9A04320B9903930C6811
:106080000B92E6173346002BBFF6C8AD2D238DF8D3
:106090004330059B644266EB4606002BFFF6C9AD14
:1060A000039B23F080030393C3E5584601F022FBD2
:1060B00043680F931846C6F743FA0E9004465846B5
:1060C00001F018FB826898F800300D92002C3FF424
:1060D00023AC002A3FF420AC1278002A3FF41CAC19
:1060E000039A42F48062039216E4039B43F0010397
:1060F000039398F800300FE49DF8432098F800309F
:10610000002A7FF409AC20228DF8432004E4039B8D
:1061100043F08003039398F80030FFF7FDBB00BF06
:10612000CDCCCCCCEC13050880020010404610F812
:10613000011B2A2900F07784A1F13003092B98BFB5
:10614000002200F2178410F8011B02EB820203EB1D
:106150004202A1F13003092BF5D942EAE27305931B
:106160008046FFF7DCBB089B06981C1A002C7FF7C3
:106170000CAD102C40F3268438460C95AE4F049D90
:10618000102604E0103C102C00F1080015DD01324F
:106190001031072AC0E90076CDE91921F2DD18AAED
:1061A0002946584600F0ACFC00287FF490AC103C27
:1061B000102CDDE919211BA8E9DC0C9D3B460746A4
:1061C00001322144072ACDE919213B607C6000F3AC
:1061D000A482059B0A981C1A002C07F108077FF778
:1061E000DAAC102C40F3ED8238461026924F04E0D2
:1061F000103C102C00F1080016DD01328E4B1031DE
:10620000072AC0E90036CDE91921F1DD049918AA61
:10621000584600F075FC00287FF459AC103C102C57
:10622000DDE919211BA8E8DC3B4607460132214481
:10623000072ACDE919213B607C6000F3AA8008376A
:10624000A9E4049918AA584600F05AFC00287FF4E3
:106250003EAC1A991BAFA9E4049918AA584600F05D
:106260004FFC00287FF433ACDDE919211BAF89E432
:10627000049918AA584600F043FC00287FF427AC84
:10628000DDE919211BAF6EE4102C199B40F38183CB
:106290003A46049E694F102504E0103C102C02F190
:1062A000080215DD01331031072BC2E90075CDE975
:1062B0001931F2DD18AA3146584600F021FC0028B9
:1062C0007FF405AC103C102CDDE919311BAAE9DC88
:1062D0003E46174601332144072BC7E90064CDE948
:1062E00019317FF76CAC049918AA584600F008FCE5
:1062F00000287FF4ECAB1A9961E4302A00F00182A7
:106300003023059A05F8013C023844AB1B1A9A4227
:10631000B8BF1A460A9306920546EFE000230C9395
:10632000102C464E624623DD394610232F46049D2D
:1063300004E0103C102C01F1080117DD013210308F
:10634000072AC1E90063CDE91920F2DD18AA294620
:10635000584600F0D5FB00287FF4B9AB103C102C58
:10636000DDE919201BA94FF01003E7DC3D460F467D
:1063700001322118072ACDE919213E607C6000F323
:106380007A819DF843600837002E36D00026FFF74B
:10639000DDBB049918AA584600F0B2FB00287FF430
:1063A00096ABDDE919211BAFFFF7F5BB20F4806246
:1063B0000392F1E4099301230A930DF20F15FFF7FD
:1063C000B2BB0B9398F80030FFF7A6BA92047FF5A2
:1063D00061AAF2E2059A002A7FF4DEAC10F0010215
:1063E000069200F0428130238DF80F31059B0A920E
:1063F00009930DF20F15FFF796BB0C9B002B7FF452
:10640000B4ABFFF7C2BB0B9B1A1D0B9B0B921B6817
:106410000021B3E4039AD00600F18C81039A51065F
:1064200000F19582039A920540F184810B9A0799B5
:106430001268117003E600BF54A4050864A405089F
:106440000B9B1A1D0B9B05981B680026B0428DF80C
:1064500043601C4667DB21F080010391002B7FF431
:10646000DEAC0B92002840F05A820A900690099008
:1064700044ADFFF758BB0393FFF7C4BB039B0B9AD4
:10648000D90652F8044B3FF5F8AD039B5E0640F188
:10649000768144F3C0360B9224B23346FFF7BBBB80
:1064A000AD48039B9D0640F1B5800B9B073323F05D
:1064B00007031A465C6852F8083B0B92039A12F0E5
:1064C0000102069240F08C808DF84320059A002A44
:1064D000C0F2B780039A22F49062039253EA040256
:1064E00040F0F380059A002A00F0F68103788DF8D9
:1064F0000F31012306920A930DF20F15DDE91921E0
:10650000039B13F084060846944600F0A1829DF890
:106510004330002B00F0AB82002309930C93FFF76C
:1065200015BB8E48BDE70B920391FFF782BB40F08D
:106530000200039031E50B9B1B688DF8AC30012302
:1065400006930A932BADFFF7E4BB002A00F0D48139
:106550003024FFF774BB039B43F40073039308F1EB
:10656000010898F80030FFF7D7B9039B43F02003E8
:10657000039308F1010898F80030FFF7CDB9099BA3
:1065800013930822002116A801F010F8059B002B98
:10659000C0F219810024069725461F460EE02BA95C
:1065A000584601F0FDFF411C284400F0FD81B8422F
:1065B00009DC04F1040400F008820546139A12591C
:1065C00016AB002AEBD1069F05950AE1089C069BB5
:1065D0000996E41A002C7FF7C8AA02230C939FE6C1
:1065E00053EA04025ED100238DF84330059B002B53
:1065F000C0F22181039B23F49063039300F0878111
:1066000003788DF80F31069B0A93059B06930DF2D4
:106610000F1573E70B9A52F8043B0B92039AD406BA
:1066200008D4520602D59BB2002447E7039A960588
:1066300000F18181002441E742F00202039202222C
:106640000692039A22F48062039203F00F02825CA6
:106650008DF80F211B0943EA0473220953EA14142D
:106660007FF4A7AC0DF20F15B1E4059B44ADCDE965
:106670000933FFF758BA049918AA584600F040FAAF
:10668000064600287FF423AA9DF84330DDE919214E
:10669000002B40F089800C9B1BAF002B7FF465AA78
:1066A000FFF773BA30228DF8442000228DF8432082
:1066B000059A8DF84510002A039ABDDB22F49062FA
:1066C00042F0020203920222069203F00F02825C61
:1066D000BEE7099D2846C5F733FF9DF843300A9071
:1066E00020EAE0720692002B7FF4F2AA099D05933E
:1066F0000B960993FFF717BA584600F087FBFFF790
:10670000B2B8059A44AB5B1B9A42B8BF1A460A93CB
:10671000002306920993FFF706BA049918AA58466F
:1067200000F0EEF900287FF4D2A9DDE919211BAFB2
:10673000FFF72BBA0B9A0799126811607FE4059B4B
:10674000074D0B96062B28BF062306930A93099B39
:106750000593FFF7E8B900BFD8130508EC13050847
:10676000001405080B91002C00F0DC80302301227E
:106770008DF80F310DF20F1523460A9232E4039B78
:106780000B929D054ABF44F3C016E61764B2334628
:10679000FFF741BA039810F4007600F0CF808DF82F
:1067A0004310DBB2FFF72FBB1BAFFFF7CFB9039846
:1067B00010F4007100F0BB80DBB20B920021FFF7F8
:1067C000DDBAAC4B32E516AB0093002313AA194691
:1067D000584601F00DFF0590013000F0E580099B5F
:1067E0001393059B002B7CD0632B00F3B680002312
:1067F00009932BAD0822002116A800F0D7FE059CB6
:1068000016AB009313AA23462946584601F0F0FE22
:10681000844240F01681059900236B5421EAE1720D
:1068200006929DF84320002A40F0B580CDE90A1673
:106830000592FFF778B903788DF80F31039B23F4A5
:1068400080630393069B0A930DF20F1556E60E9A8A
:106850000F99AD1A284600F0EDFE9BF801300BB100
:106860000BF1010B844AA31943F10003A2FB030CB3
:106870002CF0030000EB9C001B1AE31A4FF0CC3104
:1068800066F1000603FB01F102FB0611A3FB0230D7
:1068900001445B0843EAC1744E08A31943F10003A5
:1068A000A2FB031020F0030101EB90015B1AE31A35
:1068B000A3FB023166F1000002FB00125B0843EA11
:1068C000C27303EB8303A4EB4303303305F8013CAD
:1068D0000120013DFFF701BB059B0A9344A8054633
:1068E0000CE69DF84330099D0B96003B18BF012331
:1068F0000693059B0A9301E69DF843303BB1059B47
:10690000CDE90933012344AD0693FFF7ADB9059BEB
:10691000FFF727BB059B0B92002B3FF422AB002413
:10692000FFF78CB9059B0A9344ADFFF75BBB039857
:106930000B92FFF723BADBB20024BFE505998DF86F
:10694000436000291C46BFF663AAFFF768BA0B9A9A
:10695000079912681180FFF772BB591C584601F065
:1069600083F9054600B3099044E7886DC8F7BEFC7B
:10697000FFF76BB8002380460593FEF7D0BF04995C
:1069800018AA584600F0BCF800283FF48AA8FFF780
:10699000A4B83A4E9EE4059A0A92069A0B960132E2
:1069A00006920593FFF760B90498B0F90C30426E77
:1069B00043F04001D207818109D54FF0FF3307939F
:1069C000FFF795B82B4BFFF7FBBB069F09E799052F
:1069D000F3D4FFF70CB99BB1059B0B965A1C06929A
:1069E0000A9305900990FFF73FB9D707E5D4049BB8
:1069F0009B899E05E1D4049B986DC8F777FCDCE782
:106A0000059A0993CDE905320B960A92FFF78BB8E8
:106A1000049A536ED807D0D493899905CDD4906D3C
:106A2000C8F764FCC9E70B9A98F8013052F8041BC8
:106A30000B9241EAE17180460591FEF76DBF084671
:106A4000E3E4049A938943F040039381FFF73FB84E
:106A50000996FFF770B8069350E5059B0122012BBC
:106A6000B8BF01230DF20F150A92FFF7BBBA0993C5
:106A7000FFF788B854A40508CDCCCCCC64A4050895
:106A8000F0B50D46ADF2744D164689896A6E1B92BB
:106A9000EA89ADF8162021F00201EA69ADF8141078
:106AA00009921CA96A6A0291074606910B924FF45B
:106AB0008061002218A80193049107910892C8F7F9
:106AC000D7FB3246019B02A93846FEF7B5FE061EEB
:106AD00007DB02A9384600F0BDF8002818BF4FF0C8
:106AE000FF36BDF814305B0603D5AB8943F0400395
:106AF000AB811898C8F7DCFB30460DF2744DF0BD41
:106B0000936810B514461BB918460023636010BD86
:106B100000F0A6F90023A3600023636010BD00BF4E
:106B2000B1F90C202DE9F041804610070C4650D4F5
:106B3000496842F400630029A38164DDA66A002E3F
:106B400044D0002112F48052D8F80050C8F8001048
:106B500065D1E16901234046B047411C02466CD033
:106B6000B4F90C30A66A5B0705D56368D21A236BAB
:106B70000BB1E36BD21A0023E1694046B047471CD2
:106B8000B4F90C304DD1D8F800101D2940D8304A46
:106B9000CA40D6073CD52269226023F40062A28154
:106BA000D9044FF00002626003D5D8F80030002B02
:106BB00041D0216BC8F8005041B104F14003994223
:106BC00002D0404600F0FAFE002323630020BDE817
:106BD000F0810E69002EF9D00D680E6092070CBF8F
:106BE0004B690023AD1B8B600AE02B463246E169FE
:106BF000676A4046B8470028A5EB0005064406DD55
:106C0000002DF2DCE2E7E16B002997DCDEE7A389E7
:106C100043F04003A3814FF0FF30BDE8F081226DC7
:106C2000A1E72269226023F40062A281DB044FF015
:106C300000026260BDD52065BBE7D8F80030002BAC
:106C40008ED01D2B01D0162BE1D1C8F80050BDE726
:106C50000100402000B5034683B008B1426B52B337
:106C6000B1F90C0098B14A6ED20701D4820512D551
:106C700018460091FFF754FF00994A6E0346D0076B
:106C800002D48A8992050ED5184603B000BD03468A
:106C9000184603B000BD886D01930091C8F70AFB48
:106CA000DDE90013E4E7886D0093C8F71FFB009B44
:106CB000184603B000BDCDE9000100F0A7F8DDE9FA
:106CC0000031CDE7024A0349034800F045BA00BF4E
:106CD0007402001009A80408D80400100C4B416885
:106CE000994210B5044601D003F08EFDA168094B0E
:106CF000994202D0204603F087FDE168064B994295
:106D000004D02046BDE8104003F07EBD10BD00BF9A
:106D1000143001207C300120E43001202DE9F843BB
:106D2000314A324C3249DFF8DC90DFF8DC80314FF9
:106D30001160002504232946082204F15C00C4E9FF
:106D400003352D4EA560C4E90055C4E905556566B7
:106D500000F02CFC04F15800C4E90749C4E9098794
:106D6000E662C8F785FA2946244B6367082204F1D6
:106D7000C400C4E91A55C4E91E552567C4F8CC50AF
:106D8000C4F8805000F012FC04F1680304F1C00064
:106D9000C4F88430C4E92298C4E92476C8F768FAB4
:106DA000174BC4F8DC30294604F596700822C4E974
:106DB0003455C4E93855C4F8D850C4F83451C4F82F
:106DC000E85000F0F3FB04F1D003C4E93D87C4F8B8
:106DD000F09004F59470C4F8FC60C4F8EC30BDE8A1
:106DE000F843C8F745BA00BF4C31012014300120E8
:106DF000C56C0408A9720408CD72040809000100DA
:106E000012000200457204086972040810B50446B5
:106E10000A48C8F74FFA636B23B9094B094A1B6844
:106E2000626323B1BDE810400448C8F75FBAFFF7BA
:106E300075FFBDE810400148C8F758BAAC0D0120F5
:106E40004C310120DD6C04080148C8F733BA00BF9B
:106E5000AC0D01200148C8F749BA00BFAC0D0120B4
:106E60009368002B00F0B7802DE9F04FB1F90CC00A
:106E70001CF0080F83B00C46804617462DD00B69D6
:106E80005BB31CF002033E6833D04FF0000ADFF81A
:106E9000C4B25546B9465D452B46524628BF5B46AF
:106EA0004046B5B1E169676AB847002840F38B8076
:106EB000D9F808301B1A8244C9F80830002B79D061
:106EC0002D1A5D452B46524628BF5B464046002D95
:106ED000E8D1D6E900A50836DDE72146404600F0B6
:106EE00023FA002874D1B4F90CC03E681CF00203E8
:106EF000CBD11CF0010A70D1236800975546002DB4
:106F000054D01CF4007FD4F80890184600F0AB80F1
:106F1000A945CB4600F2E4801CF4906F34D021697F
:106F20006269A3EB010902EB420202EBD27209F1A2
:106F3000010352102B44934294BF93469B469342C5
:106F400088BF1A461CF4806F00F0E9801146404665
:106F500000F08AFE002800F0F7804A46216901907F
:106F6000C5F73EFAA289019B22F4906242F08002AA
:106F7000A28103EB09002361ABEB0903C4F814B051
:106F8000A3602060A946AB4651465A4600F07CFA01
:106F9000A2682368A2EB0902A260009A91685B4490
:106FA000491B2360916029B1B4F90CC0D6E900A552
:106FB0000836A4E7002003B0BDE8F08F2146404624
:106FC000FFF748FE68B3B4F90C3043F04003A381E7
:106FD0004FF0FF30EFE7002070471D469A461846F5
:106FE000B946009365B3002831D05246D4E9041362
:106FF0002068AA4228BF2A46884204D9A16803EB28
:10700000010B5A457CDC93426DDCE169009A676AAA
:107010004046B847B0F1000BD5DDBAEB0B0ACDD036
:107020000120D9F80830A3EB0B03C9F80830002B76
:10703000C0D0009BA5EB0B055B440093002DD2D183
:10704000756833460836002DFAD01B680093009F00
:107050002A460A213846C5F773F9002871D0013055
:10706000A0EB070AC1E722699A4221D36269AA42CA
:107070001ED86FF00043AB4228BF2B46E16993FB5B
:10708000F2F3676A02FB03F340465246B847B0F199
:10709000000998DD009A9368A3EB0903A5EB0905A5
:1070A0009360002B86D0B4F90CC02368CA4426E74D
:1070B000A94528BFA94618464A46514600F0E4F9BA
:1070C000A2682368A2EB09024B44A2602360002A55
:1070D000E0D121464046FFF7BDFD0028DAD072E737
:1070E000A946AB4650E70099019200F0CDF9019A0C
:1070F000A3689B1AA36023681344236093468CE71C
:1071000000995A4600F0C0F923685B442360214689
:107110004046FFF79FFD00283FF47FAF53E740460E
:1071200001F09AF8034600287FF423AF2169404616
:1071300000F044FCA3890C22C8F8002023F080034F
:1071400043E76A1C924651E70C22B4F90C30C8F8A8
:1071500000203AE700FCFF7F2DE9F8430746884608
:1071600016464FF000097568013D11D4B468A38933
:10717000012B08D9B4F90E3001332146384602D02C
:10718000C04749EA0009013D6B1C04F16804EED1D7
:107190003668002EE7D14846BDE8F8830CB430B518
:1071A000144B0D1E1C689DB01FDB14BF0122002272
:1071B000AA1A114B0593002121AB1B910290069056
:1071C0000492079202A9209A0193204601F01CFA2A
:1071D000431CBCBF8B23236015B1029B00221A7095
:1071E0001DB0BDE8304002B070478B2323604FF0E4
:1071F000FF30F5E7D40400100802FFFF0EB410B50D
:107200009DB06FF000411FAB049107910B4953F8FB
:10721000042BDFF82CC0029000240690086801932C
:1072200002A9CDF814C01B9401F0EEF9029B1C706A
:107230001DB0BDE8104003B0704700BFD40400107B
:107240000802FFFF10B50C46B1F90E1000F0B4FAB9
:10725000002803DB236D0344236510BDA38923F4B9
:107260008053A38110BD00BF2DE9F0411F46B1F945
:107270000C301646DA050C4605460BD423F4805331
:10728000A381B4F90E103B4632462846BDE8F041D2
:1072900000F0A8BA0223B1F90E10002200F076FA2D
:1072A000B4F90C30EAE700BF10B50C46B1F90E1086
:1072B00000F06CFAB4F90C30421C0EBF23F480537A
:1072C00043F480532065A38110BD00BFB1F90E10B7
:1072D00000F014BA30B5124C0D1E24689BB019DBB7
:1072E0000090049014BF01200020281A0D4902903C
:1072F00005900020039119906946204601F084F919
:10730000431CBCBF8B23236015B1009B00221A7065
:107310001BB030BD8B2323604FF0FF30F8E700BF78
:10732000D40400100802FFFF10B5354B044618685E
:1073300082B00B4610B1426B002A53D0B3F90C2037
:10734000110711D51869C8B1B3F90C2012F0010169
:1073500026D059694FF0000C4942C3F808C0996122
:1073600020B3002002B010BDD00640D5510723D471
:10737000186942F008029A810028E5D19A8902F43E
:107380002072B2F5007FDFD019462046019303F04A
:107390009DFA019BB3F90C20186912F00101D8D1B4
:1073A000940758BF596999600028DAD11106D9D5D8
:1073B00042F040029A811FE0196B61B103F1400075
:1073C000814206D02046019300F0F8FA019BB3F900
:1073D0000C200021196318690021C3E9000122F083
:1073E0002402C6E70191FFF711FD019BA6E70921E1
:1073F00042F0400221609A814FF0FF30B2E700BFB7
:10740000D4040010032A11D8002A3BD0013A431EAD
:107410000139024401E09A4234D013F8010F11F807
:1074200001CF6045F7D0A0EB0C00704710B541EAE2
:107430000004A40784460B460FD0013A431E0139CD
:10744000024401E09A421BD013F8010F11F801CF5A
:107450006045F7D0A0EB0C0010BDDCF80040D3F87D
:1074600000E074451946604603F104030CF1040C76
:10747000E3D1043A032AF0D860461946002ADCD149
:10748000002010BD00207047884270B531D98B189C
:1074900083422ED9032A00EB02011DD941EA030CD5
:1074A0001CF0030F1D4618D14FEA920C0CF1FF3669
:1074B000A1EB8C048C4653F804ED4CF804EDA44584
:1074C000F9D1C6EB867301EB830105EB830CACF1BC
:1074D0000403043902F0030252B102F1FF3C6FEAE7
:1074E0000C0C9C4413F8012D01F8012D6345F9D1D2
:1074F00070BD032A50D941EA00039B074ED10F2AE1
:1075000051D922F00F0301F1100601F1100C103BCC
:10751000203100F1100E19445CF8104C4EF8104C5C
:107520005CF80C4C4EF80C4C5CF8084C4EF8084CCF
:107530005CF8044C4EF8044C0CF1100C8C450EF128
:10754000100EE9D1F11812F00C0F034402F00F05F0
:1075500003F1100325D025F0030CACF104042646FA
:107560001A1F1C198C465CF804EB42F804EFA24287
:10757000F9D1043104333144334405F00302002AC5
:10758000B6D0013A0132013B0A4411F801CB03F8AD
:1075900001CF9142F9D170BD0346F0E7013A0346AD
:1075A000F0E72A46EBE703461546D4E730B58407F3
:1075B0008646034606D0A2B303F8011B980702F1E2
:1075C000FF32F8D1032A26D95FFA81FC0CEB0C2C90
:1075D0000F2A0CEB0C402AD922F00F0C9C44C3E973
:1075E0000000C3E9020010336345F8D112F00C0F1C
:1075F00002F00F0417D04FEA940C0CF1FF351A4635
:1076000003EB8C0C42F8040B6245FBD1043304F00D
:10761000030203EB850322B11A4403F8011B9A42CB
:10762000FBD1704630BD2246002AF5D1F9E7144659
:10763000E1E700BF10B504460843830701D1032AE0
:1076400019D8A44601F1FF3E07E01EF8011F03F818
:10765000011B501E31B19C4602466346002AF4D1FC
:10766000204610BD94440028FAD003F8011B63455E
:10767000FBD1204610BD0B46A44618681946A0F160
:10768000013323EA000313F0803F01F10403D9D151
:10769000043A032A4CF8040BEFD81946D2E700BF8E
:1076A00040EA01029207034615D10A68A2F10130AF
:1076B00020EA020010F0803F0DD101F1040C43F8E4
:1076C000042B61465CF8042BA2F1013020EA020091
:1076D00010F0803FF3D011F8012B184603F8012B6E
:1076E000002AF8D1704700BF014B93F81002704791
:1076F00080020010004870475804001038B5074C4D
:107700000023054608462360C7F752FD431C00D0FE
:1077100038BD2368002BFBD02B6038BD50310120D1
:10772000194B1B6883422ED0416C70B5054681B160
:1077300000268C593CB121462468284600F03EF9C9
:10774000002CF8D1696C0436802EF2D1284600F066
:1077500035F9A96B11B1284600F030F92C6C34B121
:1077600021462468284600F029F9002CF8D1E96C5C
:1077700011B1284600F022F96B6B1BB12846BDE819
:107780007040184770BD7047D404001038B58C465F
:10779000084C114605461A46604600232360C7F789
:1077A00013FD431C00D038BD2368002BFBD02B6099
:1077B00038BD00BF5031012038B58C46084C114609
:1077C00005461A46604600232360C7F7D5FC431CD4
:1077D00000D038BD2368002BFBD02B6038BD00BF24
:1077E0005031012038B58C46084C114605461A46E2
:1077F000604600232360C7F7CDFC431C00D038BD92
:107800002368002BFBD02B6038BD00BF5031012016
:10781000014B1868704700BFD404001070B50E4EBD
:107820000E4DAE4208D0761BB610002455F8043B2E
:1078300001349847A642F9D8094E0A4D09F01CFCBC
:10784000AE4208D0761BB610002455F8043B013434
:107850009847A642F9D870BD34AE050834AE050885
:1078600084AE050834AE0508F0B51D4C83B005465E
:107870002068019116461F46C7F71CFD194A019959
:10788000136823B35A6820681F2A23DC4DB9541C9F
:1078900002325C6043F82210C7F728FD002003B0D5
:1078A000F0BD03EB820E0124CEF88860D3F8886126
:1078B000944046EA040C022DC3F888C1CEF8087142
:1078C000E5D1D3F88C512543C3F88C51DFE7064B43
:1078D0001360D7E7C7F70AFD4FF0FF30DFE700BFBF
:1078E000D8060010E432012054310120024B13B1BC
:1078F0000248FDF7ABBE704700000000B1AA0408C3
:1079000008B5062003F054F80120C7F72FFC00BF8C
:10791000F8B5064608200C4603F0DEF80746304668
:1079200000F08EFC224A93685D6825F00305A5F1FE
:1079300011031C1B3C44B4FBF7F4013C07FB04F4AB
:10794000A74208DC0021304603F0A0F8184A9368EB
:107950002B44984204D0304600F078FC0020F8BD5B
:107960006142304603F092F80130114A0DD01149BE
:1079700093682D1B45F001055D600B6830461B1BAD
:107980000B6000F063FC0120F8BD0021304603F0DD
:107990007DF8074A9268831A0F2BDCDD43F0010360
:1079A0005360054B03491B68C01A0860D3E700BF4A
:1079B000E8060010E8320120DC060010002965D03E
:1079C0002DE9F0410C46074600F03AFC54F804EC6F
:1079D0007D49A4F1080C2EF001030CEB03028D6825
:1079E0005068954220F003000EF0010600F08B80F5
:1079F000151850606D6805F00105A846AEBB54F837
:107A0000084CACEB040C2344DCF8084001F1080EF0
:107A100074456BD0DCF80C50E560AC60B8F1000F39
:107A200000F08C8043F00100CCF804001360B3F543
:107A3000007F35D2DA0848685C090132012312B2AE
:107A4000A34003434B6051F83200CCF8080001EB2F
:107A5000C203083BCCF80C3041F832C0C0F80CC06F
:107A60003846BDE8F04100F0F1BB85B9034401F1AF
:107A7000080E9068704543F001047AD0D268C26065
:107A80009060CCF804404CF80330D0E770474EF0DB
:107A90000102B3F5007F44F8042C4CF80330C9D33D
:107AA000B3F5206F4FEA53204AD2980900F139020A
:107AB00012B200F13804D20088188A58083890426F
:107AC00003D15FE09268904204D0516821F0030135
:107AD0009942F7D8D068CCE90220C0F808C03846EF
:107AE000C2F80CC0BDE8F04100F0B0BBA5BB184423
:107AF000D2E90223D3609A6040F00103CCF804304D
:107B00004CF80000ACE7184446B954F8083CACEB1C
:107B1000030C1844DCE90223D3609A6040F00103AF
:107B2000CCF80430294BC1F808C01B68834297D8B1
:107B3000274B38461968FFF7EBFE91E7034498E7B7
:107B400014280FD9542824D8180B00F16F0212B250
:107B500000F16E04D200AFE743F00101CCF804104D
:107B600013607DE700F15C0212B200F15B04D20009
:107B7000A2E7C1E904CCCCE902EECCF804404CF811
:107B800003306DE7A4100123A3404C6823434B60EE
:107B9000A1E7B0F5AA7F07D8D80B00F1780212B29E
:107BA00000F17704D20087E740F25452904206D8A1
:107BB000980C00F17D0200F17C04D2007CE74FF4C8
:107BC0007E727E2478E700BFE8060010E006001011
:107BD00018330120DFF850C010B50CF5806E5CF84A
:107BE000083F5C6824F003040F2CD4BF0020012060
:107BF0002146DCF80C309C4508D05A68DB6822F03E
:107C000003029C45114400F10100F6D10CF1080C6F
:107C1000E645EED1034B1A685860521AC3E90721B2
:107C20005C6210BDE8320120E806001038B5044659
:107C300008460D4600F004FBFFF7CCFFDFF824E018
:107C4000BEE80F00A446ACE80F00BEE80F00ACE8A9
:107C50000F009EE803008CE80300284600F0F6FAC7
:107C6000204638BDE83201202DE9F04F01F10B022A
:107C7000162A85B0804624D8102900F2AB8000F087
:107C8000DFFA022518211022B74C2144A1F1080087
:107C90004E68864200F062817268F168B46822F032
:107CA00003023244E1608C60516841F001014046BA
:107CB000516000F0CBFA06F10804204605B0BDE89B
:107CC000F08F32F0070200F18580914200F282804D
:107CD000019200F0B5FA019AB2F5FC7FC0F0BA81CA
:107CE000570A7FD0042F00F27281970907F13905F6
:107CF0002BB207F1380CDB009B4C2344A3F10806A0
:107D00005B689E4207D10DE00028DF6880F2138196
:107D1000BE4207D03B46596821F00301881A0F285C
:107D2000F2DD6546236991498B4200F0F1805E687F
:107D300026F00306B11A0F2900F391818B48002920
:107D4000C4E9040080F27981B6F5007F676880F0AD
:107D50001981F10801310FFA81FC76090121B14046
:107D600054F83C0098600F4304EBCC010839D9600B
:107D7000676044F83C30C360AB1001269E40BE42B1
:107D800036D83E4206D125F0030576003E4205F185
:107D90000405FAD004EBC50A04EBC507A946F96847
:107DA0000EE0486820F0030EAEEB020CBCF10F0FA2
:107DB0000B46C96800F31881BCF1000F80F22D81D9
:107DC0008F42EED109F1010919F0030F07F10807FD
:107DD000E5D17FE10C23C8F800300024204605B02F
:107DE000BDE8F08F4FF4007340254FF03F0C83E760
:107DF000A768796821F0030393429A4603D3991A3E
:107E00000F2900F387805A495A4E096810311144EE
:107E10000820CDE9011202F05FFE01994B1E0344D8
:107E20004542834630681D40B0F1FF3F18BF2946E8
:107E30004046019102F02AFE411C0546DDE901128F
:107E400000F02B8107EB0A0C844500F224814A4B99
:107E5000186800EB01090BF1FF3EC3F8009000F039
:107E60008981306801301BBFA5EB0C0C09EB0C00BD
:107E70003560186015F00700814600F04881C0F1B8
:107E800008000544CDE901236B1803EA0E015844AC
:107E9000401A00EA0E06314640469B4602F0F6FDC7
:107EA000421CDDE9012300F09581401B304440F085
:107EB00001011868A56000EB0609A7426960C3F8D4
:107EC000009017D0BAF10F0F40F25E81AAF10C01B9
:107ED00021F0070C796801F0010141EA0C01796099
:107EE000052607EB0C01BCF10F0FC1E9016600F29A
:107EF00063816968214B1E684E4538BFC3F8009006
:107F00001F4B1E684E4501D2C3F800902F46C6E0B5
:107F1000676831E7BD1841F0010142F001027A6063
:107F20004046A560696000F091F907F10804204619
:107F300005B0BDE8F08F9A6801931944D760BA6024
:107F40004A6842F0010240464A6000F07FF9019B16
:107F500003F10804204605B0BDE8F08FCE68B142B9
:107F60007FF49AAE0235DDE6E8060010F006001058
:107F700018330120DC060010E83201201433012000
:107F800010330120B6F5206F4FEA56207CD3142819
:107F900000F2D38000F15C0109B25B30C90004EB50
:107FA000010C6158ACF1080C8C4503D1A8E089683C
:107FB0008C4504D0486820F00300B042F7D8D1F8CF
:107FC0000CC0C3E9021CCCF80830CB60D4E6142FF7
:107FD00072D9542F00F2BA80170B07F16F052BB23C
:107FE00007F16E0CDB0087E69D1842F001025A6033
:107FF0009E68864AF1608E60C4E90455C5E9022294
:108000004CF001026A60404643F80EC0019300F054
:108010001DF9019B03F10804E0E69E441C46DEF8CE
:10802000043043F00103CEF8043054F8083F4046D2
:10803000D9608B6000F00AF9D0E61E4440467268B1
:10804000019342F00102726000F000F9019B03F11C
:108050000804C3E6D508691C09B2C90014E69D18D6
:1080600042F001025A60694A0193C4E90455C5E926
:10807000022241F001026A604046995100F0E6F8A0
:10808000019B03F10804A9E6B00900F1390109B226
:108090003830C90083E7A74263D0A768796821F028
:1080A00003009042A0EB020102D30F293FF732AF49
:1080B000404600F0CBF890E607F15C052BB207F1E3
:1080C0005B0CDB0018E6514651F808398B428A46B2
:1080D00040F09A8015F0030F05F1FF35F3D1636886
:1080E00023EA0603636076009E423FF681AE1EB926
:1080F0007EE6760009F104091E42FAD04D4649E6B3
:108100008010012606FA00F00743676059E7CDE9C1
:1081100002236B1803EA0E01ABEB010606EA0E061A
:1081200031464046019302F0B1FC431C019B04BF61
:108130004E461846DDE90223B7E6542827D8300B0F
:1081400000F16F0109B26E30C90028E7B7F5AA7FC8
:1081500027D8D70B07F178052BB207F1770CDB0096
:10816000CAE52B4B186800EB01090BF1FF3EC3F881
:10817000009076E615EA0E0F7FF473AEA5685144C1
:1081800041F001016960B5E601236B6090E7B0F54D
:10819000AA7F25D8F00B00F1780109B27730C90029
:1081A000FDE640F254539F4224D8930C03F17D0521
:1081B00003F17C0CEB009FE507F108014046CDE997
:1081C0000123FFF7FBFBA568029B6968D3F80090C9
:1081D000019A8FE6A9F108010BEB0100002664E685
:1081E00040F2545188420BD8B00C00F17D01C90017
:1081F0007C30D4E64FF47E737F254FF07E0C7BE518
:108200004FF47E717E20CAE663686CE7F0060010CA
:10821000E832012082B049B15AB16BB113780B60DA
:108220001278101E18BF012002B0704701A9002A61
:10823000F3D1104602B070476FF00100F4E700BFC1
:108240000148C7F737B800BF940D01200148C7F7B0
:108250004DB800BF940D0120002900F09F802DE94A
:10826000F04383B00C4600928046FFF7E9FF009987
:1082700001F10B03162B60D81023994260D854F8F3
:1082800004EC2EF003029A42A4F1080565DAB34823
:10829000806805EB020C6045DCF8046000F090801B
:1082A00026F0010060444068C0076CD426F0030645
:1082B000901983424CDD1EF0010F0FD154F8080CC9
:1082C000281A0746406820F0030006441644B342CB
:1082D00040F3EF801618B34240F3C9804046CDE921
:1082E0000023FFF7C1FCDDE900230646002800F06B
:1082F000178154F8041C21F001012944A0F1080C55
:10830000614500F0AE80043A242A00F2CE80132AA0
:1083100000F29C800346224611681960516859603A
:1083200092689A6021464046FFF748FB4046FFF7B7
:108330008DFF304603B0BDE8F08333F007039CD5D2
:108340000C23C8F800300026304603B0BDE8F083A7
:108350000246DCE90201C16088606968D01A0F2812
:1083600001F0010105EB02061BD811436960736837
:1083700043F0010373604046FFF768FF264630462E
:1083800003B0BDE8F0831EF0010FA7D154F8080C2C
:10839000281A0746406820F003009BE71146FFF7C4
:1083A00063BC19436960E91840F0010048607368D4
:1083B00043F00103083173604046FFF7FFFADAE744
:1083C00026F00306B01803F1100C604580F28B8094
:1083D0001EF0010F82D154F8080C281A0746406895
:1083E00020F0030006441644B445B1463FF772AF8F
:1083F0003E46F96856F8080F043A242AC16088609E
:1084000000F2A580132A40F2A0802168B96061685B
:10841000F9601B2A00F2A480083407F110022168D9
:10842000116061685160A1689160F918A9EB0302BD
:108430004A4D42F00102A9604A607A6802F00102E6
:10844000134340467B60FFF701FF98E72368036012
:10845000636843601B2A3BD804F1080200F108035B
:108460005AE750F8041C21F003010A4475E7043A66
:108470003D46F96855F8080F242AC160886020D865
:10848000132A1CD92168B9606168F9601B2A3DD89C
:10849000083407F110022168116061685160A16819
:1084A00091602C4632463D4657E72146FEF7ECFFE9
:1084B00038E7DCE90201043AC1608860D8E72A465F
:1084C000E9E7214628460093FEF7DEFF009BE8E738
:1084D000A3688360E368C360242A25D004F11002F6
:1084E00000F1100318E71D4A1D449560C21A42F0BE
:1084F00001026A6054F8042C02F001021343404662
:1085000044F8043CFFF7A2FE264638E7A16839612B
:10851000E1687961242A10D0103407F11802BAE713
:108520004046FFF793FE0EE72369036161694161ED
:1085300004F1180200F11803EEE62269BA616269DB
:10854000FA61183407F12002A5E7324667E72146B1
:1085500030460093FEF798FF009B66E7E8060010A0
:10856000A1683961E1687961242A03D0103407F1E8
:10857000180254E72269BA616269FA61183407F196
:1085800020024CE749B1FF2A02D80A700120704747
:108590008A2303604FF0FF3070470846704700BFE2
:1085A00030B5044687B05BB110480193D0F8C8518C
:1085B00071B12046A847421C019B10D007B030BDC6
:1085C00000F5827309480193D0F8C8510029F0D111
:1085D0000A46204603A9A847421C019BEED1002170
:1085E0008A221960226007B030BD00BF80020010EF
:1085F00010B582B0049CCDE900344FF0FF3303F096
:10860000D3FF02B010BD00BF2DE9F04FD9B00C462A
:10861000069115460A938346FFF76CF80368139397
:108620001846C3F78DFF08221290002128A8FEF7F4
:10863000BDFFA3891B0603D52369002B01F0C6806B
:108640009FED757B00239E46CDE916EE8DED0E7BEA
:10865000CDE92D332FAB2C939846CDF850E0CDF8D3
:1086600054E0CDF810E0CDF834E02E4634466C4BA3
:10867000D3F8CC51FFF738F828AA0346009222A974
:1086800022465846A847002800F09780C0F28D8007
:10869000229A252A034601D01C44E8E7A71B054679
:1086A00040F08E8000234FF0FF328DF87F309A46E5
:1086B000059301342378039201349946A9F12003EC
:1086C0005A2B00F2AF80DFE813F0E902AD00AD00F5
:1086D000E502AD00AD00AD00C802AD00AD008802FE
:1086E0009702AD009302AB02AD00A7025B005B00F6
:1086F0005B005B005B005B005B005B005B00AD0050
:10870000AD00AD00AD00AD00AD00AD002701AD0086
:108710007E019503270127012701AD00AD00AD00C3
:10872000AD009103AD00AD00F302AD00AD00AD00B2
:108730005502AD004C03AD00AD00FA07AD00AD0031
:10874000AD00AD00AD00AD00AD00AD002701AD0046
:108750007E016901270127012701D60369016C0009
:10876000AD00F003AD00E0032604FB036C00AD0098
:1087700055026A006D03AD00AD005D08AD006A00F2
:10878000A9F13003002214F8019B02EB820203EBF3
:108790004202A9F13003092BF5D905928EE723781F
:1087A0008AE723784AF0200A86E70822002128A8D1
:1087B000FEF7FCFE01231C4459E7A71B054611D018
:1087C0002D9A2E9B01323B44072AC8E900672E935D
:1087D0002D9216DC08F10808049B3B440493002DFD
:1087E0007FF460AF2E9B002B41F06B83069B9B892F
:1087F00003F04003002B41F0A687049859B0BDE870
:10880000F08F06992CAA584601F0D2FF0028EDD12E
:108810000DF1BC08E0E700BF000000000000000010
:1088200080020010B9F1000FDCD00023CDE90B333A
:1088300001228DF8FC908DF87F3007930892039306
:1088400010933FAE02922E9D1AF08403AE4600F0C4
:10885000E7809DF87F201AB32D9800270130012270
:108860000135C8F8042007280DF17F02CDE92D0558
:10887000C8F8002000F3528408F1080887B12D9849
:10888000013020AA0235C8F8002007284FF0020264
:10889000CDE92D05C8F8042000F3318408F108085B
:1088A000802B00F04C83039B089A9F1A002F00F343
:1088B000C8801AF4807F40F00181089BC8F804301A
:1088C0001D442D9BC8F800600133072B2E952D9376
:1088D00000F3BE8308F108081AF0040F05D0059BC9
:1088E000029A9E1A002E00F32884DDE904320299D0
:1088F0008A42ACBF9B185B180493002D40F0608344
:1089000000232D93079B1BB107995846FFF756F894
:108910000DF1BC082646A9E60A9B073323F007039E
:10892000B3EC027B8DED0E7B0A930F9B8DED1A7AD3
:1089300023F000431B93DDE91A01B24B4FF0FF32E5
:10894000C4F7C0FA002840F05F86DDE91A01AD4B9C
:108950004FF0FF32C4F798FA0546002840F05486DD
:10896000DDE90E01002200232AF0800AC4F782FA12
:10897000002841F09E819DF87F30B9F1470FCCBFB0
:10898000A14EA24E002B41F038860322CDE90B33D5
:108990000793089203931093029254E71AF0200F62
:1089A00040F0F5850A9A1AF0100F52F8045B41F076
:1089B000ED861AF0400F0A9201F0228145F3C0378C
:1089C0003B462DB226E2B9F1430F03D01AF0100F47
:1089D00000F0E586082200212AA8FEF7E7FD0A9AA2
:1089E0003FAE12682AAB31465846FFF7D9FD0890D2
:1089F000013001F0A386089B23EAE37302930A9BEC
:108A00002E9D04330A930023CDE90B338DF87F307C
:108A10000793039310931AF08403AE467FF419AFC3
:108A2000059A0298171A002F00F35B849DF87F20A7
:108A3000002A7FF411AF039B089A9F1A002F7FF73B
:108A400038AF734B2D9A1193102F25DD2946102333
:108A50002546069C04E0103F102F08F1080819DD98
:108A600001326B481031072AC8E90003CDE92D21F6
:108A7000F1DD2CAA2146584601F09AFE002840F06C
:108A8000A782103F102FDDE92D210DF1BC084FF01A
:108A90001003E5DC2C460D460132119BC8F800306E
:108AA0003D44072ACDE92D25C8F8047000F3A684BB
:108AB0001AF4807F08F108083FF4FFAEB9F1650FA2
:108AC00040F3D182DDE90E0100220023C4F7C8F98A
:108AD000002800F085832D9B4E4AC8F80020013302
:108AE00001350122072B2E952D93C8F8042000F3A1
:108AF000D38708F10808219B0D9A934280F22885BC
:108B0000129B139A1D44C8E900232D9B2E95013317
:108B1000072B2D9300F34D8608F108080D9B5E1E70
:108B2000002E7FF7D9AE102E2D9B41F39A85384940
:108B3000DDF8189011912A4610270D4605E008F13E
:108B40000808103E102E40F3DC8701331032072B4B
:108B5000C8E90057CDE92D32F1DD2CAA4946584627
:108B600001F026FE002840F03382DDE92D320DF1C0
:108B7000BC08E6E70A9F57F8046B00238DF87F30A6
:108B8000002E00F03286B9F1530F00F092871AF0F0
:108B900010030B9340F08D87039B002BC1F29E8145
:108BA0001A460B993046C3F7CBFB9DF87F300790F0
:108BB000002801F01485079A921B089222EAE272BB
:108BC00002920BB1013202920B9B0A97039310930E
:108BD0000C9307934FF0730935E60A9B53F8042B67
:108BE0000592002A80F2BA84059A0A9352420592AD
:108BF00023784AF0040A5FE52B238DF87F30237831
:108C00005AE500BFFFFFEF7F501405084C1405081C
:108C100074A405085C14050823784AF0800A4BE523
:108C2000214611F8019BB9F12A0F01F07385A9F1D2
:108C30003003092B98BF002201F2A78311F8019B92
:108C400002EB820203EB4202A9F13003092BF5D9B2
:108C500042EAE27303930C4630E55846FEF74AFDBC
:108C6000436815931846C3F76BFC179005465846A2
:108C7000FEF740FD826823781692002D3FF41CAD6C
:108C8000002A3FF419AD1278002A3FF415AD4AF4DA
:108C9000806A11E523784AF0010A0DE59DF87F20EE
:108CA0002378002A7FF408AD20228DF87F2003E589
:108CB0001AF0200F4AF0100000F061840A9B07337D
:108CC00023F007031A46596852F8083B0A9200221B
:108CD0008DF87F20039A002A18DB53EA010220F462
:108CE000906A15D1039A9AB910F001031A460293BB
:108CF00000F0C38630238DF85F31039B0892CDE9E5
:108D00000B33109307930DF25F169CE520F4806AF5
:108D100058AE03F00702DB0843EA4173C90830325A
:108D200053EA0105304606F8012DF2D11AF0010F81
:108D300000F04082302A00F03D823023039906F88B
:108D4000013C023858AB1B1A99424FF00002B8BFE1
:108D50001946CDE90B22079208930646029110921C
:108D600071E51AF0200F4AF0100120D10A9B1A1D5C
:108D70000A9B03981B680027B8428DF87F701D4638
:108D800058DB21F0800A002B40F0FB850A92002876
:108D900040F03884CDE90B000890109002900790C5
:108DA00058AE50E51AF0200F00F00E8451460A9B91
:108DB000073323F0070200238DF87F30039B5768A9
:108DC00052F8085B0A92002B35DB55EA070321F0C5
:108DD000800A31D1039B002B40F01484CDE90B3382
:108DE000089310930293079358AE2CE523784AF02A
:108DF000080A61E41AF0200F4AF0100300F0B6836D
:108E00000A9A073222F007029A46536852F8085B22
:108E10000A921F46002BC0F2FE82039A002A0BDB47
:108E200055EA07032AF0800A06D1002A00F0CC8711
:108E3000302507E00A928A460A2D77F1000380F078
:108E4000FB823035039A9DF87F308DF85F51012AFF
:108E5000B8BF01220292012208920DF25F16002B88
:108E600001F05284029B013302930023CDE90B33BE
:108E700007931093E7E42378682B03BF63784AF4E1
:108E8000007A01344AF0400A16E40A9A1AF0200FD8
:108E900002F1040300F08483126804991160C91779
:108EA00051600A932646FFF7E1BB23786C2B03BF82
:108EB00063784AF0200A01344AF0100AFFF7FCBB3D
:108EC0000A9A039E52F8040B002147F630038E42A3
:108ED000ADF880308DF87F100346C0F255842AF03B
:108EE000800545F0020A002840F05084002E00F072
:108EF00072870A9230230122029610908DF85F311A
:108F00000DF25F164FF07809844608920B90079097
:108F10000C9000F01FBC1AF0200F40F052830A9A08
:108F20001AF0100F52F8043B41F02D841AF0400F54
:108F300000F070869BB20A9250460021C7E6059B5E
:108F4000029A9F1A002F7FF7AEACA24B2D9A119375
:108F5000102F26DD41462846B046069D26461023A2
:108F60009C4C04E0103F102F01F1080115DD013287
:108F70001030072AC1E90043CDE92D20F2DD2CAAEB
:108F80002946584601F014FC10BB103F102FDDE9B4
:108F90002D202FA94FF01003E9DC34460546464644
:108FA00088460132119BC8F800303D44072ACDE9BC
:108FB0002D25C8F8047000F3B38508F1080872E4A1
:108FC00006992CAA584601F0F3FB00283FF498AC10
:108FD000079B002B3FF40AAC07995846FEF7EEFCBE
:108FE000069B9B8903F0400304E42D9B7A4AC8F852
:108FF0000020013301350122072B2E952D93C8F84F
:10900000042000F3C48608F10808002940F0C38555
:109010000D9A0AF0010313433FF45EAC129B1399BF
:109020005A19C8E900132D9B2E920133072B2D935B
:1090300000F3738708F108080D99C8F80060013340
:109040008D18072BCDE92D35C8F804107FF742ACF9
:1090500006992CAA584601F0ABFB0028B8D12E9DEA
:109060000DF1BC0838E40D9B2D9F012B05F1010586
:1090700007F1010708F1080940F379810123072F5F
:10908000CDE92D75C8F80060C8F8043000F34682B9
:10909000129B139A01371D44072FC9E90023CDE91C
:1090A0002D7500F3488209F108090D9BDDE90E01D9
:1090B00003F1FF3800220023C3F7D2FE002840F05E
:1090C0007181013701364544072FCDE92D75C9F867
:1090D0000060C9F8048000F3588109F10809149B65
:1090E000C9F8043001371D44072F24ABCDE92D7595
:1090F000C9F80030ACDC09F10808FFF7EDBB0699B0
:1091000011932CAA584601F053FB00287FF460AF5E
:109110002E9D119B0DF1BC08FFF7C2BB0699119360
:109120002CAA584601F044FB00287FF451AF2E9D35
:10913000119B0DF1BC08FFF7A1BB284A2D9B119292
:10914000102E22DDA246DDF818901027144604E008
:10915000103E102E08F1080816DD01331035072BDC
:10916000C8E90047CDE92D35F2DD2CAA494658461D
:1091700001F01EFB00287FF42BAF103E102EDDE91E
:109180002D350DF1BC08E8DC54460133119A354405
:10919000072BC8E90026CDE92D357FF7A6AB069948
:1091A0002CAA584601F004FB00287FF411AF2E9D35
:1091B000FFF79BBB039958AA921B91424FF0000303
:1091C000B8BF1146CDE90B33079308920291109373
:1091D000FFF739BB74A405085C14050884A40508CE
:1091E000219981427FF701AF0B9B0D9A9342A8BF53
:1091F0001346002B99460BDD1D44C8E900632D9BE7
:109200002E950133072B2D9301F30A8008F10808EE
:109210000B9FB9F1000FA8BFA7EB0907002F00F3C0
:10922000F4820B9B1AF4806F334440F01583219A2B
:109230000D998A4203DB1AF0010F00F0D9851299CB
:1092400013980D44C8E900012D992E950131072985
:109250002D9101F31E8008F108080D997718FF1A67
:109260008E1AB742A8BF3746002F0DDDC8F8003070
:109270002D9BC8F8047001333D44072B2E952D9388
:1092800001F3908008F10808002FA8BFF61B002EFC
:109290007FF722AB102E2D9B41F3E381BD49DDF812
:1092A000189011912A4610270D4605E008F108088C
:1092B000103E102E40F3258401331032072BC8E9ED
:1092C0000057CDE92D32F1DD2CAA4946584601F070
:1092D0006FFA00287FF47CAEDDE92D320DF1BC0879
:1092E000E6E72D9AAC481190102F714626DD1C94AC
:1092F0004046A94C1D93B0461025069E04E0103F41
:10930000102F00F1080015DD01321031072AC0E9E5
:109310000045CDE92D21F2DD2CAA3146584601F059
:1093200047FA00287FF454AE103F102FDDE92D21BD
:109330002FA8E9DCDDE91C43464680461198C8F8B1
:109340000000501C7D180728CDE92D05C8F80470D1
:1093500000F37C839DF87F2008F10808002A40F084
:109360000181002B3FF49FAA1346FFF789BA1AF038
:10937000010F7FF483AE0123072FCDE92D75C8F8C7
:109380000060C8F804307FF7AAAE06992CAA5846A8
:1093900001F00EFA00287FF41BAEDDE92D750DF10A
:1093A000BC099CE60D9B012B7FF799AE112B794BE5
:1093B000119340F3D78303942A46069C10261D463A
:1093C00007E009F10809A8F11008B8F1100F40F3FF
:1093D000C78301371032072FC9E90056CDE92D7236
:1093E000EFDD2CAA2146584601F0E2F900287FF46F
:1093F000EFADDDE92D720DF1BC09E4E706992CAA69
:10940000584601F0D5F900287FF4E2AD2E9D0DF10C
:10941000BC08FFF74EBA2D238DF87F30039B6D42B9
:1094200067EB4707002BFFF607AD0A2D77F1000326
:109430002AF0800AFFF405ADCDE907890294DDF832
:10944000589058A94FF0000E0AF4806425E0EB19FB
:10945000524843F10003A0FB032020F0030202EB7B
:1094600090029B1AEB1A4D484FF0CC32A846BC46EE
:1094700002FB03F267F1000700FB0722A3FB005386
:10948000B8F10A0F13444FEA55057CF1000C314640
:1094900045EAC3754FEA53072CD3404EEB1943F10D
:1094A0000003A6FB032020F0030202EB90029B1AAC
:1094B000EB1AA3FB063267F1000006FB00225B08F3
:1094C00043EAC27303EB8303A5EB430330330EF18E
:1094D000010E01F8013C4E1E002CB8D099F8003066
:1094E0007345B4D1BEF1FF0FB1D00A2D77F100035F
:1094F00080F09A830399029CCDF8589058AB9A1B40
:109500009142B8BF1146DDF82090DDF81C809DF82F
:109510007F30CDF834E008920291A0E406992CAA9D
:10952000584601F045F900287FF452ADDDE92D756C
:109530000DF1BC09ACE506992CAA584601F038F9A2
:1095400000287FF445ADDDE92D750DF1BC09ACE5D2
:109550001AF0010F3FF4C0A9FFF7D2BA0A9323789B
:10956000FFF7AAB81F460023FFF778B90A9A04321A
:109570000A990A920D68EF179A463B464AE40A9BFD
:109580001A1D0A9B0A921B680021FFF7A0BB5346D5
:1095900036E400BF74A4050884A40508CDCCCCCC67
:1095A0001AF0100F40F0D6821AF0400F40F07A8483
:1095B0001AF4007F00F0CE820A9A049912681170A2
:1095C0006FE45046FFF77ABB0A9A1AF0100052F87F
:1095D000043B41F0D5801AF0400100F0C7818DF8BE
:1095E0007F009BB203990027B9421D46C0F2C98192
:1095F0002AF0800A002B40F0C481039B0A92002BC2
:109600003FF4ECAB00251CE4DDE90E0102460B46FD
:10961000C3F758FC0546002840F07A87B9F1610F7E
:1096200000F01585B9F1410F00F08386039B0133EB
:1096300000F081844AF48073B9F1670F02930F9BA5
:1096400000F01387B9F1470F00F00F870790DDE9AD
:109650000E12002AC0F201879DED0E7B8DED187B66
:1096600000231193A9F14103252B00F2CD83DFE8FC
:1096700013F0BC06CB03CB03CB036A04D204CB03A9
:10968000CB03CB03CB03CB03CB03CB03CB03CB036A
:10969000CB03CB03CB03CB03CB03CB03CB03CB035A
:1096A000CB03CB03CB03CB03CB03CB03CB03CB034A
:1096B000CB03BC06CB03CB03CB036A04D204B24D6D
:1096C0001AF0200F00F068810A9B073323F007038C
:1096D0001A46596852F8083B0A921AF0010040F005
:1096E0006881039A8DF87F00002AC0F28A8153EACC
:1096F00001022AF4906A00F0938103F00F02AA5C41
:109700008DF85F211B0943EA01730A0953EA11111D
:109710000DF25F160BD003F00F011B09695C06F810
:10972000011D43EA0273120953EA0201F3D1039ABD
:1097300058AB4FF0000C9B1B9A42CDE90BCCB8BF45
:109740001A4608930292CDF81CC0CDF840C00028FC
:109750003FF479A8029BDDE92D05023302931AF04C
:109760008403AE46024604D1059F02997F1A002F5A
:1097700006DCBCF1000F3FF483A80227FFF76EB8A8
:109780000223AFE5814D9BE74AF0020A0A927F4D22
:1097900003F00F020220AA5C4FF07809B0E70A9BA1
:1097A0001B688DF8FC300123029308933FAEFFF74E
:1097B00026B906992CAA584600F0FAFF00287FF433
:1097C00007AC2E9D0DF1BC08FFF7A8B94021584603
:1097D000FEF74AFA069B18601861002800F0BD8762
:1097E000069A40235361FEF72BBF039B0A97062B73
:1097F00028BF0623CDE90763029333460396CDE9DC
:109800000B33634E1093FFF71EB8102F2D9B40F3C0
:109810006C876048119042462946A0464FF01009D7
:10982000069C054604E00832103F102F40F39C824E
:1098300001331031072BC2E90059CDE92D31F2DD9A
:109840002CAA2146584600F0B3FF00287FF4C0AB95
:10985000DDE92D312FAAE7E70D9ADDF84090CDF82C
:1098600044A01F460C9BDDF858A00B94B218002BA7
:10987000039229464246179DDDF81880109631DD87
:10988000B9F1000F40F3028109F1FF392D98159BC2
:10989000013029440728C2E900352E912D9000F3AC
:1098A0009C800832039B9AF80000DE1B8642A8BF0A
:1098B0000646002E0CDD2D98013031440728C2E900
:1098C00000762E912D9000F338819AF8000008322E
:1098D000002EACBF841B0446002C15DC07440C9BF7
:1098E000002BCDDCB9F1000FCEDC109ECDF858A0D6
:1098F00090460D9A0B9CDDF844A0B21897423B4667
:109900000D4628BF134692E4102C2D98214B1FDDE5
:109910001026089304E0103C102C02F1080216DD1A
:1099200001301C4B10310728C2E90036CDE92D016A
:10993000F1DD2CAA4146584600F03AFF00287FF49A
:1099400047AB103C102CDDE92D012FAAE8DC089B69
:109950001360013021440728CDE92D01546000F344
:1099600068839AF8000008320744B8E71AF40077D1
:1099700040F09E8203998DF87F7000291D46BFF646
:1099800037AE0A92FFF758BAD8130508EC1305084A
:109990000014050874A405080A9A1AF0100F52F86A
:1099A000043B0A9228D11AF0400F21D09BB200212B
:1099B00093E653EA01022AD030228DF8802000225B
:1099C0008DF87F20039A8DF88190002A16DB2AF407
:1099D000906242F0020A02208FE62CAA41465846C5
:1099E00000F0E6FE00287FF4F3AA2E992FAA59E78B
:1099F0001AF4007F40F04C8200216EE64AF0020A21
:109A0000022003F00F022AF4806AAA5C78E6039B26
:109A1000002083428DF87F00C0F25E812AF4906AB4
:109A2000039A002A00F0AB80012A2B788DF85F3171
:109A3000B8BF0122002302920122CDE90B33079324
:109A4000089210930DF25F16FEF7FDBE0699119372
:109A50002CAA584600F0ACFE00287FF4B9AA9DF865
:109A60007F202E9D119B002A00F08C801F460DF157
:109A7000BC0803462D98FEF7F1BE039B0893CDE981
:109A80000B331093079358AEFEF7DDBE0C9B013BE2
:109A90000AF1FF3A0C93F9E606992CAA584600F011
:109AA00087FE00287FF494AA2E9D0DF1BC08FFF7D5
:109AB00022B8082200212AA82396FDF777FD039BF0
:109AC000002BC0F211810025029407972C461F46F7
:109AD0000EE03FA95846FEF763FD411C204400F00C
:109AE000F484B84209DC05F1040500F08C850446D5
:109AF000239A52592AAB002AEBD10894079F029C63
:109B0000FFE015460133119AC8F800203544072BB1
:109B1000C8F80460CDE92D357EF7DCAEFFF798BAC2
:109B200006992CAA584600F043FE00287FF450AA5C
:109B30002E9D0DF1BC08FEF7B6BE2CAA4146584634
:109B400000F036FE00287FF443AA9AF800002E9910
:109B50002FAABDE60A9A049912681160FFF7A1B90D
:109B6000039C15460137119BC9F800304544072F67
:109B7000CDE92D75C9F804807FF7AFAA05E4039BF2
:109B8000FFF72CB9002B00F03B812D9813460DF107
:109B9000BC08FEF775BE129B13985A19C8E900035A
:109BA0002D9B2E920133072B2D9300F3B68108F1E4
:109BB00008080029BFF640AA4F421031B64911915A
:109BC00080F231841025894605E008F10808103F2D
:109BD000102F40F3288401331032072BC8E9009579
:109BE000CDE92D32F1DD06992CAA584600F0E0FDB2
:109BF00000287FF4EDA9DDE92D320DF1BC08E6E780
:109C00001AF4007F16BF45F3C017EF176DB23B463D
:109C1000FFF700B91AF4007100F04F81DBB20A922D
:109C200050460021FFF753B8179A1599B61A3046D7
:109C3000FDF700FD99F801300BB109F10109974AD0
:109C4000EB1943F10003A2FB030C2CF0030000EB23
:109C50009C001B1AEB1A4FF0CC3167F1000703FB95
:109C600001F102FB0711A3FB023001445B0843EA48
:109C7000C1754F08EB1943F10003A2FB031020F05C
:109C8000030101EB90015B1AEB1AA3FB023167F1B0
:109C900000005B0802FB001243EAC27303EB83037C
:109CA000A5EB4303303306F8013C4FF0010E013EB3
:109CB00014E42D23B9F1470F8DF87F3007950395F4
:109CC00000F30A81764E109503220423CDE90B554B
:109CD00008920293FEF7B7BD2B788DF85F312AF416
:109CE000806A0DF25F1622E52AAB0093002323AAB7
:109CF00019465846FEF77CFC0890013000F0E583D9
:109D00002396089B002B50D0632B40F3F580591C01
:109D10005846FDF7A9FF0646002800F02785079062
:109D2000082200212AA8FDF741FC089D2AAB0093D8
:109D300023AA2B4631465846FEF75AFC854240F08E
:109D40001085089A0023B35422EAE27202929DF829
:109D50007F20039312B1029A01320292CDE90B33B4
:109D60000A971093FEF76FBD44460D4690460133A7
:109D7000119AC8F800203D44072BCDE92D35C8F8CD
:109D8000047000F3BD8008F10808FFF74ABA06998D
:109D90002CAA584600F00CFD00287FF419A921993F
:109DA0002E9D0DF1BC08FFF730B99DF87F300A9762
:109DB000003B18BF01230293089B0393CDE90B33AB
:109DC00010930793FEF73FBD9DF87F3002920892F3
:109DD00058AEFFF744B8039B0A92CDE90B331093BA
:109DE0000893029358AE4FF078099C460793B1E46C
:109DF0007718FF1A8E1AB742A8BF3746FFF744BA42
:109E00000DF1BC08FEF74FBD2AAB019323AB0093C5
:109E10009DED180B039A21AB0221584600F030FF4C
:109E200006461AF0010F40F080822A9B9A1B219B64
:109E30000D92D81C0B93C0F23C8203999942C0F258
:109E400009829A4200F3BE820B9B08931AF4806F3A
:109E500003D00B9B002B00F39083089BDDF808A038
:109E600023EAE37302934FF06709002310930C93E6
:109E7000119B0AF00200002B00F0D1804FF02D0C56
:109E80008DF87FC0029B01330293002303935EE4AD
:109E9000DBB2002121E400BF74A40508CDCCCCCCFA
:109EA0004C1405080A9A049912681180FEF7F9BF4C
:109EB0008DF87F10DBB2FFF795BB0A925046FEF794
:109EC00006BF069C2CAA2146584600F071FCA389C7
:109ED00003F04003FEF78EBC7A4EF4E63046C2F73C
:109EE0002FFB9DF87F30089020EAE0720292002B51
:109EF0003EF46AAEFEF766BE002307933FAE0FE75F
:109F000006992CAA584600F053FC00287FF460A85C
:109F10002E9D0DF1BC08FFF784B906992CAA58466E
:109F200000F046FC00287FF453A8DDE92D3221998A
:109F30000DF1BC083DE6062303934AF480730790B5
:109F40000293FFF784BB039B01330D9302210D9D08
:109F50002AAB019323AB00932A469DED180B21AB4E
:109F6000584600F08DFE29F02007462F064605448E
:109F700000F02381DDE9180100220023C2F770FF01
:109F8000002840F048832A9B9D4288BF452740F225
:109F9000408330215A1C2A9219702A9BAB42F9D374
:109FA0009B1B0D93472F219B0B9300F04C81462F59
:109FB00000F01B810B9B8DF89090013B002B2193AF
:109FC000C0F27E812B22092B8DF8912000F3818134
:109FD00030228DF892200DF19302303302F8013BCC
:109FE00024ABD31A14930D9B149A012B1A44089294
:109FF00040F36682089B129A13440893089A2AF445
:10A00000806343F4807A22EAE2720023CDE90B33C5
:10A01000109302922CE7039B0D93032197E79DF881
:10A020007FC0BCF1000F7FF42DAF119B0393FFF7AE
:10A030008EBB2CAA4146584600F0BAFB00287EF49D
:10A04000C7AF9AF800002E992FAA074447E447F6B5
:10A050003003ADF88030039B632B4AF0020A00F313
:10A060002082DDE90E12002AC0F2B78121A89DED01
:10A070000E0B00F03FFD00224FF07F5351EC100B10
:10A08000C2F786FC02460B46CDE9082300220023D6
:10A09000C2F7E6FE002800F0C1820123119521934A
:10A0A0003FAE0795084B0293CDE90B48CDF83490AD
:10A0B000DDE90845DDF80890039FCDF840A014962F
:10A0C0000CE000BF50140508EC1305080022002323
:10A0D000C2F7C6FE002840F038825746AD4B00223A
:10A0E00020462946C2F754FC0D460446C2F700FF3D
:10A0F0008046C2F7E3FB02460B4620462946C2F7DC
:10A100008FFA19F808303246044606F8013B0D462E
:10A1100007F1FF3A002FD9D103929F4BDDF834901D
:10A12000DDF840A00022CDE90845474635460B9CA6
:10A13000149EDDF83080C2F7BBFE40B9DDE90801AE
:10A14000954B0022C2F78CFEE0B1FF071AD5039BA6
:10A150002A93029B15F8012CD97B91422B4609D1F9
:10A16000302003F8010C2A9B5A1E2A9213F8012C66
:10A170008A42F6D0392A0BBF029A0132927AD2B2C1
:10A1800003F8012C219AAB1B0D93B9F1610F02F179
:10A19000FF33219300F05E8250214FF04109002BE4
:10A1A0008DF89010C0F24D822B22092B8DF8912052
:10A1B00000F38F800DF192020FE73378302B00F01F
:10A1C0008E81219B1D44DDE9180100220023C2F786
:10A1D00047FE002831D12A9BAB42FFF4DAAE9B1B2D
:10A1E0000D93472F219B0B932DD00B99039A0AF0C7
:10A1F0000103002943EA020340F35582002B40F09B
:10A20000E6810B9B08934FF066091AF4806F40F0CB
:10A21000B681089BDDF808A023EAE373029324E6E5
:10A2200006992CAA584600F0C3FA00287EF4D0AE56
:10A230002E9D0DF1BC08FEF7EBBF219B0B93AB1BD2
:10A24000472F0D93D1D10B9B033332DB039B0B9A2A
:10A25000934210DA0B9B013BA9F10209002B8DF808
:10A2600090902193BFF6AEAE0B9B2D22C3F101035C
:10A270008DF89120ACE60D9B0B9A934200F3A280DF
:10A280001AF0010F0B9B00F0DA81129A1344089325
:10A29000DCE5069903932CAA584600F089FA0028B9
:10A2A0007EF496AE219A2E9D039B0DF1BC08FEF71D
:10A2B000D4BF0B9BA9F10209013B8DF8909021932B
:10A2C0000B9A2D238DF89130C2F101030832BFF6AD
:10A2D0007FAE0DF19F05314F2A461046A7FB0312B2
:10A2E000D20802EB8201A3EB41013031632B00F86D
:10A2F000011C134600F1FF32EFDC303302F8013C61
:10A30000831EAB4280F024820DF1910213F8011BF1
:10A3100002F8011FAB42F9D103F5B0736B44CC3B9B
:10A320001B1A24AA9B1A14935DE6039B4727F51872
:10A3300049E745F63003ADF88030039B632B4AF0C4
:10A34000020A00F3AE80DDE90E12824245DB21A84D
:10A350009DED0E0B00F0CEFB00224FF07F5351EC31
:10A36000100BC2F715FB02460B46CDE9082300226D
:10A370000023C2F775FD08B1012321930023084A89
:10A380001193029207933FAE8EE600230C4603938F
:10A39000FEF794B9000030400000E03FCDCCCCCCBB
:10A3A000D813050806992CAA584600F001FA00288F
:10A3B0007EF40EAE219E0D9B2E9D9E1B0DF1BC08C2
:10A3C000FEF762BF0D9B129A9A180B9B0892002B06
:10A3D00040F392804FF0670917E702F100431993A9
:10A3E0002D23189107953FAE119321A89DED180BD1
:10A3F00000F080FB00224FF07F5351EC100BC2F7AE
:10A40000C7FA02460B46CDE9082300220023C2F713
:10A4100027FD08B101232193B9F1610F3FF442AE4A
:10A42000A64B029340E601331199C8F800103A4454
:10A43000072BCDE92D32C8F804707EF7FBAD0699E5
:10A440002CAA584600F0B4F900287EF4C1ADDDE92D
:10A450002D320DF1BC08FEF7EFBD02F10043199358
:10A460002D2318911193FFF7FDB8039A002A00F0ED
:10A47000DB80002BC0F259819DED0E7B8DED187BAA
:10A4800011952AAB019323AB00939DED180B21ABE3
:10A49000039A0221584600F0F3FB00230646079377
:10A4A000BFE4039B5846591CFDF7DEFB0646002817
:10A4B00000F044814AF4807307900293FFF7C7B815
:10A4C0001AF0010F3FF49AAD94E5069B9B89002298
:10A4D000079243F04003069A9381FEF779BDDDE9C8
:10A4E000180100220023C2F7BBFC002800F0B48052
:10A4F000219B0B931D44A2E6C3F101031A4422EAF7
:10A50000E273DDF808A0089202934FF06709ACE40B
:10A510000F9B13F000432AF0800A0B9300F0A580F4
:10A520002D238DF87F30B9F1470F4FF000030793CB
:10A53000039340F31081624E03220892CDE90B335E
:10A54000109304230293FEF77EB903975746002F1A
:10A550003546DDE90B48DDF83490DDF840A0149E67
:10A56000FFF610AE03992B462944302203F8012B45
:10A570008B42FBD12F447D1C04E64FF067091699EE
:10A580000B78FF2B00F0F88000250B9A284603E09B
:10A5900001300131FF2B08D0934206DAD21A4B78F2
:10A5A000002BF5D10B780135F4E7CDE90B2016919E
:10A5B00010950C9A109B1799DDF808A01344089A7F
:10A5C00001FB0323089323EAE373029350E4129BF5
:10A5D00002EB01094B4408934FF0660915E60A9710
:10A5E000002B55D0039B08935A1C029203901090A5
:10A5F0000C904FF07309FEF726B900230322CDE932
:10A60000073203939AE7039B029C079F0893FFF787
:10A6100078BB9B1B0D93219B0B93CBE4294B119093
:10A62000029307903FAE3FE5934262DB9DED0E7BC8
:10A63000039B119301238DED187B039321E708936E
:10A6400004E42D238DF89130C2F101030832FFF6A6
:10A6500040AEAFE57021A2E50D9BC3F1010321934C
:10A66000B0E5194A1192FFF74DBA9DF87F30B9F164
:10A67000470FCCBF124E154E002B40F08A800322AC
:10A680000393089210930C9307930292FEF7DBB8A2
:10A69000039B08930293079B10930C9303934FF033
:10A6A0007309FEF7D0B8DDF808A08BB90123029337
:10A6B0004FF066090893FFF7D8BB00BFD813050811
:10A6C00058140508EC13050874A40508541405086B
:10A6D000129B03F10109039B4B44089323EAE373A4
:10A6E00002934FF06609FFF7C0BB2F4A1192FFF7A4
:10A6F0003EBBDDE90E1202F1004319932D231193A5
:10A70000012318910393BCE6CDE90B330793109313
:10A71000FEF799B80A9A63780C4652F8041B0A921D
:10A7200041EAE1710391FDF7C7BFDDE90E1202F1C5
:10A73000004319932D2318911193A2E6069A938949
:10A7400043F0400393814FF0FF330493FEF755B875
:10A750000223149347E4154EEEE60C23CBF80030A9
:10A76000F1E7069B9B8943F04003B4E6069B079004
:10A770009B8943F04003AEE6002310930C9318E747
:10A780005146FEF7F5BA5046FEF7FBBE5346FEF7BC
:10A79000EFBE0023039310930C93079303230893B6
:10A7A00004230293FEF74FB874A405085414050857
:10A7B0002DE9F0411546926802B32C680746884699
:10A7C000083401E00834C9B16B68581E002B1146EB
:10A7D000686013DD54F8046C002EF3D0334654F84F
:10A7E000082C4146384601F0F3FE431C07D0AA6806
:10A7F000921B1146AA6008340029E5D100200023ED
:10A80000C5E90133BDE8F08170B5002941D00646A5
:10A810000C4610B1436B002B3ED0FCF715FB636E6A
:10A82000B4F90C20DD0730D4900538D521463046E8
:10A83000FCF776F9E36A054633B1E169304698479B
:10A840000028B8BF4FF0FF35A3891A0639D4216B11
:10A8500041B104F14003994202D03046FDF7AEF811
:10A8600000232363616C21B13046FDF7A7F8002374
:10A870006364636E0022DB07A2811ED5A06DC4F75E
:10A8800017FDFCF7E7FA284670BD002ACED1FCF789
:10A89000E1FA0025284670BDFCF7B8FABDE7A06DC7
:10A8A000C4F708FDB4F90C30002BBFD1636ED90793
:10A8B000EDD4A06DC4F71AFDE9E7A06DC4F716FD4D
:10A8C000DCE721693046FDF779F8C0E7B1F90C20E3
:10A8D000930706D501F143030122C1E904320B605D
:10A8E000704730B50B46B1F90E10002999B00446F7
:10A8F00032DB02AA009300F08DF80028009B29DBD0
:10A900004FF4806120460093039DFDF7ADF9009B55
:10A91000B3F90C20002839D005F4704142F08002D0
:10A9200018601861B1F5005F4FF480609A8158613A
:10A930003AD1B3F90E100093204600F07FF8009B47
:10A94000B3F90C2080B322F0030242F001024FF46D
:10A95000006117E0B3F90C20019312F0800F0CBFD7
:10A960004FF48061402120460091FDF77DF9019B65
:10A970000099B3F90C2048B1C3E9040142F0800208
:10A98000186000210A439A8119B030BD9105FBD4AB
:10A9900022F0030203F1430142F002020120C3E965
:10A9A00004109A811960EFE74FF40061EAE700BFF5
:10A9B00010B5174B1F281C6882B023D8D4F8F811A3
:10A9C000024671B151F820305BB1012B06D0B3F1D2
:10A9D000FF3F12D0002441F820409847002002B0E9
:10A9E00010BD2046019200F04FF8019A0146204622
:10A9F00002B0BDE8104000F033B8162301202360F8
:10AA000002B010BD162323604FF0FF30E7E700BF10
:10AA1000D404001038B5084C0023054608461146FA
:10AA20002360C4F7C9FB431C00D038BD2368002B4A
:10AA3000FBD02B6038BD00BF5031012038B5074C2A
:10AA40000023054608462360C4F7BCFB431C00D026
:10AA500038BD2368002BFBD02B6038BD503101205E
:10AA600038B5084C00230546084611462360C4F754
:10AA700075FB431C00D038BD2368002BFBD02B6036
:10AA800038BD00BF50310120C4F766BB38B5074C54
:10AA90000023054608462360C4F798FB431C00D0FA
:10AAA00038BD2368002BFBD02B6038BD503101200E
:10AAB00038B5074D074C2C1BA41005D0013C55F8A8
:10AAC000043D9847002CF9D1BDE8384006F0DABAC9
:10AAD000DCAE050884AE0508082802D14FF480508A
:10AAE000704708B5FCF794FE162303604FF0FF3063
:10AAF00008BD00BF38B5864651EC100B134C21F051
:10AB000000434FF0000CA342CEF800C01BD850EA1F
:10AB1000030418D00E4C0C400A46754644B90D4B40
:10AB20000022C1F735FF6FF0350C0A4621F00043D3
:10AB30001B156FF31E52A3F2FE33634442F07F51A4
:10AB400041F400112B6041EC100B38BDFFFFEF7F8B
:10AB50000000F07F000050432DE9F04F03690C69BD
:10AB6000A34283B0C0F28880013C01F1140500F1DA
:10AB7000140855F8243058F82420013308EB8406D3
:10AB80009A4200964FEA840B05EB8407B2FBF3F67A
:10AB90003AD300230191C64629469C4651F8042B1E
:10ABA000DEF800901FFA82FA06FB0A334FEA134AD6
:10ABB000120C06FB02A29BB21FFA89FAAAEB03034E
:10ABC00063441FFA82FCCCEB234C0CEB194C9BB278
:10ABD00043EA0C438F424EF8043B4FEA2C4C4FEAB9
:10ABE0001243DBD258F80B3001996BB9009B043B40
:10ABF000984504D307E0984504F1FF3403D21A685E
:10AC0000043B002AF7D00461814601F011FB0028C3
:10AC10002EDB01364146002255F8040BD1F800C066
:10AC20001FFA80FE1FFA8CF3A3EB0E031344020CF1
:10AC3000C2EB234202EB1C429BB243EA0243AF4207
:10AC400041F8043B4FEA2242E6D258F8242008EBB0
:10AC500084036AB9043B984504D307E0984504F19E
:10AC6000FF3403D21A68043B002AF7D0C9F8104019
:10AC7000304603B0BDE8F08F002003B0BDE8F08F90
:10AC80002DE9F04FA1B0CDE909320391816B2A9DE6
:10AC90008DED040B57EC106B044641B1C26B4A605A
:10ACA000012393408B6001F039F80023A363B7F1CF
:10ACB0000009B4BF012300232B60B74BBCBF29F0B0
:10ACC0000049CDF8149033EA090300F0A2809DED0D
:10ACD000047B002251EC170B00238DED007BC2F7A3
:10ACE000BFF8824668B1099A012313602B9B13B108
:10ACF0002B9AAA4B1360AA4B0693069821B0BDE885
:10AD0000F08F9DED000B1EAA1FA9204601F070FBDD
:10AD10005FEA19581E9D834640F091801F9B05EB0A
:10AD2000030808F23243202B40F33582C3F140037D
:10AD300009FA03F908F2124326FA03F349EA030079
:10AD4000C1F7ACFD012208F1FF38A1F1F8731092B0
:10AD500019460022934BC1F763FC89A3D3E9002372
:10AD6000C1F716FE88A3D3E90023C1F75BFC0646B2
:10AD700040460F46C1F7A2FD85A3D3E90023C1F7E2
:10AD800007FE02460B4630463946C1F74BFC0646E5
:10AD90000F46C2F7ADF800228146079000233046E7
:10ADA0003946C2F767F8002840F01B81079EA5EBE3
:10ADB00008056F1E162E089700F2FE807A4B03EBF3
:10ADC000C603D3E90023DDE90001C2F753F80028E8
:10ADD00040F0DB81854240F38A8537440E90089726
:10ADE0000D960B9000230C93039B092B3BD8052B4E
:10ADF000C4BF043B0393039BA3F10203CCBF002514
:10AE00000125032B31D8DFE813F036023302290283
:10AE1000CF01099AC9F3130942F20F7359EA0609DF
:10AE2000136019D12B9B002B00F031875F4B0693E9
:10AE300008332B9A0698136021B0BDE8F08FDDE946
:10AE40000001C1F3130343F07F53A8F2FF38CDF89C
:10AE500040A043F440137BE72B9B002B40F0A081E4
:10AE6000534B069349E7002303930025E5632946E6
:10AE7000204600F029FF0690002800F0A686069BD9
:10AE8000A3631F9B002BC0F2BA80079A0E2A00F31F
:10AE9000B680454B03EBC20393ED007BDDE90089EF
:10AEA00057EC176B404632463B4649468DED047BD6
:10AEB000C1F798FEC2F71CF80546C1F7FFFC324601
:10AEC0003B46C1F765FD0B46024649464046C1F781
:10AED000A7FB05F13003069D05F8013B4FF0FF3A53
:10AEE000CDF800B003944FF001095446DDE904ABFE
:10AEF0001DE052465B4630463946C1F773FEC1F746
:10AF0000F7FF8046C1F7DAFC52465B46C1F740FDC9
:10AF100009F101090B46024639463046C1F780FB6C
:10AF200008F13003A14505F8013B00F04F85214BA6
:10AF30000022C1F72DFD0022002306460F46C1F76F
:10AF40008FFF0028D5D0079BDDF800B0039C0133AC
:10AF50000393A9465946204600F0E0FE002389F8F5
:10AF60000030099B039A1A602B9B002B3FF4C5AE5F
:10AF70000698C3F8009021B0BDE8F08FAFF30080D1
:10AF800061436F63A787D23FB3C8608B288AC63FEF
:10AF9000FB799F501344D33F0000F07F5D140508F8
:10AFA0005C1405080000F83FC8A4050860140508F3
:10AFB0006C1405080000244001230E93089B002B0D
:10AFC000C0F2DD8000230B93079B002B80F2D28020
:10AFD0000B9A079BD21A5B420C9300230B920D93A2
:10AFE00002E74846C1F76AFC32463B46C1F738FFE4
:10AFF00000287FF4DBAE09F1FF330793D6E64FF06C
:10B00000FF320A950F929246109A002A40F036813C
:10B010001E9BDDF83080C3F13603089A0B9F1A445B
:10B02000012120460892FD1800F03EFF0646002F41
:10B0300040F0B5820C9B002B00F0E983B8F1000FC3
:10B0400040F0CE8359460C9A204601F01FF80123A8
:10B0500083460C930121204600F026FF0D9B0090B3
:10B06000002B40F05582039B012B40F3BF8201204F
:10B07000089B184410F01F0000F005811B2800F306
:10B08000CF820B9AC0F11C000244034405440B928A
:10B090000893002D05DD59462A46204601F052F856
:10B0A0008346089B002B05DD00991A46204601F0D7
:10B0B00049F800900E9B002B40F00C82BAF1000F73
:10B0C00040F3E2810C9B002B40F02C81079B013365
:10B0D0000393069FDDF80090012507E05946002301
:10B0E0000A22204600F024FE013583464946584690
:10B0F000FFF732FD554500F1300807F8018BEDDB15
:10B10000069BBAF1000F0AF1FF3503F10102D8BF27
:10B11000002505EB020A002559460122204601F0D0
:10B1200011F80099834601F083F8002840F37283F8
:10B13000069A02E0924500F0AA83D1460AF1FF3A4E
:10B1400019F8013C392BF5D001338AF80030009909
:10B15000204600F0E3FD002E3FF4FCAE2DB1B542D9
:10B1600003D02946204600F0D9FD3146204600F0A4
:10B17000D5FDEFE6089A0D931A44089232E6C5F120
:10B1800001030B93002308931EE7079B013B0793E2
:10B1900000230E9312E7C3F1200306FA03F0CFE574
:10B1A000A94B0693033344E6012312930A9B079AA3
:10B1B000134403F1010A5646012E0F93B8BF01262E
:10B1C000172E40F35585012204235B0003F1140080
:10B1D000B042114602F10102F7D9E163204600F0C6
:10B1E00073FD0690002800F0F084BAF10E0FA06302
:10B1F00052D8002D50D0079A002A40F34F8393492C
:10B2000002F00F0301EBC303D105D3E900894FEA34
:10B21000221540F1FC838E4BDDE90001D3E90823C0
:10B22000C1F7E0FCCDE9140105F00F050327002D5F
:10B2300000F01982864E0DE040464946D6E90023CB
:10B24000C1F7A6FB6D1007F101078046894600F0A3
:10B250000A820836EA07EFD46D10FAE70123129349
:10B260000A9B002B40F3AB810A9E0F96B246A7E7DC
:10B27000002312939AE700231293F1E7DDF8308060
:10B2800003F23343C9E61C200B9B03440B93089B3A
:10B29000034405440893FCE61F9B002BC0F24E813B
:10B2A000079A0E2A00F34A81684B1C931C9B079A4D
:10B2B00003EBC20393ED007B0A9B002B8DED047B17
:10B2C00080F2AB83BAF1000F00F3A78340F0D48281
:10B2D000604B0022DDE90401C1F75AFB02460B4630
:10B2E000DDE90001C1F7D0FD5146002840F0C582DC
:10B2F000DDF81890312309F8013B204600F00EFDDF
:10B30000079B0233039325E6314600230A22204699
:10B3100000F00EFD0F9B002B064640F3A084DDF8E5
:10B320003CA007950B9B002B05DD31461A462046B5
:10B3300000F008FF06460D9B002B40F03083374697
:10B34000069D6B1E53440B93049B03F001030C9367
:10B3500000995846FFF700FC3146824600F130085C
:10B36000584600F065FF009981463A46204600F0B5
:10B370007FFFC3680146002B36D10A90584600F083
:10B3800057FF0A990890204600F0C8FC089A002A46
:10B3900062D1039B1BB90C9B002B00F04884B9F1D0
:10B3A000000F42DB0B9BAA469D420AF8018B00F07E
:10B3B0005783594600230A22204600F0B9FCBE42BA
:10B3C000834631464FF000034FF00A02204635D045
:10B3D00000F0AEFC3946064600230A22204600F063
:10B3E000A7FC55460746B3E7204600F097FCB9F1A5
:10B3F000000F08DB049B03F00102039B49EA0309E9
:10B4000052EA090236D159460122204600F09AFE3E
:10B410000099834600F00CFF002840F3F083B8F158
:10B42000390F00F0BE830AF13108A94609F8018BF3
:10B43000079B0133354603933E4688E600F078FCCF
:10B4400055460646074683E76C140508C8A4050858
:10B45000A0A4050800001440B9F1000FC0F2228436
:10B46000039B49EA03090C9B53EA090900F01A847B
:10B47000002A97DDB8F1390F00F09383A94608F14F
:10B48000010309F8013BD3E7039B022B7FF71AAEB8
:10B49000BAF1000F40F0568200995346052220462B
:10B4A00000F046FC01460090584600F0C1FE5045B1
:10B4B00040F34882DDF818900099312309F8013BE8
:10B4C000204600F02BFC079B02330393002E7FF4F1
:10B4D0004CAE3FE50099584600F0AAFE0028BFF6A2
:10B4E000EDAD594600230A222046079D00F020FCBE
:10B4F0000C9B013D8346002B7FF406AF0F9B002B76
:10B5000040F3A083079BDDF83CA003930795E0E59B
:10B510001A460146204600F0B9FD039B0090012B1E
:10B5200040F3308200230D93009A136902EB8303EA
:10B53000186900F04FFCC0F1200099E5129AAAB9F1
:10B540000B9B002B72D10C9B002B40F081801D4681
:10B550001E467FE51F9BDDF858B0DDF860A0149C07
:10B56000002B03DB079A0E2A7FF7A0AE039A012A6D
:10B570007FF74AAD0C9B0AF1FF37BB42C0F2C08196
:10B58000BAF1000FA3EB070880F25983012120468E
:10B590000B9D00F089FCA5EB0A0706460B97089B5C
:10B5A000002B7FF747AD0B9A08998A421346A8BF34
:10B5B0000B46D21AED1ACB1A0B9208933AE50021EA
:10B5C000E163204600F080FB0690002800F0FD8239
:10B5D000069BA363002D40F0C3811F9BAB42C0F2CA
:10B5E000158301220F9292460A9259E6049B002B82
:10B5F0007FF43DAD059BC3F31303002B7FF437AD00
:10B60000059B23F000431B0D1B05002B3FF42FADC2
:10B61000089B01330893012301350D93184627E554
:10B620001C283FF436ADC0F13C002DE6089B002BF2
:10B6300000F01D820B9A08990C9E8A421346A8BFFF
:10B640000B46D51ACB1A08930B95002E3FF402AD8A
:10B6500059460C9A204600F019FD00230B9D0C93CF
:10B6600083461E46F6E442464B46DDE91401C1F727
:10B67000B9FA804689460E9B43B1BB4B0022404637
:10B680004946C1F7F7FB002840F064823846C1F70D
:10B6900015F942464B46C1F77BF9B44B0022C0F77F
:10B6A000C1FF0546A1F15076BAF1000F00F0CB8042
:10B6B000079B1D93CDF850A0AD4B14991C9303EB41
:10B6C000C10313ED027B49464046CDE918568DED86
:10B6D0001A7BC1F70DFC00F13006C1F7EFF8024606
:10B6E0000B4640464946C0F79BFF069B8946129988
:10B6F0005D1C8046CDE91689DDE91A232F46002915
:10B7000000F0BC819B490020C1F76CFADDE91823E9
:10B71000C0F786FF069B42461E704B46CDE91201DC
:10B72000C1F7C6FB002840F0A782DDE91667A846EE
:10B73000CDF860A08146DDF850A0CDF858B0149443
:10B74000DDE912452BE009F10109D145BFF602AF51
:10B75000894B204629460022C1F71AF9864B002260
:10B7600004460D4630463946C1F712F90F460646E3
:10B77000C1F7BEFB00F1300BC1F7A0F802460B4643
:10B7800030463946C0F74CFF08F801BB22462B462D
:10B7900006460F46C1F76EFB002840F03F82324656
:10B7A0003B4671490020C0F73BFF22462B46C1F7BC
:10B7B00061FB0028C7D01D9EDDF858B0149C069A86
:10B7C0004546013602E0954200F0E881A94615F8A9
:10B7D000013D392BF7D001332B700396FFF7BABB2D
:10B7E00031464246204600F051FC5A460146064684
:10B7F000204600F087FB59460746204600F08EFAA7
:10B800000C9BB3EB0803BB460C937FF41BAC0123EA
:10B810000C931FE403D118F0010F7FF489ACD146DB
:10B820001AF8013D302BFAD091E43846C1F746F8BA
:10B8300042464B46C1F7ACF84C4B0022C0F7F2FE33
:10B840000546A1F150764D4B404649460022C0F7CF
:10B85000E7FE2A46334680468946C1F729FB002881
:10B8600040F0AB81404649462A4606F10043C1F705
:10B8700001FB00283FF410AD0021204600F04EFAF5
:10B880000A9BDDF818905B420393FFF763BB079BAD
:10B89000069A023303933123137058E400F0568163
:10B8A000079B334A5D4205F00F0302EBC303D3E964
:10B8B0000023DDE90001C1F76BF82D1180468946B0
:10B8C00000F0D4812E4E02270DE040464946D6E9CD
:10B8D0000023C1F75DF86D1007F101078046894626
:10B8E0003FF4C9AE0836EB07EFD46D10FAE7C5F1A7
:10B8F00001030B93079B0E9008930D93FFF772BA09
:10B900000C9B0D9AFB1A1A44089B0D925344089302
:10B910000B9B0121204603EB0A0500F0C5FA0B9BA7
:10B920000C970646002B3FF48DAB0B9A08998A4280
:10B930001346A8BF0B46D21AED1ACB1A0B920893E6
:10B94000FFF780BB0099204600F0E8F90A9BDDF87C
:10B9500018905B420393002E7FF407ACFFF7FABA0E
:10B960000F95AA460A9546E40000F03F00001C40EF
:10B97000C8A405080000E03F000024400000144077
:10B98000A0A40508049B002B7FF4CCADDDE90412D4
:10B99000C2F31303002B00F023810D91C4E57168FD
:10B9A000204600F091F90546002800F074813369C3
:10B9B00002339A0006F10C010C30C0F711FD294644
:10B9C0000122204600F0BEFB0746B9E4DDF800B0D6
:10B9D000039C02460B46C0F725FE079B01330393E9
:10B9E0001E46DDE9042381468A46C1F761FA48B95B
:10B9F000DDE9042348465146C1F732FA20B118F078
:10BA0000010F01D0069AE1E6A946FFF7A3BA9DED22
:10BA1000007B02278DED147B09E4069B5F1CDDE9AA
:10BA20000056DDE9042328463146C1F7DBF8C1F7AB
:10BA30005FFA8046C0F742FFDDE90423C0F7A8FFA4
:10BA400002460B4628463146C0F7EAFD069A08F141
:10BA50003003BAF1010F3D4613707FF441AAB8E7F5
:10BA6000079B0133354603933E46FFF755BB0C9EBB
:10BA7000002E7FF4EDAD0B9DFFF7ECBADDE9180168
:10BA8000C0F786FF069B1E70149B012BCDE91001A9
:10BA900027D0069B149ACDF848B0DDE9160103EBD8
:10BAA0000209A846AB46824B0022C0F771FF0F4641
:10BAB0000646C1F71DFA00F13005C0F7FFFE024649
:10BAC0000B4630463946C0F7ABFD08F8015BC84568
:10BAD000E9D15F46149BDDF848B0CDE916017D1E23
:10BAE0001D44744B0022DDE91001C0F79BFDDDE928
:10BAF000168942464B46C1F7BDF900286CD1DDE9F5
:10BB000010236C490020C0F78BFD42464B46C1F71D
:10BB1000CFF980B91F9B8342FFF612AD079B0E2B16
:10BB20003FF70EAD1C9B079A03EBC20696ED007B18
:10BB30008DED047B73E7A946013D19F8013C302BDC
:10BB4000F9D01D9B01330393FFF704BADDE90089A7
:10BB5000022790E5BAF1000F3FF467AE0F9B002B70
:10BB60007FF79AAB079A524B013A404649461D92DD
:10BB70000022C0F70DFF80468946781CC0F79EFE64
:10BB800042464B46C0F704FF4B4B0022C0F74AFD2C
:10BB90000F9B14930546A1F150768DE501363123B4
:10BBA0001AE6AA4639230AF8013B079B069A013395
:10BBB000354603933E46FFF7C0BADDF818903123AF
:10BBC00009F8013B0021FFF798BB3C4B3C480022A1
:10BBD00040F2AF11F9F71AFD1D9E069A0136F5E500
:10BBE000059B23F000431B0D1B05002B3FF49BAC72
:10BBF000089B01330893012301350D9394E47FF4EE
:10BC000014AC18F0010F7FF40AAC0EE4129B002B69
:10BC100038D101230F939A460A9391E41D9BDDF8D6
:10BC200058B0149C01330393C146FFF793B9B8F1A0
:10BC3000390FB6D091453FF7F6ABFFF7F6BB534649
:10BC4000FFF7EBB9039A022A05DC079A03929A469A
:10BC50000795FFF73EBA0795DDF83CA018E4039A74
:10BC60000795022AF8DC9A46FFF75CBB022702E53B
:10BC70000021E163FFF7B2BA1D9B01330393A9468C
:10BC8000FFF768B9129B0A930F939A4672E40D4B23
:10BC90000693FFF732B8094B09482A4640F2EF21D4
:10BCA000F9F7B4FC002A3FF7AEABFFF7BEBB00BF0D
:10BCB000000024400000E03F00001C407014050814
:10BCC000841405086014050830B5436C83B005463C
:10BCD0000C4653B153F8240088B1026843F824207D
:10BCE0000023C0E9033303B030BD2122042100F05A
:10BCF000D1FC034668640028ECD10020F3E7012161
:10BD000001FA04F35A1D92002846019300F0C2FC88
:10BD10000028F2D0019B44608360E1E731B1436CBD
:10BD20004A6853F82200086043F82210704700BFA9
:10BD30002DE9F0410E6917460D461C4601F114022B
:10BD40004FF0000E11688BB207FB03434FEA134C10
:10BD5000090C07FB01CC0EF1010E9BB203EB0C4367
:10BD6000764542F8043B4FEA1C44EBDC3CB1AB683F
:10BD7000B34207DD05EB860301365C612E61284680
:10BD8000BDE8F081696801318046FFF79DFF0746F5
:10BD9000B0B12A69023205F10C0192000C30C0F7F3
:10BDA0001FFBD8F844306A6853F82210296043F822
:10BDB00022503D4605EB860301365C612E61DEE7CD
:10BDC000024B03483A46BA21F9F720FC70140508E3
:10BDD000EC140508B0F5803F034636BF030400208D
:10BDE0001020B3F1807F3CBF1B020830B3F1805FAD
:10BDF00006D3B3F1804F0FD29A0012D403307047AC
:10BE00001A01B2F1804F00F1040006D29B0108D460
:10BE10005B00F3D4202070471A46002AFBDB013078
:10BE200070470230704700BF0368590708D0DA072F
:10BE30001FD499072AD55B0803600122104670477A
:10BE40009AB282B91B0CDAB2B2B11022190701D131
:10BE500004321B09990714D0D90701D401325B08B9
:10BE6000036010467047DAB24AB11A0717D10422AC
:10BE7000EFE700221046704718221B0AE6E7082267
:10BE8000FBE7590707D502329B08E9E79B08022226
:10BE9000036010467047DB0804D12022CEE7DB08A0
:10BEA0000322DDE70332DBE738B5436C04460D4679
:10BEB0004BB15868B0B102685A6000220123C0E952
:10BEC0000323456138BD2122042100F0E3FB034632
:10BED00060640028EDD1094B0948002240F2451169
:10BEE000F9F794FB1C220121204600F0D3FB002827
:10BEF000F1D001220223C0E90123DEE77014050816
:10BF0000EC1405082DE9F04F0F691569AF4285B0B3
:10BF10000E46904605DB2A4643463D468846174670
:10BF20001E46D8F80830D8F80410EC19A342B8BF60
:10BF30000131FFF7C9FE8446002800F09C801430D0
:10BF400000EB840E704505D20346002143F8041B24
:10BF50009E45FBD8143606EB870296427CD208F148
:10BF6000140707EB8505A5EB080308F11508A8459C
:10BF7000A3F11503CDE902E44FEA930A8CBF002434
:10BF800001249146E34605E0090C34D1B14500F1A6
:10BF900004005ED956F8041B8AB2002AF4D0CDE919
:10BFA0000090B8468646002358F8041BDEF80000CF
:10BFB0001FFA81F94FEA114C81B202FB0911000C02
:10BFC000194402FB0C0000EB114089B241EA004128
:10BFD00045454EF8041B4FEA1043E5D8DDE90090D3
:10BFE000002C4FEA8A0208BF00220244536056F830
:10BFF000041C090CCAD00368CDF800908846BC46E2
:10C00000864600221946BCF8009008FB092909EB76
:10C0100011499BB243EA09434EF8043B5CF8043BE8
:10C02000DEF800101B0C8AB208FB032303EB194354
:10C0300065454FEA1342E6D8002C4FEA8A02DDF844
:10C04000009008BF00220244B145536000F1040093
:10C05000A0D8DDE902E4DC46002C02DC05E0013C6E
:10C0600003D05EF8043D002BF9D06046CCF81040B8
:10C0700005B0BDE8F08F034B034862464FF4B17141
:10C08000F9F7C4FA70140508EC140508F8B512F0B5
:10C090000303144607462FD10E46A4102AD03D6C48
:10C0A000002D32D004F0010364103BB92868B8B108
:10C0B000054604F001036410002BF7D02A463146F0
:10C0C0003846FFF71FFF36B17B6C716853F82120AB
:10C0D000326043F8216074B1064628680028E7D131
:10C0E0002A4629463846FFF70DFF002328600360E3
:10C0F0000546DEE73046F8BD013B0F4A52F82320E3
:10C100000023FFF715FE0646C7E701213846FFF773
:10C11000DBFD054640B1012340F27122C0E9043243
:10C12000002338640360BDE7044B05482A4640F20B
:10C130004511F9F76BFA00BF94A4050870140508BF
:10C14000EC1405082DE9F0470D4691462E69AB68C1
:10C15000496806EB6216741C9C4207464FEA621857
:10C1600004DD5B009C4201F10101FADC3846FFF777
:10C17000ABFD844600284FD0B8F1000F00F1140049
:10C180000BDD08F105010CEB81010346002243F8A9
:10C19000042B8B42FBD100EB8800296905F11403C5
:10C1A00019F01F0803EB810E2ED0C8F120090246BA
:10C1B0004FF0000A196801FA08F141EA0A0142F851
:10C1C000041B53F8041B9E4521FA09FAF2D8AEEB82
:10C1D0000503153B23F0030305F11502964538BF0F
:10C1E0000023043340F803A0BAF1000F00D1344615
:10C1F0007B6C6A68CCF8104053F8221029606046C6
:10C2000043F82250BDE8F087043853F8042B40F877
:10C21000042F9E45F9D8EAE7034B044862464FF4E1
:10C22000EF71F9F7F3F900BF70140508EC14050875
:10C2300003690A6900B5B3EB020E12D100F1140CC8
:10C2400014310CEB820301EB820101E09C4508D222
:10C2500053F8040D51F8042D9042F7D003D24FF05B
:10C26000FF3E704600BD4FF0010E704600BD00BF9E
:10C270002DE9F04F17460A693B69A2EB0308B8F1B4
:10C28000000F83B00C4615D1143107F1140505EBEE
:10C29000830501EB830302E0994280F0858053F827
:10C2A000046D55F8042D9642F6D080F08A804FF048
:10C2B000010805E0FBDB3B464FF000080F461C463B
:10C2C0007968FFF701FD002800F086803A69266949
:10C2D000C0F80C8007F1100107F11408834600F143
:10C2E000140704F1140008EB820E944600EB860656
:10C2F0000023B946C2460A46019450F8041B52F87E
:10C30000045F8CB21FFA85F8A8EB0408090C984466
:10C31000C1EB154101EB28411FFA88F848EA0144B6
:10C32000864249F8044B4FEA2143E6D8A146019CD6
:10C33000301B1538153420F00300A64238BF00200A
:10C340000AEB00010431C4198E4562460846DC46FA
:10C3500098BF23461AD9A7EB0A070434C61950F828
:10C36000045B13FA85F82B442D0C05EB28459BB292
:10C3700043EA05498645C6F800904FEA2543EDD8C3
:10C380000EF1FF335B1A23F003032344B9F1000FCE
:10C3900004D153F8041D013A0029FAD06046CCF8C4
:10C3A000102003B0BDE8F08F0021FFF78DFC84461C
:10C3B00058B101220023C0E90423604603B0BDE860
:10C3C000F08F3B4627461C467AE7074B07486246F4
:10C3D00040F23721F9F71AF90246034B034840F2BD
:10C3E0004521F9F713F900BF70140508EC1405088E
:10C3F0002DE9F043894683B0012157EC106B90463C
:10C40000FFF762FC0446002846D0C7F30A55C7F37D
:10C4100013030DB143F480130193331E15D101A80A
:10C42000FFF702FD019B636101212030216115B3FB
:10C43000A5F233450544C0F13500C9F80050C8F8ED
:10C440000000204603B0BDE8F08368460093FFF784
:10C45000EBFCDDE9002328B1C0F1200103FA01F172
:10C460000A43C340002B0CBF012102216261A3617A
:10C470002161002DDCD104EB8103A0F23240C9F828
:10C4800000001869FFF7A6FCC0EB4110C8F80000D7
:10C49000204603B0BDE8F083034B0448224640F237
:10C4A0000F31F9F7B3F800BF70140508EC14050854
:10C4B0002DE9F04F8BB0DDE91589149F02901C46E1
:10C4C000B8F1000F57D0166801960029C34608BF7F
:10C4D0004FF0FF37002588460391924606E0019B06
:10C4E00053F8040B0193002837D06546AF423ED97C
:10C4F000002C3CD0DBF800300493DBF804300593CB
:10C50000019B02981A68D9F8C8615B4606A9B04732
:10C51000431C33D000EB050CBC453AD8039B013CCF
:10C52000002BDCD000280DDD08F1FF32019E06A9AA
:10C5300000EB020E11F8013B02F8013F7245F9D100
:10C5400001968044019BDAF8002053F8040B019314
:10C550000432CAF800200028C7D10399D84609B18F
:10C56000CAF800000022C8F800200CF1FF35284668
:10C570000BB0BDE8F08F00F58678A4E7029B054676
:10C580008A21002228461960CBF800200BB0BDE8B4
:10C59000F08FD846DDF810A0DDF814B02846C8E9C1
:10C5A00000AB0BB0BDE8F08F00B585B0DFF81CC064
:10C5B000069800900798019003480068CDF808C0DD
:10C5C000FFF776FF05B000BDD40400108002001014
:10C5D0002DE9F0438E681D46AE420B6883B00C46D1
:10C5E00090463AD8B1F90CC01CF4906F0FD1354683
:10C5F000184641462A46FAF747FFA3689E1B236860
:10C60000A6602B440020236003B0BDE8F0834A6994
:10C61000096902EB42025E1A02EBD2726B1C5210E5
:10C620003344934294BF17461F46934288BF1A462D
:10C630001CF4806F814612D01146FBF715FBF0B158
:10C64000324621690190BFF7CBFEA289019B22F4FB
:10C65000906242F08002A28105E02E46C8E7FBF717
:10C66000FBFD034638B123613344BE1BA6606761FE
:10C6700023602E46BCE721694846FBF79FF9A38952
:10C680000C2243F04003C9F800204FF0FF30A38193
:10C69000BAE700BF10B5A1FB021482B074BBFBF770
:10C6A000E3FA034670B350F8042C22F00302043A74
:10C6B000242A10D8132A16D91B2AC0E900441AD9F3
:10C6C000242AC0E902440ABFC0E9044400F1100171
:10C6D00000F1180108E021460190FAF767FF019B7D
:10C6E000184602B010BD014600221846C1E90022DA
:10C6F0008A6002B010BD00F10801F5E7FBF788F889
:10C700000C2303600023184602B010BD0000000097
:10C7100038B52DED048BB0EE409AF0EE609A55ECF2
:10C72000114B00F02DFC22462B4620462946B0EE48
:10C73000408AF0EE608AC0F7C5FB78B951EC190B5E
:10C7400000220023C0F78CFBF0B10022002320461A
:10C750002946C0F785FB40B19FED2B8BB0EE480A10
:10C76000F0EE680ABDEC048B38BD45EC104B00F0D0
:10C77000C9F90028F2D00022002320462946C0F73C
:10C7800079FB0028EAD032E0B0EE480AF0EE680A01
:10C7900000F0B8F9B0B151EC180B00220023C0F73B
:10C7A0005FFB0028DAD0B0EE490AF0EE690A00F02B
:10C7B000A9F90028D2D045EC104B00F0A3F90028CD
:10C7C000CCD014E0B0EE490AF0EE690A00F09AF914
:10C7D0000028E0D045EC104B00F094F90028DAD0A6
:10C7E00053EC182B51EC180BC0F76CFB20B9FBF77E
:10C7F0000FF822230360B1E7FBF70AF82123036057
:10C80000ACE700BFAFF30080000000000000F03F85
:10C8100000B587B08DED000B019B174A23F0004354
:10C8200093421CD9154A9342DDE9000107D902461B
:10C830000B46BFF7F5FE41EC100B07B000BD02A898
:10C8400001F0EEF9400000F002009DED041B9DEDAB
:10C85000020BC0F1010000F077F907B000BD9FEDB9
:10C86000041B012007B05DF804EB00F06DB900BFB8
:10C870000000000000000000FB21E93FFFFFEF7F08
:10C8800008B52DED028BB0EE408A01F0BBFCB4EE92
:10C89000488AF1EE10FA0FD6B5EEC08AF1EE10FA22
:10C8A0000ADCB5EE408AF1EE10FA08D1FAF7B0FFD3
:10C8B00022239FED090A0360BDEC028B08BDFAF745
:10C8C000A7FFBDEC028B034621221A600348BDE896
:10C8D000084000F02DB900BF000080FFA413050838
:10C8E00000B52DED028B83B0B0EE608AF0EE408A89
:10C8F00001F082FDB4EE488AF1EE10FAF0EE407AD3
:10C900000BD6F5EE408AF1EE10FA1CD1B5EE408A56
:10C91000F1EE10FA07D1F7EE007AB0EE670A03B035
:10C92000BDEC028B00BD8DED010AB0EE480A00F0AF
:10C93000F5F8DDED017A0028EFD0B5EEC08AF1EE12
:10C9400010FAEAD536E08DED010A00F0E7F8DDEDEA
:10C95000017AB8B1F5EE407AF1EE10FADDD1B0EE21
:10C96000680ACDED017A00F0D9F8DDED017A0028F2
:10C97000D3D0B0EE480A00F0D1F8DDED017A0028FE
:10C98000CBD017E0B0EE680A00F0C8F8DDED017A10
:10C990000028DFD0B0EE480A00F0C0F8DDED017AE3
:10C9A0000028D7D0F4EE677AF1EE10FA78BFCDED1B
:10C9B000017A06D6FAF72CFF2223DDED017A036017
:10C9C000ABE7FAF725FF2123DDED017A0360A4E749
:10C9D00000B52DED028BB0EE408A83B000F0AEF8CA
:10C9E000B4EE488AF1EE10FA06D6DFED0C7AB4EE1A
:10C9F000E78AF1EE10FA03D403B0BDEC028B00BD60
:10CA0000CDED017AFAF704FFDDED017A87EEA70A92
:10CA10002123036003B0BDEC028B00BD00000000C9
:10CA200010EE103A184A23F00043934219D9B3F19B
:10CA3000FF4F02D330EE400A704700B583B068461E
:10CA400002F064F800F0030001289DED000ADDED1E
:10CA5000010A0FD0022808D088B901F009FB03B001
:10CA600000BDDFED0A0A01F003BB01F001FBB1EEEE
:10CA7000400AF4E701F07EFBB1EE400AEFE7012047
:10CA800001F078FBEBE700BFD80F493F0000000042
:10CA900010EE103A194A23F0004393421AD9B3F129
:10CAA000FF4F02D330EE400A704700B583B06846AE
:10CAB00002F02CF800F0030001289DED000ADDEDE6
:10CAC000010A12D002280AD090B9012001F052FBCD
:10CAD00003B000BDDFED0A0A002001F04BBB0120CE
:10CAE00001F048FBB1EE400AF2E701F0C1FAEFE7CE
:10CAF00001F0BEFAB1EE400AEAE700BFD80F493FA5
:10CB00000000000082B08DED000B019840F0004065
:10CB100000F58010C00F02B0704700BF10EE103A51
:10CB200023F00040B0F1FF4F2CBF002001207047E0
:10CB30009FED010A704700BF0000C07FB1EEC00A40
:10CB4000704700BF000000002DE9F04F59EC108B3A
:10CB5000274B29F0004689B09E428DED021B074607
:10CB6000CB464BD840464946C0F7C2F90446002898
:10CB70006ED17B1C43EA0803334300F0A581012FEB
:10CB800000F0F881DDE9022340464946BFF74AFD3F
:10CB90000B460246174900201F46C0F723F84246BD
:10CBA0008B464B4682460D4620463946BFF738FD38
:10CBB00002460B46DDE90201BFF732FD22465B4625
:10CBC000BFF7E6FE2246804689465B462046394648
:10CBD000BFF7DEFE084B0022BFF724FD02460B46DE
:10CBE00040464946BFF71EFD52465B461BE100BF6B
:10CBF000FFFF2F3E0000F0BF0000F03FDA4B9E42E7
:10CC000026D9B9F1000F09DADDE9020109F1004383
:10CC10009946024601F10043CDE9022342464B46C4
:10CC2000B1A1D1E90001BFF7FBFCDDE90223044615
:10CC30000D46AFA1D1E90001BFF7F2FC22462B4619
:10CC4000BFF7F0FC9FEDAC7B8DED027B8046894603
:10CC500042464B4640464946BFF79AFE03460C46BD
:10CC6000CDE9003402460B46BFF792FEDDE9002312
:10CC700004460D4640464946BFF78AFEA0A3D3E9C5
:10CC80000023CDE9040120462946BFF781FE9EA37B
:10CC9000D3E90023BFF7C6FC22462B46BFF778FE38
:10CCA0009BA3D3E90023BFF7BDFC22462B46BFF769
:10CCB0006FFE99A3D3E90023BFF7B4FC22462B46AD
:10CCC000BFF766FE96A3D3E90023BFF7ABFC22466D
:10CCD0002B46BFF75DFE94A3D3E90023BFF7A2FC68
:10CCE000DDE90023BFF754FE91A3D3E90023CDE98A
:10CCF000060120462946BFF74BFE8FA3D3E9002348
:10CD0000BFF790FC22462B46BFF742FE8CA3D3E927
:10CD10000023BFF787FC22462B46BFF739FE8AA3C4
:10CD2000D3E90023BFF77EFC22462B46BFF730FE37
:10CD300087A3D3E90023BFF775FC22462B46BFF734
:10CD400027FE85A3D3E90023BFF76CFC02460B4600
:10CD5000DDE90601BFF766FCDDE90423BFF718FE35
:10CD6000DDE9024522462B46BFF75CFCDDE90023E6
:10CD7000BFF70EFE22462B46BFF754FC78A3D3E93B
:10CD8000002304460D46DDE90401BFF701FE2246FB
:10CD90002B46BFF747FC0B46024649464046CDE9C5
:10CDA0000023BFF73FFC704B9E4204460D4647D818
:10CDB000012F40D08C464FF0000B02460B4600205E
:10CDC0006A49CDE902BCCDE904BCBFF70BFFDDE940
:10CDD00004BC5C46DDE902AB0F4642464B460646C4
:10CDE0000D4650465946BFF71BFC02460B46DDE98F
:10CDF0000001BFF715FC22463B46BFF7C9FD22469E
:10CE0000804689463B4650465946BFF7C1FD584BC0
:10CE10000022BFF707FC02460B4640464946BFF7D3
:10CE200001FC32463B46BFF7B3FD22462B46BFF717
:10CE3000F9FB04460D4645EC104B09B0BDE8F08FF8
:10CE40003846BFF73BFD224606460F462B46204696
:10CE50002946BFF79DFD3246CDE902013B462046FB
:10CE60002946BFF7DFFB02460B46DDE90201BFF7AB
:10CE7000B9FEDDE90023BFF7D3FB02460B4640466F
:10CE80004946BFF7CDFB02460B46BFF7CBFB024638
:10CE90000B4630463946BFF7C3FB04464FEAAB703A
:10CEA00000F00200C0F101000D46BFF707FD024689
:10CEB0000B4620462946BFF76BFD04460D4645EC60
:10CEC000104B09B0BDE8F08F49EC108B01F0C6F8AB
:10CED000274953EC102B0020BFF784FE04460D4673
:10CEE000A9E700BFAFF30080182D4454FB21E93FB0
:10CEF000075C143326A6813C0000000000000000FF
:10CF0000D47ABF74702AFB3EE9A7F0320FB8123F03
:10CF100068108D1AF726303F1583E0FEC8DB573FB7
:10CF200093846EE9E326823FFE41B31BBAA1AB3F77
:10CF3000735360DBCB75F3BEA69237A0887E143F97
:10CF40000165F2F2D844433F280356C9226D6D3F74
:10CF500037D60684F464963F7AFE10111111C13F52
:10CF6000635555555555D53F2794E53F0000F0BF13
:10CF70000000F03F44464D465DE700BF0000000062
:10CF80002DE9F04F59EC118B29F0004358EA0300CA
:10CF900055EC104B93B012D123196B4985F4002244
:10CFA00052419842914122D242464B462046294660
:10CFB000BFF738FB41EC100B13B0BDE8F08F6349AD
:10CFC00025F0004088422F468346A24614D907F137
:10CFD000404303F5801353EA0A03E5D14246921811
:10CFE000594889F40021494193428841DCD39FED9F
:10CFF000540B13B0BDE8F08F4E46424612D08B4220
:10D00000E5D8014653D0002F14DB002A40F084807D
:10D010004F48834240F05684002EC0F2158545ECFF
:10D02000104BC9E7002CBFD18342BDD800F05A8411
:10D030000146E8E74748834200F2A483464883421A
:10D0400000F2A683002A40F0F183B6F1804F00F091
:10D050000885009245EC104B0493029100F0FEFF0E
:10D060000299049BBAF1000F33D00098FA0F013AED
:10D07000104361D000980138104300F07E839FED8B
:10D08000307B8DED067BB3F1844F69D9334A9342EF
:10D09000314B40F23A849B4500F20B85002EC0F2E2
:10D0A0000B85002013B0BDE8F04F01F029BF002A26
:10D0B0008DD100F1404303F58013234397D0264BD5
:10D0C0009B4540F29984002EC0F21F8549EC108BDD
:10D0D00072E71F4A27F04040904202D0BBF1000F98
:10D0E000C3D1002EC0F27E84002FBFF665AF009A38
:10D0F0000BF1404303F58013134340F0BC8453EC21
:10D10000102B10461946BFF78BFA02460B46BFF7A5
:10D1100069FD41EC100B4FE70022009245EC104BEB
:10D120000493029100F09AFF0299049BBAF1000F58
:10D13000CFD0FA0F013A9DE722462B46E1E700BF28
:10D14000000000000000F03F0000F0FF0000F07F52
:10D150000000F03FFFFF3F43FFFFEF3F0000F043C1
:10D16000CD4B3B40002253B951EC100BCB4BBFF7DA
:10D170000FFC41EC100B10EE901A6FF034020B15FF
:10D18000A3F2FF339E18C64BC1F3130141F07F5445
:10D19000994244F4401440F3AA83C24B994240F3AD
:10D1A00078849FEDA77B8DED0E7B9FEDA77B8DEDAA
:10D1B000047B9FEDA37B8DED107B0136A4F58014DD
:10D1C000002553EC102B92465046DDE904232146FE
:10D1D000BFF726FAA346DDE90423CDE90A0150464C
:10D1E0002146CDE908ABBFF71DFA02460B460020E9
:10D1F000AD49BFF7F7FC0A460146CDE90C121346CC
:10D200000246DDE90A01BFF7C3FB0A460146CDE944
:10D210000012DDE900BC0021CDE902BC02919DEDC8
:10D22000027B63105CEC17BB43F0005303F5002353
:10D23000DA460020591904460D4602460B46504670
:10D240006146E346BFF7A4FB02460B46DDE90A014F
:10D25000BFF7E6F9DDE90423CDE90A0120462946B6
:10D26000BFF7DEF902460B46DDE90801BFF7D8F942
:10D2700052465B46BFF78CFB02460B46DDE90A01CE
:10D28000BFF7CEF9DDE90C23BFF782FBDDE90045EE
:10D29000CDE9040122462B4620462946BFF778FBFC
:10D2A0006BA3D3E9002304460D46BFF771FB6AA3C5
:10D2B000D3E90023BFF7B6F922462B46BFF768FB38
:10D2C00067A3D3E90023BFF7ADF922462B46BFF78A
:10D2D0005FFB65A3D3E90023BFF7A4F922462B46E1
:10D2E000BFF756FB62A3D3E90023BFF79BF92246A1
:10D2F0002B46BFF74DFB60A3D3E90023BFF792F99C
:10D300002246CDE908012B4620462946BFF740FBBF
:10D3100002460B46DDE90801BFF73AFB52460446D8
:10D320000D465B46DDE90001BFF77CF9DDE904232A
:10D33000BFF72EFB22462B46BFF774F95246044630
:10D340000D465B4650465946BFF722FB574B00221D
:10D35000CDE90A01BFF766F922462B46CDE908451B
:10D36000BFF760F900240D4622462B465046594629
:10D37000BFF70EFB4D4B82468B46002220462946C6
:10D38000BFF74EF9DDE90A23BFF74AF902460B461B
:10D39000DDE90801BFF744F9DDE90023BFF7F8FA3A
:10D3A00022462B46CDE90001DDE90401BFF7F0FA82
:10D3B00002460B46DDE90001BFF734F9CDE904016F
:10D3C00002460B4650465946CDE900ABBFF72AF955
:10D3D000DDE902AB2AA3D3E9002350460D46BFF78F
:10D3E000D7FADDE90023CDE9020129465046BFF70F
:10D3F00017F902460B46DDE90401BFF711F922A334
:10D40000D3E90023BFF7C4FA21A3D3E90023CDE970
:10D41000000129465046BFF7BBFA02460B46DDE93C
:10D420000001BFF7FFF8DDE91023BFF7FBF8CDE9F6
:10D4300000013046BFF742FA3AE000BFAFF3008088
:10D440000000000000000000000000000000F03FAD
:10D45000EF4E454A287ECA3F65DBC9934A86CD3FD9
:10D4600001411DA96074D13F4D268F515555D53FBF
:10D47000FFAB6FDBB66DDB3F033333333333E33F57
:10D48000000000E009C7EE3FFD033ADC09C7EE3FAC
:10D49000F5015B14E02F3EBE0000F07F000040432A
:10D4A0008E98030079B60B000000F03F00000840A2
:10D4B000DDE9002304460D46DDE90201BFF7B2F8BD
:10D4C000DDE90E6732463B46BFF7ACF822462B46F5
:10D4D000BFF7A8F822462B4650468B46BFF7A0F868
:10D4E00032463B46BFF79CF8DDE90223BFF798F8C8
:10D4F00002460B46DDE90001BFF792F8CDE90201D3
:10D500000023CDE900890093DDE90045404622462D
:10D510002B464946BFF784F852465B46BFF738FAB8
:10D520005646424682464B465F468B46DDE902013F
:10D53000BFF72EFA02460B4650465946BFF772F81F
:10D54000224682468B462B4630463946CDE902AB11
:10D55000BFF71EFA804689464B465046594642461A
:10D56000BFF760F8D24B994204460D460E4640F391
:10D570003D8101F13F4303F5E003034340F0AA82FC
:10D58000B7A3D3E90023DDE90201BFF74BF8424618
:10D5900082468B464B4620462946BFF741F8024655
:10D5A0000B4650465946BFF783FC002840F0928254
:10D5B0004FF400733344C3F30A52BE4CA2F2FF325D
:10D5C000C3F31301144141F48011C2F1140241FA72
:10D5D00002F5002E04EA03010B464FF00000B8BF2D
:10D5E000694204950246B8BF049140464946BFF7D8
:10D5F00017F8049B1B05009302460B46804689469C
:10D60000DDE90201BFF70EF80D46002496A3D3E929
:10D61000002320462946BFF7BBF9424606460F467F
:10D620004B4620462946BEF7FBFF02460B46DDE986
:10D630000201BEF7F5FF8EA3D3E90023BFF7A8F9D7
:10D640008DA3D3E900238046894620462946BFF7AB
:10D650009FF902460B4640464946BEF7E3FF804627
:10D66000894602460B4630463946BEF7DBFF324656
:10D670003B4604460D46BEF7D3FF02460B464046E6
:10D680004946BEF7CDFF224606460F462B462046AA
:10D690002946BFF77DF97AA3D3E90023804689465E
:10D6A000BFF776F978A3D3E90023BEF7B9FF424666
:10D6B0004B46BFF76DF976A3D3E90023BEF7B2FF5F
:10D6C00042464B46BFF764F973A3D3E90023BEF784
:10D6D000A7FF42464B46BFF75BF971A3D3E900238E
:10D6E000BEF7A0FF42464B46BFF752F902460B4633
:10D6F00020462946BEF794FF8046894602460B46DF
:10D7000020462946BFF744F9002282468B46404610
:10D7100049464FF08043BEF783FF02460B46504612
:10D720005946BFF75FFA3246804689463B46204657
:10D730002946BFF72DF932463B46BEF773FF024636
:10D740000B4640464946BEF76BFF22462B46BEF7C6
:10D7500067FF02460B4600205749BEF761FF009A5B
:10D760008B18B3F5801FC0F2AD811946DDE90623A1
:10D77000BFF70EF941EC100B1EE49FED4B7B8DEDD6
:10D78000067B80E4002A00F0BC8102220092C5E4FE
:10D790001815A0F2FF30142840F33B81C0F134008B
:10D7A00022FA00FC0CFA00F0904200F0B281002A4C
:10D7B0003CD1B6F1804F00F0548145EC104B009104
:10D7C000029300F04BFCBAF1000F7FF4B5AC3A4A7B
:10D7D00027F04040904200F0DF815A460099029BBA
:10D7E000002A00F0D381002200923EE4DFF8D0C08E
:10D7F00021F00043634540F21E81304BCB180343B8
:10D800000AD142464B46BEF70BFFDDE90223BFF7C4
:10D8100045FB00283FF4CCAEDDE9060100220023E1
:10D82000BFF728FB003818BF01203BE445EC104B44
:10D830000293009100F012FCBAF1000F7FF47CAC6F
:10D840001D4A27F04040904200F078810099029BE9
:10D85000BBF1000F00F0C180CDF800A005E400BFCF
:10D86000FE822B654715973C00000000432EE63FE3
:10D87000EF39FAFE422EE63F396CA80C615C20BEFF
:10D88000D0A4BE726937663EF16BD2C541BDBB3EC6
:10D890002CDE25AF6A56113F93BDBE166CC1663FA4
:10D8A0003E5555555555C53F000000000000F0BFDE
:10D8B000FFFF8F400000F0FF0000F03F00346F3F9B
:10D8C000FFCB9040B6F1804F00F0CB80A0F58010E8
:10D8D00086427FF4BEAB45EC104B13B0BDE8F04F71
:10D8E00001F0B4BB002A7FF45FABFFF7E8BB9FED0C
:10D8F000B67B8DED0E7B9FEDB67B8DED047B9DEDB4
:10D900000E7B00258DED107B5BE49B45C0F0EC8029
:10D91000BF4B9B454FF0000200F2048151EC100B0D
:10D92000BB4BBEF77DFEACA3D3E9002304460D46F6
:10D93000BFF72EF8AAA3D3E9002306460F462046D8
:10D940002946BFF725F8B34BCDE900010022204658
:10D950002946BFF71DF802460B46A3A1D1E90001F5
:10D96000BEF75EFE22462B46BFF712F802460B4674
:10D970000020A949BEF754FE224682468B462B461C
:10D9800020462946BFF704F802460B465046594642
:10D99000BEF7FEFF96A3D3E90023BEF7F9FF0246C8
:10D9A0000B46DDE90001BEF73BFE02460B4604468E
:10D9B0000D4630463946BEF735FE002032463B461E
:10D9C00082468B46BEF72CFE02460B462046294671
:10D9D000BEF726FECDE9020192E55E45CDF800B026
:10D9E000BFF685AB53EC102B89490020BFF7FAF83E
:10D9F00041EC100BFFF778BB002E9FED730BBFF6C9
:10DA0000DBAA09F1004300EE108A00EE903AFFF71E
:10DA1000D3BA002A7FF40AAFC0F1140043FA00FC25
:10DA20000CFA00F0984200F08F80794883423FF46E
:10DA3000F3AAFFF70ABB784A934200F29380DDE92C
:10DA4000001200910491E0E57149002022462B4626
:10DA5000BFF7C8F841EC100BFFF7AEBAB6F1804F34
:10DA60004FD122462B4620462946BEF791FF41EC76
:10DA7000100BFFF7A1BA009B012B7FF49DAA10EEBB
:10DA8000901A10EE102A01F1004343EC102BFFF71F
:10DA900093BA9FED597B8DED0E7B9FED597B8DEDFC
:10DAA000107B9FED597B4FF480258DED047BFFF7B4
:10DAB00088BB002E7FF7F5AA002013B0BDE8F04F19
:10DAC00001F026BA41EC100B049801F05DF951EC1D
:10DAD000100B4BE6DDE9060100220023BFF7CAF96F
:10DAE000003818BF0120E8E7DDE906010022002325
:10DAF000BFF7C0F9003818BF0120002EBFF6D2AA28
:10DB0000DBE702220092FFF7A5BA9FED2F0BFFF78C
:10DB100053BA002AA2D00CF0010CCCF10202009200
:10DB2000FFF7FCBADDE906010023BFF7A3F90038CF
:10DB300018BF0120002EC0DCFFF7B4BA002E19DB9D
:10DB4000CDF800A0FFF7D3BA314A93423FF464AA5C
:10DB5000B6F1804F85D00CF0010CCCF1020200929E
:10DB6000FFF778BA1B15A3F2FE334FF4801242FA86
:10DB700003F31FE553EC102B25490020BFF732F8C3
:10DB8000CDF800A041EC100BFFF7B1BA5E4509DB00
:10DB9000CDF800B0FFF7ABBA002E06DB00230093F0
:10DBA000FFF7A5BA002300931CE753EC102B18498C
:10DBB0000020BFF717F8002341EC100B0093FFF78C
:10DBC00096BA00BFAFF30080000000000000000024
:10DBD000000000000000F03F000000604715F73F24
:10DBE00044DF5DF80BAE543E555555555555D53F60
:10DBF000FE822B654715F73F0000004003B8E23F67
:10DC000006D0CF43EBFD4C3E000000000000F83F83
:10DC10000000F03F0000D03F0000E03F00000000A7
:10DC20002DE9F04FB0EE407AF0EE607A17EE907A80
:10DC3000BD4B27F000459D428DB040F29180BB4B1B
:10DC40009D42044651EC100B28D8002FACA3D3E919
:10DC5000002340F3B281BEF7E3FCB54B9D42804602
:10DC6000894600F09180A8A3D3E90023BEF7D8FC31
:10DC700006460F4632463B4640464946BEF7D0FC74
:10DC8000A1A3D3E90023BEF7CBFCC4E90201C4E998
:10DC90000067012630460DB0BDE8F08FA54B9D42D0
:10DCA00040F28C80A44B9D4265D829150246A1F212
:10DCB0001640A5EB005319468046104615461E46F1
:10DCC000BFF716F9BEF7FAFD02460B462846314665
:10DCD000CDE90623BEF7A4FC984B0022BEF758FE00
:10DCE0000E460546BFF704F9BEF7E8FD02460B46AF
:10DCF00028463146CDE90823BEF792FC8F4B00221F
:10DD0000BEF746FECDE90A010CAD0326A14675E932
:10DD10000201002200233446013EBFF7A1F800288B
:10DD2000F5D1874A01920222009223464246494693
:10DD300006A801F085FA002F0646ABDAD9F80410E0
:10DD4000D9F8002001F10043D9F80C10C9E90023EB
:10DD5000D9F8082001F10043C9E90223464299E7B6
:10DD60000022002380ED000BC0E90223002630468C
:10DD70000DB0BDE8F08F02460B46BEF751FCC4E97A
:10DD80000201C4E90001F1E761A3D3E90023BEF772
:10DD900047FC61A3D3E9002380468946BEF740FCD7
:10DDA00006460F4632463B4640464946BEF738FCDB
:10DDB00059A3D3E90023BEF733FC66E700F04EF920
:10DDC00059EC108B56A3D3E9002340464946BEF7D1
:10DDD000DFFD5C4B0022BEF725FCBFF789F8064645
:10DDE000BEF76CFD46A3D3E9002382468B46CDE9FE
:10DDF00004ABBEF7CDFD02460B4640464946BEF792
:10DE00000FFC41A3D3E9002380468946504659467A
:10DE1000BEF7BEFD02460B4640464946CDE9022309
:10DE2000BEF7FEFB1F2E82468B4608DC464B721E59
:10DE300053F82230AB4202D0C4E900AB45E0CBF34B
:10DE40000A53C3EB1553102BF6DD31A3D3E900239E
:10DE5000DDE90401BEF79CFD02460B4640464946FB
:10DE6000CDE90223BEF7DCFBC246CB46804689469D
:10DE70005046594642464B46BEF7D2FBDDE90223E7
:10DE8000BEF7CEFB24A3D3E9002382468B46DDE90F
:10DE90000401BEF77DFD52465B46BEF7C1FB02465C
:10DEA0000B4640464946CDE90223BEF7B9FB0A4678
:10DEB000C2F30A53C3EB2553312B014682469346E6
:10DEC00044DC42EC171B84ED007B52465B46404627
:10DED0004946BEF7A5FBDDE90223BEF7A1FB002FF3
:10DEE000C4E90201BFF6D6AE0BF10043C4E900A3BA
:10DEF00001F10043C4E902037642CBE6AFF30080B0
:10DF000000004054FB21F93F3163621A61B4D03DF7
:10DF10000000601A61B4D03D7370032E8A19A33BD0
:10DF200083C8C96D305FE43FFB21E93F7BD90240E4
:10DF3000FB21F93FFB213941FFFFEF7F00007041DA
:10DF400010A605080000E03F90A505083FA3D3E90F
:10DF50000023DDE90401BEF71BFD02460B464046E7
:10DF60004946CDE90223BEF75BFBC246CB4680465D
:10DF700089465046594642464B46BEF751FBDDE9BD
:10DF80000223BEF74DFB33A3D3E9002382468B4621
:10DF9000DDE90401BEF7FCFC52465B46BEF740FBE0
:10DFA00002460B4640464946CDE90223BEF738FB00
:10DFB000C4E9000182468B4687E7BEF733FB224B5C
:10DFC0009D428046894618D019A3D3E90023BEF7A5
:10DFD00029FB06460F4632463B4640464946BEF7B9
:10DFE0001FFB13A3D3E90023BEF71CFBC4E90067A2
:10DFF000C4E902014FF0FF364CE60FA3D3E900233A
:10E00000BEF710FB0EA3D3E9002380468946BEF776
:10E0100009FB06460F4632463B4640464946BEF798
:10E02000FFFA07A3D3E90023BEF7FCFADEE700BF3F
:10E030003163621A61B4D03D0000601A61B4D03D12
:10E040007370032E8A19A33BFB21F93F0000002EB9
:10E050008A19A33BC14920259A837B3910EE901A77
:10E0600053EC102B21F0004343EC102B704700BF02
:10E0700010EE103A23F00043B3F1485F2CD2FDEECE
:10E08000C07A17EE903A002B60D060EE007A9FEDD8
:10E09000317A9FED315ADFED315A9FED316ADFED74
:10E0A000316AA7EE875A9FED307AE7EE855AA7EEE0
:10E0B000A56AA7EE867AE7EE876A66EEA76A60EE43
:10E0C000C00AB6EE007AE7EEA60AB7EE000AD7EE6F
:10E0D000870A30EE600A704760EE007A9FED1D7A85
:10E0E0009FED1D5ADFED1D5A9FED1D6ADFED1D6A84
:10E0F0001E4AA7EE875A93429FED1B7AE5EE275AF8
:10E10000A5EEA76AA6EE277AE7EE276A66EEA76A6B
:10E11000D5D9174A934214D803F17F4307EE103A3A
:10E12000B7EE006A36EE476A60EEC00AF6EE005AB5
:10E1300097EEA57AE7EEA60A37EE607A36EE470A42
:10E140007047B6EE076AB5EE027AEDE7B7EE000A61
:10E15000704700BF4ED747ADF6740F317CF293B4D1
:10E16000010DD037ABAA2A3D610BB6BA9999993EF9
:10E170000000483F10EE103A23F00043B3F1485F2F
:10E1800004D2FDEEC07A17EE903A5BB360EE007AEF
:10E190009FED157ADFED155A9FED156ADFED156AD3
:10E1A000E7EE875A9FED147AA5EEA76A20EE275A6C
:10E1B000E6EE276AA6EEA77A30B9DFED106AE7EE41
:10E1C000876AA6EE850A704727EE457AF6EE006A62
:10E1D000A0EEA67ADFED0A6AD7EE270AE5EE260A58
:10E1E00030EE600A704700BFD3C92E2F342FD7B24C
:10E1F0001BEF3836010D50B98988083CABAA2ABEFE
:10E20000ABAA2A3E10EE102A32F000432FD0002A8B
:10E21000134633DBB2F1FF4F40DAB2F5000F34DBC7
:10E220004FF0000C6448C3F31601081800F4000214
:10E2300082F07E520A43DB1500EE102A7F3B5F4AD4
:10E24000634401F10F0CF7EE007A0CEA020230EEA3
:10E25000670A03EBD05322BBB5EE400AF1EE10FA89
:10E2600062D1002B40F090809FED550A70479FEDE2
:10E27000557ADFED537A87EE270A704770EE407AC1
:10E280009FED4F7A87EE870A7047DFED4F7A60EE99
:10E29000277A6FF0180C17EE903AC3E730EE000AB9
:10E2A0007047F0EE007A70EE277A07EE103A80EEB3
:10E2B000274A4648C1F55712081802F52272024350
:10E2C000002A9FED433ADFED434ADFED435ADFED8D
:10E2D000433A9FED435ADFED437ADFED436A24EE84
:10E2E000046AF8EEC72A26EE067AE7EE034AA7EE9E
:10E2F000235AE4EE875AE5EE076AE5EE877A67EE81
:10E30000867AE6EE877A2ADDB6EE007A20EE077A84
:10E3100027EE007A77EE877A67EE847A3BBB37EE9A
:10E32000677A30EE470A7047DFED307AB6EE007A52
:10E33000A0EE677A60EE007A27EE277A002BF0D005
:10E3400007EE903A9FED2A6ADFED2A6AF8EEE77A47
:10E35000A7EEC67A37EE400A97EEA60A704770EE2F
:10E36000677A67EE847AE3B930EE670A70479FED0B
:10E37000206ADFED206AE2EE867A37EE677A37EEC2
:10E38000400A92EEA60A704707EE903A9FED180AEF
:10E390009FED187AF8EEE77A27EE800AA7EE870A53
:10E3A0007047DFED136A9FED137AE2EEE67A37EEFF
:10E3B000C00A92EE870A704720FB4A00F0FF7F00F8
:10E3C00000000000000000CC0000004C305CCFFFDB
:10E3D0009788173E25333A3E2549923E4FD01C3E42
:10E3E000298E633EABAA2A3FCDCCCC3EABAAAA3E37
:10E3F000D1F717378071313F10EE902A32F000418B
:10E4000010EE103AF0EE407A08D183F480035B00FE
:10E4100013F5000F10D937EEA00A704723F0004023
:10E42000B0F1FF4F0BD9B3F17E5FF4D182F48002DB
:10E43000520012F5000FEED8B7EE000A7047B1F1A6
:10E44000FF4FF0D830B52DED028B002B87B0F0EEEA
:10E45000606A054616DBB1F1FF4F00F00081B1F1B3
:10E460007E5F00F03481B2F1804F00F06D81B2F137
:10E470007C5F40F04A8107B0BDEC028BBDE83040C4
:10E48000FEF75CBBB1F1974F80F0F580B1F17E5F94
:10E4900080F02A81B2F1804F00F05681B2F17C5FAA
:10E4A00000F05E82CDE9022100908DED010A8DED34
:10E4B000040ACDED050A00F05FFC0098DDED017A5D
:10E4C000049BDDED056AB0F1FF4FDDE902214FF05D
:10E4D000000400F0EA80002800F03C81B0F17E5F8B
:10E4E00000F038814FEAD37C0CF1FF3C54EA0C0E6B
:10E4F00000F03381B1F19A4F40F25481994B984228
:10E5000040F27682984B984200F28582F7EE007ACC
:10E5100070EE670A9FED956A9FED957ADFED955A4B
:10E52000F5EE007AA0EEE76AF6EE007AE6EE607AA3
:10E5300020EEA05A9FED906A67EE857A27EE677A03
:10E54000A0EE867AB0EE476AA0EEA56A16EE103A03
:10E550006FF30B0306EE103AF0EE467AE0EEE57A42
:10E5600037EE677A6FF30B0207EE902A27EE267AD2
:10E5700076EEE75A66EE277AA5EE867A631E53EAB0
:10E580000C03FFEE005A77EE276AB7EE006A16EE2C
:10E59000902A18BFF0EE465A002A22F0004340F3BA
:10E5A000F481B3F1864F00F27D8200F06182B3F115
:10E5B0007C5F00F24382002318466FF30E0206EEE2
:10E5C000102ADFED6E6A9FED6E3ADFED6E1A9FED59
:10E5D0006E4A9FED6E5A76EE677AF0EE002A37EEBD
:10E5E000677A66EE267ADFED6A6AE7EE267AB7EE9C
:10E5F000000AB0EE677AA6EE037AB0EE472A67EE1D
:10E60000076AA6EE432A9FED636AA6EEA16A77EE3B
:10E61000C27AA6EE264A9FED606AA4EE266AE7EE6D
:10E62000277AA6EE265AB0EE476AA5EE666A27EE6E
:10E63000065A36EE626AC5EE066A76EEE77A77EE3D
:10E64000C77A30EE670A10EE102A1344B3F5000FB4
:10E65000C0F2D88100EE903A20EEA50A07E0B0F1B2
:10E660007E5F74D03BD9002A36DBB0EE660A07B075
:10E67000BDEC028B30BDB1F1FF4FF0D0CDE9001001
:10E68000CDE902238DED050ACDED040A00F074FBFF
:10E6900001980224B0F1FF4FDDE902230099DDED7E
:10E6A000046ADDED057A7FF416AF002A05DAF7EE8D
:10E6B000007A87EE800A002BD9DAA0F17E50204341
:10E6C00000F03181012CD2D1B1EE400ACFE7002A0F
:10E6D00035DBB0EE670ACAE79FED300AC7E7002ACC
:10E6E000FADAB1EE660AC2E74FEAE15CCCF1960CC9
:10E6F00041FA0CFE0EFA0CFC8C4500F01981B1F1C8
:10E700007E5FE4D0B2F1804F1ED0B0EE670ACDE953
:10E710000323CDE90110CDED056ACDED007A00F0BF
:10E720002BFB0298B0F1FF4FDDE903234FF000040B
:10E7300010D0DDED007A0199DDED056ACBE6B7EE8C
:10E74000007A87EE270A92E727EEA70A8FE7B7EE4F
:10E75000000A8CE7002AAADBADE777EEE77A87EEBE
:10E76000A70A84E7F3FF7F3F0700803FABAAAA3EDA
:10E770003BAAB83F00AAB83F70A5EC368CBEBF35A7
:10E780000072313F4CBB313355B38A38ABAA2A3EB5
:10E790001872313F0EEADDB5610B36BB0000000098
:10E7A0000000804B13F0FF4F40F020815FED047AB2
:10E7B00060EE277A6FF0170317EE905AE915DFF82D
:10E7C00044E37F391944C5F31603734543F07E5083
:10E7D00040F30381DFF830E3734540F326819FED7A
:10E7E000B94A0131B0EE448AA0F50000F7EE000A04
:10E7F0004FF0000E04EE900A74EEA07AB7EE007AA5
:10E8000087EE270AB04B03EA600343F0005303F599
:10E810008003734434EEE06A07EE901A66EE001A45
:10E82000B8EEE77ADFEDA92A9FEDA93ADFEDA93A24
:10E830009FEDA95ADFEDA95A9FEDA91A61EEA17AC1
:10E84000B0EE082AA7EEA23AE3EE273AA3EEA75AC3
:10E85000E5EE275A27EEA75AA5EEA71A07EE903A3B
:10E8600011EE903A6FF30B0303EE103AA3EE676AD2
:10E87000F0EE465A37EEE06A71EE837A74EEC63AED
:10E88000B0EE656AA3EE636AF0EE424A26EE006AD5
:10E89000E3EE034A67EE867ADFED920ADFED923A05
:10E8A000E5EE017A9FED911A74EEA75A15EE903AB3
:10E8B0006FF30B0305EE903A35EEC25AA3EE435ABE
:10E8C00077EEC57A67EEA17AE6EE257AB0EE675A62
:10E8D000A3EE255A15EE103A6FF30B0305EE103A2E
:10E8E000B0EE456AA3EE656A77EEC67A67EEA07A67
:10E8F000E5EE017A77EE887AB0EE676AA5EE236AD4
:10E9000036EE046A36EE076A16EE103A6FF30B0322
:10E9100006EE103A36EE477A37EE447AA5EE637A81
:10E9200037EEC77A1EE670EE407A87EEA70A9EE6BB
:10E93000B1F17E5F3FF4CBAEB2F1804F3FF404AF54
:10E940000EF0010ECDE90010CDE902238DED050A90
:10E95000CDED040ACEF1020400F00EFA019899E61A
:10E9600001908DED000A00F007FA0198B0F1FF4F19
:10E970003FF47DAEDDED007A00283FF478AEB0F1D3
:10E980007E5F7FF4EAAE002497E659498B4200F29D
:10E9900091807FF40CAE76EEE76AF4EEC76AF1EE92
:10E9A00010FA80F2878002F50042524BC2F3C75141
:10E9B0007F39C2F316000B4140F40000C1F117018A
:10E9C00013400841404206EE903A77EEE67AC305DE
:10E9D00077EE276A16EE902AEFE59FED3A4AF7EEBA
:10E9E000000AB0EE448A4FF0000E03E70023E5E68C
:10E9F000002A12DB002007B0BDEC028BBDE83040DE
:10EA000000F018BBCDED005A00F08AFADDED005A97
:10EA1000F0EE400A20E6002AECDD002007B0BDEC55
:10EA2000028BBDE8304000F00BBB9FED334A9FEDF9
:10EA3000338AF7EE080A4FF4001EDBE6DB157E3B57
:10EA40004FF40001194111442A4BC1F3C75CACF1EA
:10EA50007F0CC1F3160043FA0CF340F40000CCF134
:10EA6000170C002A40FA0CF003EA0103ABDAA9E71D
:10EA70009FED236A76EEE76A37EE066AB4EEE66A41
:10EA8000F1EE10FA0EDC02F500421A4BD1157F3977
:10EA9000C2F316000B4140F40000C1F1170113400E
:10EAA000084190E7F5EEC05AF1EE10FA4CBF012094
:10EAB0000020B3E7F5EEC05AF1EE10FA4CBF01208A
:10EAC000002098E70000000000F0FFDF42F1533E15
:10EAD00055326C3E05A38B3EABAAAA3EB76DDB3E1A
:10EAE0009A99193F4F38763F0040763FC623F6B8D3
:10EAF00000001643000080FF00C0153FDCCFD13579
:10EB00003CAA383371C41C00D6B35D0010B510EEBA
:10EB1000104A8B4A24F00043934288B070D9894A46
:10EB2000934222D824F00043002C9FED877A874A35
:10EB300023F00F0340F3EB80934270EE477A09BF56
:10EB40009FED837ADFED836ADFED836A77EEC77A24
:10EB500037EEE67A77EEC77A80ED007A77EEE67ADE
:10EB6000C0ED017A012008B010BD7C4A93420146F5
:10EB700054D9B3F1FF4F4AD2DA15863AA3EBC25308
:10EB800007EE903ABDEEE77ADFED756AB8EEC77A28
:10EB900077EEC77A8DED057A67EEA67ABDEEE77A55
:10EBA000B8EEC77A77EEC77A8DED067A67EEA67A69
:10EBB000F5EE407AF1EE10FACDED077A40F0928052
:10EBC000B5EE407AF1EE10FA40F08E8001236548F0
:10EBD00001900220009005A8029100F06FFF002C28
:10EBE0000299C0DA91ED007AD1ED017AB1EE477A5F
:10EBF000F1EE677A81ED007AC1ED017A4042B2E729
:10EC0000002380ED000A4360002008B010BD70EEC4
:10EC1000407AC0ED017AC0ED007AF5E7CDE9023027
:10EC200000F0AAF89FED507A9FED476AF6EE007A61
:10EC3000E0EE077ADDE90231FDEEE77A9FED457AF5
:10EC4000F8EEE76A17EE900AA6EEC60A1F2866EEEF
:10EC5000877A30EE677A20DCDFF818C100F1FF3EDA
:10EC600024F000425CF82EC022F0FF02624514D06E
:10EC700081ED007A30EE470A002C30EE670A81ED14
:10EC8000010ABFF670AFB1EE477AB1EE400A81EDEE
:10EC9000007A81ED010A404265E717EE102AC2F3BF
:10ECA000C752C2EBD352082AE2DD9FED297ADFED8D
:10ECB0002A5AB0EE406AA6EEC76A70EE467AE6EED1
:10ECC000C77AD6EEA57A36EE677A17EE102AC2F327
:10ECD000C752C2EBE353192B08DCB0EE460A81EDB4
:10ECE000007AC7E7032372E7022370E79FED1F7ADC
:10ECF000DFED1F5AB0EE460AA6EEC70A76EE407A5E
:10ED0000E6EEC77AD6EEA57A30EE677AB0E79342A0
:10ED100070EE077A09BF9FED0E7ADFED0E6ADFED28
:10ED20000E6A77EE877A37EEA67A77EEC77A80EDAD
:10ED3000007A77EEA67AC0ED017A4FF0FF3012E745
:10ED4000D80F493FE3CB1640800FC93FD00FC93FD2
:10ED5000004435374344353708A3852E800F494397
:10ED60000000804398A7050884F9223F00A3852E60
:10ED700032318D2418A7050810EE103A23F0004315
:10ED800000EE103A704700BF2DE918485CEC10BB4C
:10ED9000CCF30A530446614693BB2CF0004151EA80
:10EDA0000B012BD0404B584661460022BDF7F0FDC9
:10EDB0003E4B9C4283468C465BDBC1F30A53363B99
:10EDC0004CF25032944228DC04EB030E40F2FE7306
:10EDD0009E4522DCBEF1000F39DC1EF1350F3FDB12
:10EDE0000EF1360E6FF31E5141EA0E531946584686
:10EDF0002F4B0022BDF7CCFD41EC100BBDE818886D
:10EE000040F2FF729342DBD15A4663465846BDF743
:10EE100009FC41EC100BBDE81888BCF1000F1AA1E9
:10EE2000D1E9000108DB18A3D3E90023BDF7B0FD49
:10EE300041EC100BBDE8188815A1D1E9000112A31F
:10EE4000D3E90023BDF7A4FD41EC100BF2E76FF30B
:10EE50001E515A4641EA0E5343EC102BBDE8188868
:10EE6000BCF1000F0CA1D1E9000102DA0CA1D1E93B
:10EE7000000109A3D3E90023BDF78AFD41EC100B83
:10EE8000BDE81888AFF300809C7500883CE4377EAD
:10EE90009C7500883CE437FE59F3F8C21F6EA5014B
:10EEA00059F3F8C21F6EA58100005043B03CFFFF2C
:10EEB0000000903C10B582B08DED000B0446F8F7D1
:10EEC000A7FC9DED000B046002B010BD00B5034629
:10EED00083B051EC100B83B1024601F10043CDE940
:10EEE0000023DDE90023BDF753FD41EC100B222088
:10EEF00003B05DF804EBFFF7DDBF02460B46EEE71B
:10EF00009FED010BFFF7E2BF0000000000000010C2
:10EF10009FED010BFFF7DABF00000000000000705A
:10EF200010EE103A33F000411A4625D0B1F1FF4FF0
:10EF30001FD213F0FF4F20D1DFED297A294A60EE6E
:10EF4000277A904217EE903A31DB4CF2503CC3F3F3
:10EF5000C75160451A46A1F1190114DD002BDFED00
:10EF6000227A9FED210AB8BFDFED207A27EE800AD2
:10EF7000704730EE000A704770474CF2503C6045D5
:10EF80004FEAD151EADC0844FE28E7DC002815DC12
:10EF900010F1170F19DB193022F0FF4242EAC0527C
:10EFA00007EE902A9FED120A27EE800A7047DFEDE8
:10EFB000117A07EE103A27EE270A704722F0FF4237
:10EFC00042EAC05300EE103A7047002BDFED097A99
:10EFD0009FED080AB8BFDFED087A27EE800A704778
:10EFE0000000004CB03CFFFFCAF24971CAF249F17F
:10EFF000000000336042A20D6042A28D10B582B0C5
:10F000008DED010A0446F8F703FC9DED010A04604A
:10F0100002B010BD30B1F1EE407A27EE800A222016
:10F02000FFF7ECBFF0EE407A27EE800A2220FFF7D0
:10F03000E5BF00BF9FED010AFFF7ECBF0000001025
:10F040009FED010AFFF7E6BF000000702DE9F84FC1
:10F0500055EC104B764BAB4300F0AF80002D2946AA
:10F060002A46234655DD2C1562D0C2F31302E00771
:10F07000A4F2FF3142F4801203D4520002EBD372A7
:10F080005B00520000264FEA610902EBD37216249E
:10F090005B00B4464FF400110CEB010090424FEAC4
:10F0A000D3754FEA430303DC00EB010C121A0E4444
:10F0B000013C05EB42024FEA5101EDD127462025E4
:10F0C0004FF000400AE042D0510001EBD371013D06
:10F0D0000A464FEA43034FEA500044D0624500EB32
:10F0E000070EF0DDBEF1000F0EEB00070CDBE04673
:10F0F000A2EB0C019E4588BF01F1FF314900C446D7
:10F10000A3EB0E030444E0E7002FF0DB0CF1010851
:10F11000EEE725F00040204347D0002D74D1D90AF6
:10F12000153A5B050029FAD0CE0214467CD40A4673
:10F1300000215200D502084601F10101F9D5C1F1C3
:10F14000200523FA05F52A438B40241A8DE79E45B6
:10F1500002D94FEA4C01B8E7BEF1000F0EEB0007F1
:10F1600025DB0021CCE7194313D0324FDFF8C880EC
:10F17000D7E90001D8E9002397ED007B5BEC17ABE2
:10F18000BDF74EFA02460B4650465946BDF77CFE87
:10F1900008BB6508711001F17F5101F5001101EB09
:10F1A000095345EAC67243EC102BBDE8F88F002FD7
:10F1B000D7DB0CF1010C0021A2E722462B462046AA
:10F1C0002946BDF7E5FB22462B46BDF72BFA41EC5D
:10F1D000100BBDE8F88FB4F1FF3FD7E90001D8E983
:10F1E00000231DD0BDF71EFAD7E9007802460B4672
:10F1F00038464146BDF73EFEA0B1A31C04F102050E
:10F2000008BF01366D08C5E722462B462046BDF7EC
:10F2100007FA02460B46BDF7E5FC41EC100BC4E7CC
:10F220000136B7E70134B4E74FF0FF300A468CE708
:10F230000000F07FB8AA0508B0AA05080000000089
:10F240002DE9F04FADF51B7D1C460A930D91BC4B8B
:10F25000A499059053F821100691631E12F1140F22
:10F260000493C0F2AC82B749D31E81FB0301DB17C4
:10F27000C3EBA10309930133A3EB8303DB00D31892
:10F280000793049A069B9E181DD4099B049AA59F78
:10F2900001369C1A264422AD4FF000084FF00009B9
:10F2A00008E057F82400BDF709FB0134B442E5E853
:10F2B000020108D0002CF4DA013440464946B44239
:10F2C000E5E80201F6D1069B002BC0F2CC830A9B35
:10F2D0000699049A0DF1880909EBC309DE000DF5C2
:10F2E000E47BCB18924600200021002A80F28A811C
:10F2F0000AF1010A9A45EBE8020109F10809F4D183
:10F30000059B03EB060A069BCDF830A00DA90EAABB
:10F3100001EB83010B919B4602EB830A0DEBCB03C0
:10F32000BBF1000FD3E972454FEACB0730DD72AE77
:10F3300006EB070803970DF13809CDF800B05746E2
:10F34000814B002220462946BDF722FBBDF7D0FDA8
:10F35000BDF7B4FA7D4B002282468B46BDF718FB01
:10F3600002460B4620462946BDF75AF9BDF7C0FDB7
:10F3700078E9022349F8040B59465046BDF752F983
:10F38000B04504460D46DBD1BA46DDF800B0039F18
:10F39000079E45EC104B3046FFF7F6FC55EC104B42
:10F3A00000224FF07F5320462946BDF7F1FA41EC89
:10F3B000100B00F0CDFE664B51EC100B0022BDF798
:10F3C000E7FA02460B4620462946BDF729F90D46C5
:10F3D0000446BDF78DFD8046BDF770FA02460B4628
:10F3E00020462946BDF71CF9002E02460B46CDE902
:10F3F000002340F387800BF1FF310EAAC6F11803FA
:10F4000052F8212042FA03F000FA03F3D21AC6F1AF
:10F41000170442FA04F40EAB002C43F82120804478
:10F420007ADCDDE9000100220023BDF719FD002888
:10F4300000F09E82069B9B450EDD0EAB4FEA8B00D3
:10F4400003EB8B03002253F8041D534542EA0102EB
:10F45000F9D1002A40F0FE80069B0EAA013B0BF179
:10F46000010952F82330002B40F0CA800B9A012387
:10F4700052F8041D01330029FAD00BEB030C099B51
:10F48000CDF80CC003EB0B010A9BCDF820A003EBD9
:10F490000B02A59BDDF830B003EB810300930DF167
:10F4A000880874AB08EBC2081F44009B53F8040F94
:10F4B0000093BDF703FA049B002BE8E802011EDB72
:10F4C000059EC246002400257AE90223F6E80201DF
:10F4D000BDF75EFA02460B4620462946BDF7A2F864
:10F4E0005E4504460D46EFD1039B09F1010999459C
:10F4F000E7E80245D9DDDDF820A09B460EE70024B1
:10F500000025F1E762D0134B0022BDF7C7FC0028AD
:10F5100040F05A81044684E7BBF1000F08F101086E
:10F5200040F38B820EAB002153F8045B002D49D0D1
:10F53000C5F1807543F8045C6FF07F4010E000BFB8
:10F5400000AB0508ABAAAA2A0000703E000070417B
:10F55000000020400000E03F1A68821A43F8042BA4
:10F5600001318B45F8DC0125079B002B0EDD012BBB
:10F5700000F01A81022B09D10BF1FF320EAB0EA95C
:10F5800053F82230C3F3150341F82230022C7FF4E4
:10F5900048AFDDE9002398490020BDF741F8CDE9E7
:10F5A0000001002D3FF43DAF07989FED910BFFF751
:10F5B000EBFBDDE9000153EC102BBDF731F8CDE991
:10F5C00000012EE701318B45AEDCCDE70BF1FF33B7
:10F5D0000EAA52F82340E415002C7FF722AFBBF1AE
:10F5E000000F08F101089DDC022C7FF41AAFDDE961
:10F5F000002381490020BDF713F8CDE9000110E791
:10F60000CC463CE7059A009302EB06085246039667
:10F61000DA46CB469146059E5F460024002577E9F1
:10F620000223F6E80201BDF7B3F902460B46204675
:10F630002946BCF7F7FF464504460D46EFD1009B2F
:10F6400009F101099945EAE802450BF1080BE2D1FD
:10F65000039E55E6079BCDF82080A3F118020BF11D
:10F66000FF390EAB059453F8293007924BB90DAB17
:10F67000034453F8041D09F1FF39183A0029F8D062
:10F6800007929FED5B0B0798FFF77EFBB9F1000F28
:10F6900055EC104BC0F2DD810FAE74AF4FEAC903D9
:10F6A000DFF858B1079306EB890607EBC9070DF59C
:10F6B000E4784FF0000A56F8040DBDF7FFF8224633
:10F6C0002B46BDF765F95B4667E9020152462046C5
:10F6D0002946BDF75DF90EAB9E4204460D46EAD1C0
:10F6E000079BCDF8249008EB030B49464AABDDF8A5
:10F6F000189004931A464FF0000A5B468B46B9F106
:10F70000000FC0F2BC80CDF80CB0DFF8F48000939D
:10F710001F46002600240025934610E0F7E8022348
:10F72000F8E80201BDF734F902460B4620462946A7
:10F73000BCF778FF0136B14504460D4601DBB24502
:10F74000ECDA5A46009BDDF80CB00BF1FF3BBBF145
:10F75000FF3FE2E802450AF1010AA3F10803CED116
:10F76000A49BDDF82490022B00F38C80002B49DC55
:10F7700013D1049D079B05F108041C4400200021BF
:10F7800074E90223BCF74EFFA542F9D1059B002B7B
:10F7900040F04F810D9BC3E90001089B03F0070077
:10F7A0000DF51B7DBDE8F08F0BF1FF320EAB0EA9FE
:10F7B00053F82230C3F3160341F82230E6E6002165
:10F7C0006FF0170309915AE5BBF1000F08F101082A
:10F7D000C8BF02243FF7A6AEDDE90023064900209A
:10F7E000BCF71EFF0224CDE900011AE6AFF300804A
:10F7F000000000000000F03F0000F03F0000703EFD
:10F80000C0AA0508DDF81080079BC346FBE8026725
:10F8100000249B440025DA46204629465AE9022363
:10F82000BCF700FFABF1080BD84504460D46F2D1FA
:10F83000059B30463946002B40F0ED802B46224692
:10F84000BCF7EEFE0D9BC3E90045B9F1000F0CD0EB
:10F850000124FAE802230134BCF7E4FEA145F8DAFA
:10F86000059B13B101F1004319460D9BC3E9020149
:10F87000089B03F007000DF51B7DBDE8F08F002409
:10F88000002562E7A49B032B87D1B9F1000F00F09C
:10F89000FC80049B079A9C18D4E9006725460094D5
:10F8A00003944C4675E902893046394642464B4638
:10F8B000BCF7B8FEB246BB4606460F4632463B464C
:10F8C00040464946BCF7ACFE5B465246BCF7AAFE32
:10F8D000049B9D42C5E90201C5E90067E2D1012C04
:10F8E000DDF800A0039C00F0D080D4E9004503F1CE
:10F8F000080B7AE902672046294632463B46BCF7A8
:10F9000091FEA046A94604460D4622462B463046A7
:10F910003946BCF785FE42464B46BCF783FED345CD
:10F92000CAE90201CAE90045E3D1079B9B44049B55
:10F93000002003F1100500217BE90223BCF772FED1
:10F940005D45F9D1049BD3E90067D3E90245059BE6
:10F95000002B4BD10D9BC3E90401C3E90067C3E948
:10F960000245089B03F007000DF51B7DBDE8F08FF5
:10F97000DDE90067079DCDF8208047EC106B6842F9
:10F980000594FFF701FA57EC106B4A4B0022304602
:10F990003946BDF783FA00B3474B0022304639465B
:10F9A000BCF7F6FFBDF7A4FA0446BCF787FF414B4E
:10F9B0000022BCF7EDFF0B46024639463046BCF745
:10F9C0002FFEBDF795FA0BF101090EAB183543F880
:10F9D0002B00079543F8294053E630463946BDF7DA
:10F9E00087FA0EABD94643F82B004AE632460D9E05
:10F9F00007F10043C6E9002305F10043C6E90243CD
:10FA000001F10043C6E90403089B03F007000DF56C
:10FA10001B7DBDE8F08F0D9A05F100435360146023
:10FA20002B462246BCF7FCFDB9F1000F7FF410AF66
:10FA300018E701F100431946ACE6079B012B15D0EE
:10FA4000022B7FF4D1AD0EABC2F3150243F8212097
:10FA5000CAE5A49B022B12DC002B19DC7FF49DAEBF
:10FA60000020002192E60A9BDE0049E40EABC2F3BF
:10FA70001602022C43F821207FF4D3ACB7E5A49BF7
:10FA8000032B7FF48AAE4AAB04930020002159E790
:10FA9000059BDDE94A0133B10D9C00224FF0004384
:10FAA000C4E90023DEE60D9C00220023C4E9002304
:10FAB000DBE600BF000070410000703E2DE9F04F12
:10FAC0002DED048BDBB01C4696460493689ACB4B15
:10FAD0001EF1040F53F82250814604F1FF38C0F2A2
:10FAE0005C82BEF1030348BF0EF10403DB100393F5
:10FAF0000133DB0015EB0806AEEB03021BD40398C1
:10FB00009FEDC27A699F0136A0EB080006441EAC47
:10FB10009C460028A4BF57F8203007EE903A00F129
:10FB20000100ACBFF8EEE77AF0EE477AB042E4ECC1
:10FB3000017AEED16346002DC0F2E982049E1EAC2C
:10FB400004EB86044FEA860A05EB060C002046AF5C
:10FB50004646B8F1000F80F2BC810136664547F891
:10FB6000040B04F10404F4D109A8CDE9061300EB59
:10FB7000850009EB0A049FEDA29ADFEDA28A0590A9
:10FB80000DF1280A0AEB8507AB4646AE01951046F3
:10FB9000CDF820E00DEB8B03BBF1000F93ED460A8F
:10FBA0004FEA8B0515DD7319524660EE097AB0EE07
:10FBB000407AFDEEE77A73ED016AF8EEE77AB34238
:10FBC000A7EEE87A37EEA60ABDEEC77AA2EC017A74
:10FBD000EBD10290FFF7A4F9B0EE408AB4EE000A30
:10FBE00028EE000A00F038FBF2EE007AA0EE678AF9
:10FBF00002980028FDEEC89AF8EEE97A38EE678A96
:10FC00006EDD0BF1FF31C0F108035AF821E04EFA26
:10FC100003FC0CFA03F3AEEB030EC0F1070219EE7E
:10FC2000903A4EFA02F26344002A09EE903A4AF8FA
:10FC300021E000F3ED80B5EE408AF1EE10FA60D1DC
:10FC4000019B9B450CDD0AEB05030021944653F80C
:10FC5000042DBB4241EA0201F9D1002940F0518153
:10FC6000019B013B0BF1010E5AF82330002B40F0B1
:10FC70002E81059B012153F8042D0131002AFAD071
:10FC80005944039B03EB0B02049B5B440293699B67
:10FC900003EB820B029B0DF1780C0CEB830C47AB52
:10FCA0001D44DBED017AF8EEE77AB8F1000F0BF1B5
:10FCB000040BECEC017ADFED557A09DB62464B462A
:10FCC000F3EC016A32ED017AA342E6EE877AF7D1CE
:10FCD0000EF1010E8E45E5EC017AE2DD8B4659E727
:10FCE00000F0DC80F6EE007AB4EEE78AF1EE10FA6E
:10FCF00080F25781B5EE408AF1EE10FA4FF0000223
:10FD00009ED0DDE90613DDF820E0019D0191CDE9EB
:10FD10000220B0EE480AA3EB0E00FFF701F99FEDB9
:10FD2000397A0199039AB4EEC70AF1EE10FAC0F2DB
:10FD3000B981DFED337A60EE277A0BF10104FDEE35
:10FD4000E77A0832F8EEE77AA7EEC70AFDEEE77A1F
:10FD5000BDEEC00A10EE103A4AF82B3017EE903A7A
:10FD60004AF824301046B7EE000A0191FFF7D8F8A0
:10FD7000002C0199B0EE407AC0F2BF810AF1040371
:10FD800047A8DFED1F6A03EB840300EB8400A200A9
:10FD90000DF58C7C73ED017AF8EEE77A534567EE4A
:10FDA000877A27EE267A60ED017AF3D10DF1C80843
:10FDB0009444C64627460026002DC0F2BA80DFF8DC
:10FDC0004890DFED127A6046002307E0F9EC016A03
:10FDD000B0EC017A9D42E6EE877A03DB9E4203F1A6
:10FDE0000103F3DA013F781CCEED007A00F0AC801D
:10FDF0000EF1040E0136ACF1040CE0E73CAB050853
:10FE00000000803B0000804310AB050800000000AC
:10FE10000133BBF1000F09EE903A40F36481514683
:10FE20004FF0000E51F8043B93B3C3F5807341F8D3
:10FE3000043C04E00B68C3F1FF0341F8043B0EF1FE
:10FE4000010EF345F6DC4FF0010E00280CDD012811
:10FE500000F09A80022807D10BF1FF315AF82130C7
:10FE600003F03F0C4AF821C0022A7FF4E4AEB7EE5B
:10FE7000000A30EE488ABEF1000F3FF4DCAE099272
:10FE80000290FFF74DF80298099A38EE408AD2E6C0
:10FE90000EF1010EF345C5DC9E46D6E70BF1FF33AC
:10FEA0005AF82320D211002A7FF7C5AE19EE903AF6
:10FEB000BBF1000F03F1010309EE903AAFDC022A17
:10FEC0007FF4B9AEF7EE007A37EEC88AB3E6714632
:10FED000D7E609EB0A0001955FED347AA3464D465B
:10FEE000F5EC016A3BED017A8542E6EE877AF7D1BF
:10FEF00001366645E7EC017A04F10404ECD1019D7A
:10FF000032E60BF1FF34A0F108025AF824300699CA
:10FF1000CDF808C02846019D002B7FF423AF03468F
:10FF200009A8034453F8040D013C083A0028F9D00D
:10FF300018E70023013F4EF8043B7B1C06F1010645
:10FF4000ACF1040C7FF438AF689B022B61DC002B12
:10FF500039DC10D108F104035FED547A134433ED1A
:10FF6000017A984577EE877AF9D1029B002B40F011
:10FF7000B780C1ED007A19EE903A03F007005BB04C
:10FF8000BDEC048BBDE8F08F0BF1FF315AF8213046
:10FF900003F07F0C4AF821C066E700220823039291
:10FFA000A8E519EE903ABBF1000F03F1010309EE49
:10FFB000903AC8BF02223FF732AFF7EE007A37EE31
:10FFC000C88A022237E608F10403DDED327A1FED1C
:10FFD000717A1A4452ED016A1346043A904537EE9D
:10FFE000267AF7D1029A002A71D177EEC77A81ED8D
:10FFF000007A5CB10122B3EC017A0132944277EECF
:020000040805ED
:10000000877AF8DA029B0BB1F1EE677AC1ED017ADB
:10001000B1E7689B032BAED1002C00F0888008EB81
:10002000020696ED007A3046354655ED017AF0EE3F
:10003000476A37EE277A2B4677EEC77A043D77EE8C
:10004000A67AA845C3ED007A03ED017AEDD1012C23
:100050006DD096ED007A70ED017AF0EE476A37EEDA
:10006000277A834277EEC77A80ED007A77EEA67A18
:10007000C0ED017AEFD15FED9B7A1A44043332ED83
:10008000017A934277EE877AF9D1029BDDED326AED
:100090009DED337A73B9C1ED006A81ED017AC1ED4E
:1000A000027A68E7BDEEC00A5C4610EE103A4AF8E4
:1000B0002B3057E6F1EE666AB1EE477AF1EE677AD9
:1000C000C1ED006A81ED017AC1ED027A53E7F1EEEC
:1000D000476A77EEC77AC1ED006A002C8AD193E7B0
:1000E000F1EE677A45E7012815D002287FF4E7AEE4
:1000F0000EF03F034AF82130E1E6689B022B12DC48
:10010000002B17DC7FF437AF5FEDC07A2DE7049842
:100110004FEA800A28E50EF07F03022A4AF82130D0
:100120007FF489ADCEE6689B032B7FF424AFDFED2F
:10013000077AAAE7029BDDED327A1BB14FF000434C
:100140000B6061E700230B6060E700BF0000000068
:1001500051EC100BF8B5C1F30A53A3F2FF35132D80
:100160000C46064622DC002D42DB394B43FA05F7EC
:1001700001EA070303431ED033A3D3E90023BCF7EE
:1001800051FA00220023BCF793FE50B14FF48013C4
:100190002B41234413EA240338BF234623EA0704F0
:1001A00000262346324643EC102BF8BD332D05DDE7
:1001B000B5F5806F2CD041EC100BF8BDA3F21343C2
:1001C0004FF0FF3222FA03F318421F46F3D01EA36A
:1001D000D3E90023BCF726FA00220023BCF768FE0F
:1001E0000028DED0002C334620DB23EA0706D8E7C0
:1001F00015A3D3E90023BCF715FA00220023BCF7AE
:1002000057FE0028CDD0002C09DB00263446C8E775
:1002100002460B46BCF706FA41EC100BF8BD24F081
:10022000004426430DD14FF00044BAE7142D06D008
:10023000C5F134050122AA4013449E42D5D90134A8
:10024000D3E7044C0026ACE79C7500883CE4377E7D
:10025000FFFF0F000000F0BF10EE101AC1F3C752ED
:100260007F3A162A21F000431BDC002A1FDB1B48C3
:100270001041014224D0DFED1A7A70EE277AF5EEB4
:10028000C07AF1EE10FA1BDD4FF4000313410B446A
:1002900013EA210338BF0B4623EA000300EE103AAD
:1002A0007047B3F1FF4F0BD330EE000A7047DFED1C
:1002B0000C7A70EE277AF5EEC07AF1EE10FA00DCD7
:1002C0007047002902DB9FED070A704713B99FEDC5
:1002D000060A7047BFEE000AF2E700BFFFFF7F008B
:1002E000CAF2497100000000000000807FB50024C0
:1002F0001023CDE90234036815469E6912686B46E7
:10030000CDE90044B0479DF8043003F00603062B06
:1003100003BF009B2B600120204604B070BD0098F5
:1003200090420CBF062001207047000010B5034B1F
:100330000360044600F095F9204610BD80AB050827
:1003400010B50446FFF7F2FF2046082100F040F800
:10035000204610BD2DE9F0419846DDE90834069E9F
:100360009E420746154607D1079900F07FF918B15C
:1003700065710020BDE8F0814146384600F076F90D
:100380000028F6D0012326602571A371F1E738B566
:1003900015461C4600F06AF920B10823E3600623E5
:1003A0002560237138BD2DE9F04105460C461646FF
:1003B0001F4600F05BF948B9032F07D8236832467F
:1003C000294620465B69BDE8F0411847BDE8F08149
:1003D00000F0CFBB00F0CDBB2DE9F043064689B05D
:1003E000884617461D4620B90024204609B0BDE8BE
:1003F000F083026852F8083C52F8049C0022CDE9D0
:10040000052210220792C25852F8042C4A4500EBEC
:100410000304E9D1002D2BDA05AAD9F80030CDE983
:100420000262CDE900480622DC6929463B4648467F
:10043000A047059C002CD7D09DF81A1001F00603A8
:10044000062BD2D09DF819209DF81830134003F0E8
:100450000603062BC9D002F00502042AC4D00029E5
:10046000C2D18D420DDB2C44A642BDD1059CBCE718
:10047000DD42D1D13946484600F0F8F80028CBD00B
:10048000B3E7AB1CB0D03B6800961E6A22464346D9
:1004900029463846B04700F006000628E5E7012067
:1004A0007047000010B5034B0360044600F0D9F814
:1004B000204610BDE0AB050810B50446FFF7F2FF7B
:1004C00020460821FFF784FF204610BD012838BFD1
:1004D000012010B504462046DCF75AFF00B110BDDC
:1004E00000F05EFB08B9F7F70BFA8047F3E7FFF778
:1004F000EDBF01207047000010B5034B03600446B8
:1005000000F060FB204610BD30AC050810B5044675
:10051000FFF7F2FF20461021FFF75AFF204610BDDB
:10052000012B2DE9F04106460C4617461D4604D81E
:100530000B49C06800F09AF848B9F068E1680368B0
:100540001E693A46AB1CB446BDE8F0416047E0681E
:100550000368DB68984780F00100C0B2BDE8F08115
:1005600088AD050810B5034B03600446FFF7DEFEB7
:10057000204610BD88AC050810B50446FFF7F2FF11
:1005800020460C21FFF724FF204610BD2DE9F04145
:10059000069D95420746884616461C460AD0B8680E
:1005A000036806951D6A324623464146AC46BDE8BF
:1005B000F0416047194600F059F80028EFD00620B6
:1005C000BDE8F0812DE9F14F0E461946DDE90A4AF2
:1005D000DDE90C8583461746994600F047F890B14F
:1005E000002E2C602F7109DB3444A04514BF012478
:1005F0000624AC71002001B0BDE8F08F0236F9D1BD
:100600000123AB71F6E7444506D15146584600F048
:100610002DF808B16F71EDE7DBF808000368CDE94C
:100620000C85CDE90A4ADC693A464B463146A44678
:1006300001B0BDE8F04F60472DE9F04104460D469A
:1006400016461F46FFF7A3FE48B9A06803689C69D9
:1006500032463B462946A446BDE8F0416047BDE826
:10066000F08170470020704700207047814208B534
:100670000ED0406803782A2B0CD049680B782A2BBF
:1006800008BF0131BBF7ECFCB0FA80F0400908BDAF
:100690000120FCE70020FAE7FFF7E8BF10B5034BA5
:1006A00003600446FFF742FE204610BD00AD05087A
:1006B00010B50446FFF7F2FF20461821FFF788FE29
:1006C000204610BD2DE9F74FDDF830804245054644
:1006D000894617469A4605D0EE6805EBC60546B929
:1006E000012020E01946FFF7C1FF0028F4D00620C2
:1006F00019E0EC68A30719D5221214F0010404D004
:1007000019F1030F12D03B689A58A8680368CDF816
:100710000080D3F820B03A4453464946D8470328CE
:1007200004D92043C0B203B0BDE8F08F013E083DBC
:10073000D5E770B40D1E039C06DB2A4494420CBF1F
:100740000620012070BC7047023505D0056803946F
:100750002C6AA44670BC60470120F3E72DE9F04FF6
:100760008FB0CDE904231B9C1A9AA368DB0644BF13
:100770008368A360189B934281460F4608D119995C
:10078000FFF774FF20B1049B63714FF0000880E015
:1007900005994846FFF76AFF98B1189B2360002F20
:1007A000049B237108DB189B1F441A9BBB4214BF98
:1007B00001270627A771E8E70237E6D10123A371D5
:1007C000E3E78742A9BF1A9B0690DB1B06934FF015
:1007D00000080223CDE9088301230793D9F80CA070
:1007E00009EBCA0BBAF1000F0AD1089B002B50D0BD
:1007F000099B012B4DD001230993CDF81CA0EDE7F7
:100800000023CDE90B33DBF80C30A5680D95DE072E
:1008100048BF1898049A48BF00684FEA232144BF94
:1008200042F00102415818980144069838B18842B4
:10083000079E2CBF00200120B04200F0B480980732
:1008400006D4BB1C02D1AE0700F0AF8002F0FD025F
:10085000DBF808000BAD036803951A9D0295199DFE
:10086000CDE900153946DD69059BA84763799DF8F8
:1008700031209DF832500B991343DBB2062D637182
:1008800001D0022D09D19DF8303021602371A5716E
:10089000804640460FB0BDE8F08F2268B8F1000FE7
:1008A00013D1A2B99DF830202160227121B11BB172
:1008B000D9F80830DD07EBD56379042BE8D00AF1CD
:1008C000FF3AABF1080B80468CE7002A37D08A420A
:1008D00006D123799DF83020134323714046EBE77E
:1008E00009B90028FAD0032BA67904D9D90729D54C
:1008F000A3689B0726D57EB9032D05D9EE0741D500
:10090000D9F8083098073DD51A9B00930598199B94
:100910003946FFF70EFF0646E5B9032E05D9F10764
:1009200032D5D9F808309A072ED51A9B00930B9A26
:10093000199B05983946FFF7FCFE05460AE0002999
:10094000D1D1CBE7012E38BF0126012D38BF0125BB
:10095000F6B2EDB285EA0603DBB2032B16D9032DFE
:1009600081BF0B9B23602E469DF8303086BF2371DC
:1009700000204046B307A67102D416F001069BD1B1
:10098000002085E70126E5E70125E3E73540EDB2E4
:100990000023032D236003D90223A371012077E7ED
:1009A0000120A07188E701230893404687E72DE9DD
:1009B000F04F89B00646039191461C46FFF7E7FCCD
:1009C00000285ED1D4F80880F368009318F0100F67
:1009D00018BFD6F8088006EBC30508F001034FF0F6
:1009E000000A0293009B23B92079C01A18BF012086
:1009F00048E0EA68029BCDF810A002F0020B53EA2F
:100A00000B03CDE9068A8DF814A004D1009B013BAD
:100A10000093083DE6E702F001030193B9F1000FEE
:100A200033D0121213B1D9F800309A584A44A8684A
:100A3000039903689B691F4604ABB8470028E5D0BB
:100A4000079B082B03D1019B0BB1AB6807939DF863
:100A50001430032B06D9BBF1000F03D123F002039E
:100A60008DF81430E168C1B904AB0FCB84E80F00F6
:100A70002379032B05D99A0709D5B36813F0010F21
:100A8000C4D1012009B0BDE8F08F4A46CFE7DB07AB
:100A9000F7D5B36813F0020FF2E72368049A934284
:100AA00004D00023236002232371EAE72BB12379CA
:100AB0009DF8142013432371A8E707980828F2D063
:100AC0000829F0D0FFF7D2FD0028F0D1EBE708B5F8
:100AD000F6F716FF08B5F6F713FF08B5F6F710FF9F
:100AE00008B5F6F70DFF0FB408B5F6F709FF08B51E
:100AF000F6F706FF2DE9F041DDE906570E46904670
:100B00001C4635B1954231D82A4619463046D4F7AD
:100B100097FB9FB1454511D03A4606EB0801701985
:100B2000D4F78EFB454509D906EB080763199F42A8
:100B300006D32A4621463046D4F782FBBDE8F08131
:100B4000A74209D8A11BA1EB080129442A46314438
:100B50003046CBF78DFFF1E73F1B3A462146304642
:100B6000D4F76EFBEA1B7119F019F2E7002FD3D10D
:100B7000DAE7DCF70FBC000010B5034B0360044656
:100B8000FFF76FFD204610BD60AD050810B50446A7
:100B9000FFF7F2FF20460821FFF71AFC204610BDA0
:100BA000024B1868BFF35B8F704700BF1C330120F6
:100BB000C068C96810B4046824690233A44610BC34
:100BC0006047000010B5034B03600446FFF749FD82
:100BD000204610BDC8AD050810B50446FFF7F2FF6A
:100BE00020461021FFF7F4FB204610BD2DE9F04709
:100BF00004460E4617461D46FFF738FD81468046DF
:100C000068B928493046FFF731FDF0B1236826491D
:100C100053F8040CFFF72AFD30B1C7F800904FF0ED
:100C200001084046BDE8F0872368204953F8040CCA
:100C3000FFF71CFD48B1E0680368DB68984710B116
:100C40001B4B3B60EBE71B4BFBE73268236852F81A
:100C5000041C53F8040CFFF709FD00B3EA07E0D5C4
:100C6000B368A16803F0600001F0600230EA020C92
:100C700018BF134023EA010322EA00021A43D0D12D
:100C8000CB072368D3F818E058BF25F001052B46A1
:100C90003A4631462046F446BDE8F0476047804674
:100CA000BFE700BF7CAD05081CAC050820AE0508F9
:100CB000E8AD0508E4AD050807EE900AF5EEC07A48
:100CC000F1EE10FA01D400F009B808B580F0004048
:100CD00000F004F8404261EB410108BD70B5BBF77C
:100CE000FFFD0C4B002204460D46BBF751FEBCF73E
:100CF00027F90646BBF7D2FD074B0022BBF748FE9B
:100D000002460B4620462946BBF78AFCBCF718F979
:100D1000314670BD0000F03D0000F04170B50C4B55
:100D2000002204460D46BBF733FEBCF709F9064620
:100D3000BBF7B4FD074B0022BBF72AFE02460B4669
:100D400020462946BBF76CFCBCF7FAF8314670BD6B
:100D50000000F03D0000F0412DE9F04782B006466A
:100D6000DDF828E00846B4460D46002B4ED18A42F5
:100D700014466DD9B2FA82F242B1C2F12003954015
:100D800026FA03F394401D4306FA02FC260CA7B290
:100D9000B5FBF6F14FEA1C4306FB115543EA054348
:100DA00001FB07F0984209D9E31801F1FF3580F003
:100DB0000381984240F20081023923441B1A1FFA32
:100DC0008CFCB3FBF6F006FB10334CEA034C00FB43
:100DD00007F363450AD914EB0C0C00F1FF3580F0E2
:100DE000ED80634540F2EA80A444023840EA0140C5
:100DF000ACEB030C0021BEF1000F04D02CFA02F37F
:100E00000022CEE9003202B0BDE8F0878B4209D95A
:100E1000BEF1000F01D0CEE900610021084602B00A
:100E2000BDE8F087B3FA83F1174600294DD183421C
:100E300002D3B24200F20F81B6EB070C60EB030362
:100E400001201D46BEF1000FDDD0CEE900C5DAE776
:100E5000002A00F098801A46B4FA84F3002B40F080
:100E6000AF800B1B270CA6B20121B3FBF7F54FEAAD
:100E70001C4007FB153340EA034306FB05F8984581
:100E800007D9E31805F1FF3002D2984500F2E88057
:100E90000546A3EB08031FFA8CFCB3FBF7F007FB36
:100EA00010334CEA034C06FB00F3634508D914EBFE
:100EB0000C0C00F1FF3602D2634500F2CE803046C2
:100EC000ACEB030C40EA054095E7C1F120058B40EF
:100ED00022FA05FC4CEA030C00FA01F426FA05F3A9
:100EE000E84002FA01F943EA04084FEA1C4206FA14
:100EF00001FAB0FBF2F71FFA8CF602FB17004FEA7B
:100F0000184444EA004407FB06F0A0420AD91CEB4F
:100F1000040407F1FF3380F09C80A04240F29980E6
:100F2000023F6444241A1FFA88F3B4FBF2F002FB78
:100F3000104443EA044300FB06F69E4209D91CEB29
:100F4000030300F1FF3480F082809E427FD9023893
:100F5000634440EA0740A0FB09749B1BA3423E4642
:100F6000A04664D361D0BEF1000F0AD0BAEB0602EE
:100F700063EB080303FA05F5CA401543CB40CEE9FD
:100F8000005300213FE7730843EAC1734A08190C74
:100F900041EA02414FEAC67C9BB2B2FBF4F026461E
:100FA000A04627461F2243EA0143B1FBF4F1A3EB1D
:100FB000080341EA004158E72946FFE6284615E7BD
:100FC0001A46C3F120019C4026FA01F320FA01F1F0
:100FD00090400343270C06FA02FCB1FBF7F0A6B2DF
:100FE00007FB1015190C41EA054100FB06F58D427F
:100FF0003BD9611801D28D4220D8491B0138B1FB81
:10100000F7F5019505FB06F8019D9BB207FB15114D
:1010100043EA0143434526D2E31805F1FF31C6D226
:101020004345C4D2A91E2344C1E7BA459BD2B7EBBE
:10103000090664EB0C040138A04694E7651B2944BB
:101040000238B1FBF7F5019505FB06F8DCE7204611
:101050007FE71F4666E70846F4E6A44402382FE718
:10106000023D234415E70199A1E7491BB1FBF7F5C0
:10107000019505FB06F8C7E7F8B500BFF8BC08BC4A
:101080009E467047F8B500BFF8BC08BC9E46704746
:10109000FF7F307530750000FFFFFF7FFFFFFF7F90
:1010A00001000080FFFFFF7F280037004600370067
:1010B00078003700B400370028001E0037001E00FB
:1010C00046001E00780037000103040305030703F0
:1010D0000203030308030B030A0309030C03410380
:1010E0004403450347034203430348034B034A03B6
:1010F00049034C038103840385038703820383032D
:1011000088038B038A0389038C030000000000001E
:1011100000000000000000000000000000000000CF
:10112000F4014600320014001E0028000F001400D5
:10113000F4014600320014001E0028000F001400C5
:10114000A10F0000000000000000000000000000EF
:10115000000000000000000000000000000000008F
:10116000000000000000000000000000000000007F
:10117000FF7F3075FF7F0000FFFFFF7FFFFFFF7FD6
:1011800001000080FFFFFF7FC00000008096184B29
:101190008096984A8096184A0000000000000000DF
:1011A000000000000000000000000000000000003F
:1011B000000000000000000000000000000000002F
:1011C00020032103220326032703280329032A03DC
:1011D0002303240325032B032C0360036103620311
:1011E00066036703680369036A03630364036503B3
:1011F0006B036C03A003A103A203A603A703A80328
:10120000A903AA03A303A403A503AB03AC03000033
:1012100001000400000001009001900190012C01E8
:101220000A00F4010000280001000000FF7F307573
:10123000FF7F000032000000FFFFFF7F0100008001
:10124000FFFFFF7FBF450508000000000000000011
:101250000080BB4400E0AB46006086450000B4421D
:101260000000000000000000FFFFFFFF3C57733B41
:10127000295CF54120BCBE4B140000000000003F7B
:10128000FF0B000000000100040000000100FF0F40
:10129000323294024B0100000000002000000020C8
:1012A000878287820001000100000000E003E10363
:1012B000E203E303E403E503E603E703E8030000D6
:1012C000000000000000000000000000000000001E
:1012D0000000000064656661756C745461736B0096
:1012E00049444C450000000009256309257509257E
:1012F000750925750D0A000009257509092575254B
:10130000250D0A0009257509093C3125250D0A001E
:10131000546D725100000000546D722053766300CA
:101320005F757362645F7164656600004176616930
:101330006C61626C6520636C6173736573202875E2
:10134000736520636C732E302E68656C7020666F39
:1013500072206D6F726520696E666F293A0A00000F
:101360002E00000046343037564700005573616741
:10137000653A20002053697A653A2000307825309C
:10138000386C782530386C782530386C780000005F
:10139000253031366C6C78002C2066756E6374696C
:1013A0006F6E3A2000000000617373657274696F9C
:1013B0006E2022257322206661696C65643A20667E
:1013C000696C6520222573222C206C696E652025AE
:1013D00064257325730A00003031323334353637D3
:1013E0003839414243444546000000003031323331
:1013F0003435363738396162636465660000000051
:10140000286E756C6C2900004C435F434F4C4C4177
:10141000544500004C435F435459504500000000C0
:101420004C435F4D4F4E4554415259004C435F4E23
:10143000554D4552494300004C435F54494D4500CA
:101440004C435F4D4553534147455300494E460079
:10145000696E66004E414E006E616E003000000005
:10146000496E66696E697479000000004E614E0035
:1014700042616C6C6F63207375636365656465645A
:10148000000000002F7661722F746D702F6A656EF8
:101490006B696E732F776F726B73706163652F6703
:1014A0006E755F746F6F6C636861696E732F6172C4
:1014B0006D5F6275696C64732F61726D2D31352FAC
:1014C0007372632F6E65776C69622D6379677769D4
:1014D0006E2F6E65776C69622F6C6962632F73740F
:1014E000646C69622F64746F612E63002F76617281
:1014F0002F746D702F6A656E6B696E732F776F72C4
:101500006B73706163652F676E755F746F6F6C636B
:101510006861696E732F61726D5F6275696C647367
:101520002F61726D2D31352F7372632F6E65776C5D
:1015300069622D63796777696E2F6E65776C696272
:101540002F6C6962632F7374646C69622F6D7072A3
:1015500065632E6300000000D4120508000000003F
:101560000000000000000000000000000008000073
:10157000100000000000000000000000000000005B
:101580000102030400000000000000000102030447
:101590000607080900061016000610165852425396
:1015A0004400000000000000B583010845840108E4
:1015B00071840108C18401088185010855860108EC
:1015C00000000000000000000988010819880108D7
:1015D0001D8801082D880108E5880108D98A0108BD
:1015E0000000000000000000458C0108BD8C0108CF
:1015F000E98C0108118D0108158E0108198E01086A
:101600000000000000000050430000000400000043
:1016100000050000000004404D000000060000002E
:101620000010000000000050430000000400000013
:1016300000050000000004404D000000060000000E
:101640000010000004000A00C100C20001010201F4
:10165000030120012101010202020302040205022A
:1016600006020702080210021102200230024002A4
:1016700041024202430244024502500260026102FA
:101680008002810282028302840285028602900225
:101690000003010302030303040305030703080314
:1016A00009030A030B030C0320032103220326036F
:1016B0002703280329032A032C034103420343037E
:1016C000440345034703480349034A034B034C03C0
:1016D00060036103620366036703680369036A03C7
:1016E0006C038103820383038403850387038803D8
:1016F00089038A038B038C03A003A103A203A6031F
:10170000A703A803A903AA03AC03C003C103C20330
:10171000C303C403C503D003D103D203D303D4034B
:10172000E003E103E203E303E403E503E603E70385
:10173000E803000401041004110413041404000558
:10174000010502050305040505050605070508054D
:1017500009050A050B050C050D050E050F051005FD
:1017600011051205130514051505160517050000CA
:101770000100020004000A00C100C20001010201D0
:1017800003012001210101020202030204020502F9
:101790000602070208021002110220023002400273
:1017A00041024202430244024502500260026102C9
:1017B0007002800281028202830284028502860214
:1017C000900200030103020303030403050307035C
:1017D000080309030A030B030C032003210322035C
:1017E00023032403250326032703280329032A03AD
:1017F0002B032C03410342034303440345034703E4
:10180000480349034A034B034C036003610362032B
:1018100063036403650366036703680369036A037C
:101820006B036C03810382038303840385038703B3
:10183000880389038A038B038C03A003A103A203FB
:10184000A303A403A503A603A703A803A903AA034C
:10185000AB03AC03C003C103C203C303C403C5038A
:10186000D003D103D203D303D403E003E103E203A3
:10187000E303E403E503E603E703E80300040104EC
:1018800010041104130414040005010502050305E6
:101890000405050506050705080509050A050B05E4
:1018A0000C050D050E050F05100511051205130594
:1018B000140515051605170505010904A101A10068
:1018C000850105091901294015002501954075017B
:1018D000810205010930093109320933093409351A
:1018E0000937093616018026FF7F75109508810299
:1018F000C00600FF0900A10185A109011500260409
:101900000075089501910109027510950191010971
:10191000037508950191010904752095019101094C
:101920000575409501910109067540950191018564
:10193000A10901150026040075089501810109021D
:10194000751095018101090375089501810109044C
:1019500075209501810109057540950181010906F0
:10196000754095018101C0050F0992A10285020908
:101970009F09A009A409A609941500250135004571
:101980000175019505810295038103C00921A1021A
:10199000850109221501252835014528750895017D
:1019A00091020925A10209260927093009310932C6
:1019B000093309340940094109420943250B15013E
:1019C0003501450B750895019100C009500954096E
:1019D0005109A7150026FF7F350046FF7F660310DB
:1019E00055FD7510950491025500660000095215C9
:1019F0000026FF0035004610277508950191020961
:101A0000531501250835014508750895019102090E
:101A100055A102050109300931150025017501950F
:101A2000029102C0050F0956950191029505910397
:101A30000957A1020B01000A000B02000A006614FC
:101A40000055FE150027A08C0000350047A08C0033
:101A5000006600007510950291025500660000C0F6
:101A6000050F0958A1020B01000A000B02000A0031
:101A700026FD7F751095029102C0C0095AA102850A
:101A8000020922150125283501452875089501917F
:101A900002095B095D16000026FF7F36000046FF45
:101AA0007F751095029102095C095E66031055FD71
:101AB00027FF7F000047FF7F00007520910245004F
:101AC0006600005500C0095FA102850309221501C7
:101AD000252835014528750895019102092315002F
:101AE0002503350045037504950191020958A102AB
:101AF0000B01000A000B02000A0075029502910218
:101B0000C016008026FF7F36008046FF7F09607583
:101B1000109501910236008046FF7F0961096295A8
:101B200002910216000026FF7F36000046FF7F0963
:101B3000630964751095029102096546FF7F95015E
:101B40009102C0096EA102850409221501252835DC
:101B5000014528750895019102097016000026FFBD
:101B60007F36000026FF7F751095019102096F16E0
:101B7000008026FF7F36008046FF7F95017510911B
:101B800002097166140055FE1500279F8C00003570
:101B900000479F8C00007510950191020972150194
:101BA00027FF7F0000350147FF7F000066031055C7
:101BB000FD7520950191026600005500C00973A1D2
:101BC0000285050922150125283501452875089546
:101BD000019102097016018026FF7F36018046FFC1
:101BE0007F751095019102C00974A1028506092232
:101BF00015012528350145287508950191020975BB
:101C0000097616008026FF7F36008046FF7F75101C
:101C100095029102C0050F0977A102850A092215D4
:101C2000012528350145287508950191020978A1FB
:101C3000020979097A097B15012503750895019137
:101C400000C0097C150026FF00350046FF00910208
:101C5000C00990A102850B092215012528350145EF
:101C600028750895019102C00995A102850C099675
:101C7000A102099709980999099A099B099C1501DC
:101C80002506750195089102C0C0097DA102850D48
:101C9000097E150026FF00350046102775089501BE
:101CA0009102C009ABA10285110925A102092609EB
:101CB000270930093109320933093409400941093A
:101CC000420943250B15013501450B75089501B1F6
:101CD00000C00501093B150026FF01350046FF0144
:101CE000750A9501B1027506B101C0050F0989A1F8
:101CF0000285120922252815013501452875089508
:101D000001B102098BA102098C098D098E150125EB
:101D1000033501450375089501B100C009AC1500F4
:101D200027FFFF0000350047FFFF000075109501F9
:101D3000B100C0097FA102851309807510950115B6
:101D400000350027FFFF000047FFFF0000B1020938
:101D50008326FF0046FF0075089501B10209A90915
:101D6000AA750195021500250135004501B10275DE
:101D7000069501B103C0C00005010904A101A1003D
:101D800085010509190129401500250195407501B6
:101D90008102050109300931093209330934093555
:101DA0000937093616018026FF7F751095088102D4
:101DB000C00600FF0900A10185A109011500260444
:101DC00000750895019101090275109501910109AD
:101DD0000375089501910109047520950191010988
:101DE00005754095019101090675409501910185A0
:101DF000A109011500260400750895018101090259
:101E00007510950181010903750895018101090487
:101E1000752095018101090575409501810109062B
:101E2000754095018101C0C0766563746F723A3A5E
:101E30005F4D5F7265616C6C6F635F617070656E42
:101E40006400766563746F723A3A5F4D5F646566ED
:101E500061756C745F617070656E640063616E6E55
:101E60006F7420637265617465207374643A3A76A6
:101E70006563746F72206C6172676572207468614B
:101E80006E206D61785F73697A65282900456E61FF
:101E9000626C65206C6F77706173732066696C7417
:101EA0006572730066696C746572004175746F7257
:101EB000616E67696E67006175746F63616C004184
:101EC0006E616C6F67206F75747075742076616CCD
:101ED00075657300416C6C207261772076616C755A
:101EE00065730072617776616C004D696E20766172
:101EF0006C7565206C696D697420286164723D633E
:101F000068616E29006D696E004D61782076616CA4
:101F10007565206C696D697420286164723D636821
:101F2000616E29006D61780062617369635F73742B
:101F300072696E673A3A5F4D5F63726561746500FE
:101F400062617369635F737472696E673A20636F6D
:101F50006E737472756374696F6E2066726F6D2034
:101F60006E756C6C206973206E6F742076616C697D
:101F7000640052533438352053696D706C656D6F51
:101F800074696F6E20696E74657266616365005472
:101F90004D433436373120696E746572666163650E
:101FA000004646422061786973003030303130326B
:101FB00030333034303530363037303830393130F6
:101FC00031313132313331343135313631373138E5
:101FD00031393230323132323233323432353236D4
:101FE00032373238323933303331333233333334BA
:101FF00033353336333733383339343034313432A0
:102000003433343434353436343734383439353085
:102010003531353235333534353535363537353874
:102020003539363036313632363336343635363663
:102030003637363836393730373137323733373449
:10204000373537363737373837393830383138322F
:102050003833383438353836383738383839393015
:102060003931393239333934393539363937393804
:1020700039390062617369635F737472696E673ABC
:102080003A617070656E64004F766572616C6C20A9
:10209000666F72636520737472656E677468007032
:1020A0006F77657200526F746174696F6E20726130
:1020B0006E676520696E2064656700646567726598
:1020C000657300456E6473746F702073746966661F
:1020D0006E6573730065736761696E005A65726F30
:1020E0002061786973007A65726F656E6300496E6E
:1020F00076657274206178697300696E76657274B2
:102100000049646C6520737072696E672073747225
:10211000656E6774680069646C65737072696E6778
:1021200000496E646570656E64656E742064616DEF
:1021300070657220656666656374006178697364B2
:10214000616D70657200496E646570656E64656E80
:1021500074206672696374696F6E20656666656374
:102160007400617869736672696374696F6E00499F
:102170006E646570656E64656E7420696E657274F8
:102180006961206566666563740061786973696E6C
:10219000657274696100456E636F6465722074795D
:1021A0007065206765742F7365742F6C6973740094
:1021B000656E6374797065004D6F746F7220647220
:1021C000697665722074797065206765742F736510
:1021D000742F6C697374006472767479706500454D
:1021E0006E636F64657220706F736974696F6E00DF
:1021F0005370656564206C696D697420696E206434
:1022000065672F73006D6178737065656400546F46
:10221000727175652072617465206C696D697420D6
:10222000696E20636F756E74732F6D73006D6178C6
:10223000746F727175657261746500456666656379
:102240007420726174696F2E2052656475636573C2
:102250002067616D652065666665637473206578C7
:10226000636C7564696E6720656E6473746F702E3D
:10227000203235353D313030250066787261746921
:102280006F004178697320746F72717565006375B2
:1022900072746F72717565004178697320706F7325
:1022A0006974696F6E00637572706F73004178694D
:1022B00073207370656564006375727370640041A8
:1022C00078697320616363656C0063757261636331
:1022D000656C00456E636F64657220746F20617871
:1022E0006973206765617220726564756374696FD4
:1022F0006E202876616C202F206164722920312D98
:1023000032353600726564756374696F6E004269B8
:10231000717561642066696C7465722070726F6695
:10232000696C6520666F7220737065656420616EEC
:102330006420616363656C0066696C7465725072D9
:102340006F66696C655F69640042697175616420DC
:1023500066696C746572206672657120616E6420B6
:10236000712A31303020666F7220737065656400A9
:1023700066696C7465725370656564004269717555
:1023800061642066696C7465722066726571206193
:102390006E6420712A31303020666F722061636371
:1023A000656C0066696C746572416363656C0052AC
:1023B00065706F7274656420656E636F646572200A
:1023C00043505200637072004578706F6E656E7492
:1023D00069616C20637572766520636F72726563E4
:1023E00074696F6E2028785E2876616C2F6578702E
:1023F0006F7363616C65292B3129005363616C65D0
:102400007220636F6E7374616E7420666F722065E4
:1024100078706F006578706F7363616C65004178E8
:102420006973206F7574206F6620626F756E6473B8
:102430000043414E2073706565642070726573655A
:102440007420282120666F72206C697374290053F0
:10245000656E642043414E206672616D652E204199
:1024600064722656616C7565207265717569726556
:10247000640073656E6400536574206C656E6774E8
:1024800068206F66206E657874206672616D657372
:10249000006C656E0063616E0062617369635F73F7
:1024A0007472696E673A3A5F4D5F7265706C616312
:1024B000650043616E20706F7274006261736963BE
:1024C0005F737472696E673A3A73756273747200FF
:1024D00025733A205F5F706F73202877686963689F
:1024E00020697320257A7529203E20746869732D30
:1024F0003E73697A652829202877686963682069AE
:102500007320257A752900737973005B3E21000AD8
:102510005D000A5072656669782C436C61737320A4
:1025200049442C20436C6173732064657363726942
:102530007074696F6E0A0030782558003A20004E9A
:102540006F20636F6D6D616E64732E00436F6D6DF0
:10255000616E64206E616D652C434D442049442CAE
:10256000204465736372697074696F6E2C20466CC9
:102570006167730A003078256C580020520020579C
:102580000020574100205241002028535452290076
:10259000202844454255472900293A0A00636D64C2
:1025A00009666C6167730964657363726970746945
:1025B0006F6E0A0A0009280020535452002044423A
:1025C0004700202909004944206F6620636C61732D
:1025D00073006E616D65206F6620636C61737300BC
:1025E0006E616D65005072696E74732068656C7001
:1025F00020666F7220636F6D6D616E647300436F50
:102600006D6D616E642068616E646C657220696EC8
:1026100064657800636D6475696400436F6D6D6116
:102620006E642068616E646C657220696E7374619B
:102630006E6365206E756D62657200696E7374619C
:102640006E636500466C616773206F66206120636E
:102650006F6D6D616E642069642028616472292E3B
:10266000202D3120696620636D6420696420696EC5
:1026700076616C696400636D64696E666F0053799E
:102680006E7461783A0A4765743A20636C732E2839
:10269000696E7374616E63652E29636D643F206F8C
:1026A0007220636C732E28696E7374616E63652E7D
:1026B00029636D643F6164720A5365743A20636CE8
:1026C000732E28696E7374616E63652E29636D6461
:1026D0003D76616C206F7220636C732E28696E7377
:1026E00074616E63652E29636D643D76616C3F6134
:1026F000647200434443434D440055415254434D9A
:1027000044005541525420696E7465726661636578
:102710002E200043444320696E74657266616365D0
:102720002E20004F4B004E4F545F464F554E4400F5
:10273000455252004E6F6E65005D0A007665637407
:102740006F723A3A5F4D5F72616E67655F696E7373
:1027500065727400436F6E74726F6C7320696E746F
:1027600065726E616C2046464220656666656374DC
:102770007300667800465843616C6300436F6E7364
:1027800074616E7420666F7263652066696C74652F
:1027900072206672657175656E63790066696C7426
:1027A000657243664672657100436F6E7374616E45
:1027B0007420666F7263652066696C74657220515F
:1027C0002D666163746F720066696C74657243662E
:1027D0005100537072696E67206761696E004672BE
:1027E000696374696F6E206761696E0044616D7022
:1027F0006572206761696E00496E65727469612057
:102800006761696E0055536564206566666563742B
:10281000732073696E63652072657365742028493F
:102820006E666F207072696E7420617320737472AB
:10283000292E20736574203020746F2072657365B3
:1028400074004C69737420656666656374732064F4
:10285000657461696C732E20736574203020746F09
:10286000207265736574006566666563747344659C
:102870007461696C73004C69737420616374756171
:102880006C206566666563747320666F726365733A
:102890002E0065666665637473466F7263657300C8
:1028A00044616D7065722062697175616420667241
:1028B00065710064616D7065725F660044616D7082
:1028C00065722062697175616420710064616D7068
:1028D00065725F71004672696374696F6E20626928
:1028E00071756164206672657100667269637469EE
:1028F0006F6E5F66004672696374696F6E2062690D
:10290000717561642071006672696374696F6E5FCE
:102910007100496E657274696120626971756164E4
:10292000206672657100696E65727469615F660028
:10293000496E6572746961206269717561642071A4
:1029400000696E65727469615F7100436F6E6469DE
:1029500074696F6E616C206566666563747320666A
:10296000696C7465722070726F66696C653A2030AC
:102970002064656661756C743B20312063757374E7
:102980006F6D0025206F66206D617820737065651E
:102990006420666F72206772616475616C20696E75
:1029A000637265617365006672696374696F6E5006
:1029B00063745370656564546F52616D7075700017
:1029C00025660062617369635F737472696E673A4A
:1029D0003A7265706C616365007B226D6178223AA2
:1029E000002C202263757272223A002C20226E6223
:1029F000223A007D002C20007363616C653A002C44
:102A0000666163746F723A00436F6E7374616E74C3
:102A10002C0052616D702C005371756172652C0031
:102A200053696E652C00547269616E676C652C0089
:102A3000536177746F6F74682055702C0053617701
:102A4000746F6F746820446F776E2C0053707269D6
:102A50006E672C0044616D7065722C00496E657262
:102A60007469612C004672696374696F6E2C00434F
:102A70007573746F6D2C00456666656374730065CD
:102A800072727072696E74007761726E006372693F
:102A900074006E6F20696E666F00434D445F4D4158
:102AA000494E00496E76616C696420636F6D6D619B
:102AB0006E64004572726F72207768696C6520657C
:102AC0007865637574696E6720636F6D6D616E64A0
:102AD00000484944434D4400656666656374735F0E
:102AE00063616C6320213D206E756C6C70747200A4
:102AF0007669727475616C20766F696420486964C8
:102B00004646423A3A7365745F46464228626F6FA2
:102B10006C29004646426F6172642F5372632F48DE
:102B200069644646422E63707000766972747561FE
:102B30006C20766F6964204869644646423A3A736D
:102B400065745F6761696E2875696E74385F742992
:102B500000766F6964204869644646423A3A736574
:102B6000745F66696C74657273284646425F456699
:102B7000666563742A290049324320737065656471
:102B800020707265736574006932630049324320B6
:102B9000706F72740066786D0046464220616374FF
:102BA0006976650066666273746174650045666681
:102BB0006563742074797065005265736574206173
:102BC0006C6C2065666665637473206F7220656641
:102BD0006665637420616472004372656174652088
:102BE0006E657720656666656374206F662074790C
:102BF00070652076616C2E2052657475726E73203C
:102C0000696E646578206F72202D31206F6E2065AB
:102C10007272006E657700313662206D61676E6991
:102C200074756465206F66206E6F6E20636F6E64CE
:102C30002E2065666665637420616472006D61674D
:102C400000456E61626C652F44697361626C65203A
:102C50006566666563742061647200506572696FB1
:102C600064206F6620656666656374206164720027
:102C7000706572696F64004475726174696F6E206B
:102C80006F662065666665637420616472006475B2
:102C9000726174696F6E004F6666736574206F664B
:102CA00020636F6E642E20656666656374206164C0
:102CB0007200446561647A6F6E65206F6620636F91
:102CC0006E642E20656666656374206164720064BC
:102CD0006561647A6F6E65005361747572617469C1
:102CE0006F6E206F6620636F6E642E20656666656A
:102CF0006374206164720073617400436F6566667B
:102D0000696369656E74206F6620636F6E642E2040
:102D10006566666563742061647200636F656666EC
:102D2000004761696E20666F722074686973206164
:102D30007869732028696E7374616E636529203128
:102D4000366200617869736761696E00436F6E7304
:102D500074616E743D312C52616D703D322C537133
:102D6000756172653D332C53696E653D342C547228
:102D700069616E676C653D352C536177746F6F7454
:102D8000682055703D362C536177746F6F746820DE
:102D9000446F776E3D372C537072696E673D382CE7
:102DA00044616D7065723D392C496E65727469615C
:102DB0003D31302C4672696374696F6E3D3131006C
:102DC00045666665637473206D616E616765720048
:102DD0005072696E742073797374656D2068656CC8
:102DE0007000577269746520616C6C20736574742F
:102DF000696E677320746F20666C6173680073611D
:102E00007665005265736574206368697000726549
:102E1000626F6F74007265626F6F7420696E746F99
:102E20002044465520626F6F746C6F616465720058
:102E3000646675004C69737420617661696C6162C7
:102E40006C65206D61696E636C6173736573006C92
:102E5000736D61696E004C69737420616374697687
:102E60006520636C6173736573202846756C6C6EA6
:102E7000616D653A636C736E616D653A696E73740A
:102E80003A636C7369643A69647829006C736163AE
:102E90007469766500496E7465726E616C20766F38
:102EA0006C74616765286D56290076696E740045FB
:102EB000787465726E616C20766F6C7461676528DA
:102EC0006D56290076657874005175657279206FAA
:102ED00072206368616E6765206D61696E636C6105
:102EE0007373004669726D776172652076657273DF
:102EF000696F6E00737776657200486172647761FE
:102F00007265207479706500687774797065005710
:102F1000726974652076616C756520746F20666CCB
:102F2000617368206164647265737300666C6173B9
:102F300068726177005265616420616C6C20666C18
:102F4000617368207661726961626C6573202876AE
:102F5000616C3A6164722900666C61736864756DB6
:102F6000700052656164206572726F7220737461C3
:102F7000746573005265736574206572726F727345
:102F8000006572726F7273636C72004D656D6F7263
:102F90007920696E666F00686561706672656500AC
:102FA0005461736B207374617473007461736B7319
:102FB000746174730073657420666F726D61743D23
:102FC0003120746F20657261736520616C6C2073B1
:102FD000746F7265642076616C75657300666F72DC
:102FE0006D617400456E61626C65206F722064696A
:102FF0007361626C6520646562756720636F6D6DD7
:10300000616E647300646562756700476574206370
:103010006869702064657620696420616E6420723E
:10302000657620696400646576696400476574208C
:103030003936622063686970207569642E204164A6
:1030400072302D322073656C20626C6B00436869AE
:10305000702074656D706572617475726520696E3B
:1030600020430074656D7000416363657373204F86
:103070005450206D656D6F7279006F7470004368F5
:103080006970207369676E617475726520696E205E
:103090004F54502E2073657461647220746F2077D2
:1030A0007269746520646174612E207365743D31AA
:1030B00020746F206C6F636B007369676E61747549
:1030C0007265005461736B206C6973740074617372
:1030D0006B6C6973740062617369635F73747269A6
:1030E0006E673A3A5F4D5F7265706C6163655F61F0
:1030F00075780053797374656D20436F6D6D616EE3
:103100006473002530386C782530386C7825303879
:103110006C7800555342004272616B652072657392
:103120006973746F7220737475636B206F6E0031F6
:1031300030306B003132356B003235306B0035305A
:10314000306B00313030306B003130306B622F73B8
:10315000003430306B622F730041445331313133CE
:103160002F342F3520616E616C6F6720736F75721D
:10317000636500766563746F723A3A5F4D5F6669A6
:103180006C6C5F617070656E6400616473416E6148
:103190006C6F67006164733131317800416D6F7518
:1031A0006E74206F6620696E707574732028312DDF
:1031B00034206F7220312D32206966206469666682
:1031C0006572656E7469616C2900696E70757473DF
:1031D00000446966666572656E7469616C206D6F26
:1031E000646520284368303D20307020316E2043D4
:1031F00068313D20327020336E29006469666600B4
:10320000504741207363616C652028302D352900BB
:103210004461746120726174652028302D37290063
:10322000362E313434563A302C342E303936563A24
:10323000312C322E303438563A322C312E30323452
:10324000563A332C302E353132563A342C302E3219
:103250003536563A350038205350533A302C3136F3
:10326000205350533A312C3332205350533A322C9E
:103270003634205350533A332C3132382053505384
:103280003A342C323530205350533A352C343735BC
:10329000205350533A362C383630205350533A3757
:1032A00000414453313131582041444300342031EE
:1032B0003662206178657320706572203634622032
:1032C0007061636B65740063616E616E616C6F67E2
:1032D0000043414E206672616D65204944206F664F
:1032E000206669727374207061636B65742E204E62
:1032F000657874207061636B65742049442B3100DC
:10330000416D6F756E74206F6620616E616C6F67C2
:103310002061786573004D61786D696D756D206110
:103320006D6F756E74206F6620616E616C6F6720C3
:1033300061786573006D6178616D6F756E740043BF
:10334000414E20416E616C6F670043414E206275B3
:1033500073206465627567206272696467652E20F8
:103360005468697320636C617373206973204756D6
:103370005245542F536176767943414E20636F6DE9
:1033800070617469626C65210053656E6420612010
:103390006672616D65206F7220676574206C617361
:1033A00074207265636569766564206672616D6517
:1033B0000053656E64206120525452206672616D24
:1033C0006500727472004368616E6765206F7220D9
:1033D0006765742043414E20626175640043414E2D
:1033E0003A0043414E20427269646765202847567F
:1033F000524554290063616E62746E00416D6F75B1
:103400006E74206F6620627574746F6E73006274E0
:103410006E6E756D00496E76657274206275747497
:103420006F6E730043414E206672616D65204944A2
:103430000043414E20427574746F6E730052656D87
:103440006F74652043414E20416E616C6F672F445D
:1034500069676974616C20736F757263650042758A
:1034600074746F6E206F75747075742043414E20B4
:1034700049440063616E696462746E00416E616C00
:103480006F67206F75747075742073746172742027
:1034900043414E2049440063616E696461696E0076
:1034A000456E61626C656420627574746F6E207322
:1034B0006F75726365730062746E74797065730002
:1034C000456E61626C6520627574746F6E20736FF7
:1034D000757263650061646462746E004765742090
:1034E000617661696C61626C6520627574746F6E7F
:1034F00020736F7572636573006C7362746E004540
:103500006E61626C656420616E616C6F6720736FC1
:1035100075726365730061696E74797065730047D5
:10352000657420617661696C61626C6520616E61B1
:103530006C6F6720736F7572636573006C7361697C
:103540006E00456E61626C6520616E616C6F672014
:10355000736F757263650061646461696E004341F5
:103560004E20696E74657276616C207261746500BC
:1035700043757272656E74206469676974616C204A
:103580006F757470757473006476616C7300437545
:103590007272656E7420616E616C6F67206F7574F6
:1035A00070757473006176616C73004646424D41DC
:1035B000494E0043414E2072656D6F746520446929
:1035C000676974616C2F416E616C6F67004269744A
:1035D00073206F66207265736F6C7574696F6E000F
:1035E000626974730053504920737065656420707C
:1035F000726573657420312D330043524320657228
:10360000726F7220636F756E7400496E76657274A6
:1036100020646972656374696F6E006269737365B3
:103620006E630042495353454E4300424953532D64
:1036300043004C6F63616C2041424E20656E636FA6
:103640006465720A00435052206F6620656E636F96
:1036500064657200456E61626C6520696E646578B0
:103660002070696E006C6F63616C656E63004C6FF7
:1036700063616C2041424E0053504920535349200E
:10368000456E636F6465720A00535049207370651C
:1036900065642070726573657420302D3200457248
:1036A000726F7220636F756E7400535049206D6F96
:1036B000646500737369656E63006B487A3A005302
:1036C00053490052617700414D54323300466F72C6
:1036D000636520666565646261636B2048494420C8
:1036E00067616D6520636F6E74726F6C6C657200DC
:1036F0004849442047616D657061642028457874AD
:10370000204646422900456D657267656E637920E3
:1037100073746F7020627574746F6E207472696751
:103720006765726564004646422000487A0A555330
:1037300042200046464220737461747573006666C9
:1037400062616374697665004765742065737469A6
:103750006D61746564206566666563742075706468
:103760006174652073706565640068696472617472
:10377000650047657420657374696D6174656420C4
:10378000636F6E737420666F726365207261746517
:1037900000636672617465004368616E6765204806
:1037A00049442067616D657061642075706461745F
:1037B0006520726174650068696473656E64737016
:1037C0006400456D657267656E63792073746F7010
:1037D000006573746F7000464642204A6F797374B7
:1037E00069636B202832204178697329004646427C
:1037F00020576865656C202831204178697329005D
:103800004661696C73616665206D61696E636C61A8
:1038100073732077697468206E6F206665617475B4
:103820007265732E2043686F6F7365206120646931
:1038300066666572656E74206D61696E636C617336
:10384000732E207379732E6C736D61696E20746FA3
:10385000206765742061206C69737400426173692C
:103860006320284661696C736166652900416E6159
:103870006C6F672070696E7320736F757263650A71
:10388000006170696E00456E61626C6564207069EC
:103890006E7300417661696C61626C652070696E5F
:1038A000730041494E2D50696E7300446967697415
:1038B000616C2070696E20627574746F6E20736F16
:1038C00075726365006470696E0050696E20706F78
:1038D0006C61726974790070696E2076616C7565CF
:1038E0007300546F67676C6520746F2070756C731C
:1038F00065206D6F6465206D61736B0070756C730E
:103900006500442D50696E7300506C617973204DD1
:103910004944492076696120544D4334363731009B
:10392000496E74656E736974790052616E676520C3
:103930006F66207068617365206368616E676500FB
:1039400072616E6765004D4944492028544D4329F2
:103950000050574D206F7574707574206D6F746FC3
:1039600072206472697665720070776D6472760099
:1039700050574D20706572696F642073656C656384
:1039800074696F6E0050574D206D6F64650052432F
:103990002050504D0030252D3530252D313030252B
:1039A0002043656E746572656400302D31303025BA
:1039B0002050574D2F44495200302D3130302520B2
:1039C0006475616C2050574D00336B687A00396B19
:1039D000687A0031376B687A0032346B687A00326B
:1039E000306D730031356D730031306D730063726B
:1039F000636572720055415254206572726F722075
:103A0000636F756E74007561727465727200566FC3
:103A10006C7461676520696E206D5600546F727119
:103A2000756520696E206D41005374617475732053
:103A3000666C61677300526573746172742064729E
:103A400069766572007265737461727400526561A3
:103A5000642F577269746520726177207265676997
:103A600073746572007265670044657669636520EA
:103A700074797065006465767479706500736D3271
:103A80000053696D706C656D6F74696F6E2064654D
:103A90007669636520696E76616C696420636F6E18
:103AA00066696775726174696F6E0053696D706CD9
:103AB000656D6F74696F6E20320053696D706C654F
:103AC0006D6F74696F6E2031006D74656E63004DAB
:103AD00054454E4300637300506F736974696F6E91
:103AE00000506172697479206572726F7220636F21
:103AF000756E7400456E636F646572206D6F6465EA
:103B000020284D54363832353D303B4D543638330D
:103B1000353D31290053504920737065656420702C
:103B2000726573657400526561642F5772697465BC
:103B300020726567697374657200536176652074DD
:103B40006F206D656D6F7279004D54363832353A9D
:103B5000300A4D54363833353A31004D61676E5472
:103B6000656B20535049004F4472697665206D6F34
:103B7000746F722064726976657220776974682048
:103B800043414E0043414E206964206F66204F44FC
:103B9000726976650043414E20626175647261749A
:103BA000650063616E737064004F447269766520CE
:103BB0006572726F7220666C616773004F44726940
:103BC0007665207374617465004D617820746F723E
:103BD00071756520746F2073656E6420666F722046
:103BE0007363616C696E67006D6178746F72717573
:103BF00065004F447269766520566275730076627F
:103C0000757300536574203120746F207374617272
:103C10007420616E7469636F6767696E67206361A2
:103C20006C6962726174696F6E00616E7469636F52
:103C30006767696E67004F447269766520636F6ECF
:103C40006E656374696F6E2073746174650053747C
:103C50006F726520656E636F646572206F66667350
:103C600065740073746F7265706F73006F64727641
:103C7000004F4452495645004F44726976652028EA
:103C80004D3129004F447269766520284D30290056
:103C900062746E6E756D2F38206465766963657326
:103CA0002072657175697265642E20416464726565
:103CB00073736573207374617274696E67206174C5
:103CC00020307832302E0070636662746E003430BB
:103CD000306B622F73206D6F646500493243205052
:103CE0004346383537340043414E206964206F66BF
:103CF000206D6F746F72004572726F7220666C6116
:103D00006773004D6178696D756D206D6F746F72AA
:103D10002063757272656E7420696E20302E3031AA
:103D20004120285768656E20616374697665726505
:103D3000717565737473206F6E29004375727265B7
:103D40006E7420696E20302E30314120285768650E
:103D50006E206163746976657265717565737473DD
:103D6000206F6E2900637572720054656D70657204
:103D7000617475726520696E20C2B043202857684F
:103D8000656E2061637469766572657175657374BB
:103D900073206F6E2900566F6C7461676520696EC1
:103DA00020302E315620285768656E206163746973
:103DB00076657265717565737473206F6E29003155
:103DC00020746F2073656E6420616374697665206A
:103DD000706F736974696F6E207265717565737445
:103DE0007320666F722068696768657220726174FB
:103DF00065730072657175657374706F73004E61E1
:103E00006D65206F66206D6F746F72006D6F6465F5
:103E10006C00726D6400524D4400524D44204D7947
:103E20004163747561746F722028322900524D44C9
:103E3000204D794163747561746F722028312900B7
:103E4000535049203220427574746F6E004375746C
:103E500020627574746F6E73207269676874006293
:103E6000746E63757400496E766572740062746E68
:103E7000706F6C004E756D626572206F66206275A2
:103E800074746F6E73005350492043532070696EF1
:103E90000073706973706565640073706962746E35
:103EA0000046617374004D656469756D00536C6FF5
:103EB00077005468727573746D61737465722F48FE
:103EC0004546343032314254003734787831363513
:103ED0000053504920427574746F6E732032005342
:103EE000504920427574746F6E73203100416E61C9
:103EF0006C6F6720362B31206765617220736869AB
:103F00006674657220627574746F6E20736F75725B
:103F100063650053686966746572206D6F6465003F
:103F2000582D7468726573686F6C6420666F7220B8
:103F30003126322067656172730078313200582D66
:103F40007468726573686F6C6420666F72203526C2
:103F5000362067656172730078353600592D7468B4
:103F6000726573686F6C6420666F72203126332629
:103F700035206765617273007931333500592D74CE
:103F800068726573686F6C6420666F7220322634C5
:103F900026362067656172730079323436005069C5
:103FA0006E20666F722052207369676E616C0072BA
:103FB000657662746E0043532070696E20666F727E
:103FC00020535049206D6F64657300637370696E90
:103FD0000058207369676E616C20616E616C6F6759
:103FE0002070696E00786368616E0059207369679C
:103FF0006E616C20616E616C6F672070696E007914
:104000006368616E00416E616C6F672076616C75EC
:104010006573004465636F64656420676561720061
:1040200073686966746572004732392D48004732FB
:10403000392053657175656E7469616C004732375C
:104040002D48004732372053657175656E7469617C
:104050006C005368696674657220416E616C6F67AD
:1040600000544D432063616C6962726174696F6EC4
:10407000206661696C656400456E636F64657220DB
:10408000646964206E6F74206D6F7665206475724C
:10409000696E6720616C69676E6D656E7400456E50
:1040A000636F64657220646972656374696F6E2002
:1040B000726576657273656420647572696E6720D7
:1040C000636865636B00544D4320414443206F6631
:1040D000667365742063616C6962726174696F6E86
:1040E000206661696C65642E0050494420417574F6
:1040F0006F74756E652073756363657373005049E3
:1041000044204175746F74756E65206661696C65D5
:104110006400456E636F64657220616C69676E6DE3
:10412000656E74206661696C6564004572726F72B9
:1041300020647572696E6720636865636B00416C0B
:1041400069676E6564207375636365737366756C08
:104150006C790043505220696E20544D43004D6FDE
:10416000746F722074797065006D747970650045A4
:104170006E636F64657220736F7572636500656E40
:10418000637372630056657273696F6E206F662089
:10419000544D4320626F61726400746D63487754BC
:1041A00079706500416C69676E20656E636F646548
:1041B0007200656E63616C69676E004D6F746F723B
:1041C00020706F6C6520706169727300706F6C6530
:1041D00073004D65617375726520746F72717565DA
:1041E00020616E6420666C7578006163747472710E
:1041F0000050574D206C696D69740070776D6C6963
:104200006D00546F72717565205000746F72717516
:10421000655000546F72717565204900746F72713A
:1042200075654900466C7578205000666C7578504D
:1042300000466C7578204900666C757849005665B3
:104240006C6F6369747920500076656C6F63697474
:1042500079500056656C6F63697479204900766502
:104260006C6F636974794900506F73205000706FF0
:10427000735000506F73204900706F73490056658A
:104280007273696F6E206F6620544D4320636869B6
:104290007000746D637479706500504944207072C9
:1042A00065636973696F6E20626974303D4920628D
:1042B0006974313D502E20303D51382E3820313D2B
:1042C0002051342E313200706964507265630050A1
:1042D00068694520736F75726365007068696573FE
:1042E0007263004F666673657420666C7578207320
:1042F00063616C6520666F72206669656C64207707
:1043000065616B656E696E6700666C75786F666671
:104310007365740053657175656E7469616C2050C6
:104320004900736571706900436F756E7473207016
:104330006572204100695363616C6500456E636F6F
:104340006465722064697200656E63646972004519
:104350006E636F64657220706F6C6172697479004E
:1043600061626E706F6C0054656D7065726174751A
:10437000726520696E2043202A203130300052655A
:104380006164206F72207772697465206120544DDA
:10439000432072656769737465722061742061647B
:1043A000720053706163652D766563746F7220507F
:1043B000574D00737670776D0046696E64206162B8
:1043C0006E20696E646578006175746F686F6D65E5
:1043D00000456E61626C652041424E20696E6465E5
:1043E000780061626E696E6465780046756C6C2059
:1043F00063616C6962726174696F6E0063616C699C
:1044000062726174650043616C6962726174696FA4
:104410006E2076616C69640063616C6962726174BC
:104420006564004765742073746174650055736535
:1044300020544D4320666F72206D6F76656D656EFA
:10444000742E2045787465726E616C20656E636FA2
:1044500064657220666F7220706F736974696F6E25
:1044600000636F6D62696E65456E636F64657200AF
:10447000496E7665727420696E636F6D696E672030
:10448000666F7263657300696E76657274466F72EB
:10449000636500564D20696E206D5600766D00658F
:1044A000787465726E616C207068696500657874F7
:1044B0007068696500546F727175652066696C7407
:1044C0006572206D6F64653A206E6F6E653B6C6F30
:1044D00077706173733B6E6F7463683B7065616B7B
:1044E0000074727162715F6D6F646500546F7271F8
:1044F00075652066696C746572206672657120311D
:10450000303030206D61782E203020746F20646947
:104510007361626C652E202853746F726564206627
:104520002F32290074727162715F6600546F72716C
:1045300075652066696C74657220712A31303000AF
:1045400074727162715F71005374617274205049AA
:1045500044206175746F72756E696E67007069646E
:104560006175746F74756E65005072656665722052
:10457000656E6572677920646973736970617469C7
:104580006F6E20696E206D6F746F7200666C757847
:104590006272616B65004765742F73657420707774
:1045A0006D206672657175656E63790070776D66F2
:1045B00072657100544D43454E4300746D63004372
:1045C0005553544F4D00456E636F64657220696E9C
:1045D000646578206D6973736564004C6F77206D36
:1045E0006F746F7220766F6C7461676500544D4311
:1045F000206E6F7420726573706F6E64696E6700F1
:10460000544D4320656D657267656E6379207374E0
:104610006F7020747269676765726564004E6F2001
:1046200064726976657220636F6E6E65637465642B
:10463000002076004E4F4E453D302C0044433D3126
:104640002C0053746570706572203250683D322CB6
:1046500000424C4443203350683D330041424E3DBC
:10466000312C0053696E436F733D322C0055565701
:104670003D332C0048414C4C3D342C00457874654A
:10468000726E616C3D35006578743D312C6F7065DC
:104690006E6C6F6F703D322C61626E3D332C6861C1
:1046A0006C6C3D352C61656E633D362C61656E63C7
:1046B000453D37004F46463D302C4C6F7770617357
:1046C000733D312C4E6F7463683D322C5065616BC5
:1046D0003D3300544D433436373120284353203284
:1046E0002900544D43343637312028435320312993
:1046F0000076312E3320414353373234202836366A
:104700006D562F41290076312E322E32204C454DE8
:10471000203130202838306D562F41290076312E37
:1047200032204144383431372028312E356D4F68DE
:104730006D290076312E302041443834313720281D
:10474000312E356D4F686D2900436F6D706174694E
:10475000626C65207769746820544D434C2D494440
:10476000452E20546F207573652074686520464F70
:1047700043206D6F64657320706F736974696F6E29
:104780002C2076656C6F6369747920616E64207487
:104790006F7271756520796F752066697273742008
:1047A0006D757374206D616E75616C6C79207365C5
:1047B0006C6563742074686520656E636F646572F0
:1047C00020616E64207761697420666F7220616C6D
:1047D00069676E6D656E742E004368616E67652053
:1047E000746F7271756520616E6420656E74657298
:1047F00020746F72717565206D6F64650043686128
:104800006E676520706F7320616E6420656E7465DD
:104810007220706F73206D6F6465004D6F76652038
:104820006F70656E6C6F6F70202863757272656E45
:104830007420636F6E74726F6C6C6564292E2061D6
:1048400064723D737472656E6774683B76616C3D2B
:104850007370656564006F70656E6C6F6F707370F8
:10486000656564004368616E67652076656C6F639B
:1048700069747920616E6420656E74657220766556
:104880006C6F63697479206D6F64650076656C6F19
:1048900063697479004368616E6765206D6F746940
:1048A0006F6E206D6F6465004D6F7665206F70656B
:1048B0006E6C6F6F70207261772050574D2E2061A3
:1048C00064723D737472656E6774683B76616C3DAB
:1048D0007370656564006F70656E6C6F6F70737078
:1048E00065656470776D0073746F703D302C746F04
:1048F000727175653D312C76656C6F636974793DB5
:10490000322C706F736974696F6E3D332C707262F4
:1049100073666C75783D342C70726273746F72714B
:1049200075653D352C7072627376656C6F63697462
:10493000793D362C757175646578743D382C656EDB
:10494000636D696E696D6F76653D39000230303197
:10495000355633303700544D432044656275672027
:1049600042726964676500564553432043414E20B7
:10497000696E746572666163650043414E206964C7
:10498000206F66204F70656E4646426F61726420EC
:1049900041786973006F66666263616E69640043A3
:1049A000414E206964206F6620564553430076656A
:1049B000736363616E69640043414E206261756494
:1049C000202120666F7220696E666F005645534342
:1049D000206572726F722073746174650065727203
:1049E0006F72666C61677300564553432073746140
:1049F000746500766573637374617465005645531E
:104A00004320737570706C7920766F6C7461676584
:104A100020286D562900456E636F6465722075709D
:104A200064617465207261746500656E637261749F
:104A300065005645534320706F736974696F6E004B
:104A400043757272656E74205645534320746F72BD
:104A500071756500466F726365206120706F7369C0
:104A600074696F6E2075706461746500666F72633F
:104A700065706F737265616400456E61626C65207C
:104A80005645534320656E636F64657200757365A8
:104A9000656E636F64657200476574206F72207382
:104AA000657420656E636F646572206F66667365FA
:104AB00074007665736300564553432032005645B3
:104AC00053432031004F70656E204646426F61723D
:104AD00064004646426F6172642046343037564760
:104AE000004646426F61726420434443004646429A
:104AF0006F61726420484944004646426F617264A7
:104B0000204D494449003230416E616C6F674178F5
:104B1000697350726F63657373696E67000000009C
:104B200080AB0508064B050800000000204B050877
:104B300089B40108B9B40108313443686F6F7361F7
:104B4000626C65436C6173730000000080AB050804
:104B5000384B05083132416E616C6F67536F757267
:104B60006365000000AD0508544B05080000000017
:104B7000020000004C4B050802000000BC64050860
:104B800002080000000000004C4B05080000000077
:104B9000000000000000000035BD0108000000001A
:104BA000644B050800000000000000000000000049
:104BB00039BD01083DBD0108F8FFFFFF644B050842
:104BC0000000000000000000358F0208358F020849
:104BD0003131417865734D616E6167657200000027
:104BE00080AB0508D04B050800000000E04B05082D
:104BF00025C0010889C00108537431315F4D7574B7
:104C000065785F62617365494C4E395F5F676E75A9
:104C10005F63787831325F4C6F636B5F706F6C6984
:104C2000637945304545000080AB0508F84B050821
:104C30004662764500000000E0AB0508304C0508F0
:104C4000537431395F53705F6D616B655F73686179
:104C50007265645F7461670080AB0508404C0508AD
:104C6000537431365F53705F636F756E7465645F44
:104C700062617365494C4E395F5F676E755F63783B
:104C80007831325F4C6F636B5F706F6C696379452D
:104C90003045450088AC0508604C0508284C0508DF
:104CA00035544D435F31000088AC0508A04C050821
:104CB0009896050835544D435F32000088AC0508CE
:104CC000B44C0508989605083441786973000000D3
:104CD00000AD0508C84C05080000000003000000F6
:104CE000BC640508020000006459050802080000C1
:104CF000485F05080228000031384D6F746F725309
:104D0000696D706C656D6F74696F6E3100000000C5
:104D100088AC0508F84C0508608605085A396164B6
:104D2000645F636C6173734931314D6F746F7244AA
:104D3000726976657253305F453131636C617373AC
:104D40005F656E7472794954305F455374386F7083
:104D500074696F6E616C49744545556C76455F00AA
:104D600080AB05081C4D05085046627645000000E2
:104D700030AC0508684D050800000000384C0508F7
:104D80005A396164645F636C6173734935544D4390
:104D90005F3131314D6F746F72447269766572455F
:104DA0003131636C6173735F656E7472794954302D
:104DB0005F455374386F7074696F6E616C497445E8
:104DC00045556C76455F000080AB0508804D0508B1
:104DD0005A396164645F636C61737349384D6F74F1
:104DE0006F7250574D31314D6F746F7244726976E6
:104DF0006572453131636C6173735F656E7472798E
:104E00004954305F455374386F7074696F6E616CCC
:104E100049744545556C76455F00000080AB050838
:104E2000D04D05085A396164645F636C61737349DE
:104E300031304F447269766543414E3131314D6FA7
:104E4000746F72447269766572453131636C617357
:104E5000735F656E7472794954305F455374386F6F
:104E60007074696F6E616C49744545556C76455F29
:104E70000000000080AB0508244E05085A39616423
:104E8000645F636C6173734936564553435F3131D8
:104E9000314D6F746F72447269766572453131635A
:104EA0006C6173735F656E7472794954305F4553FA
:104EB00074386F7074696F6E616C49744545556CD8
:104EC00076455F0080AB05087C4E05085A39616461
:104ED000645F636C6173734931384D6F746F7253E3
:104EE000696D706C656D6F74696F6E3131314D6FC6
:104EF000746F72447269766572453131636C6173A7
:104F0000735F656E7472794954305F455374386FBE
:104F10007074696F6E616C49744545556C76455F78
:104F20000000000080AB0508CC4E05085A396164CA
:104F3000645F636C617373493132526D644D6F7499
:104F40006F7243414E3131314D6F746F72447269EB
:104F5000766572453131636C6173735F656E74722F
:104F6000794954305F455374386F7074696F6E615E
:104F70006C49744545556C76455F000080AB05086B
:104F80002C4F05085A396164645F636C617373491F
:104F900035544D435F3231314D6F746F72447269D5
:104FA000766572453131636C6173735F656E7472DF
:104FB000794954305F455374386F7074696F6E610E
:104FC0006C49744545556C76455F000080AB05081B
:104FD000844F05085A396164645F636C6173734977
:104FE00031304F447269766543414E3231314D6FF5
:104FF000746F72447269766572453131636C6173A6
:10500000735F656E7472794954305F455374386FBD
:105010007074696F6E616C49744545556C76455F77
:105020000000000080AB0508D44F05085A396164C0
:10503000645F636C6173734936564553435F323125
:10504000314D6F746F7244726976657245313163A8
:105050006C6173735F656E7472794954305F455348
:1050600074386F7074696F6E616C49744545556C26
:1050700076455F0080AB05082C5005085A396164FD
:10508000645F636C617373493132526D644D6F7448
:105090006F7243414E3231314D6F746F7244726999
:1050A000766572453131636C6173735F656E7472DE
:1050B000794954305F455374386F7074696F6E610D
:1050C0006C49744545556C76455F000080AB05081A
:1050D0007C500508537432335F53705F636F756E95
:1050E0007465645F7074725F696E706C616365494A
:1050F00037456E636F64657253614976454C4E392E
:105100005F5F676E755F63787831325F4C6F636B9A
:105110005F706F6C696379453045450088AC050860
:10512000D4500508944C0508537431355F53705FB3
:10513000636F756E7465645F707472495037456E45
:10514000636F6465724C4E395F5F676E755F63783D
:105150007831325F4C6F636B5F706F6C6963794558
:105160003045450088AC050828510508944C0508D1
:1051700000000000A84C0508FDC3010879C401081F
:10518000EDDA0308BDC10108E7EB0308BFFA030825
:1051900025FA030851DD030893DB030811DB03083C
:1051A000351B04082DDB030825100408AF0B040889
:1051B000A3E10308B1E10308D3E503083DDE0308DA
:1051C000D3DB0308E1050408C7060408F514040846
:1051D00069DB030877DB0308E9220408FDCA01083C
:1051E000F9DB0308F0FFFFFFA84C050849C40108DC
:1051F0008FC401087307040825160408E8FFFFFFA1
:10520000A84C05084FC4010895C4010809DB030830
:10521000C5C10108F1DB0308A9E10308F15A02083E
:10522000DFE10308AD5A020823E6030859DE03084C
:10523000DCFFFFFFA84C0508C1C1010855C40108E7
:105240009BC401088113020885130208752E040807
:105250008D21020801DB030815CB0108C11B0208E0
:1052600091190208CD13020879C10108C913020877
:1052700089130208D1130208511302087DC10108E5
:10528000ED150208E91D0208BCFFFFFFA84C050848
:105290005BC40108A1C401086997020887C101081D
:1052A00089C101088BC101088DC101086FDB0308AA
:1052B0008BDB03088FC1010893C101087CFFFFFF4E
:1052C000A84C050861C40108A7C40108F305040837
:1052D00078FFFFFFA84C050867C40108ADC40108AA
:1052E000B11304087DD4020840FFFFFFA84C050855
:1052F0006DC40108B3C4010821DC03083CFFFFFFB3
:10530000A84C050873C40108B9C40108E10B0408DE
:1053100000000000BC4C050839C30108B5C30108F2
:10532000EDDA0308BDC10108E7EB0308BFFA030883
:1053300025FA030851DD030893DB030811DB03089A
:10534000351B04082DDB030825100408AF0B0408E7
:10535000A3E10308B1E10308D3E503083DDE030838
:10536000D3DB0308E1050408C7060408F5140408A4
:1053700069DB030877DB0308E9220408FDCA01089A
:10538000F9DB0308F0FFFFFFBC4C050885C30108EB
:10539000CBC301087307040825160408E8FFFFFFC4
:1053A000BC4C05088BC30108D1C3010809DB030805
:1053B000C5C10108F1DB0308A9E10308F15A02089D
:1053C000DFE10308AD5A020823E6030859DE0308AB
:1053D000DCFFFFFFBC4C0508C1C1010891C30108F7
:1053E000D7C301088113020885130208752E04082B
:1053F0008D21020801DB030815CB0108C11B02083F
:1054000091190208CD13020879C10108C9130208D5
:1054100089130208D1130208511302087DC1010843
:10542000ED150208E91D0208BCFFFFFFBC4C050892
:1054300097C30108DDC301086997020887C1010805
:1054400089C101088BC101088DC101086FDB030808
:105450008BDB03088FC1010893C101087CFFFFFFAC
:10546000BC4C05089DC30108E3C30108F30504080B
:1054700078FFFFFFBC4C0508A3C30108E9C301087E
:10548000B11304087DD4020840FFFFFFBC4C05089F
:10549000A9C30108EFC3010821DC03083CFFFFFF9B
:1054A000BC4C0508AFC30108F5C30108E10B0408B3
:1054B00000000000D04C0508C9DB01084DDC0108E4
:1054C00013DB01087DDE010805C20108C9C101081E
:1054D0001DCB0108E9C40108F5EE0108F8FFFFFF44
:1054E000D04C0508CDC101083DDC01086BDC01088A
:1054F0008113020885130208ADF601088D21020808
:1055000019C2010835CB0108C11B02089119020814
:10551000CD13020879C10108C913020889130208D2
:10552000D1130208511302087DC10108ED150208CC
:10553000E91D0208D8FFFFFFD04C050845DC010833
:1055400063DC010811C5010800000000104D0508CA
:10555000CDC2010811C30108D5C1010883C10108EA
:1055600059880308E9820308DD820308A18B020839
:10557000257F03080D7F03083DCA0108D1C101083A
:105580003B7F0308117F0308377F03086588030802
:10559000BD8D0308DDCA010809830308BB7F03082A
:1055A0009D7F0308F0FFFFFF104D050803C30108AE
:1055B00033C30108EFC101087FC10108997F0308C7
:1055C000617F0308F15A0208975A0208AD5A02088F
:1055D0001D7F03087D880308E4FFFFFF104D0508C9
:1055E00075C10108FDC201082DC30108811302081D
:1055F00085130208538E03088D210208E9C10108B2
:10560000F5CA0108C11B020891190208CD1302084E
:1056100079C10108C913020889130208D1130208CD
:10562000511302087DC10108ED150208E91D0208A9
:10563000C4FFFFFF104D050809C3010827C3010877
:1056400089840308D77F0308B37F030800000000A4
:105650001C51050899C20108B9C201089BC2010882
:10566000C7C20108C1C40108000000006451050858
:1056700087C20108A3C2010889C20108B1C201089A
:1056800095C20108000000000000000031324275A0
:1056900074746F6E536F75726365000000AD05081A
:1056A0008C56050800000000020000004C4B050865
:1056B00002000000BC6405080208000000000000B1
:1056C0009C560508000000000000000000000000DB
:1056D00001F701080000000005F70108F8FFFFFFCF
:1056E0009C5605080000000000000000358F0208ED
:1056F000358F02084E31326370705F667265657275
:10570000746F73313542696E61727953656D617082
:10571000686F72654500000088AC0508F4560508FE
:10572000146905083743414E506F72740000000041
:1057300088AC050824570508BC6405080000000073
:105740001857050865F7010879F7010800000000FF
:10575000305705080000000000000000358F0208E7
:10576000358F02080000000000000000000000006B
:105770000000000000000000000000000000000029
:105780000000000000000000000000000000000019
:10579000000000005FF701084DF70108CBF7010892
:1057A000DBF7010825F801088DF70108F1F701087A
:1057B00051F7010800000000313043414E506F7234
:1057C000745F32420000000000AD0508B8570508BC
:1057D0000000000003000000305705080200000030
:1057E000645905080224000000590508024400001D
:1057F00000000000C857050815FD0108ADFD0108AF
:105800001DFC010895FB010881FA01084DFA010809
:1058100001FA0108F1FA0108B7FA0108D1FD0108FF
:1058200041FC0108E9F90108C7FB0108D9F90108A1
:10583000E3F901086DFA01085FF701084DF7010867
:10584000CBF70108DBF7010825F801088DF70108FF
:10585000F1F7010851F70108D5F90108BFFA01086D
:1058600013FA010833FA01084D020208B1F90108E0
:10587000CDF90108DCFFFFFFC8570508D1F9010881
:105880009DFD0108C9FD0108811302088513020866
:10589000290502088D210208C5F90108C916020868
:1058A000C11B020891190208CD13020879C1010831
:1058B000C913020889130208D11302085113020800
:1058C0007DC10108ED150208E91D0208BCFFFFFFBC
:1058D000C8570508A5FD0108C1FD0108B907020860
:1058E00045FA0108BB070208E9FA01082BFA01088A
:1058F000313043616E48616E646C65720000000077
:1059000080AB0508F05805080000000000590508A4
:10591000D9080208F5080208B9070208BB070208FF
:10592000BB070208BB070208BB07020839436D64C6
:10593000506172736572000080AB05082C59050830
:105940000000000038590508251302083D1302081D
:105950003134436F6D6D616E6448616E646C657265
:105960000000000080AB0508505905080000000049
:105970006459050875C1010800000000000000001E
:105980008113020885130208C51302088D2102083D
:1059900000000000C9160208C11B02089119020884
:1059A000CD13020879C10108C9130208891302083E
:1059B000D1130208511302087DC10108ED15020838
:1059C000E91D02083136436F6D6D616E64496E7476
:1059D000657266616365000080AB0508C4590508FF
:1059E0003232537472696E67436F6D6D616E6449D4
:1059F0006E746572666163650000000088AC05081E
:105A0000E0590508D859050832304344435F436FD5
:105A10006D6D616E64496E746572666163650000E8
:105A200000AD0508085A050800000000020000004B
:105A3000FC59050802000000446905080230000016
:105A40003231554152545F436F6D6D616E64496EE2
:105A5000746572666163650000AD0508405A05080B
:105A600000000000030000009C6705080200000021
:105A70004469050802080000FC59050802400000BE
:105A800000000000D85905080000000000000000D8
:105A90002925020800000000092402080000000077
:105AA000213302080D24020811240208000000001E
:105AB000FC59050800000000000000001125020844
:105AC0001324020809240208000000002133020800
:105AD0000D2402081124020800000000205A0508C5
:105AE0000137020839370208D52C020813240208AE
:105AF000092402081D360208213302081D24020869
:105B0000FF240208452F0208D0FFFFFF205A050896
:105B1000313702084D370208AD2F02087DD4020844
:105B200000000000585A050855370208A53702083A
:105B3000E3260208D1CA020827CB0208B52F0208C3
:105B4000A1350208712402089D2C0208E7240208EE
:105B5000F8FFFFFF585A050895370208C1370208B9
:105B60002F3002087DD40208C0FFFFFF585A0508F5
:105B70009D370208B9370208CD2C02081324020809
:105B80000924020815360208213302088F2402086E
:105B9000F724020831374566666563747343616CA8
:105BA00063756C61746F720000AD0508945B050845
:105BB0000000000003000000BC64050802000000B3
:105BC000645905080208000044690508002800001F
:105BD000313745666665637473436F6E74726F6CBC
:105BE0004974660080AB0508D05B050880AB0508EA
:105BF000F45B05082A5A4E3137456666656374734F
:105C000043616C63756C61746F7231307365744697
:105C1000696C74657273455031304646425F456623
:105C20006665637445556C5253743130756E697195
:105C300075655F7074724936426971756164537439
:105C4000313464656661756C745F64656C65746538
:105C50004953335F4545455F0000000080AB0508B0
:105C6000645C05082A5A4E3137456666656374736D
:105C700043616C63756C61746F7231307365744627
:105C8000696C74657273455031304646425F4566B3
:105C90006665637445556C5253743130756E697125
:105CA00075655F70747249364269717561645374C9
:105CB000313464656661756C745F64656C657465C8
:105CC0004953335F454545305F00000080AB050810
:105CD000D45C05082A5A4E3137456666656374738D
:105CE00043616C63756C61746F72313073657446B7
:105CF000696C74657273455031304646425F456643
:105D00006665637445556C5253743130756E6971B4
:105D100075655F7074724936426971756164537458
:105D2000313464656661756C745F64656C65746557
:105D30004953335F454545315F00000080AB05089E
:105D4000445D05082A5A4E313745666665637473AB
:105D500043616C63756C61746F7231307365744646
:105D6000696C74657273455031304646425F4566D2
:105D70006665637445556C5253743130756E697144
:105D800075655F70747249364269717561645374E8
:105D9000313464656661756C745F64656C657465E7
:105DA0004953335F454545325F00000080AB05082D
:105DB000B45D05082A5A4E313745666665637473CB
:105DC00043616C63756C61746F72313073657446D6
:105DD000696C74657273455031304646425F456662
:105DE0006665637445556C5253743130756E6971D4
:105DF00075655F7074724936426971756164537478
:105E0000313464656661756C745F64656C65746576
:105E10004953335F454545335F00000000000000F3
:105E2000A85B05082D4C02088D4C0208BD380208FD
:105E30006B450208E1370208C9370208A53B020892
:105E4000D1540208853B020869390208F8FFFFFFB8
:105E5000A85B0508CD3702087D4C0208AB4C020850
:105E600081130208851302086D5A02088D21020869
:105E7000F53702089D3B0208C11B02089119020870
:105E8000CD13020879C10108C91302088913020859
:105E9000D1130208511302087DC10108ED15020853
:105EA000E91D0208D8FFFFFFA85B0508854C020822
:105EB000A34C0208793902087DD40208082A050893
:105EC000122A0508182A0508202A0508262A050886
:105ED000302A05083D2A05084C2A0508542A0508D9
:105EE0005C2A0508652A05086F2A050837456E6390
:105EF0006F6465720000000088AC0508EC5E050860
:105F00004C4B050800000000F85E0508895A02089D
:105F10009F5A0208755A02087FC101088B5A02086D
:105F2000935A0208F15A0208975A0208AD5A020819
:105F30009D5A02088F5A020831324572726F7248B8
:105F4000616E646C6572000080AB0508385F0508FF
:105F500031324572726F725072696E7465720000F0
:105F600000AD0508505F05080000000002000000B9
:105F7000485F0508000000004469050800040000AF
:105F800000000000485F0508615F02087D5F0208AD
:105F9000455B020800000000605F0508915F020891
:105FA000B95F02088D5B020891640208FCFFFFFFE5
:105FB000605F0508B15F0208CD5F0208E96402086E
:105FC0007DD4020831314578746948616E646C652E
:105FD0007200000080AB0508C45F050800000000E7
:105FE000D45F0508316602088D6602082D66020836
:105FF00032344646426F6172644D61696E436F6D23
:106000006D616E64546872656164000088AC050857
:10601000F05F050844690508000000000C600508F1
:106020005168020899680208396702087DD402089D
:106030007D69020832304849445F436F6D6D616E7F
:1060400064496E74657266616365000000AD0508A1
:10605000346005080000000002000000D85905085F
:10606000020000004469050802080000000000006A
:106070004C60050829730208717302081D7202083A
:106080008D730208092402084975020821330208A9
:10609000F571020811240208B9720208F8FFFFFF27
:1060A0004C6005086973020885730208F7720208DC
:1060B0007DD40208364869644646420000AD0508B2
:1060C000B460050800000000020000005C680508DC
:1060D00002000000E45B050802040000000000006C
:1060E000BC6005083178020871780208917F0208C7
:1060F000BD770208B777020807780208D977020847
:10610000E977020885780208B9780208F977020869
:10611000FCFFFFFFBC600508B1780208F1770208B8
:10612000E17702082778020861380208013802087E
:10613000E9780208E1780208013B0208753A020892
:10614000FF77020837493243506F72740000000035
:1061500000AD0508446105080000000003000000D0
:10616000606205080200000064590508020400008E
:10617000BC6405080224000039493243446576694D
:106180006365000080AB0508786105080000000029
:1061900050610508198102085D810208B18002087A
:1061A000DB800208DF840208DD88020881810208A2
:1061B0000F8302088D800208A9800208FCFFFFFF00
:1061C00050610508AD8002084D81020879810208FE
:1061D0008113020885130208E98802088D2102084C
:1061E000A1800208C9160208C11B02089119020801
:1061F000CD13020879C10108C913020889130208E6
:10620000D1130208511302087DC10108ED150208DF
:10621000E91D0208DCFFFFFF5061050855810208F7
:1062200071810208A58102083F8302080000000076
:106230008461050805810208098102088384020837
:10624000278502080781020807810208F1840208F5
:10625000313049324348616E646C65720000000061
:1062600080AB050850620508000000006062050868
:10627000D1890208ED890208F1880208F188020834
:10628000F188020831314D69646948616E646C655A
:106290007200000080AB0508846205080000000061
:1062A0009462050800000000000000000B8A02084C
:1062B0000000000000000000018A0208078A0208AE
:1062C000038A0208058A0208098A020831314D6FE3
:1062D000746F7244726976657200000088AC0508BC
:1062E000CC6205084C4B050831384D6F746F725302
:1062F000696D706C656D6F74696F6E3200000000BF
:1063000088AC0508E8620508608605085A396164AA
:10631000645F636C6173734931384D6F746F72538E
:10632000696D706C656D6F74696F6E3231314D6F70
:10633000746F72447269766572453131636C617352
:10634000735F656E7472794954305F455374386F6A
:106350007074696F6E616C49744545556C76455F24
:106360000000000080AB05080C6305080000000079
:10637000DC620508FD8B0208158C0208118B0208EF
:1063800083C10108258B0208298B0208278B02088C
:10639000A18B0208098B0208318B02083DCA010853
:1063A0000D8B02080000000000630508358B020811
:1063B000798B0208D98A020883C101085988030829
:1063C000E9820308DD820308A18B0208257F030808
:1063D0000D7F03083DCA0108D1C101083B7F0308B6
:1063E000117F0308377F030865880308BD8D030804
:1063F000DDCA010809830308BB7F03089D7F0308EA
:10640000F0FFFFFF006305086B8B02089B8B0208FF
:10641000F38A02087FC10108997F0308617F03089E
:10642000F15A0208975A0208AD5A02081D7F030864
:106430007D880308E4FFFFFF0063050875C10108BC
:10644000658B0208958B02088113020885130208E8
:10645000538E03088D210208ED8A0208F5CA01084F
:10646000C11B020891190208CD13020879C1010865
:10647000C913020889130208D11302085113020834
:106480007DC10108ED150208E91D0208C4FFFFFFE8
:1064900000630508718B02088F8B0208898403084A
:1064A000D77F0308B37F0308313750657273697370
:1064B00074656E7453746F726167650080AB050814
:1064C000A864050800000000BC640508A590020847
:1064D000C1900208358F0208358F020837535049A2
:1064E000506F72740000000088AC0508DC64050879
:1064F0009C66050839535049446576696365000018
:1065000080AB0508F464050800000000E864050895
:106510005595020881950208D5900208FF9002085F
:10652000299102082DAD02082DAD02082DAD0208FB
:106530005391020800000000006505083597020825
:10654000559702086997020887C1010889C10108A7
:106550008BC101088DC10108119502082F95020811
:106560008FC1010893C10108313653656C656374AE
:1065700061626C65496E70757473000080AB0508CC
:1065800068650508000000007C6505081D9C020880
:10659000AD9C0208359E0208DD9D0208EB9B0208B7
:1065A0007F9F0208259F0208C19C0208099A0208E1
:1065B000919A02083953657269616C46464200003F
:1065C00000AD0508B46505080000000002000000E9
:1065D0006459050802000000E45B05080220000081
:1065E00000000000C065050875C1010869A0020827
:1065F000ADA002088113020885130208F1A6020863
:106600008D210208E99F0208C9160208C11B020871
:1066100091190208CD13020879C10108C9130208B3
:1066200089130208D1130208511302087DC1010821
:10663000ED150208E91D0208FD9F02080BA00208E3
:106640003FA002084DA002085BA00208E0FFFFFF88
:10665000C065050845A00208D1370208D9370208ED
:1066600037A00208613802080138020803A00208B6
:1066700053A00208013B0208753A020861A0020813
:106680000000FF7FFF7FFF7FFF7F000031305370EE
:106690006948616E646C65720000000080AB05089B
:1066A0008C660508000000009C6605084DAE0208D7
:1066B00069AE02082DAD02082DAD02082DAD02080D
:1066C0002DAD02082DAD02082DAD02082DAD02083A
:1066D000313453797374656D436F6D6D616E64739E
:1066E0000000000088AC0508D0660508645905085C
:1066F00000000000E46605087DAE0208B9AE02089D
:10670000D9AE02088113020885130208C5130208D6
:106710000DBE0208A5AE0208C9160208C11B020878
:1067200091190208CD13020879C10108C9130208A2
:1067300089130208D1130208511302087DC1010810
:10674000ED150208E91D0208313254696D65724881
:10675000616E646C6572000080AB050848670508CF
:106760000000000058670508CDC7020829C80208C4
:10677000C9C702083855415254506F727400000066
:1067800088AC0508746705082C6805083130554148
:1067900052544465766963650000000080AB0508CB
:1067A0008C6705080000000080670508F9C802082A
:1067B0001DC9020831C902086DC9020800000000A5
:1067C0009C670508D7C80208E5C80208D5C80208B2
:1067D000D1CA020827CB020839555342646576694D
:1067E0006365000088AC0508D8670508446905089A
:1067F00000000000E46705085DCB020871CB0208C9
:1068000091CB02087DD4020885CB020855CB020843
:1068100059CB020841CE020825CC0208313155611E
:10682000727448616E646C657200000080AB05088C
:106830001C680508000000002C680508E1D002086B
:10684000FDD00208C1CF0208C1CF02083133557311
:106850006248696448616E646C65720080AB0508CB
:106860004C680508000000005C68050811D10208AA
:1068700019D1020817D1020813D102084E31326330
:1068800070705F6672656572746F73354D7574658F
:106890007845000080AB05087C6805084E313263FE
:1068A00070705F6672656572746F7331334D7574A5
:1068B00065785374616E64617264450088AC050844
:1068C0009C680508946805080000000094680508A5
:1068D00000000000000000000000000000000000B8
:1068E00000000000BC68050859D1020869D10208FF
:1068F000A9D10208BDD102084E31326370705F66C3
:1069000072656572746F733953656D6170686F720B
:106910006545000080AB0508F86805080000000028
:1069200014690508C5D30208DDD302084E3132636D
:1069300070705F6672656572746F733654687265E5
:106940006164450080AB05082C6905080000000063
:10695000446905080000000000000000000000007D
:106960007DD40208313743414E5F6D73675F6865C0
:10697000616465725F72780080AB05086469050820
:10698000000000007869050889D802088BD8020841
:10699000313752696E67427566666572577261700B
:1069A0007065720080AB0508906905080000000062
:1069B000A469050855E0020865E00208000000002F
:1069C00004000000080000000C00000001030401A6
:1069D00001010200D4070120007A030AFC2C0120E7
:1069E00037001B0050C300003A3105081B001B0094
:1069F000A08601002F31050814001C0048E80100A2
:106A0000343105080B001A0090D003003931050815
:106A100005001A0020A107003E31050802001A00F7
:106A200040420F004331050801000000346A0508A8
:106A300002000000A086010000000000000000002D
:106A40000040000000000000000000000000000006
:106A50000000000049310508801A0600000000000F
:106A600000000000004000000000000000000000E6
:106A70000000000000000000513105080030001047
:106A800000203741445331313158000088AC0508AB
:106A9000826A05088461050832304144533131313E
:106AA000585F416E616C6F67536F7572636500006C
:106AB00000AD0508986A0508000000000500000008
:106AC0008C6A050802000000644B0508021C0000E7
:106AD0006459050802380000204B050802580000E0
:106AE0004469050802A40000000000008C6A050843
:106AF000F5E5020815E60208CDE5020829E60208D8
:106B00000781020807810208F184020800000000E2
:106B1000B06A0508B9E8020845E90208CDE50208AF
:106B200029E602089BE7020821E702082FE602088F
:106B30003DE60208C5EC020825EB0208C1E70208A1
:106B4000D1E50208FDE90208C1E50208FDEF0208EF
:106B5000E4FFFFFFB06A050835E9020879E9020899
:106B6000EDE50208C9E50208B1E80208DCFFFFFF15
:106B7000B06A05082DE9020871E90208C5E60208B5
:106B800079ED0208C8FFFFFFB06A0508C5E50208F5
:106B900025E9020869E90208811302088513020841
:106BA00009F202088D210208E5E5020815EA02084B
:106BB000C11B020891190208CD13020879C101080E
:106BC000C913020889130208D113020851130208DD
:106BD0007DC10108ED150208E91D0208A8FFFFFFAD
:106BE000B06A05081DE9020861E902085CFFFFFFC1
:106BF000B06A05083DE9020859E90208A7EB020856
:106C00007DD402081005110512051305140515059C
:106C1000160517053943616E416E616C6F67494C0B
:106C2000683845450000000088AC0508146C05086C
:106C3000E06F05085A396164645F636C617373497E
:106C400031314C6F63616C416E616C6F6731324101
:106C50006E616C6F67536F75726365453131636C3C
:106C60006173735F656E7472794954305F45537414
:106C7000386F7074696F6E616C49744545556C76F8
:106C8000455F000080AB0508346C05085A39616423
:106C9000645F636C617373493943616E416E616C0B
:106CA0006F67494C683845453132416E616C6F679A
:106CB000536F75726365453131636C6173735F65E2
:106CC0006E7472794954305F455374386F707469CB
:106CD0006F6E616C49744545556C76455F000000E8
:106CE00080AB05088C6C05085A396164645F636C7D
:106CF000617373493230414453313131585F416ED1
:106D0000616C6F67536F757263653132416E616C90
:106D10006F67536F75726365453131636C6173736F
:106D20005F656E7472794954305F455374386F7083
:106D300074696F6E616C49744545556C76455F00AA
:106D400080AB0508E86C050800000000286C050809
:106D50001DF2020855F2020835F8020839BD010893
:106D60003DBD01085BFA020845F9020819F3020863
:106D70005DFB020851F80208F8FFFFFF286C0508C8
:106D800041F2020869F2020861F9020887FA020872
:106D9000E4FFFFFF286C050847F202086FF20208C3
:106DA000AFF80208BB070208BB070208BB070208CE
:106DB000BB070208E0FFFFFF286C050875C101084A
:106DC0004DF2020875F202088113020885130208C9
:106DD00079FD02088D21020849F8020851F30208E2
:106DE000C11B020891190208CD13020879C10108DC
:106DF000C913020889130208D113020851130208AB
:106E00007DC10108ED150208E91D02085A396164C7
:106E1000645F636C6173734931324C6F63616C42C0
:106E20007574746F6E733132427574746F6E536F14
:106E300075726365453131636C6173735F656E7440
:106E400072794954305F455374386F7074696F6E4E
:106E5000616C49744545556C76455F0080AB05080B
:106E60000C6E05085A396164645F636C6173734921
:106E700031335350495F427574746F6E735F3131B3
:106E800032427574746F6E536F757263654531313C
:106E9000636C6173735F656E7472794954305F45DA
:106EA0005374386F7074696F6E616C4974454555E1
:106EB0006C76455F0000000080AB0508646E050835
:106EC0005A396164645F636C617373493133536829
:106ED0006966746572416E616C6F673132427574B8
:106EE000746F6E536F75726365453131636C617396
:106EF000735F656E7472794954305F455374386FAF
:106F00007074696F6E616C49744545556C76455F68
:106F10000000000080AB0508C06E05085A396164A6
:106F2000645F636C6173734931345043463835375D
:106F300034427574746F6E733132427574746F6E4F
:106F4000536F75726365453131636C6173735F654F
:106F50006E7472794954305F455374386F70746938
:106F60006F6E616C49744545556C76455F00000055
:106F700080AB05081C6F05085A396164645F636C57
:106F800061737349313043616E427574746F6E730F
:106F90003132427574746F6E536F7572636545312B
:106FA00031636C6173735F656E7472794954305FDD
:106FB000455374386F7074696F6E616C49744545E0
:106FC000556C76455F00000080AB0508786F0508BA
:106FD000313343616E416E616C6F6742617365006E
:106FE00000AD0508D06F0508000000000300000098
:106FF000644B05080200000000590508021C00004F
:10700000645905080220000000000000E06F050838
:10701000B9F8020819F9020835F8020839BD010863
:107020003DBD01085BFA020845F9020819F30208A0
:107030005DFB020851F80208F8FFFFFFE06F05084A
:1070400009F902083DF9020861F9020887FA020805
:10705000E4FFFFFFE06F050801F9020835F90208B7
:10706000AFF80208BB070208BB070208BB0702080B
:10707000BB070208E0FFFFFFE06F050875C10108CC
:1070800011F902082DF9020881130208851302087C
:1070900079FD02088D21020849F8020851F302081F
:1070A000C11B020891190208CD13020879C1010819
:1070B000C913020889130208D113020851130208E8
:1070C0007DC10108ED150208E91D0208F109DEADD8
:1070D0003943616E427269646765000000AD05085E
:1070E000D070050800000000020000009081050833
:1070F000020000000059050802980000000000008E
:10710000DC7005088D010308F901030889FD0208F8
:1071100081FD0208ED5D030829050308D109030874
:10712000E95C0308E15C0308E15C03086908030803
:1071300041FF0208FFFD0208A5FD0208F8FFFFFF5E
:10714000DC70050885FD0208E90103081702030841
:107150008113020885130208C90903088D2102085A
:107160009DFD020879FF0208C11B0208911902085F
:10717000CD13020879C10108C91302088913020856
:10718000D1130208511302087DC10108ED15020850
:10719000E91D020868FFFFFFDC700508F101030824
:1071A0000F02030863FE0208B3FD0208BB070208D2
:1071B000BB070208BB070208313043616E42757499
:1071C000746F6E730000000000AD0508B87105080B
:1071D00000000000030000009C56050802000000AB
:1071E0000059050802100000645905080214000047
:1071F00000000000C87105082D0D03088D0D03085F
:10720000E50C030801F70108010D030805F7010863
:10721000110F0308B90D030831100308EF0D03081F
:10722000F8FFFFFFC87105087D0D0308B10D0308C5
:10723000E70D03085B0F0308F0FFFFFFC8710508A7
:10724000750D0308A90D03080F0E0308BB070208FC
:10725000BB070208BB070208BB070208ECFFFFFFE1
:10726000C871050875C10108850D0308A10D030843
:107270008113020885130208651203088D21020894
:10728000F90C0308C9160208C11B0208911902086B
:10729000CD13020879C10108C91302088913020835
:1072A000D1130208511302087DC10108ED1502082F
:1072B000E91D0208313243414E496E7075744D61CB
:1072C000696E000000AD0508B472050800000000FA
:1072D000040000009081050802000000BC6405085D
:1072E000029800007C65050802A0000044690508BA
:1072F00002DC000000000000C472050891160308BB
:10730000051703086D12030881FD02080D13030819
:107310001D5D0308E35C0308E95C0308E15C030806
:10732000E15C03089D1C03089113030889120308FC
:10733000C7130308B7190308F8FFFFFFC472050855
:1073400085FD0208F51603083317030881130208A8
:1073500085130208D12103088D2102088112030838
:10736000A9130308C11B020891190208CD130208D2
:1073700079C10108C913020889130208D113020850
:10738000511302087DC10108ED150208E91D02082C
:1073900068FFFFFFC4720508ED1603082B170308EA
:1073A000D51203084D14030860FFFFFFC4720508DF
:1073B000E516030823170308359E0208DD9D020821
:1073C000EB9B02087F9F0208259F0208C19C0208D0
:1073D000099A0208919A020824FFFFFFC472050867
:1073E000FD1603081B170308C91903087DD40208FA
:1073F0003132456E636F6465724269737343000096
:1074000000AD0508F073050800000000050000004D
:10741000F85E05080200000000650508020C000087
:1074200064590508024C000044690508006C00001E
:10743000BC64050802A400000000000000740508F8
:107440003D230308D1230308D92103087FC1010884
:10745000F521030821240308F15A02083D220308FC
:10746000AD5A0208F921030833220308E522030874
:107470008322030885260308CD2903084324030833
:107480000524030813240308F4FFFFFF0074050814
:10749000C1230308FD2303086997020887C1010877
:1074A000792403088BC101088DC101080B2403084E
:1074B000192403088FC1010893C10108B4FFFFFF1D
:1074C0000074050875C10108B9230308F5230308F2
:1074D0008113020885130208812B03088D210208FD
:1074E000ED210308C9160208C11B02089119020800
:1074F000CD13020879C10108C913020889130208D3
:10750000D1130208511302087DC10108ED150208CC
:10751000E91D020894FFFFFF00740508B12303086A
:10752000ED230308312703087DD402085CFFFFFF29
:1075300000740508C9230308E5230308332303085F
:10754000DD2203083132456E636F6465724C6F63F0
:10755000616C000000AD05084475050800000000DE
:1075600005000000F85E050802000000D45F050871
:10757000020C000058670508001000006459050857
:1075800002140000BC640508023400000000000082
:1075900054750508A92B0308252C0308892B03081B
:1075A0007FC10108A52B0308172E0308F15A020812
:1075B000975A0208AD5A0208252E03088F5A02086E
:1075C000DD2C03081B2F0308312F03082D2D030882
:1075D000592C03088D2C0308F4FFFFFF5475050890
:1075E000152C0308512C0308252D0308F0FFFFFF7D
:1075F000547505080D2C0308492C0308272F030890
:10760000ECFFFFFF5475050875C10108052C030840
:10761000412C030881130208851302082131030855
:107620008D2102089D2B0308652D0308C11B02084C
:1076300091190208CD13020879C10108C913020883
:1076400089130208D1130208511302087DC10108F1
:10765000ED150208E91D0208CCFFFFFF547505086F
:107660001D2C0308392C0308852C0308D52C03088E
:107670003130456E636F64657253534900000000FA
:1076800000AD050870760508000000000400000049
:10769000F85E05080200000000650508020C000005
:1076A00064590508024C0000BC640508026C000027
:1076B000000000008076050845320308B532030853
:1076C000293103087FC101081B3203081F32030858
:1076D000F15A020857330308AD5A02083132030841
:1076E0003D320308E13203082B350308F533030864
:1076F0007539030845310308353303084933030856
:10770000F4FFFFFF80760508A5320308D93203088D
:107710006997020887C10108133203088BC1010869
:107720008DC10108413303084F3303088FC101089D
:1077300093C10108B4FFFFFF8076050875C10108F9
:107740009D320308D1320308811302088513020811
:10775000093C03088D2102083D3103080D3403085C
:10776000C11B020891190208CD13020879C1010852
:10777000C913020889130208D11302085113020821
:107780007DC10108ED150208E91D020894FFFFFF05
:1077900080760508AD320308C93203082D3303088B
:1077A0007F350308C3360508C73605085A396164B2
:1077B000645F636C6173734937456E636F646572B0
:1077C00053305F453131636C6173735F656E747202
:1077D000794954305F455374386F7074696F6E61C6
:1077E0006C49744545556C76455F000080AB0508D3
:1077F000AC7705085A396164645F636C61737349DF
:107800003132456E636F6465724C6F63616C3745EE
:107810006E636F646572453131636C6173735F656C
:107820006E7472794954305F455374386F7074695F
:107830006F6E616C49744545556C76455F0000007C
:1078400080AB0508F47705085A396164645F636C9E
:107850006173734931324D74456E636F6465725361
:10786000504937456E636F646572453131636C61B1
:1078700073735F656E7472794954305F4553743821
:107880006F7074696F6E616C49744545556C7645CF
:107890005F00000080AB0508487805085A3961642C
:1078A000645F636C617373493132456E636F646505
:1078B00072426973734337456E636F646572453115
:1078C00031636C6173735F656E7472794954305FB4
:1078D000455374386F7074696F6E616C49744545B7
:1078E000556C76455F00000080AB05089C78050864
:1078F0005A396164645F636C617373493130456EFA
:10790000636F64657253534937456E636F64657284
:10791000453131636C6173735F656E74727949547C
:10792000305F455374386F7074696F6E616C497461
:107930004545556C76455F0080AB0508F078050835
:1079400039464642484944457874000088AC0508E9
:1079500040790508D87B0508537432335F53705F54
:10796000636F756E7465645F7074725F696E706C5E
:107970006163654931374566666563747343616C5D
:1079800063756C61746F7253614976454C4E395F13
:107990005F676E755F63787831325F4C6F636B5FE2
:1079A000706F6C69637945304545000088AC050807
:1079B00058790508944C0508537432335F53705F4F
:1079C000636F756E7465645F7074725F696E706CFE
:1079D000616365493953657269616C46464253611A
:1079E0004976454C4E395F5F676E755F63787831D5
:1079F000325F4C6F636B5F706F6C696379453045C4
:107A00004500000088AC0508B8790508944C0508C5
:107A1000000000004C790508754003082141030867
:107A2000353F030881FD020825400308454403084B
:107A3000E35C0308E95C03084B440308CD490308F1
:107A400005520308E13F03080D44030859490308A0
:107A5000C54A0308194A03088D4A0308C1440308AC
:107A6000F8FFFFFF4C79050885FD02081141030866
:107A70006F41030881130208851302087157030838
:107A80008D210208493F03081D400308C11B02085D
:107A900091190208CD13020879C10108C91302081F
:107AA00089130208D1130208511302087DC101088D
:107AB000ED150208E91D020868FFFFFF4C79050873
:107AC0000941030867410308054B03087DD40208F8
:107AD00030FFFFFF4C790508014103085F410308AF
:107AE0003D440308C349030828FFFFFF4C790508FC
:107AF000F940030857410308854A030824FFFFFFA4
:107B00004C790508F14003084F41030817D10208DA
:107B100013D1020820FFFFFF4C790508E940030854
:107B200047410308BD4A03081CFFFFFF4C790508C5
:107B3000E14003083F410308359E0208DD9D02082D
:107B4000EB9B02087F9F0208259F0208C19C020848
:107B5000099A0208919A0208E0FEFFFF4C79050895
:107B60001941030837410308F544030800000000E9
:107B7000AC790508533F0308B53F03085D3F030890
:107B8000D33F0308653F030800000000047A05089E
:107B9000513F0308C53F0308553F0308DB3F030877
:107BA0008D3F030832324849445F47616D6570611B
:107BB000645265706F72745F6261736500000000EB
:107BC00080AB0508A47B050831304646424849444D
:107BD0004D61696E0000000000AD0508C87B050816
:107BE000000000000800000090810508020000006D
:107BF0004469050802980000BC64050800D0000034
:107C0000D45F050800D800005C68050802DC0000AD
:107C1000485F050800E000007C65050800E40000FE
:107C2000586705080020010031374849445F476123
:107C30006D657061645265706F7274496C450000C7
:107C400088AC0508287C0508C07B05083137484901
:107C5000445F47616D657061645265706F7274490D
:107C60007345000088AC05084C7C0508C07B0508FE
:107C700000000000D87B05080000000000000000A4
:107C80000000000081FD02080000000045440308D8
:107C9000E35C0308E95C03084B440308CD4903088F
:107CA00005520308E13F03080D440308594903083E
:107CB000C54A0308194A03088D4A0308C14403084A
:107CC000F8FFFFFFD87B050885FD020800000000D3
:107CD0000000000081130208851302087157030891
:107CE0008D210208000000001D400308C11B02088E
:107CF00091190208CD13020879C10108C9130208BD
:107D000089130208D1130208511302087DC101082A
:107D1000ED150208E91D020868FFFFFFD87B050882
:107D20000000000000000000054B03087DD402089D
:107D300030FFFFFFD87B05080000000000000000B6
:107D40003D440308C349030828FFFFFFD87B05080B
:107D50000000000000000000854A030824FFFFFF28
:107D6000D87B0508000000000000000017D10208C1
:107D700013D1020820FFFFFFD87B05080000000098
:107D800000000000BD4A03081CFFFFFFD87B050868
:107D90000000000000000000359E0208DD9D020882
:107DA000EB9B02087F9F0208259F0208C19C0208E6
:107DB000099A0208919A0208E0FEFFFFD87B0508A5
:107DC0000000000000000000F5440308000000006F
:107DD000407C050861430308B1430308B543030829
:107DE000B9430308C5430308E1430308D14303082B
:107DF00000000000647C0508E142030831430308E9
:107E0000354303083943030845430308F743030890
:107E10005143030800000000E803000001010201D3
:107E20000401080131314646424A6F79737469632F
:107E30006B00000088AC0508247E0508D87B050887
:107E4000537432335F53705F636F756E7465645F34
:107E50007074725F696E706C6163654936486964FD
:107E600046464253614976454C4E395F5F676E75B1
:107E70005F63787831325F4C6F636B5F706F6C69F2
:107E8000637945304545000088AC0508407E05080B
:107E9000944C050800000000347E05082D580308A6
:107EA000D15803087957030881FD0208DD570308FC
:107EB00045440308E35C0308E95C03084B440308FA
:107EC000CD49030805520308E13F03080D440308A8
:107ED00059490308C54A0308194A03088D4A03088B
:107EE000C1440308F8FFFFFF347E050885FD020842
:107EF000C15803081F59030881130208851302089B
:107F0000715703088D2102088D5703081D4003088F
:107F1000C11B020891190208CD13020879C101089A
:107F2000C913020889130208D11302085113020869
:107F30007DC10108ED150208E91D020868FFFFFF79
:107F4000347E0508B958030817590308054B030880
:107F50007DD4020830FFFFFF347E0508B1580308C6
:107F60000F5903083D440308C349030828FFFFFFD6
:107F7000347E0508A958030807590308854A0308F1
:107F800024FFFFFF347E0508A1580308FF580308AB
:107F900017D1020813D1020820FFFFFF347E050825
:107FA00099580308F7580308BD4A03081CFFFFFF50
:107FB000347E050891580308EF580308359E0208DF
:107FC000DD9D0208EB9B02087F9F0208259F0208A7
:107FD000C19C0208099A0208919A0208E0FEFFFF7C
:107FE000347E0508C9580308E7580308F544030818
:107FF00000000000887E050895570308C95703084C
:1080000097570308D7570308A15703083846464235
:10801000576865656C00000088AC05080C80050891
:10802000D87B05080000000018800508B55A030831
:10803000595B0308395A030881FD0208555A0308A1
:1080400045440308E35C0308E95C03084B44030868
:10805000CD49030805520308E13F03080D44030816
:1080600059490308C54A0308194A03088D4A0308F9
:10807000C1440308F8FFFFFF1880050885FD0208CA
:10808000495B0308A75B03088113020885130208F4
:10809000715703088D2102084D5A03081D4003083B
:1080A000C11B020891190208CD13020879C1010809
:1080B000C913020889130208D113020851130208D8
:1080C0007DC10108ED150208E91D020868FFFFFFE8
:1080D00018800508415B03089F5B0308054B0308F4
:1080E0007DD4020830FFFFFF18800508395B0308C4
:1080F000975B03083D440308C349030828FFFFFFBB
:1081000018800508315B03088F5B0308854A030864
:1081100024FFFFFF18800508295B0308875B03081D
:1081200017D1020813D1020820FFFFFF18800508AD
:10813000215B03087F5B0308BD4A03081CFFFFFFA8
:1081400018800508195B0308775B0308359E020851
:10815000DD9D0208EB9B02087F9F0208259F020815
:10816000C19C0208099A0208919A0208E0FEFFFFEA
:1081700018800508515B03086F5B0308F54403088A
:1081800031314646426F6172644D61696E00000094
:1081900000AD050880810508000000000200000015
:1081A0004C4B050802000000645905080208000055
:1081B0000000000090810508415E03089D5E0308F1
:1081C000C15C030881FD0208ED5D03081D5D030825
:1081D000E35C0308E95C0308E15C0308E15C030875
:1081E000DD5C0308255D0308F8FFFFFF90810508AB
:1081F00085FD0208955E0308B15E0308811302083D
:1082000085130208555D03088D210208D55C03081B
:108210004D5D0308C11B020891190208CD13020825
:1082200079C10108C913020889130208D113020891
:10823000511302087DC10108ED150208E91D02086D
:1082400031314C6F63616C416E616C6F670000008F
:1082500000AD050840820508000000000300000092
:10826000644B05080200000064590508021C000068
:10827000204B0508023C0000000000005082050869
:10828000DD5E0308295F0308C15E0308B95E0308C9
:1082900045620308F55F0308555F0308D9620308C8
:1082A00061600308F8FFFFFF50820508195F0308AB
:1082B0004D5F030859600308ED5F0308E4FFFFFF0B
:1082C00050820508BD5E0308115F0308455F03087F
:1082D0008113020885130208BD6403088D2102087A
:1082E000D55E03089D600308C11B020891190208AE
:1082F000CD13020879C10108C913020889130208C5
:10830000D1130208511302087DC10108ED150208BE
:10831000E91D0208C4FFFFFF50820508215F030822
:108320003D5F030800050105020503050405050579
:1083300006050705080509050A050B050C050D05C9
:108340000E050F0531324C6F63616C427574746FAA
:108350006E73000000AD05084483050800000000AE
:10836000020000009C560508020000006459050840
:10837000001000000000000054830508E9640308B1
:1083800021650308CD640308C56403080968030870
:1083900005F701083D690308A5650308456503085D
:1083A00065660308F8FFFFFF54830508116503089D
:1083B0003D6503086D650308BF660308F0FFFFFF16
:1083C00054830508C9640308196503083565030863
:1083D0008113020885130208716B03088D210208BE
:1083E000E1640308DD650308C11B02089119020856
:1083F000CD13020879C10108C913020889130208C4
:10840000D1130208511302087DC10108ED150208BD
:10841000E91D0208384D6964694D61696E0000000C
:1084200000AD0508148405080000000003000000EA
:10843000908105080200000094620508029800007F
:108440005867050800A0000000000000208405080F
:10845000CD6C0308496D0308C56B030881FD020854
:10846000816E0308456C0308E35C0308E95C0308BC
:10847000E15C0308E15C030853730308C96E030859
:10848000796D0308736C0308E16B0308096C03083A
:1084900005720308F8FFFFFF2084050885FD020828
:1084A000396D03086F6D03088113020885130208F4
:1084B000797303088D210208D96B0308E16E030864
:1084C000C11B020891190208CD13020879C10108E5
:1084D000C913020889130208D113020851130208B4
:1084E0007DC10108ED150208E91D020868FFFFFFC4
:1084F00020840508316D0308676D03080B8A0208A4
:10850000796E0308C56C0308016C0308078A02082A
:108510003D6C0308058A0208098A020860FFFFFF14
:1085200020840508416D03085F6D0308137203087A
:108530008E39050895390508AA390508B93905089D
:10854000C9390508CE390508D3390508D9390508D0
:10855000DF390508E4390508E9390508E539050872
:10856000384D6F746F7250574D00000000AD050814
:10857000608505080000000003000000DC620508BB
:10858000020000006459050802100000BC640508E0
:1085900002300000000000006C8505082974030803
:1085A000AD7403088173030883C10108C97503080A
:1085B000AB7303089D730308A18B0208098B0208A3
:1085C000318B02083DCA01080D8B0208BF730308F6
:1085D0007D780308F97B0308D1740308F0FFFFFFDF
:1085E0006C85050875C101089D740308C9740308EA
:1085F0008113020885130208797E03088D21020881
:1086000095730308E9740308C11B02089119020855
:10861000CD13020879C10108C913020889130208A1
:10862000D1130208511302087DC10108ED1502089B
:10863000E91D0208D0FFFFFF6C850508A57403083B
:10864000C1740308E5730308C178030831374D6F1F
:10865000746F7253696D706C656D6F74696F6E00C5
:1086600000AD05084C86050801000000040000006C
:10867000DC62050802000000F85E05080210000038
:1086800064590508021C00009C670508023C0000B4
:1086900000000000608605080000000000000000E7
:1086A0000000000083C1010859880308E98203081B
:1086B000DD820308A18B0208257F03080D7F0308D4
:1086C0003DCA0108D1C101083B7F0308117F03089F
:1086D000377F030865880308BD8D0308DDCA0108DC
:1086E00009830308BB7F03089D7F0308F0FFFFFF9A
:1086F0006086050800000000000000000000000087
:108700007FC10108997F0308617F0308F15A0208BD
:10871000975A0208AD5A02081D7F03087D88030896
:10872000E4FFFFFF6086050875C101080000000036
:10873000000000008113020885130208538E03080D
:108740008D21020800000000F5CA0108C11B0208C3
:1087500091190208CD13020879C10108C913020852
:1087600089130208D1130208511302087DC10108C0
:10877000ED150208E91D0208C4FFFFFF6086050829
:10878000000000000000000089840308D77F030870
:10879000B37F030831324D74456E636F6465725365
:1087A0005049000000AD050894870508000000004E
:1087B00005000000F85E05080200000000650508DD
:1087C000020C0000BC640508024C00006459050856
:1087D0000254000044690508007400000000000015
:1087E000A4870508B18E0308418F0308618E030832
:1087F0007FC101085B8E0308898E0308F15A0208C5
:10880000CF8F0308AD5A02087D8E03089B8E0308A4
:108810003D93030841940308778F03089998030850
:1088200035900308F4FFFFFFA4870508318F030884
:108830006F8F03086997020887C1010889C1010881
:10884000739003088DC10108119502082F95020845
:108850008FC1010893C10108B4FFFFFFA487050879
:10886000298F0308678F0308C78F0308AF94030895
:10887000ACFFFFFFA487050875C10108218F03081D
:108880005F8F030881130208851302084D9D0308BA
:108890008D210208758E0308C9160208C11B020843
:1088A00091190208CD13020879C10108C913020801
:1088B00089130208D1130208511302087DC101086F
:1088C000ED150208E91D02088CFFFFFFA4870508CB
:1088D000398F0308578F0308CF9303087DD402080C
:1088E000394F447269766543414E000000AD05087A
:1088F000E08805080100000006000000DC620508B1
:1089000002000000BC64050802100000F85E0508C3
:1089100002180000005905080224000064590508E7
:1089200002280000446905080048000031304F4427
:108930007269766543414E310000000088AC05083D
:108940002C890508EC88050831304F44726976653A
:1089500043414E320000000088AC050848890508F4
:10896000EC88050800000000EC8805080000000005
:10897000000000000000000083C101087DA603087C
:1089800035A8030861A80308A18B0208E19D03082C
:10899000A19D03083DCA0108559D03081DA70308B2
:1089A00019A003083D9E030851A40308339E030841
:1089B000FB9D0308A59D0308399E0308299F030812
:1089C000419E03082DAA030841A10308F0FFFFFF01
:1089D000EC880508000000000000000011A003085A
:1089E000219F0308E8FFFFFFEC8805080000000056
:1089F00000000000000000007FC10108DFA00308A4
:108A00002B9E03088DA40308975A0208AD5A02084A
:108A1000D99D0308D9A00308DCFFFFFFEC880508F7
:108A200000000000000000009FA00308E3A003086E
:108A3000BB070208BB070208BB070208D8FFFFFFFD
:108A4000EC88050875C10108000000000000000066
:108A500081130208851302082DAE03088D21020838
:108A60000000000059A10308C11B02089119020867
:108A7000CD13020879C10108C9130208891302083D
:108A8000D1130208511302087DC10108ED15020837
:108A9000E91D0208B8FFFFFFEC8805080000000090
:108AA000000000002DA803087DD40208000000008B
:108AB0003C890508EDA5030849A60308599D03084C
:108AC00083C101087DA6030835A8030861A803082F
:108AD000A18B0208E19D0308A19D03083DCA01087E
:108AE000559D03081DA7030819A003083D9E030810
:108AF00051A40308339E0308FB9D0308A59D0308AA
:108B0000399E0308299F0308419E03082DAA0308E4
:108B100041A10308F0FFFFFF3C8905083BA60308BD
:108B200075A6030811A00308219F0308E8FFFFFFB3
:108B30003C89050835A603086FA60308759D030840
:108B40007FC10108DFA003082B9E03088DA4030842
:108B5000975A0208AD5A0208D99D0308D9A0030804
:108B6000DCFFFFFF3C8905082FA6030869A6030860
:108B70009FA00308E3A00308BB070208BB07020885
:108B8000BB070208D8FFFFFF3C89050875C1010833
:108B900029A6030863A603088113020885130208A7
:108BA0002DAE03088D2102086D9D030859A103080D
:108BB000C11B020891190208CD13020879C10108EE
:108BC000C913020889130208D113020851130208BD
:108BD0007DC10108ED150208E91D0208B8FFFFFF7D
:108BE0003C89050841A603085DA603082DA80308D3
:108BF0007DD4020800000000588905085DA503081F
:108C0000B9A503087D9D030883C101087DA603085B
:108C100035A8030861A80308A18B0208E19D030899
:108C2000A19D03083DCA0108559D03081DA703081F
:108C300019A003083D9E030851A40308339E0308AE
:108C4000FB9D0308A59D0308399E0308299F03087F
:108C5000419E03082DAA030841A10308F0FFFFFF6E
:108C600058890508ABA50308E5A5030811A003086A
:108C7000219F0308E8FFFFFF58890508A5A5030801
:108C8000DFA50308999D03087FC10108DFA0030841
:108C90002B9E03088DA40308975A0208AD5A0208B8
:108CA000D99D0308D9A00308DCFFFFFF58890508F8
:108CB0009FA50308D9A503089FA00308E3A0030804
:108CC000BB070208BB070208BB070208D8FFFFFF6B
:108CD0005889050875C1010899A50308D3A503089B
:108CE00081130208851302082DAE03088D210208A6
:108CF000919D030859A10308C11B0208911902089C
:108D0000CD13020879C10108C913020889130208AA
:108D1000D1130208511302087DC10108ED150208A4
:108D2000E91D0208B8FFFFFF58890508B1A503082F
:108D3000CDA503082DA803087DD40208375043466B
:108D4000383537340000000088AC05083C8D050834
:108D500084610508313450434638353734427574E0
:108D6000746F6E730000000000AD0508548D050897
:108D70000000000004000000488D0508020000000B
:108D800064590508020C00009C560508022C0000DE
:108D900044690508023C000000000000488D0508F9
:108DA00069AE030889AE0308838402082785020898
:108DB0000781020807810208F18402080000000010
:108DC000688D05089DAE030801AF0308838402087F
:108DD00027850208078102086FAF030855AF030813
:108DE00091B0030835AF0308D1B103081DB30308E0
:108DF000E1B0030865AE030841AE030835AE0308D1
:108E000035B00308F4FFFFFF688D05083DAE030889
:108E1000F1AE03082DAF0308811302088513020881
:108E20008DB503088D2102085DAE03084DB003081F
:108E3000C11B020891190208CD13020879C101086B
:108E4000C913020889130208D1130208511302083A
:108E50007DC10108ED150208E91D0208D4FFFFFFDE
:108E6000688D0508E9AE030825AF030855AE030871
:108E700039AE030869B10308D5AF0308CCFFFFFF83
:108E8000688D0508E1AE03081DAF03084DAF030868
:108E900005B20308C4FFFFFF688D0508F9AE03089B
:108EA00015AF0308D9B003087DD402083131526DE3
:108EB000644D6F746F7243414E00000000AD0508B1
:108EC000AC8E05080100000006000000DC62050809
:108ED00002000000BC64050802100000F85E0508EE
:108EE0000218000000590508022400006459050812
:108EF0000228000044690508004800003132526D24
:108F0000644D6F746F7243414E31000088AC0508A8
:108F1000FC8E0508BC8E05083132526D644D6F74AD
:108F20006F7243414E32000088AC0508188F050867
:108F3000BC8E050800000000BC8E05080000000083
:108F4000000000000000000083C1010821BB0308ED
:108F50005BB903080FBB0308A18B0208E5B5030842
:108F6000E1B503083DCA010895B503080DBD030826
:108F7000C9B603082DB60308F5B50308E5B803081C
:108F8000FDB5030829B6030871BB030895C10308A2
:108F9000F0FFFFFFBC8E050800000000000000008D
:108FA00049B70308BFB60308E8FFFFFFBC8E0508FA
:108FB0000000000000000000000000007FC1010868
:108FC00087B703082DB90308F15A0208975A020817
:108FD000AD5A020821B6030881B70308DCFFFFFF82
:108FE000BC8E05080000000000000000D5BC03088E
:108FF000BB070208BB070208BB070208BB07020841
:10900000D8FFFFFFBC8E050875C1010800000000F5
:10901000000000008113020885130208E1C3030861
:109020008D21020800000000C9160208C11B0208B9
:1090300091190208CD13020879C10108C913020869
:1090400089130208D1130208511302087DC10108D7
:10905000ED150208E91D0208B8FFFFFFBC8E0508E8
:10906000000000000000000075BD03087DD4020868
:10907000000000000C8F050881BA0308DDBA030860
:1090800099B5030883C1010821BB03085BB9030834
:109090000FBB0308A18B0208E5B50308E1B503087F
:1090A0003DCA010895B503080DBD0308C9B60308FC
:1090B0002DB60308F5B50308E5B80308FDB50308A8
:1090C00029B6030871BB030895C10308F0FFFFFF31
:1090D0000C8F0508CFBA030809BB030849B703087A
:1090E000BFB60308E8FFFFFF0C8F0508C9BA0308E5
:1090F00003BB0308B5B503087FC1010887B70308A0
:109100002DB90308F15A0208975A0208AD5A02080D
:1091100021B6030881B70308DCFFFFFF0C8F0508A9
:10912000C3BA0308FDBA0308D5BC0308BB0702088D
:10913000BB070208BB070208BB070208D8FFFFFFF6
:109140000C8F050875C10108BDBA0308F7BA0308FA
:109150008113020885130208E1C303088D21020868
:10916000ADB50308C9160208C11B0208911902080F
:10917000CD13020879C10108C91302088913020836
:10918000D1130208511302087DC10108ED15020830
:10919000E91D0208B8FFFFFF0C8F0508D5BA0308C8
:1091A000F1BA030875BD03087DD402080000000071
:1091B000288F0508F1B903084DBA0308BDB50308A7
:1091C00083C1010821BB03085BB903080FBB030877
:1091D000A18B0208E5B50308E1B503083DCA010803
:1091E00095B503080DBD0308C9B603082DB60308DD
:1091F000F5B50308E5B80308FDB5030829B603086B
:1092000071BB030895C10308F0FFFFFF288F050815
:109210003FBA030879BA030849B70308BFB6030881
:10922000E8FFFFFF288F050839BA030873BA03085F
:10923000D9B503087FC1010887B703082DB9030812
:10924000F15A0208975A0208AD5A020821B60308DB
:1092500081B70308DCFFFFFF288F050833BA030836
:109260006DBA0308D5BC0308BB070208BB07020898
:10927000BB070208BB070208D8FFFFFF288F0508BD
:1092800075C101082DBA030867BA030881130208E3
:1092900085130208E1C303088D210208D1B5030834
:1092A000C9160208C11B020891190208CD13020851
:1092B00079C10108C913020889130208D1130208F1
:1092C000511302087DC10108ED150208E91D0208CD
:1092D000B8FFFFFF288F050845BA030861BA0308E5
:1092E00075BD03087DD40208A13E0508A63E050809
:1092F000AD3E0508B23E0508C93E05083131535060
:10930000495F427574746F6E7300000000AD05080C
:10931000FC92050800000000030000009C560508B0
:1093200002000000645905080210000000650508ED
:109330000230000031335350495F427574746F6ED0
:10934000735F310088AC0508349305080C93050859
:10935000000000000C930508000000000000000061
:1093600000000000E9C3030895C4030805F70108DD
:1093700075CD03086DC5030811C403084DC8030863
:109380000DC40308F8FFFFFF0C9305080000000060
:10939000000000005BC40308BFC80308F0FFFFFF24
:1093A0000C930508EDC30308000000000000000056
:1093B000811302088513020871CF03088D2102086A
:1093C0000000000085C50308C11B020891190208AE
:1093D000CD13020879C10108C913020889130208D4
:1093E000D1130208511302087DC10108ED150208CE
:1093F000E91D0208D0FFFFFF0C93050800000000E4
:10940000000000006997020887C1010889C10108AE
:109410008BC101088DC10108119502082F95020822
:109420008FC1010893C101080000000044930508A2
:1094300041C6030879C60308F1C30308E9C303085A
:1094400095C4030805F7010875CD03086DC5030829
:1094500011C403084DC803080DC40308F8FFFFFF3B
:109460004493050865C603088DC603085BC403085A
:10947000BFC80308F0FFFFFF44930508EDC30308CE
:109480006BC6030893C603088113020885130208FC
:1094900071CF03088D21020805C4030885C50308A0
:1094A000C11B020891190208CD13020879C10108F5
:1094B000C913020889130208D113020851130208C4
:1094C0007DC10108ED150208E91D0208D0FFFFFF6C
:1094D0004493050871C6030899C6030869970208F2
:1094E00087C1010889C101088BC101088DC101082C
:1094F000119502082F9502088FC1010893C1010838
:109500001800000020000000280000000702130ED1
:109510004E313353686966746572416E616C6F6772
:1095200032324732375368696674657242757474B3
:109530006F6E436C69656E744500000088AC050869
:109540001095050800650508313353686966746530
:1095500072416E616C6F670000AD050848950508A3
:1095600000000000020000009C56050802000000F8
:109570006459050800100000000000003C95050833
:109580000DD0030821D003086997020887C101089C
:1095900089C101088BC101088DC10108119502081C
:1095A0002F9502088FC1010893C101080000000037
:1095B0005895050809D403085DD40308DDCF0308D6
:1095C000D5CF0308B1D30308F9CF030835D003087A
:1095D0001DD503086DD803080DD10308F8FFFFFF60
:1095E000589505084DD4030879D4030899D0030889
:1095F000B7D50308F0FFFFFF58950508D9CF03083A
:1096000055D4030871D40308811302088513020896
:10961000E5DA03088D210208F1CF030825D10308FC
:10962000C11B020891190208CD13020879C1010873
:10963000C913020889130208D11302085113020842
:109640007DC10108ED150208E91D020801010000B5
:10965000000001014E37544D433436373133315415
:109660004D435F45787465726E616C456E636F64DF
:109670006572557064617465546872656164450013
:1096800088AC0508549605084469050837544D43CD
:10969000343637310000000000AD05088C9605080F
:1096A0000100000009000000DC6205080200000063
:1096B000BC64050802100000F85E050802180000EE
:1096C00064590508022400000065050802440000F2
:1096D000D45F050802840000446905080288000080
:1096E000485F050800C000005867050802C4000074
:1096F000000000008096050841DB030855DB0308E5
:1097000055EA03087DD40208000000009896050879
:10971000FD0B0408050D0408EDDA0308BDC10108BE
:10972000E7EB0308BFFA030825FA030851DD030835
:1097300093DB030811DB0308351B04082DDB03084A
:1097400025100408AF0B0408A3E10308B1E10308E6
:10975000D3E503083DDE0308D3DB0308E105040875
:10976000C7060408F514040869DB030877DB03085F
:10977000E9220408FDCA0108F9DB0308F0FFFFFF36
:1097800098960508F50C0408530D0408730704089F
:1097900025160408E8FFFFFF98960508ED0C04085D
:1097A0004B0D040809DB0308C5C10108F1DB030800
:1097B000A9E10308F15A0208DFE10308AD5A0208E3
:1097C00023E6030859DE0308DCFFFFFF989605082F
:1097D000C1C10108E50C0408430D04088113020807
:1097E00085130208752E04088D21020801DB030889
:1097F00015CB0108C11B020891190208CD130208FC
:1098000079C10108C913020889130208D11302089B
:10981000511302087DC10108ED150208E91D020877
:10982000BCFFFFFF98960508DD0C04083B0D0408FB
:109830006997020887C1010889C101088BC1010825
:109840008DC101086FDB03088BDB03088FC10108A2
:1098500093C101087CFFFFFF98960508D50C04080A
:10986000330D0408F305040878FFFFFF98960508F8
:10987000CD0C04082B0D0408B11304087DD4020894
:1098800040FFFFFF98960508C50C0408230D040847
:1098900021DC03083CFFFFFF98960508FD0C040837
:1098A0001B0D0408E10B0408F14605080600000042
:1098B000000000000080BB4400401C46006086455C
:1098C0000000B442010000001085973A0CC6D4C6CF
:1098D0003C57733B295CF54120BCBE4B280000007F
:1098E0000000003FFF0B00000647050803000000D2
:1098F000000000000080BB4400401C46006086451C
:109900000000B44201000000F4017A3A0CC6D4C64B
:109910003C57733B295CF54120BCBE4B1400000052
:109920000000003FFF0B00001D470508020000007B
:10993000E80300000080BB4400E0AB4600608645C1
:109940000000B44201000000A03A5E3A0CC6D4C642
:109950003C57733B295CF54120BCBE4B1400000012
:109960000000003FFF0B0000334705080100000026
:10997000E8030000000000000000000000000000FC
:109980000000B44200000000A03A5E3AB0CC40CEE5
:109990003C57733B295CF54120BCBE4B14000000D2
:1099A0000000003FFF0B000002016488000000007F
:1099B0000201400F000000000201400A0000000008
:1099C0000201288F020602020201288F0000000215
:1099D0003134544D4344656275674272696467650A
:1099E0000000000088AC0508D099050890810508A2
:1099F00000000000E4990508FD2E0408392F040832
:109A00007D2E040881FD0208ED5D03081D5D03083D
:109A1000F1380408E95C0308E15C0308E15C030831
:109A20000935040845310408F8FFFFFFE4990508EB
:109A300085FD0208312F04084D2F04088113020808
:109A400085130208193804088D210208912E040894
:109A50005D310408C11B020891190208CD130208E8
:109A600079C10108C913020889130208D113020839
:109A7000511302087DC10108ED150208E91D020815
:109A8000375665736343414E0000000000AD050882
:109A9000809A05080100000006000000DC6205084D
:109AA00002000000BC64050802100000F85E050812
:109AB0000218000000590508022400006459050836
:109AC0000228000044690508004800003656455346
:109AD000435F310088AC0508CC9A05088C9A0508CC
:109AE00036564553435F320088AC0508E09A0508B6
:109AF0008C9A0508000000008C9A05080000000000
:109B000000000000118B020883C101080144040811
:109B100065440408993B0408A18B0208A73B04088C
:109B2000F13B04083DCA0108A13B0408E13C0408DC
:109B3000F93E0408013C040851430408EB3B0408C7
:109B4000B33B0408293F0408F9480408FD4B040806
:109B50003D3D040899460408F0FFFFFF8C9A050874
:109B60000000000000000000213F0408D93C040868
:109B7000E8FFFFFF8C9A05080000000000000000CD
:109B8000755A02087FC10108FB3C0408E33B040846
:109B90006F430408975A0208AD5A0208653F04084B
:109BA000353D0408DCFFFFFF8C9A0508000000002B
:109BB00000000000054A0408BB070208BB070208B2
:109BC000BB070208BB070208D8FFFFFF8C9A0508F5
:109BD00075C10108000000000000000081130208A8
:109BE00085130208795004088D2102080000000046
:109BF000553D0408C11B020891190208CD13020843
:109C000079C10108C913020889130208D113020897
:109C1000511302087DC10108ED150208E91D020873
:109C2000B8FFFFFF8C9A050800000000000000004C
:109C3000854704087DD4020800000000D49A050876
:109C4000A545040801460408513B040883C10108E6
:109C50000144040865440408993B0408A18B0208E8
:109C6000A73B0408F13B04083DCA0108A13B0408D6
:109C7000E13C0408F93E0408013C0408514304088F
:109C8000EB3B0408B33B0408293F0408F9480408E7
:109C9000FD4B04083D3D040899460408F0FFFFFF12
:109CA000D49A0508F34504082F460408213F040808
:109CB000D93C0408E8FFFFFFD49A0508ED450408E5
:109CC000294604086D3B04087FC10108FB3C0408D9
:109CD000E33B04086F430408975A0208AD5A020890
:109CE000653F0408353D0408DCFFFFFFD49A0508F2
:109CF000E745040823460408054A0408BB07020890
:109D0000BB070208BB070208BB070208D8FFFFFF1A
:109D1000D49A050875C10108E14504081D460408E8
:109D20008113020885130208795004088D21020866
:109D3000653B0408553D0408C11B0208911902083F
:109D4000CD13020879C10108C9130208891302085A
:109D5000D1130208511302087DC10108ED15020854
:109D6000E91D0208B8FFFFFFD49A0508F945040869
:109D700017460408854704087DD402080000000047
:109D8000E89A05081545040871450408753B040860
:109D900083C101080144040865440408993B040890
:109DA000A18B0208A73B0408F13B04083DCA010847
:109DB000A13B0408E13C0408F93E0408013C040806
:109DC00051430408EB3B0408B33B0408293F040853
:109DD000F9480408FD4B04083D3D04089946040871
:109DE000F0FFFFFFE89A0508634504089F45040853
:109DF000213F0408D93C0408E8FFFFFFE89A050862
:109E00005D45040899450408913B04087FC1010899
:109E1000FB3C0408E33B04086F430408975A02081C
:109E2000AD5A0208653F0408353D0408DCFFFFFF1A
:109E3000E89A05085745040893450408054A0408AC
:109E4000BB070208BB070208BB070208BB070208E2
:109E5000D8FFFFFFE89A050875C1010851450408BD
:109E60008D450408811302088513020879500408FF
:109E70008D210208893B0408553D0408C11B0208D6
:109E800091190208CD13020879C10108C91302080B
:109E900089130208D1130208511302087DC1010879
:109EA000ED150208E91D0208B8FFFFFFE89A050852
:109EB0006945040887450408854704087DD40208DD
:109EC0005A396164645F636C61737349313146462A
:109ED000426F6172644D61696E53305F4531316329
:109EE0006C6173735F656E7472794954305F45536A
:109EF00074386F7074696F6E616C49744545556C48
:109F000076455F0080AB0508C09E05085A3961643C
:109F1000645F636C61737349384646425768656590
:109F20006C31314646426F6172644D61696E4531F4
:109F300031636C6173735F656E7472794954305F1D
:109F4000455374386F7074696F6E616C4974454520
:109F5000556C76455F00000080AB05080C9F050836
:109F60005A396164645F636C617373493131464689
:109F7000424A6F79737469636B31314646426F614F
:109F800072644D61696E453131636C6173735F65F5
:109F90006E7472794954305F455374386F707469C8
:109FA0006F6E616C49744545556C76455F000000E5
:109FB00080AB0508609F05085A396164645F636C73
:109FC0006173734939464642484944457874313192
:109FD0004646426F6172644D61696E453131636C12
:109FE0006173735F656E7472794954305F45537461
:109FF000386F7074696F6E616C49744545556C7645
:10A00000455F000080AB0508B89F05085A396164B8
:10A01000645F636C617373493134544D43446562CA
:10A02000756742726964676531314646426F617295
:10A03000644D61696E453131636C6173735F656E48
:10A040007472794954305F455374386F7074696F16
:10A050006E616C49744545556C76455F00000000A3
:10A0600080AB05080CA005085A396164645F636C15
:10A0700061737349384D6964694D61696E31314668
:10A0800046426F6172644D61696E453131636C6146
:10A0900073735F656E7472794954305F45537438D9
:10A0A0006F7074696F6E616C49744545556C764587
:10A0B0005F00000080AB050868A005085A3961649C
:10A0C000645F636C617373493943616E42726964A2
:10A0D000676531314646426F6172644D61696E4514
:10A0E0003131636C6173735F656E7472794954309A
:10A0F0005F455374386F7074696F6E616C49744555
:10A1000045556C76455F000080AB0508BCA005088E
:10A110005A396164645F636C6173734931324341DE
:10A120004E496E7075744D61696E31314646426FAD
:10A130006172644D61696E453131636C6173735F47
:10A14000656E7472794954305F455374386F70741A
:10A15000696F6E616C49744545556C76455F0000CA
:10A1600080AB050810A10508E14A0508ED4A05087D
:10A17000F94A05080902A700040100E032080B00B3
:10A18000020202000009040000010202000405248A
:10A190000020010524010001042402060524060014
:10A1A000010705820308001009040100020A0000EB
:10A1B0000007050102400000070581024000000978
:10A1C0000402000001010006092401000109000148
:10A1D00003090403000201030000072401000141F8
:10A1E00000062402010100062402020200092403E1
:10A1F0000103010201000924030204010101000915
:10A200000502024000000000052501010109058347
:10A21000024000000000052501010309026B000354
:10A220000100E032080B00020202000009040000F5
:10A23000010202000405240020010524010001049C
:10A240002402060524060001070582030800100900
:10A25000040100020A000000070501024000000797
:10A260000581024000000904020002030000050904
:10A27000211101000122B0000705830340000107FE
:10A2800005020340000109026B00030100E03208EF
:10A290000B00020202000009040000010202000497
:10A2A00005240020010524010001042402060524E0
:10A2B0000600010705820308001009040100020AD4
:10A2C0000000000705010240000007058102400070
:10A2D0000009040200020300000509211101000128
:10A2E00022BF040705830340000107050203400065
:10A2F0000109024B00020100E032080B00020202D9
:10A3000000000904000001020200040524002001ED
:10A3100005240100010424020605240600010705A6
:10A32000820308001009040100020A00000007056A
:10A3300001024000000705810240000012010002F6
:10A34000000201400912B0FF0001010203010000F8
:10A3500000202020202020202020282828282820F5
:10A3600020202020202020202020202020202020ED
:10A370002088101010101010101010101010101055
:10A380001004040404040404040404101010101045
:10A39000101041414141414101010101010101010F
:10A3A0000101010101010101010101011010101061
:10A3B00010104242424242420202020202020202E1
:10A3C0000202020202020202020202021010101035
:10A3D000200000000000000000000000000000005D
:10A3E000000000000000000000000000000000006D
:10A3F000000000000000000000000000000000005D
:10A40000000000000000000000000000000000004C
:10A41000000000000000000000000000000000003C
:10A42000000000000000000000000000000000002C
:10A43000000000000000000000000000000000001C
:10A44000000000000000000000000000000000000C
:10A4500000000000303030303030303030303030BC
:10A4600030303030202020202020202020202020AC
:10A47000202020203030303030303030303030301C
:10A48000303030302020202020202020202020208C
:10A490002020202005000000190000007D000000A1
:10A4A0000080E03779C34143176E05B5B5B89346D0
:10A4B000F5F93FE9034F384D321D30F94877825A9C
:10A4C0003CBF737FDD4F1575000000000000F03FBA
:10A4D000000000000000244000000000000059407F
:10A4E0000000000000408F40000000000088C340D2
:10A4F00000000000006AF8400000000080842E4147
:10A5000000000000D01263410000000084D7974192
:10A510000000000065CDCD41000000205FA0024298
:10A52000000000E876483742000000A2941A6D420D
:10A53000000040E59C30A2420000901EC4BCD64200
:10A5400000003426F56B0C430080E03779C34143AB
:10A5500000A0D8855734764300C84E676DC1AB4321
:10A56000003D9160E458E143408CB5781DAF15443F
:10A5700050EFE2D6E41A4B4492D54D06CFF080441A
:10A58000F64AE1C7022DB544B49DD9794378EA442F
:10A59000FB21F93FFB2109407CD91240FB211940E6
:10A5A0007A6A1F407CD92240BBFD2540FB2129400F
:10A5B0003A462C407A6A2F405C4731407CD9324081
:10A5C0009C6B3440BBFD3540DB8F3740FB2139406D
:10A5D0001BB43A403A463C405AD83D407A6A3F4024
:10A5E0004C7E40405C4741406C1042407CD9424028
:10A5F0008CA243409C6B4440AC344540BBFD45407D
:10A60000CBC64640DB8F4740EB584840FB214940D2
:10A6100083F9A200444E6E00FC291500D157270093
:10A62000DD34F50062DBC0003C99950041904300A9
:10A630006351FE00BBDEAB00B761C5003A6E24007B
:10A64000D24D42004906E00009EA2E001C92D100DA
:10A65000EB1DFE0029B11C00E83EA700F535820085
:10A6600044BB2E009CE98400B4267000417E5F004C
:10A67000D6913900538339009CF439008B5F8400F4
:10A6800028F9BD00F81F3B00DEFF97000F9805007A
:10A69000112FEF000A5A8B006D1F6D00CF7E360020
:10A6A00009CB2700464FB7009E663F002DEA5F00AA
:10A6B000BA277500E5EBC7003D7BF100F7390700CD
:10A6C00092528A00FB6BEA001FB15F00085D8D00AB
:10A6D000300356007BFC4600F0AB6B0020BCCF0083
:10A6E00036F49A00E3A91D005E619100081BE600A4
:10A6F00085996500A0145F008D40680080D8FF0038
:10A7000027734D0006063100CA561500C9A873000C
:10A710007BE260006B8CC000000FC93F000F494016
:10A7200000CB9640000FC9400053FB4000CB1641C0
:10A7300000ED2F41000F49410031624100537B4140
:10A74000003A8A4100CB9641005CA34100EDAF4145
:10A75000007EBC41000FC94100A0D5410031E2415B
:10A7600000C2EE410053FB4100F20342003A0A42AC
:10A770000083104200CB164200141D42005C2342AD
:10A7800000A5294200ED2F4200363642007E3C42B1
:10A7900000C74242000F4942A2000000F900000039
:10A7A000830000006E0000004E0000004400000026
:10A7B0001500000029000000FC0000002700000038
:10A7C00057000000D1000000F50000003400000038
:10A7D000DD000000C0000000DB000000620000009F
:10A7E00095000000990000003C00000043000000BC
:10A7F0009000000041000000FE0000005100000039
:10A8000063000000AB000000DE000000BB000000A1
:10A81000C500000061000000B70000002400000037
:10A820006E0000003A000000420000004D000000F1
:10A83000D2000000E0000000060000004900000017
:10A840002E000000EA00000009000000D100000016
:10A85000920000001C000000FE0000001D0000002F
:10A86000EB0000001C000000B10000002900000007
:10A87000A70000003E000000E80000008200000089
:10A8800035000000F50000002E000000BB000000B5
:10A890004400000084000000E90000009C0000006B
:10A8A0007000000026000000B40000005F000000FF
:10A8B0007E0000004100000039000000910000000F
:10A8C000D6000000390000008300000053000000A3
:10A8D00039000000F40000009C000000840000002B
:10A8E0005F0000008B000000BD000000F9000000C8
:10A8F000280000003B0000001F000000F8000000DE
:10A9000097000000FF000000DE00000005000000CE
:10A91000980000000F000000EF0000002F00000072
:10A92000110000008B0000005A0000000A00000027
:10A930006D0000001F0000006D00000036000000E8
:10A940007E000000CF00000027000000CB000000C8
:10A9500009000000B70000004F00000046000000A2
:10A960003F000000660000009E0000005F00000045
:10A97000EA0000002D000000750000002700000024
:10A98000BA000000C7000000EB000000E500000076
:10A99000F10000007B0000003D0000000700000007
:10A9A00039000000F70000008A000000520000009B
:10A9B00092000000EA0000006B000000FB000000B5
:10A9C0005F000000B10000001F0000008D000000CB
:10A9D0005D000000080000005600000003000000B9
:10A9E0003000000046000000FC0000007B0000007A
:10A9F0006B000000AB000000F0000000CF00000082
:10AA0000BC000000200000009A000000F4000000DC
:10AA1000360000001D000000A9000000E300000057
:10AA200091000000610000005E000000E6000000F0
:10AA30001B000000080000006500000099000000F5
:10AA4000850000005F00000014000000A00000006E
:10AA500068000000400000008D000000FF000000C2
:10AA6000D8000000800000004D00000073000000CE
:10AA70002700000031000000060000000600000072
:10AA80001500000056000000CA000000730000001E
:10AA9000A8000000C900000060000000E200000003
:10AAA0007B000000C00000008C0000006B00000074
:10AAB00059F3F8C21F6EA501000000000000F03F2E
:10AAC00000000040FB21F93F000000002D44743ECF
:10AAD000000000809846F83C0000006051CC783BB4
:10AAE00000000080831BF0390000004020257A38E8
:10AAF000000000802282E336000000001DF369356B
:10AB00000200000003000000040000000600000036
:10AB10000000C93F0000F0390000DA370000A2331E
:10AB20000000842E0000502B0000C2270000D0221D
:10AB30000000C41F0000C61B0000441704000000F2
:10AB400007000000090000004E31305F5F63787835
:10AB5000616269763131375F5F636C6173735F7413
:10AB60007970655F696E666F4500000088AC050806
:10AB700048AB0508BCAC0508000000006CAB05083C
:10AB80002D03050841030508650605086506050847
:10AB9000A7030508ED0205088F03050855030508FE
:10ABA0001F0305084E31305F5F6378786162697614
:10ABB0003132305F5F66756E6374696F6E5F747992
:10ABC00070655F696E666F450000000088AC05081F
:10ABD000A4AB0508BCAC050800000000CCAB050820
:10ABE000A5040508B9040508650605089F040508BD
:10ABF00099060508690605084E31305F5F6378786D
:10AC0000616269763131395F5F706F696E74657248
:10AC10005F747970655F696E666F450088AC050882
:10AC2000F8AB0508B4AD0508000000001CAC050831
:10AC3000F90405080D050508F3040508650605086F
:10AC4000ED0B050869060508210505084E31305F42
:10AC50005F637878616269763132305F5F73695F14
:10AC6000636C6173735F747970655F696E666F455D
:10AC70000000000088AC05084CAC05086CAB05086A
:10AC80000000000074AC0508650505087905050895
:10AC90006506050865060508A7030508ED02050811
:10ACA00039060508C50505088D050508537439746E
:10ACB0007970655F696E666F0000000080AB050803
:10ACC000ACAC05084E31305F5F63787861626976BD
:10ACD0003132315F5F766D695F636C6173735F748E
:10ACE0007970655F696E666F4500000088AC050885
:10ACF000C4AC05086CAB050800000000ECAC05080E
:10AD00009D060508B10605086506050865060508DF
:10AD1000A7030508ED020508AF0905085D0705084A
:10AD2000C50605084E31305F5F63787861626976E9
:10AD30003132335F5F66756E64616D656E74616C30
:10AD40005F747970655F696E666F450088AC050851
:10AD500024AD0508BCAC0508000000004CAD05089A
:10AD6000790B05088D0B05086506050865060508BD
:10AD70009906050869060508446E000060AD0508DF
:10AD800078AD05087600000060AD050884AD0508C3
:10AD90004E31305F5F637878616269763131375F59
:10ADA0005F70626173655F747970655F696E666F0D
:10ADB0004500000088AC050890AD0508BCAC05084E
:10ADC00000000000B4AD0508C50B0508D90B050847
:10ADD0006506050865060508ED0B05086906050802
:10ADE000B10B0508FFFFFFFF00000000000000009E
:10ADF0004E31305F5F637878616269763132395FF6
:10AE00005F706F696E7465725F746F5F6D656D62A0
:10AE100065725F747970655F696E666F45000000EA
:0CAE200088AC0508F0AD0508B4AD0508CD
:08AE2C003412FB7F010000005D
:10AE3400ED78040879D30008E5F601080D07020847
:10AE4400D5650208D96A0208F98E02089DD3020862
:10AE540095D5020869D8020805E30208CDE3020883
:10AE6400E9F30208A9F60208A93D0308796B03086F
:10AE7400817E030879CF030875540408B15404088B
:10AE840051D30008F1B30108E9F601089DF901085E
:10AE94003D070208BD360208F96502082567020865
:10AEA400456B0208FD8E0208C1C80208A1D502083C
:10AEB40075D8020865E3020859E50208D1F40208CE
:10AEC400FDF70208FD3E0308D57E0308BDCF030845
:08AED40079540408115504082B
:10AEDC000024F4000100000010000000AAAAAAAA95
:10AEEC0010000C00B0260120201305080000000003
:10AEFC000000000000000000000000000000000046
:10AF0C000000000000000000000000000000000035
:10AF1C000000000000000000000000000000000025
:10AF2C000000000000000000000000000000000015
:10AF3C00000000000000000000000000FF00000006
:10AF4C0090490508010A0000B2240508010C000014
:10AF5C00880000100000000000000000000000004D
:10AF6C00000000000000000001000000772A050826
:10AF7C00020A020034270508600000008C2B05082B
:10AF8C00020C00003427050880000000C02D0508C5
:10AF9C00030A0000F3300508100002000100000055
:10AFAC000000000000000000000000000010024043
:10AFBC000100000000000000000000000000000084
:10AFCC000010024002000000000000000000000021
:10AFDC0000000000000C024080000000641900001A
:10AFEC00295CF541A00F000088130000E8FD00006B
:10AFFC0001000000E069050806000000A132050808
:10B00C00430000003F33050842000000E23305080E
:10B01C000C0000003134050825000000B33505088C
:10B02C00050000002B360508630000006E3605088D
:10B03C0061000000BF36050864000000F03605080A
:10B04C0003000000D737050802000000ED370508A3
:10B05C00010000005C38050800000000A23805085B
:10B06C00410000000239050821000000463905089E
:10B07C000D000100C539050884000000AB3A050835
:10B08C008A000000BA3A0508890000005B3B0508FD
:10B09C0062000000783C050886000000843C05082E
:10B0AC0085000000DB3C0508240000001A3E050862
:10B0BC008C0000002D3E05088B000000DF3E0508CB
:10B0CC002200000052400508230000001839050832
:10B0DC0081000000D346050882000000E246050806
:10B0EC0081000000A89805080400000056490508D6
:10B0FC000B000100B74A050888000000BE4A05088D
:10B10C00870000000904000000000000000000009F
:10B11C000000000000000000000000000000000023
:10B12C000000000000000000000000000000000013
:10B13C000000000000000000000000000000000003
:10B14C00000000000000000003000000143001208B
:10B15C0043000000000000000000000000000000A0
:10B16C0000000000000000000000000000000000D3
:10B17C004300000000000000000000000000000080
:10B18C0000000000000000000000000000000000B3
:10B19C004300000000000000000000000000000060
:10B1AC000000000000000000000000000000000093
:10B1BC004300000000000000000000000000000040
:10B1CC000000000000000000000000000000000073
:10B1DC004300000000000000000000000000000020
:10B1EC000000000000000000000000000000000053
:10B1FC004300000000000000000000000000000000
:10B20C000000000000000000000000000000000032
:10B21C0043000000000000000000000000000000DF
:10B22C000000000000000000000000000000000012
:10B23C0043000000000000000000000000000000BF
:10B24C0000000000000000000000000000000000F2
:10B25C0000000000000000000000000000000000E2
:10B26C0000000000000000000000000000000000D2
:10B27C0000000000000000000000000000000000C2
:10B28C0000000000000000000000000000000000B2
:10B29C0000000000000000000000000000000000A2
:10B2AC000000000000000000000000000000000092
:10B2BC000000000000000000000000000000000082
:10B2CC000000000000000000000000000000000072
:10B2DC000000000000000000000000000000000062
:10B2EC000000000000000000000000000000000052
:10B2FC000000000000000000000000000000000042
:10B30C000000000000000000000000000000000031
:10B31C000000000000000000858504081582040868
:10B32C000000000050A3050860130508A4130508CD
:10B33C00A4130508A4130508A4130508A4130508F1
:10B34C00A4130508A4130508A4130508A4130508E1
:10B35C00FFFFFFFFFFFFFFFFFFFFFFFFFFFF0000EF
:10B36C000100415343494900000000000000000067
:10B37C0000000000000000000000000000000000C1
:10B38C000000415343494900000000000000000048
:10B39C0000000000000000000000000000000000A1
:10B3AC0000000000D8040010000000001430012040
:10B3BC007C300120E430012000000000000000007F
:10B3CC000000000000000000000000000000000071
:10B3DC000000000000000000000000000000000061
:10B3EC000000000000000000000000000000000051
:10B3FC000000000000000000000000000000000041
:10B40C000000000000000000000000000000000030
:10B41C000000000000000000000000000000000020
:10B42C000000000000000000000000000000000010
:10B43C000000000000000000000000000000000000
:10B44C0001000000000000000E33CDAB34126DE69D
:10B45C00ECDE05000B000000000000000000000006
:10B46C0000000000000000000000000000000000D0
:10B47C0000000000000000000000000000000000C0
:10B48C0000000000000000000000000000000000B0
:10B49C0000000000000000000000000000000000A0
:10B4AC000000000000000000000000000000000090
:10B4BC000000000000000000000000000000000080
:10B4CC000000000000000000000000000000000070
:10B4DC000000000000000000000000000000000060
:10B4EC000000000000000000000000000000000050
:10B4FC000000000000000000000000000000000040
:10B50C00000000000000000000000000000000002F
:10B51C00000000000000000000000000000000001F
:10B52C00000000000000000000000000000000000F
:10B53C0000000000000000000000000000000000FF
:10B54C0000000000000000000000000000000000EF
:10B55C0000000000000000000000000000000000DF
:10B56C0000000000000000000000000000000000CF
:10B57C0000000000000000000000000000000000BF
:10B58C0000000000000000000000000000000000AF
:10B59C00000000000000000000000000000000009F
:10B5AC000000000000000000A00D0120FFFFFFFFC5
:10B5BC00000002000000000000000000000000007D
:10B5CC00E8060010E8060010F0060010F006001067
:10B5DC00F8060010F8060010000700100007001015
:10B5EC0008070010080700101007001010070010C3
:10B5FC001807001018070010200700102007001073
:10B60C002807001028070010300700103007001022
:10B61C0038070010380700104007001040070010D2
:10B62C004807001048070010500700105007001082
:10B63C005807001058070010600700106007001032
:10B64C0068070010680700107007001070070010E2
:10B65C007807001078070010800700108007001092
:10B66C008807001088070010900700109007001042
:10B67C009807001098070010A0070010A0070010F2
:10B68C00A8070010A8070010B0070010B0070010A2
:10B69C00B8070010B8070010C0070010C007001052
:10B6AC00C8070010C8070010D0070010D007001002
:10B6BC00D8070010D8070010E0070010E0070010B2
:10B6CC00E8070010E8070010F0070010F007001062
:10B6DC00F8070010F8070010000800100008001010
:10B6EC0008080010080800101008001010080010BE
:10B6FC00180800101808001020080010200800106E
:10B70C00280800102808001030080010300800101D
:10B71C0038080010380800104008001040080010CD
:10B72C00480800104808001050080010500800107D
:10B73C00580800105808001060080010600800102D
:10B74C0068080010680800107008001070080010DD
:10B75C00780800107808001080080010800800108D
:10B76C00880800108808001090080010900800103D
:10B77C009808001098080010A0080010A0080010ED
:10B78C00A8080010A8080010B0080010B00800109D
:10B79C00B8080010B8080010C0080010C00800104D
:10B7AC00C8080010C8080010D0080010D0080010FD
:10B7BC00D8080010D8080010E0080010E0080010AD
:10B7CC00E8080010E8080010F0080010F00800105D
:10B7DC00F8080010F808001000090010000900100B
:10B7EC0008090010080900101009001010090010B9
:10B7FC001809001018090010200900102009001069
:10B80C002809001028090010300900103009001018
:10B81C0038090010380900104009001040090010C8
:10B82C004809001048090010500900105009001078
:10B83C005809001058090010600900106009001028
:10B84C0068090010680900107009001070090010D8
:10B85C007809001078090010800900108009001088
:10B86C008809001088090010900900109009001038
:10B87C009809001098090010A0090010A0090010E8
:10B88C00A8090010A8090010B0090010B009001098
:10B89C00B8090010B8090010C0090010C009001048
:10B8AC00C8090010C8090010D0090010D0090010F8
:10B8BC00D8090010D8090010E0090010E0090010A8
:10B8CC00E8090010E8090010F0090010F009001058
:10B8DC00F8090010F8090010000A0010000A001006
:10B8EC00080A0010080A0010100A0010100A0010B4
:10B8FC00180A0010180A0010200A0010200A001064
:10B90C00280A0010280A0010300A0010300A001013
:10B91C00380A0010380A0010400A0010400A0010C3
:10B92C00480A0010480A0010500A0010500A001073
:10B93C00580A0010580A0010600A0010600A001023
:10B94C00680A0010680A0010700A0010700A0010D3
:10B95C00780A0010780A0010800A0010800A001083
:10B96C00880A0010880A0010900A0010900A001033
:10B97C00980A0010980A0010A00A0010A00A0010E3
:10B98C00A80A0010A80A0010B00A0010B00A001093
:10B99C00B80A0010B80A0010C00A0010C00A001043
:10B9AC00C80A0010C80A0010D00A0010D00A0010F3
:10B9BC00D80A0010D80A0010E00A0010E00A0010A3
:040000050804554D49
:00000001FF
